Marital status,Application mode,Application order,Course,Daytime/evening attendance,Previous qualification,Nacionality,Mother's qualification,Father's qualification,Mother's occupation,Father's occupation,Displaced,Educational special needs,Debtor,Tuition fees up to date,Gender,Scholarship holder,Age at enrollment,International,Curricular units 1st sem (credited),Curricular units 1st sem (enrolled),Curricular units 1st sem (evaluations),Curricular units 1st sem (approved),Curricular units 1st sem (grade),Curricular units 1st sem (without evaluations),Curricular units 2nd sem (credited),Curricular units 2nd sem (enrolled),Curricular units 2nd sem (evaluations),Curricular units 2nd sem (approved),Curricular units 2nd sem (grade),Curricular units 2nd sem (without evaluations),Unemployment rate,Inflation rate,GDP,Target
1,8,5,2,1,1,1,13,10,6,10,1,0,0,1,1,0,20,0,0,0,0,0,0.0,0,0,0,0,0,0.0,0,10.8,1.4,1.74,0
1,6,1,11,1,1,1,1,3,4,4,1,0,0,0,1,0,19,0,0,6,6,6,14.0,0,0,6,6,6,13.666666666666666,0,13.9,-0.3,0.79,2
1,1,5,5,1,1,1,22,27,10,10,1,0,0,0,1,0,19,0,0,6,0,0,0.0,0,0,6,0,0,0.0,0,10.8,1.4,1.74,0
1,8,2,15,1,1,1,23,27,6,4,1,0,0,1,0,0,20,0,0,6,8,6,13.428571428571429,0,0,6,10,5,12.4,0,9.4,-0.8,-3.12,2
2,12,1,3,0,1,1,22,28,10,10,0,0,0,1,0,0,45,0,0,6,9,5,12.333333333333334,0,0,6,6,6,13.0,0,13.9,-0.3,0.79,2
2,12,1,17,0,12,1,22,27,10,8,0,0,1,1,1,0,50,0,0,5,10,5,11.857142857142858,0,0,5,17,5,11.5,5,16.2,0.3,-0.92,2
1,1,1,12,1,1,1,13,28,8,11,1,0,0,1,0,1,18,0,0,7,9,7,13.3,0,0,8,8,8,14.345,0,15.5,2.8,-4.06,2
1,9,4,11,1,1,1,22,27,10,10,1,0,0,0,1,0,22,0,0,5,5,0,0.0,0,0,5,5,0,0.0,0,15.5,2.8,-4.06,0
1,1,3,10,1,1,15,1,1,10,10,0,0,0,1,0,1,21,1,0,6,8,6,13.875,0,0,6,7,6,14.142857142857142,0,16.2,0.3,-0.92,2
1,1,1,10,1,1,1,1,14,5,8,1,0,1,0,0,0,18,0,0,6,9,5,11.4,0,0,6,14,2,13.5,0,8.9,1.4,3.51,0
1,1,1,14,1,1,1,23,14,6,8,1,0,0,1,0,0,18,0,0,6,6,6,12.333333333333334,0,0,6,7,5,14.2,0,13.9,-0.3,0.79,2
1,1,1,12,1,1,1,13,28,10,10,1,0,0,1,0,1,18,0,0,8,8,7,13.214285714285714,0,0,8,8,7,13.214285714285714,0,12.7,3.7,-1.7,2
1,1,2,16,1,1,1,13,27,5,10,1,0,0,1,0,0,19,0,0,6,6,0,0.0,0,0,6,0,0,0.0,0,12.7,3.7,-1.7,0
1,17,1,11,1,16,1,1,1,5,8,1,0,0,1,0,1,21,0,0,6,7,6,10.571428571428571,0,0,6,8,5,11.0,0,8.9,1.4,3.51,2
1,1,1,6,1,1,1,23,27,6,6,1,0,0,1,0,1,18,0,0,5,7,4,13.25,0,0,5,5,5,12.0,0,10.8,1.4,1.74,2
1,1,1,15,1,1,1,13,27,10,4,1,0,0,1,0,0,20,0,0,6,6,5,13.2,0,0,6,7,0,0.0,0,15.5,2.8,-4.06,0
1,9,1,10,1,1,1,13,28,6,9,1,0,0,1,0,0,18,0,0,6,10,1,12.0,0,0,6,14,2,11.0,0,10.8,1.4,1.74,1
1,8,2,12,1,1,1,13,1,6,5,1,0,0,1,0,0,18,0,0,7,8,7,13.30625,0,0,8,8,8,14.545,0,15.5,2.8,-4.06,2
1,1,1,8,1,1,1,3,14,4,6,1,0,0,1,0,0,20,0,0,5,8,4,12.5,1,0,5,8,4,12.25,2,10.8,1.4,1.74,2
1,1,1,16,1,1,1,13,14,8,8,1,0,0,1,0,0,18,0,0,7,7,6,11.666666666666666,0,0,7,8,6,13.5,0,16.2,0.3,-0.92,1
1,1,3,2,1,1,1,1,1,10,9,0,0,0,1,0,1,21,0,0,0,0,0,0.0,0,0,0,0,0,0.0,0,11.1,0.6,2.02,2
1,9,4,13,1,1,1,1,28,5,8,1,0,0,1,0,0,20,0,0,7,14,7,11.4375,0,0,8,9,8,11.425,0,12.7,3.7,-1.7,1
1,1,4,12,1,1,1,13,14,2,2,1,0,0,1,0,0,18,0,0,8,12,7,12.857142857142858,0,0,8,12,7,12.857142857142858,0,12.7,3.7,-1.7,2
1,1,4,14,1,1,1,1,28,5,8,1,0,0,1,0,1,19,0,0,6,8,6,13.375,0,0,6,7,6,12.285714285714286,0,11.1,0.6,2.02,2
1,1,1,12,1,1,1,13,14,4,8,0,0,0,1,0,0,19,0,0,7,8,6,13.296666666666669,0,0,8,9,7,14.114285714285714,0,11.1,0.6,2.02,2
1,1,1,10,1,1,1,13,28,10,10,1,0,1,1,0,1,18,0,0,6,8,5,11.6,0,0,6,12,4,11.0,0,7.6,2.6,0.32,1
1,8,2,10,1,1,1,13,28,8,9,1,0,0,1,0,0,21,0,0,6,9,6,11.375,0,0,6,9,6,13.285714285714286,0,16.2,0.3,-0.92,2
1,1,1,6,1,1,1,13,14,4,4,1,0,0,1,0,0,18,0,0,5,9,5,12.666666666666666,2,0,5,7,4,13.0,0,9.4,-0.8,-3.12,1
1,1,1,9,1,1,1,13,1,10,10,1,0,0,1,0,0,20,0,0,5,6,5,12.0,0,0,5,6,5,12.333333333333334,0,16.2,0.3,-0.92,2
1,8,2,12,1,1,1,3,3,2,11,1,0,0,1,1,0,19,0,0,7,9,6,12.933333333333332,0,0,7,7,6,13.716666666666669,0,16.2,0.3,-0.92,1
1,15,1,4,1,14,1,4,5,5,3,0,0,0,1,1,0,21,0,0,6,15,5,11.857142857142858,0,0,6,17,5,10.571428571428571,0,16.2,0.3,-0.92,1
1,16,1,5,1,1,1,27,3,16,22,1,0,0,1,1,0,20,0,2,6,7,6,12.833333333333334,0,0,6,9,4,13.4,0,8.9,1.4,3.51,2
1,1,1,9,1,1,1,1,1,5,7,0,0,0,0,1,0,18,0,0,5,9,3,11.333333333333334,0,0,5,8,2,13.5,0,8.9,1.4,3.51,1
1,9,1,3,0,1,1,13,1,10,6,1,0,0,1,0,0,19,0,0,6,6,6,12.666666666666666,0,0,6,8,6,14.375,0,12.4,0.5,1.79,2
1,1,1,17,0,1,1,2,27,4,10,0,0,0,1,1,0,34,0,0,5,6,5,12.4,0,0,5,9,5,13.428571428571429,0,13.9,-0.3,0.79,2
1,12,1,1,1,1,1,23,27,10,7,0,0,1,0,1,0,37,0,0,7,7,0,0.0,0,0,7,7,1,10.0,0,8.9,1.4,3.51,0
1,12,1,7,1,8,1,19,27,1,1,1,0,0,1,1,0,43,0,0,5,0,0,0.0,0,0,5,0,0,0.0,0,7.6,2.6,0.32,0
1,14,1,9,1,1,1,22,27,7,7,0,0,0,1,0,0,55,0,0,5,10,1,10.0,0,0,5,8,2,12.0,2,16.2,0.3,-0.92,0
4,12,1,17,0,1,1,13,14,10,4,1,0,0,1,0,0,39,0,0,5,8,5,11.0,0,0,5,5,5,11.6,0,7.6,2.6,0.32,2
1,15,1,8,1,14,3,4,4,4,7,0,0,1,0,0,0,20,1,2,6,13,3,11.666666666666666,0,1,6,11,3,12.0,0,12.4,0.5,1.79,0
1,1,5,15,1,1,1,3,3,3,3,0,0,1,1,0,0,18,0,0,6,6,4,12.75,0,0,5,5,0,0.0,0,12.7,3.7,-1.7,0
1,1,2,9,1,1,1,3,14,3,8,1,0,0,1,0,0,22,0,0,5,5,5,14.8,0,0,5,5,5,15.8,0,8.9,1.4,3.51,2
1,1,6,12,1,1,1,1,3,3,3,1,1,0,1,0,0,22,0,0,7,9,5,13.928,0,0,8,9,7,14.342857142857142,0,11.1,0.6,2.02,2
1,8,1,15,1,1,1,1,28,6,6,0,0,0,0,0,0,20,0,0,6,7,4,13.0,0,0,6,7,5,13.8,0,12.4,0.5,1.79,0
1,12,1,17,0,1,1,22,27,10,10,0,0,0,1,0,0,29,0,0,5,0,0,0.0,0,0,5,0,0,0.0,0,16.2,0.3,-0.92,0
1,8,1,17,0,1,1,23,28,5,6,0,0,0,1,0,0,24,0,0,5,9,2,11.5,0,0,5,11,3,14.333333333333334,1,7.6,2.6,0.32,1
1,8,2,10,1,1,1,13,14,10,10,1,0,0,1,0,0,18,0,0,6,6,6,11.666666666666666,0,0,6,8,5,13.2,0,11.1,0.6,2.02,2
1,8,6,12,1,1,1,22,14,8,8,1,0,0,1,0,1,22,0,0,7,8,6,13.516666666666666,0,0,8,9,7,13.771428571428572,0,11.1,0.6,2.02,2
1,15,1,3,0,14,1,1,14,10,10,0,0,0,1,0,1,21,0,3,6,6,6,11.5,0,2,6,7,6,13.285714285714286,0,12.4,0.5,1.79,2
1,1,1,10,1,1,1,22,28,10,10,0,0,0,1,0,1,19,0,0,6,7,5,12.333333333333334,0,0,6,7,6,12.833333333333334,0,12.7,3.7,-1.7,2
1,12,1,11,1,1,1,13,28,10,8,0,0,0,1,0,1,24,0,0,6,6,6,13.666666666666666,0,0,6,6,6,14.166666666666666,0,12.4,0.5,1.79,2
1,1,1,12,1,1,1,22,28,7,7,1,0,0,1,0,1,19,0,0,8,10,6,11.833333333333334,0,0,8,10,6,11.833333333333334,0,9.4,-0.8,-3.12,1
1,1,1,15,1,1,1,1,14,8,8,1,0,0,1,0,1,20,0,0,6,11,4,14.0,0,0,6,12,3,11.0,0,9.4,-0.8,-3.12,1
1,1,3,8,1,1,1,22,27,12,12,0,0,0,1,0,0,19,0,0,5,7,5,14.714285714285714,0,0,5,5,5,15.8,0,7.6,2.6,0.32,2
1,12,1,17,0,1,1,23,28,10,10,0,0,0,1,0,0,27,0,0,5,12,5,10.6,0,0,5,10,5,11.0,0,9.4,-0.8,-3.12,0
1,1,1,12,1,1,1,1,14,6,6,1,0,0,1,0,0,18,0,0,7,9,7,13.044444444444444,0,0,8,10,8,13.595,0,15.5,2.8,-4.06,2
2,4,1,11,1,3,1,1,3,5,4,0,0,0,1,0,0,39,0,0,6,10,0,0.0,0,0,6,6,0,0.0,0,12.4,0.5,1.79,0
1,12,1,8,1,15,1,3,3,3,3,1,0,0,1,0,0,27,0,0,6,9,5,13.0,0,5,11,13,10,12.9,0,12.4,0.5,1.79,0
1,8,1,12,1,1,1,23,28,8,11,1,0,0,1,0,0,18,0,0,8,8,8,14.935,0,0,8,8,8,14.935,0,9.4,-0.8,-3.12,2
1,1,3,2,1,1,1,23,27,5,10,1,0,0,1,0,0,18,0,0,0,0,0,0.0,0,0,0,0,0,0.0,0,7.6,2.6,0.32,1
1,1,2,12,1,1,1,13,14,10,10,0,0,0,1,0,0,18,0,0,7,8,6,13.133333333333333,0,0,8,12,7,12.221428571428572,0,16.2,0.3,-0.92,2
1,15,1,10,1,14,1,13,1,10,10,0,0,0,1,0,1,21,0,3,6,7,6,12.0,0,2,6,7,6,12.0,0,13.9,-0.3,0.79,2
1,8,3,2,1,1,1,1,27,5,8,1,0,0,1,1,1,19,0,0,0,0,0,0.0,0,0,0,0,0,0.0,0,10.8,1.4,1.74,1
1,8,1,5,1,1,1,1,1,4,5,1,0,0,1,1,0,19,0,0,6,6,5,11.4,0,0,6,8,1,10.0,0,10.8,1.4,1.74,1
1,14,1,5,1,1,1,1,1,4,4,0,0,0,1,1,0,24,0,0,6,6,0,0.0,0,0,6,6,0,0.0,0,12.7,3.7,-1.7,1
4,13,1,12,1,12,1,1,1,6,6,1,0,0,1,1,0,29,0,2,7,10,5,11.9,0,1,8,10,5,11.0,0,13.9,-0.3,0.79,0
1,1,3,2,1,1,1,13,14,6,4,1,0,0,1,1,1,19,0,0,0,0,0,0.0,0,0,0,0,0,0.0,0,10.8,1.4,1.74,2
1,15,1,4,1,14,1,13,27,10,10,1,0,0,1,1,0,23,0,0,6,8,6,12.571428571428571,0,0,6,7,6,12.428571428571429,0,8.9,1.4,3.51,2
1,1,3,9,1,1,1,1,28,8,8,0,0,1,1,1,0,19,0,0,5,8,5,11.2,0,0,5,10,4,10.75,3,16.2,0.3,-0.92,0
1,12,1,11,1,1,1,13,27,8,11,0,0,0,1,1,0,26,0,0,6,7,6,12.0,0,0,6,8,5,10.8,0,12.7,3.7,-1.7,1
1,8,1,9,1,1,1,23,27,6,6,0,0,0,1,1,0,18,0,0,5,9,0,0.0,0,0,5,5,0,0.0,0,7.6,2.6,0.32,1
1,8,1,12,1,1,1,22,14,9,5,0,0,0,1,1,0,24,0,0,7,8,7,11.975,0,0,8,8,8,13.75,0,13.9,-0.3,0.79,2
1,1,1,2,1,1,1,13,14,6,11,1,0,0,1,1,0,19,0,0,0,0,0,0.0,0,0,0,0,0,0.0,0,15.5,2.8,-4.06,0
1,8,4,11,1,1,1,23,27,6,8,1,0,0,1,1,0,18,0,0,6,12,3,11.666666666666666,0,0,6,12,1,12.0,0,12.4,0.5,1.79,0
1,1,2,15,1,1,1,23,28,10,10,1,0,0,1,1,0,18,0,0,6,8,6,12.333333333333334,0,0,6,11,3,12.333333333333334,0,10.8,1.4,1.74,2
1,8,3,9,1,1,1,13,14,5,8,1,0,1,1,1,0,18,0,0,5,8,3,10.333333333333334,0,0,5,11,3,10.857142857142858,0,10.8,1.4,1.74,0
1,9,4,11,1,1,1,13,27,8,8,1,0,0,1,1,1,21,0,0,6,8,4,10.5,0,0,6,11,1,11.0,0,9.4,-0.8,-3.12,0
1,8,4,15,1,1,1,1,14,10,9,1,0,1,1,1,1,19,0,0,6,6,6,13.666666666666666,0,0,6,6,6,13.333333333333334,0,8.9,1.4,3.51,2
1,8,4,12,1,1,1,23,27,10,10,0,0,0,1,1,1,22,0,0,7,7,7,14.842857142857142,0,0,8,9,8,15.055555555555555,0,16.2,0.3,-0.92,2
2,12,1,3,0,1,1,22,27,10,7,0,0,0,1,1,0,33,0,0,6,8,6,12.0,0,0,6,6,6,11.666666666666666,0,10.8,1.4,1.74,2
1,1,6,16,1,1,1,13,14,10,10,1,0,0,1,1,0,20,0,0,6,8,5,12.2,0,0,6,7,5,12.2,0,10.8,1.4,1.74,0
1,12,1,17,0,2,1,3,3,3,3,1,0,0,1,1,0,35,0,0,1,1,0,0.0,1,0,5,0,0,0.0,0,10.8,1.4,1.74,0
1,12,1,4,1,4,1,3,3,5,3,0,0,1,1,1,0,24,0,6,12,17,6,12.166666666666666,0,7,12,14,10,13.3,0,12.4,0.5,1.79,0
1,8,1,11,1,1,1,13,14,5,5,0,0,0,1,1,0,18,0,0,5,6,5,12.0,0,0,5,8,3,11.333333333333334,0,12.7,3.7,-1.7,1
2,12,1,3,0,1,1,22,27,10,7,1,0,0,1,0,0,33,0,0,6,7,6,11.0,0,0,6,11,5,11.0,0,9.4,-0.8,-3.12,2
1,13,1,12,1,1,1,22,28,10,8,1,0,0,1,0,1,22,0,0,8,8,7,13.08,0,0,8,8,7,13.08,0,10.8,1.4,1.74,2
1,12,1,14,1,1,1,1,14,5,6,0,0,0,1,0,1,25,0,0,5,7,4,10.5,0,0,5,7,5,11.6,0,9.4,-0.8,-3.12,2
1,8,1,5,1,1,1,13,28,5,1,1,0,0,1,1,0,20,0,0,6,9,6,10.666666666666666,1,0,6,6,5,11.2,0,7.6,2.6,0.32,2
1,1,6,9,1,1,1,23,27,10,10,1,0,0,1,1,0,23,0,0,5,6,4,14.0,0,0,5,5,5,13.8,0,11.1,0.6,2.02,1
1,14,2,7,1,1,1,23,14,10,7,1,0,1,1,1,0,18,0,0,5,9,2,10.0,0,0,5,9,0,0.0,0,15.5,2.8,-4.06,1
1,12,1,12,1,1,1,1,1,5,11,0,0,0,1,1,0,24,0,0,7,18,0,0.0,0,0,7,7,0,0.0,0,13.9,-0.3,0.79,0
1,8,2,15,1,1,14,13,1,10,10,1,0,0,0,0,0,21,1,0,6,6,6,14.0,0,0,6,6,6,13.5,0,8.9,1.4,3.51,2
1,6,1,8,1,1,14,1,1,5,5,0,0,0,1,0,0,26,1,0,6,7,2,12.0,1,0,6,6,0,0.0,0,8.9,1.4,3.51,0
2,12,1,16,1,8,1,22,24,1,1,0,0,0,1,0,0,39,0,0,6,12,3,12.666666666666666,0,0,6,14,0,0.0,1,7.6,2.6,0.32,0
2,12,1,3,0,1,1,22,14,10,10,0,0,0,1,0,0,44,0,2,8,11,8,11.875,0,0,6,7,6,12.333333333333334,0,12.7,3.7,-1.7,2
1,6,1,7,1,1,12,23,3,10,3,1,0,0,1,1,0,19,1,0,5,9,5,14.0,0,0,5,11,3,13.25,0,13.9,-0.3,0.79,1
1,1,5,15,1,1,1,22,1,6,6,1,0,0,1,0,0,18,0,0,6,6,6,13.666666666666666,0,0,6,6,6,13.333333333333334,0,8.9,1.4,3.51,2
1,1,5,12,1,1,1,22,27,8,8,1,0,0,1,0,1,18,0,0,7,7,7,13.75,0,0,8,9,8,14.47777777777778,0,12.4,0.5,1.79,2
1,1,1,6,1,1,1,1,2,10,2,1,0,0,1,0,0,19,0,0,5,7,5,14.2,2,0,5,7,5,13.8,0,12.7,3.7,-1.7,1
1,1,4,12,1,1,1,3,3,3,3,1,0,1,0,0,0,19,0,0,7,10,4,11.96,0,0,7,7,0,0.0,0,13.9,-0.3,0.79,0
1,17,1,6,1,16,1,23,28,10,10,0,0,0,1,0,0,21,0,7,10,12,8,12.875,0,4,9,14,5,13.4,0,8.9,1.4,3.51,0
1,1,4,2,1,1,1,1,1,10,11,1,0,0,1,0,0,20,0,0,0,0,0,0.0,0,0,0,0,0,0.0,0,16.2,0.3,-0.92,2
2,12,1,3,0,1,1,22,27,7,6,1,0,0,1,0,0,36,0,0,6,0,0,0.0,0,0,6,0,0,0.0,0,9.4,-0.8,-3.12,0
4,12,1,4,1,9,1,22,27,10,7,0,0,0,1,0,0,43,0,13,18,19,18,14.63157894736842,0,10,13,14,13,14.23076923076923,1,15.5,2.8,-4.06,2
1,9,1,16,1,1,1,13,14,10,8,1,0,0,1,0,0,19,0,0,6,0,0,0.0,0,0,6,0,0,0.0,0,11.1,0.6,2.02,0
1,16,1,5,1,1,1,3,1,3,9,0,0,1,1,0,0,20,0,4,10,12,10,13.0,0,5,11,11,11,12.272727272727272,0,11.1,0.6,2.02,2
1,1,2,10,1,1,1,22,28,5,8,1,0,0,1,0,0,19,0,0,6,0,0,0.0,0,0,6,0,0,0.0,0,16.2,0.3,-0.92,0
1,1,1,6,1,1,1,1,1,5,5,1,0,0,1,0,0,20,0,0,6,15,4,14.2,0,0,6,17,4,13.25,0,15.5,2.8,-4.06,0
1,1,5,12,1,1,1,3,4,5,4,1,0,0,1,0,0,20,0,2,7,9,6,13.266666666666666,0,0,7,10,5,12.3,0,12.4,0.5,1.79,0
1,8,2,16,1,1,1,13,1,10,4,1,0,0,1,0,0,20,0,0,7,12,6,11.666666666666666,0,0,7,10,3,13.0,0,16.2,0.3,-0.92,1
1,1,1,10,1,1,1,22,27,7,8,1,0,0,1,0,0,18,0,0,6,8,6,13.857142857142858,0,0,6,6,6,15.0,0,13.9,-0.3,0.79,2
1,8,2,9,1,1,1,1,28,5,8,1,0,0,1,0,1,18,0,0,5,9,3,13.0,0,0,5,11,3,11.0,0,8.9,1.4,3.51,1
1,1,1,6,1,1,1,13,14,10,10,1,0,0,1,0,0,19,0,0,5,6,5,13.4,0,0,5,5,5,12.8,0,10.8,1.4,1.74,2
1,1,3,15,1,1,1,1,28,5,8,1,0,0,1,0,0,18,0,0,6,6,6,12.666666666666666,0,0,6,7,6,12.571428571428571,0,10.8,1.4,1.74,2
1,8,2,12,1,1,1,22,27,10,10,1,0,0,1,0,0,18,0,0,7,7,6,12.516666666666666,1,0,7,7,6,12.516666666666666,1,7.6,2.6,0.32,0
1,14,1,12,1,1,1,23,28,10,6,0,0,0,1,0,0,20,0,0,7,11,6,11.616666666666667,0,0,7,7,7,13.0,0,13.9,-0.3,0.79,1
1,8,1,10,1,1,1,13,27,10,8,1,0,0,1,0,1,20,0,0,6,13,2,10.0,0,0,6,12,4,10.75,0,7.6,2.6,0.32,1
1,8,1,9,1,1,1,13,14,4,4,0,0,0,1,0,0,20,0,0,5,11,3,10.333333333333334,0,0,5,10,3,10.666666666666666,0,12.4,0.5,1.79,1
1,1,2,6,1,1,1,22,28,10,8,0,0,0,1,0,0,18,0,0,5,12,5,13.142857142857142,2,0,5,6,5,11.4,0,9.4,-0.8,-3.12,2
1,1,1,9,1,1,1,2,14,5,6,0,0,0,1,0,0,18,0,0,5,5,5,12.6,0,0,5,5,5,14.0,0,11.1,0.6,2.02,2
1,8,1,11,1,1,1,1,1,5,6,1,0,0,1,0,0,21,0,0,6,12,3,11.0,0,0,6,12,2,11.0,0,9.4,-0.8,-3.12,0
1,1,2,9,1,1,1,13,14,10,8,1,0,0,1,0,0,19,0,0,5,8,5,10.8,0,0,5,9,4,11.25,2,16.2,0.3,-0.92,2
1,1,1,2,1,1,1,3,14,3,10,0,0,0,1,0,0,19,0,0,0,0,0,0.0,0,0,0,0,0,0.0,0,10.8,1.4,1.74,0
1,1,1,14,1,1,1,23,28,10,10,0,0,0,1,0,1,19,0,0,5,5,5,12.8,0,0,5,5,5,14.2,0,9.4,-0.8,-3.12,2
1,1,1,6,1,1,1,13,28,5,8,1,0,0,1,0,0,19,0,0,6,15,6,14.166666666666666,0,0,6,13,6,12.2,0,15.5,2.8,-4.06,2
1,8,6,13,1,1,1,1,1,5,6,1,0,0,1,0,0,19,0,0,7,12,5,12.1,0,0,7,0,0,0.0,0,13.9,-0.3,0.79,0
1,15,1,6,1,14,1,22,27,10,10,1,0,0,1,0,0,20,0,1,6,7,6,14.166666666666666,0,1,6,17,5,13.77777777777778,0,12.4,0.5,1.79,2
1,1,1,16,1,1,1,13,28,10,4,1,0,0,1,0,1,18,0,0,6,8,5,12.8,0,0,6,7,5,13.4,0,9.4,-0.8,-3.12,1
1,8,3,10,1,1,1,1,29,6,4,1,0,0,1,0,0,18,0,0,6,7,6,13.0,0,0,6,6,6,13.666666666666666,0,12.4,0.5,1.79,2
1,8,6,12,1,1,1,1,27,9,10,1,0,0,1,0,0,19,0,0,7,7,7,13.467142857142855,0,0,8,9,8,15.011111111111113,0,12.4,0.5,1.79,2
1,1,3,12,1,1,1,13,14,6,9,1,0,0,1,0,1,18,0,0,7,9,7,13.2375,0,0,8,9,7,13.742857142857144,0,13.9,-0.3,0.79,0
1,8,2,5,1,1,1,22,27,10,10,1,0,0,1,0,0,18,0,0,6,6,6,12.333333333333334,0,0,6,6,6,13.0,0,7.6,2.6,0.32,2
1,1,4,9,1,1,1,1,14,5,9,1,0,0,1,0,0,19,0,0,5,7,5,12.4,0,0,5,5,5,14.6,0,8.9,1.4,3.51,2
1,8,6,12,1,1,1,1,14,4,4,1,0,0,1,0,0,19,0,0,7,8,5,14.0,0,0,7,7,0,0.0,0,13.9,-0.3,0.79,0
1,14,1,10,1,1,1,23,27,10,8,0,0,0,1,0,0,20,0,5,9,15,9,11.666666666666666,0,2,7,8,7,11.714285714285714,0,7.6,2.6,0.32,2
1,1,1,14,1,1,1,1,28,4,10,0,0,1,0,0,1,19,0,0,6,7,5,12.0,0,0,6,9,4,12.5,0,12.4,0.5,1.79,0
1,8,1,14,1,1,1,13,14,6,6,1,0,0,1,0,0,20,0,0,5,7,4,12.2,0,0,5,5,4,11.5,0,7.6,2.6,0.32,2
1,1,1,15,1,1,1,1,1,20,39,0,0,1,1,0,1,18,0,0,6,6,6,14.833333333333334,0,0,6,6,6,14.833333333333334,0,8.9,1.4,3.51,2
1,1,2,12,1,1,1,13,1,5,8,0,0,0,1,0,1,20,0,0,7,9,5,13.188,0,0,8,9,7,12.892857142857142,0,11.1,0.6,2.02,1
1,9,1,12,1,1,1,13,1,5,9,0,0,0,1,0,0,18,0,0,7,8,7,17.125,0,0,8,8,8,17.5875,0,13.9,-0.3,0.79,2
1,1,5,12,1,1,1,22,27,10,10,1,0,0,1,0,0,19,0,0,7,7,6,12.666666666666666,0,0,7,7,6,12.666666666666666,0,7.6,2.6,0.32,2
1,1,6,15,1,1,1,13,1,5,5,1,0,0,1,0,1,19,0,0,6,8,6,12.666666666666666,0,0,6,10,5,12.0,0,12.4,0.5,1.79,2
1,16,1,9,1,1,1,3,1,4,4,1,0,1,0,0,0,22,0,0,5,8,0,0.0,0,0,5,7,0,0.0,0,8.9,1.4,3.51,1
1,1,3,10,1,1,1,1,10,10,11,1,0,0,1,0,1,19,0,0,6,7,6,11.333333333333334,0,0,6,6,6,11.5,0,12.4,0.5,1.79,2
1,1,3,12,1,1,1,13,14,10,8,1,0,0,1,0,1,19,0,0,7,10,7,13.605,0,0,8,11,8,12.33125,0,15.5,2.8,-4.06,2
1,8,5,16,1,1,1,22,28,6,7,1,0,0,1,0,1,19,0,0,6,10,5,12.0,0,0,6,9,5,10.8,0,9.4,-0.8,-3.12,2
1,1,4,11,1,1,1,10,14,10,10,1,0,0,1,0,0,19,0,0,5,10,0,0.0,0,0,5,10,0,0.0,0,7.6,2.6,0.32,0
1,8,1,11,1,1,1,1,27,10,11,1,0,0,1,0,0,20,0,0,6,8,5,11.2,0,0,6,12,3,11.666666666666666,0,7.6,2.6,0.32,0
1,1,1,9,1,1,1,3,14,3,11,0,0,0,1,0,0,18,0,0,5,10,5,13.375,0,0,5,9,5,14.166666666666666,0,13.9,-0.3,0.79,2
1,1,1,12,1,1,1,1,14,10,10,0,0,0,1,0,1,20,0,0,7,8,6,13.863333333333337,0,0,8,9,7,14.178571428571429,0,11.1,0.6,2.02,2
1,1,1,2,1,1,1,3,27,3,9,1,0,0,1,0,0,18,0,0,0,0,0,0.0,0,0,0,0,0,0.0,0,9.4,-0.8,-3.12,1
1,1,1,6,1,1,1,1,28,5,8,0,0,0,1,0,0,19,0,0,5,6,5,12.4,0,0,5,6,5,13.4,0,7.6,2.6,0.32,2
1,8,1,16,1,1,1,23,28,8,7,1,0,0,1,0,0,18,0,0,6,11,3,12.333333333333334,0,0,6,10,5,10.833333333333334,0,9.4,-0.8,-3.12,1
1,1,1,16,1,1,1,22,27,10,10,1,0,0,1,0,0,18,0,0,6,7,6,13.333333333333334,0,0,6,8,5,11.8,0,7.6,2.6,0.32,2
1,14,1,16,1,1,1,3,27,3,6,1,0,0,1,0,0,21,0,0,6,10,3,12.666666666666666,0,0,6,12,3,10.0,0,9.4,-0.8,-3.12,0
1,1,1,16,1,1,1,23,27,7,7,0,0,0,1,0,0,19,0,0,6,8,6,12.0,0,0,6,10,4,11.5,0,7.6,2.6,0.32,0
1,1,1,9,1,1,1,23,28,10,10,0,0,0,1,0,1,18,0,0,5,5,5,10.6,0,0,5,5,5,11.8,0,12.4,0.5,1.79,2
1,8,2,10,1,1,1,1,27,8,10,1,0,0,1,0,1,18,0,0,6,8,6,12.25,0,0,6,7,6,11.857142857142858,0,12.7,3.7,-1.7,2
1,1,3,10,1,1,1,13,1,10,11,1,0,0,1,0,0,20,0,0,6,10,4,11.0,0,0,6,9,6,11.833333333333334,0,9.4,-0.8,-3.12,2
1,12,1,3,0,1,1,1,14,7,9,0,0,0,1,0,1,24,0,0,6,11,5,11.0,0,0,6,9,5,12.6,0,11.1,0.6,2.02,2
1,1,1,14,1,1,1,13,1,5,2,0,0,0,1,0,0,19,0,0,6,6,6,13.166666666666666,0,0,6,9,6,13.0,0,10.8,1.4,1.74,0
1,1,1,12,1,1,1,13,27,10,8,1,0,0,1,0,1,18,0,0,7,9,7,12.855555555555554,0,0,8,12,7,12.761111111111113,0,15.5,2.8,-4.06,2
1,1,2,12,1,1,1,13,14,10,10,1,0,0,1,0,0,18,0,0,7,8,7,14.91875,0,0,8,8,8,15.355,0,15.5,2.8,-4.06,2
1,8,5,16,1,1,1,10,10,5,5,1,0,0,1,0,0,21,0,0,6,13,4,11.5,0,0,6,10,3,11.0,0,10.8,1.4,1.74,0
1,8,2,14,1,1,1,1,14,6,5,0,0,0,1,0,0,19,0,0,5,5,5,14.2,0,0,5,5,5,14.2,0,7.6,2.6,0.32,2
1,8,1,15,1,1,1,13,27,8,8,0,0,0,1,0,1,19,0,0,6,6,6,12.5,0,0,6,7,6,13.0,0,15.5,2.8,-4.06,2
3,12,1,4,1,1,1,1,27,7,7,0,0,1,1,0,0,47,0,0,1,1,0,0.0,0,0,6,0,0,0.0,0,8.9,1.4,3.51,1
1,8,3,10,1,1,1,13,14,8,9,0,0,0,1,0,0,19,0,0,6,10,5,11.666666666666666,0,0,6,12,4,11.0,0,13.9,-0.3,0.79,2
1,12,1,12,1,3,1,2,2,2,2,0,0,0,1,0,0,29,0,1,8,8,7,14.257142857142856,0,1,8,8,7,14.257142857142856,0,12.7,3.7,-1.7,2
1,14,1,10,1,1,1,13,14,5,9,1,0,0,1,0,0,21,0,0,6,13,3,12.0,0,0,6,12,2,11.333333333333334,0,16.2,0.3,-0.92,0
1,12,1,6,1,1,1,22,14,10,8,1,0,0,1,0,0,28,0,0,5,13,4,11.25,1,0,5,11,4,10.5,0,12.7,3.7,-1.7,1
1,8,2,13,1,1,1,22,27,4,11,0,0,0,1,0,0,20,0,0,7,8,7,12.457142857142856,0,0,8,8,8,13.5625,0,15.5,2.8,-4.06,2
1,8,1,12,1,1,1,2,28,5,6,1,0,0,1,0,0,19,0,0,7,7,6,11.683333333333332,0,0,7,7,6,11.683333333333332,0,7.6,2.6,0.32,2
1,13,1,3,0,1,1,13,2,5,7,0,0,0,1,0,0,26,0,0,6,10,3,11.666666666666666,0,0,6,8,5,12.0,0,9.4,-0.8,-3.12,2
1,8,2,11,1,1,1,22,27,10,9,1,0,1,0,0,0,20,0,0,6,8,4,11.75,0,0,6,6,6,13.166666666666666,0,11.1,0.6,2.02,0
1,1,1,14,1,1,1,22,27,10,10,1,0,0,1,0,1,18,0,0,5,6,3,11.666666666666666,0,0,5,6,4,13.5,0,7.6,2.6,0.32,1
1,12,1,16,1,1,1,22,14,10,6,0,0,0,1,0,0,27,0,0,6,9,5,13.2,0,0,6,10,5,12.0,0,7.6,2.6,0.32,2
1,1,2,12,1,1,1,19,24,12,12,1,0,0,1,0,0,20,0,0,7,8,4,11.95,0,0,7,8,4,11.95,0,7.6,2.6,0.32,0
1,1,5,16,1,1,1,22,14,10,6,1,0,0,1,0,0,18,0,0,6,8,5,12.4,0,0,6,12,5,10.4,0,9.4,-0.8,-3.12,0
1,4,1,12,1,3,1,1,1,10,6,0,0,0,1,0,0,33,0,2,7,8,6,14.35,0,3,8,10,6,14.583333333333334,0,16.2,0.3,-0.92,0
1,14,1,16,1,1,1,3,1,4,4,1,0,0,1,0,0,35,0,19,21,21,21,12.61904761904762,0,13,19,19,19,12.789473684210526,0,12.4,0.5,1.79,2
1,15,1,17,0,14,1,22,14,10,9,0,0,0,1,0,1,26,0,2,6,7,6,12.666666666666666,0,2,6,7,6,13.166666666666666,1,9.4,-0.8,-3.12,1
1,12,1,15,1,12,1,13,14,4,5,0,0,1,0,0,0,27,0,0,6,6,5,12.0,0,0,6,6,0,0.0,0,11.1,0.6,2.02,0
1,9,3,5,1,1,1,1,27,6,6,1,0,0,0,0,0,19,0,0,6,6,6,12.166666666666666,0,0,6,6,0,0.0,0,15.5,2.8,-4.06,0
1,8,2,11,1,1,1,1,14,5,7,0,0,0,1,0,0,20,0,0,6,0,0,0.0,0,0,6,0,0,0.0,0,11.1,0.6,2.02,0
1,9,2,9,1,1,1,3,3,6,8,1,0,1,0,0,0,20,0,0,5,9,3,10.0,0,0,5,9,3,10.571428571428571,0,10.8,1.4,1.74,0
1,14,1,10,1,1,1,1,27,6,10,0,0,1,0,0,0,21,0,5,10,18,8,11.5,0,0,6,12,4,10.0,0,9.4,-0.8,-3.12,1
1,8,3,12,1,1,1,23,1,10,5,1,0,0,1,0,1,18,0,0,7,7,6,13.05,0,0,7,7,6,13.05,0,7.6,2.6,0.32,2
1,12,1,6,1,1,1,1,14,10,10,1,0,0,1,0,0,24,0,0,6,10,2,11.0,0,0,6,6,0,0.0,0,8.9,1.4,3.51,0
1,8,4,5,1,1,1,1,3,5,2,1,0,0,1,0,0,20,0,0,6,7,6,11.5,0,0,6,6,6,12.0,0,16.2,0.3,-0.92,2
1,1,1,11,1,1,1,13,28,10,9,0,0,0,1,0,1,21,0,0,6,7,6,12.0,0,0,6,6,6,12.5,0,13.9,-0.3,0.79,2
1,1,1,3,0,1,1,1,27,8,4,0,0,0,1,0,0,23,0,0,6,13,2,10.0,0,0,5,12,1,10.0,0,9.4,-0.8,-3.12,1
1,12,1,9,1,1,1,10,3,5,4,1,0,0,1,0,0,24,0,0,5,5,0,0.0,0,0,5,5,0,0.0,0,7.6,2.6,0.32,0
1,16,1,16,1,1,1,1,1,5,11,0,0,0,1,0,0,21,0,0,6,0,0,0.0,0,0,6,0,0,0.0,0,12.4,0.5,1.79,0
1,1,4,12,1,1,1,23,28,10,9,1,0,0,1,0,0,18,0,0,8,8,7,12.242857142857144,0,0,8,8,7,12.242857142857144,0,12.7,3.7,-1.7,2
1,12,1,17,0,15,1,13,1,4,5,1,0,0,1,0,0,27,0,0,5,0,0,0.0,0,0,5,0,0,0.0,0,8.9,1.4,3.51,0
1,9,6,12,1,1,1,22,27,6,6,1,0,0,1,0,0,18,0,0,8,8,8,12.93375,0,0,8,8,8,12.93375,0,9.4,-0.8,-3.12,2
1,4,1,7,1,3,1,3,2,3,3,0,0,0,1,0,0,35,0,0,5,0,0,0.0,0,0,5,0,0,0.0,0,13.9,-0.3,0.79,0
1,1,1,16,1,1,1,13,14,4,9,0,0,0,1,0,0,18,0,0,7,9,7,12.571428571428571,0,0,7,8,7,14.428571428571429,0,11.1,0.6,2.02,2
1,12,1,12,1,1,1,1,3,28,19,0,0,0,1,0,0,35,0,0,3,4,3,11.816666666666668,0,0,3,3,3,11.333333333333334,0,11.1,0.6,2.02,1
1,1,1,6,1,1,1,1,1,5,8,1,0,0,1,0,0,19,0,0,5,9,4,13.75,0,0,5,13,4,14.333333333333334,2,10.8,1.4,1.74,2
1,1,4,10,1,1,1,13,14,5,1,1,0,0,1,0,0,20,0,0,6,8,6,11.166666666666666,0,0,6,6,6,11.333333333333334,0,7.6,2.6,0.32,2
1,1,4,12,1,1,1,13,14,8,8,1,0,0,1,0,0,18,0,0,8,8,7,12.324285714285711,0,0,8,8,7,12.324285714285711,0,10.8,1.4,1.74,2
1,15,1,10,1,14,1,23,28,6,11,0,0,1,1,0,0,21,0,3,6,6,6,12.166666666666666,0,2,6,7,6,11.714285714285714,0,13.9,-0.3,0.79,2
1,8,2,10,1,1,1,13,27,10,9,0,0,0,1,0,1,18,0,0,6,11,5,11.142857142857142,0,0,6,11,4,11.25,0,16.2,0.3,-0.92,2
1,1,1,10,1,1,1,19,24,1,1,1,0,0,1,0,0,18,0,0,6,9,4,11.0,0,0,6,9,4,10.75,0,7.6,2.6,0.32,2
1,1,2,12,1,1,1,13,28,10,10,1,0,0,1,0,0,18,0,0,8,8,7,12.914285714285713,0,0,8,8,7,12.914285714285713,0,12.7,3.7,-1.7,2
1,1,4,15,1,1,1,3,14,2,5,1,0,0,1,0,1,18,0,0,6,6,6,13.833333333333334,0,0,6,6,6,14.166666666666666,0,16.2,0.3,-0.92,2
1,1,1,6,1,1,1,13,1,9,8,1,0,0,1,0,0,19,0,0,6,8,6,13.857142857142858,0,0,6,9,5,13.4,0,13.9,-0.3,0.79,2
1,12,1,11,1,12,1,3,14,3,4,0,0,0,1,0,1,36,0,0,6,7,6,13.714285714285714,0,0,6,6,5,12.8,0,16.2,0.3,-0.92,0
1,1,2,12,1,1,1,23,1,8,5,1,0,0,1,0,1,18,0,0,8,8,7,12.642857142857142,0,0,8,8,7,12.642857142857142,0,12.7,3.7,-1.7,2
1,1,1,12,1,1,1,22,27,10,10,0,0,0,1,0,1,18,0,0,7,7,6,12.916666666666666,0,0,7,7,6,12.916666666666666,0,7.6,2.6,0.32,2
1,14,1,8,1,1,1,1,3,10,3,1,0,0,1,0,1,20,0,0,6,8,6,15.625,0,0,6,8,6,15.857142857142858,0,13.9,-0.3,0.79,2
1,12,1,17,0,1,1,22,27,10,10,0,0,0,1,0,1,26,0,0,5,7,0,0.0,0,0,5,8,0,0.0,0,16.2,0.3,-0.92,0
1,14,1,15,1,1,1,1,1,5,6,0,0,0,1,0,0,21,0,0,6,8,6,11.714285714285714,0,0,6,7,6,12.0,0,7.6,2.6,0.32,2
1,12,1,13,1,15,1,1,1,5,6,0,0,0,1,0,0,25,0,0,7,10,6,12.125,0,0,8,9,8,13.3125,0,15.5,2.8,-4.06,1
1,9,1,9,1,1,1,13,3,6,6,1,0,0,1,0,1,19,0,0,5,7,5,11.6,0,0,5,5,5,11.6,0,12.4,0.5,1.79,2
1,12,1,3,0,1,1,13,27,9,8,1,0,0,1,0,0,24,0,0,6,11,1,10.0,0,0,6,6,0,0.0,6,9.4,-0.8,-3.12,0
1,12,1,3,0,1,1,1,14,6,5,0,0,0,1,0,1,27,0,0,6,16,1,10.0,0,0,6,13,0,0.0,0,8.9,1.4,3.51,0
1,8,1,6,1,1,1,13,27,2,4,0,0,0,1,0,0,21,0,0,5,10,0,0.0,1,0,5,9,2,13.5,0,7.6,2.6,0.32,0
1,1,1,9,1,1,1,23,28,8,8,0,0,0,1,0,1,18,0,0,5,7,4,13.0,0,0,5,8,3,12.333333333333334,0,9.4,-0.8,-3.12,2
2,1,4,16,1,1,1,22,27,6,8,0,1,0,1,0,1,19,0,0,6,6,6,13.333333333333334,0,0,6,6,6,14.5,0,10.8,1.4,1.74,2
1,1,3,11,1,1,1,1,1,4,4,1,0,0,1,0,0,18,0,0,6,9,4,11.25,0,0,6,13,2,12.5,0,9.4,-0.8,-3.12,0
1,16,1,12,1,1,1,13,1,6,10,0,0,0,1,0,1,19,0,0,7,9,5,13.85,0,0,8,9,7,12.19285714285714,0,11.1,0.6,2.02,2
1,9,1,12,1,1,1,1,28,5,6,1,0,0,1,0,1,19,0,0,7,8,6,13.741666666666667,0,0,8,9,7,14.9125,0,16.2,0.3,-0.92,2
2,4,1,17,0,17,1,25,5,4,4,0,0,0,1,0,0,33,0,2,6,7,6,15.333333333333334,0,0,5,5,5,15.8,0,11.1,0.6,2.02,2
2,4,1,9,1,3,1,1,4,4,11,0,0,0,1,0,0,45,0,0,5,6,5,11.0,0,0,5,5,5,13.8,0,12.4,0.5,1.79,2
1,1,1,10,1,1,1,1,1,10,10,0,0,0,1,0,1,20,0,0,6,6,6,12.0,0,0,6,7,6,12.857142857142858,0,11.1,0.6,2.02,2
1,12,2,14,1,1,1,19,24,1,1,1,0,0,1,0,0,28,0,0,5,5,0,0.0,0,0,5,5,0,0.0,0,7.6,2.6,0.32,0
1,14,1,12,1,1,1,1,1,6,9,1,0,0,1,0,1,19,0,0,8,15,7,11.571428571428571,0,0,8,15,7,11.571428571428571,0,12.7,3.7,-1.7,2
1,1,2,11,1,1,1,1,27,5,6,1,0,0,1,0,0,18,0,0,6,10,6,12.857142857142858,0,0,6,6,3,12.666666666666666,0,12.7,3.7,-1.7,2
1,12,1,11,1,3,1,13,14,5,7,0,0,0,1,0,0,38,0,0,6,0,0,0.0,0,0,6,0,0,0.0,0,15.5,2.8,-4.06,0
1,1,2,14,1,1,1,1,3,5,4,0,0,0,1,0,0,19,0,0,5,5,5,13.0,0,0,5,5,5,13.2,0,9.4,-0.8,-3.12,2
1,1,1,11,1,1,1,1,27,10,10,0,0,0,1,0,1,21,0,0,6,9,5,11.0,0,0,6,8,5,12.0,0,15.5,2.8,-4.06,2
1,1,1,9,1,1,1,22,1,10,11,0,0,0,1,0,0,21,0,0,5,12,3,12.0,0,0,5,12,1,15.0,3,16.2,0.3,-0.92,0
1,1,1,10,1,1,1,23,27,10,10,0,0,0,1,0,1,22,0,0,6,6,5,12.6,0,0,6,6,6,13.0,0,10.8,1.4,1.74,2
1,1,1,16,1,1,1,13,14,6,8,0,0,0,1,0,1,18,0,0,6,8,5,13.4,0,0,6,7,6,13.166666666666666,0,9.4,-0.8,-3.12,2
1,8,2,10,1,1,1,22,27,4,10,0,1,0,1,0,1,18,0,0,6,9,6,11.333333333333334,0,0,6,9,6,11.571428571428571,0,15.5,2.8,-4.06,2
1,1,1,8,1,1,1,13,1,10,10,1,0,0,0,0,0,25,0,0,5,14,4,13.5,2,0,5,10,4,14.25,0,9.4,-0.8,-3.12,0
1,12,1,6,1,12,1,13,14,10,8,0,0,1,0,0,0,24,0,2,6,11,3,11.75,0,1,6,14,3,10.333333333333334,0,16.2,0.3,-0.92,0
1,1,3,12,1,1,1,3,1,5,5,1,0,0,1,0,0,19,0,0,7,10,6,12.471428571428572,0,0,7,8,7,11.4625,0,12.4,0.5,1.79,1
1,7,1,2,1,1,1,3,3,4,4,1,0,0,1,0,0,24,0,11,17,19,11,12.909090909090908,0,9,13,15,9,13.555555555555555,0,12.4,0.5,1.79,1
1,1,2,9,1,1,1,22,14,6,6,1,0,0,1,0,1,20,0,0,5,5,5,11.6,0,0,5,5,5,13.6,0,12.4,0.5,1.79,2
1,12,1,9,1,1,1,22,1,10,2,0,0,0,0,0,0,25,0,0,5,5,0,0.0,0,0,5,9,0,0.0,0,10.8,1.4,1.74,0
1,1,1,9,1,1,1,23,14,10,11,0,0,0,1,0,1,20,0,5,10,13,9,12.9,0,4,10,12,10,12.363636363636363,0,8.9,1.4,3.51,2
1,4,1,12,1,3,1,13,28,6,4,0,0,0,1,0,0,23,0,0,8,8,8,13.22,0,0,8,8,8,13.22,0,9.4,-0.8,-3.12,2
1,8,3,12,1,1,1,13,27,8,7,1,0,0,1,0,1,19,0,0,8,8,7,13.151428571428571,0,0,8,8,7,13.151428571428571,0,10.8,1.4,1.74,2
1,15,1,4,1,14,1,22,27,10,11,0,0,1,0,0,0,29,0,0,6,13,3,12.75,0,0,6,8,3,11.333333333333334,0,13.9,-0.3,0.79,0
1,1,3,11,1,1,1,13,27,5,8,1,0,0,1,0,0,21,0,0,6,8,6,11.333333333333334,0,0,6,8,4,12.25,0,11.1,0.6,2.02,2
1,1,1,14,1,1,1,13,1,10,9,1,0,0,1,0,1,18,0,0,6,10,6,13.25,0,0,6,13,5,14.142857142857142,0,11.1,0.6,2.02,2
1,1,3,5,1,1,1,13,28,10,10,1,0,0,1,0,0,19,0,0,6,7,5,12.4,0,0,6,6,5,12.4,0,9.4,-0.8,-3.12,1
1,1,3,15,1,1,1,23,27,8,8,1,0,0,1,0,1,18,0,0,6,6,6,15.0,0,0,6,6,6,12.833333333333334,0,8.9,1.4,3.51,0
1,1,1,6,1,1,1,7,14,12,7,0,0,0,1,0,0,19,0,0,5,6,5,14.4,0,0,5,6,5,13.0,0,7.6,2.6,0.32,2
1,1,1,15,1,1,1,22,27,10,9,1,0,0,1,0,0,18,0,0,6,12,1,11.0,0,0,6,12,0,0.0,0,9.4,-0.8,-3.12,1
1,8,1,9,1,1,1,1,1,5,5,0,0,0,1,0,0,18,0,0,5,8,5,12.4,0,0,5,6,5,10.8,0,8.9,1.4,3.51,2
2,12,1,13,1,12,1,23,27,8,8,1,0,1,0,0,1,37,0,0,7,13,1,16.0,0,0,7,12,0,0.0,0,8.9,1.4,3.51,0
1,8,1,17,0,15,1,22,27,7,7,0,0,0,1,0,0,29,0,0,5,10,5,13.571428571428571,0,0,5,14,5,12.333333333333334,3,16.2,0.3,-0.92,2
1,8,3,5,1,1,1,22,27,10,10,0,0,0,1,0,0,18,0,0,6,6,6,11.833333333333334,0,0,6,6,6,12.5,0,7.6,2.6,0.32,1
1,1,1,10,1,1,1,1,1,10,9,1,0,0,1,0,1,19,0,0,6,8,5,11.666666666666666,0,0,6,9,5,12.666666666666666,0,12.4,0.5,1.79,2
1,14,1,10,1,1,1,1,1,4,2,1,0,1,0,0,0,22,0,6,10,16,6,11.833333333333334,0,2,7,8,2,13.0,0,16.2,0.3,-0.92,0
1,1,1,11,1,1,1,22,28,10,8,0,0,0,1,0,1,20,0,0,6,8,6,11.166666666666666,0,0,6,10,5,10.6,0,15.5,2.8,-4.06,2
1,12,1,3,0,1,1,22,27,13,13,0,0,0,1,0,0,34,0,0,6,0,0,0.0,0,0,6,0,0,0.0,0,12.7,3.7,-1.7,0
1,14,1,7,1,1,1,22,28,10,10,0,0,1,0,0,0,30,0,8,12,17,8,11.75,0,6,12,19,6,12.166666666666666,2,7.6,2.6,0.32,0
1,1,1,10,1,1,1,1,1,5,5,0,0,0,1,0,0,18,0,0,6,7,6,14.0,0,0,6,7,6,14.0,0,10.8,1.4,1.74,2
1,1,1,10,1,1,1,23,14,10,6,0,0,0,1,0,0,18,0,0,6,6,6,12.833333333333334,0,0,6,6,6,12.0,0,12.4,0.5,1.79,2
1,1,2,15,1,1,1,3,1,2,4,1,0,0,1,0,0,18,0,0,6,11,4,12.25,0,0,6,10,3,11.666666666666666,0,9.4,-0.8,-3.12,2
1,8,4,12,1,1,1,4,1,3,4,1,0,0,1,0,0,18,0,0,8,8,7,14.828571428571427,0,0,8,8,7,14.828571428571427,0,12.7,3.7,-1.7,2
1,1,2,15,1,1,1,23,28,10,10,1,0,0,1,0,1,19,0,0,6,7,5,11.4,0,0,6,8,5,12.8,0,12.7,3.7,-1.7,2
1,1,1,5,1,1,1,22,27,10,10,1,0,0,1,0,1,19,0,0,6,6,6,13.0,0,0,6,8,6,12.5,0,10.8,1.4,1.74,2
1,1,5,12,1,1,1,1,1,10,10,0,0,0,1,0,1,18,0,0,8,8,7,13.671428571428573,0,0,8,8,7,13.671428571428573,0,12.7,3.7,-1.7,2
1,15,1,4,1,14,1,22,28,5,9,0,0,0,1,0,1,21,0,0,6,9,6,12.666666666666666,0,0,6,8,5,12.8,0,13.9,-0.3,0.79,2
1,1,2,9,1,1,1,1,14,10,10,1,0,0,0,0,0,20,0,0,5,10,2,10.0,0,0,5,12,1,13.0,0,7.6,2.6,0.32,0
1,8,1,9,1,1,1,10,14,5,9,1,0,0,1,0,0,20,0,0,5,10,5,13.5,0,0,5,8,5,12.333333333333334,0,13.9,-0.3,0.79,2
1,1,1,12,1,1,1,5,1,3,6,0,0,0,1,0,0,19,0,2,7,8,7,12.67,0,1,8,8,8,13.55,0,11.1,0.6,2.02,2
1,1,1,10,1,1,1,1,28,5,6,0,0,0,1,0,0,20,0,0,6,8,6,14.5,0,0,6,7,6,15.428571428571429,0,16.2,0.3,-0.92,2
1,8,3,12,1,1,1,10,1,5,11,1,0,0,1,0,0,18,0,0,7,7,7,13.685714285714283,0,0,8,8,8,15.3875,0,13.9,-0.3,0.79,2
1,13,1,16,1,1,1,22,28,4,4,0,0,0,1,0,0,20,0,0,6,8,5,11.0,0,0,6,10,3,10.666666666666666,0,12.7,3.7,-1.7,0
2,4,1,8,1,3,1,5,4,3,1,0,0,1,0,0,0,29,0,7,9,16,7,11.555555555555555,4,5,7,12,5,13.2,2,7.6,2.6,0.32,0
1,1,1,12,1,1,1,13,14,6,7,0,0,0,1,0,1,18,0,0,7,7,7,13.79714285714286,0,0,8,8,8,13.775,0,12.4,0.5,1.79,1
1,1,1,12,1,1,1,13,14,6,6,1,0,0,1,0,1,20,0,0,7,8,7,14.00375,0,0,8,11,7,13.812857142857142,0,15.5,2.8,-4.06,2
1,7,2,9,1,1,1,23,27,10,10,1,0,0,1,0,1,22,0,0,5,8,4,12.0,0,0,5,8,4,11.4,2,16.2,0.3,-0.92,2
4,1,1,3,0,1,1,24,14,5,11,1,0,0,1,0,1,47,0,0,6,9,5,14.166666666666666,0,0,6,7,6,14.166666666666666,0,16.2,0.3,-0.92,2
2,16,1,17,0,1,1,22,27,9,5,0,0,0,1,0,0,31,0,1,5,5,5,14.0,0,0,5,5,5,13.8,0,8.9,1.4,3.51,2
1,1,1,5,1,1,1,13,27,8,6,0,0,0,1,0,1,21,0,0,6,7,5,13.8,0,0,6,6,6,12.833333333333334,0,16.2,0.3,-0.92,2
1,1,1,3,0,1,1,23,28,1,1,0,0,0,1,0,0,21,0,0,6,8,5,12.8,0,0,6,10,6,11.857142857142858,0,7.6,2.6,0.32,2
2,12,1,15,1,9,1,1,1,5,5,0,0,0,1,0,0,24,0,0,6,6,6,12.166666666666666,0,0,6,6,6,13.833333333333334,0,7.6,2.6,0.32,2
1,8,1,5,1,1,1,4,27,3,10,0,0,0,1,0,0,18,0,0,6,8,6,12.5,0,0,6,6,6,12.333333333333334,0,15.5,2.8,-4.06,1
1,12,1,3,0,11,1,19,1,12,3,0,0,0,1,0,0,32,0,0,6,9,4,12.0,0,0,6,12,4,11.5,0,7.6,2.6,0.32,2
1,9,2,3,0,1,1,3,1,4,5,1,0,0,1,0,1,19,0,0,6,8,6,10.833333333333334,0,0,6,9,6,11.5,0,10.8,1.4,1.74,2
1,12,1,12,1,1,1,3,3,2,2,1,0,0,1,0,0,24,0,0,8,8,8,13.385,0,0,8,8,8,13.385,0,9.4,-0.8,-3.12,2
1,8,4,6,1,1,1,13,14,5,11,1,0,0,1,0,0,19,0,0,6,14,6,15.666666666666666,0,0,6,9,6,14.5,0,15.5,2.8,-4.06,2
1,15,1,4,1,14,1,13,27,7,7,0,0,1,1,0,1,19,0,0,6,9,6,14.333333333333334,0,0,6,7,6,13.833333333333334,0,13.9,-0.3,0.79,2
1,15,1,4,1,14,1,22,27,10,5,0,0,0,1,0,0,24,0,0,6,10,6,11.428571428571429,0,0,6,12,5,13.0,0,12.4,0.5,1.79,1
1,8,4,10,1,1,1,13,14,29,29,1,0,0,1,0,1,18,0,0,6,9,6,11.666666666666666,0,0,6,8,6,11.666666666666666,0,8.9,1.4,3.51,2
1,1,1,5,1,1,1,23,27,4,7,1,0,0,1,0,1,19,0,0,6,9,5,12.0,0,0,6,10,2,11.333333333333334,0,8.9,1.4,3.51,0
2,1,1,12,1,1,1,3,28,3,5,0,0,0,1,0,1,19,0,0,8,8,7,14.725714285714288,0,0,8,8,7,14.725714285714288,0,10.8,1.4,1.74,2
1,8,2,15,1,1,1,13,28,10,9,1,0,0,1,0,1,18,0,0,6,6,6,14.166666666666666,0,0,6,6,6,13.666666666666666,0,12.4,0.5,1.79,2
1,1,1,10,1,1,1,1,1,4,4,1,0,0,1,0,0,18,0,0,6,10,6,11.571428571428571,0,0,6,8,6,12.333333333333334,0,12.4,0.5,1.79,2
1,8,4,13,1,1,1,1,1,5,11,1,0,0,1,0,0,20,0,0,7,7,7,12.5,0,0,8,8,8,13.1375,0,12.4,0.5,1.79,2
1,1,1,12,1,1,1,13,28,6,8,0,0,0,1,0,0,18,0,0,8,10,8,12.86,2,0,8,10,8,12.86,2,9.4,-0.8,-3.12,2
1,8,4,14,1,1,1,23,28,10,8,1,0,0,1,0,0,18,0,0,6,10,6,12.25,0,0,6,9,6,13.714285714285714,0,11.1,0.6,2.02,2
1,1,2,6,1,1,1,23,27,10,10,1,0,0,1,0,1,21,0,0,5,7,4,12.0,0,0,5,5,5,12.2,0,10.8,1.4,1.74,2
1,1,1,12,1,1,1,13,14,5,10,0,0,0,1,0,1,18,0,0,7,9,7,15.116666666666667,0,0,8,9,8,16.168888888888887,0,15.5,2.8,-4.06,2
1,16,1,14,1,1,1,13,14,6,6,0,0,1,0,0,0,18,0,0,5,6,2,12.5,0,0,5,6,4,10.25,0,9.4,-0.8,-3.12,0
1,8,2,10,1,1,1,1,9,5,4,1,0,0,1,0,0,19,0,0,6,11,0,0.0,0,0,6,0,0,0.0,0,9.4,-0.8,-3.12,0
1,1,1,14,1,1,1,1,14,5,11,1,0,0,1,0,0,19,0,0,6,8,4,11.0,0,0,6,9,4,11.0,0,10.8,1.4,1.74,1
1,8,4,14,1,1,1,1,14,6,6,1,0,0,1,0,0,18,0,0,6,8,6,11.875,0,0,6,11,4,14.6,0,11.1,0.6,2.02,2
1,12,1,8,1,3,1,3,1,12,12,1,0,0,1,0,0,34,0,1,5,6,1,11.0,0,0,5,5,0,0.0,0,12.7,3.7,-1.7,0
1,1,3,6,1,1,1,9,9,12,12,0,0,0,1,0,0,19,0,0,5,5,5,15.2,0,0,5,6,5,13.2,0,7.6,2.6,0.32,2
1,15,1,8,1,14,1,22,27,8,9,1,0,1,0,0,0,19,0,2,6,7,5,11.6,0,1,6,12,2,11.0,0,12.4,0.5,1.79,0
1,16,1,10,1,1,1,3,14,3,2,0,0,1,1,0,0,26,0,0,6,6,6,14.833333333333334,0,0,6,7,6,15.142857142857142,0,11.1,0.6,2.02,2
1,8,1,16,1,1,1,19,24,1,1,1,0,0,1,0,0,21,0,0,6,12,3,11.333333333333334,0,0,6,10,3,11.333333333333334,0,7.6,2.6,0.32,0
1,8,2,9,1,1,1,13,14,5,9,0,0,0,1,0,1,18,0,0,5,5,5,11.2,0,0,5,5,5,11.8,0,11.1,0.6,2.02,2
1,8,4,16,1,1,1,23,28,6,8,1,0,0,1,0,1,20,0,0,6,8,5,13.4,0,0,6,9,5,13.666666666666666,0,9.4,-0.8,-3.12,2
1,16,1,9,1,1,1,1,1,5,5,0,0,0,1,0,0,25,0,0,5,12,2,10.5,0,0,5,5,0,0.0,0,11.1,0.6,2.02,0
1,1,1,9,1,1,1,1,28,5,4,0,0,0,1,0,0,18,0,0,5,5,5,16.2,0,0,5,5,5,16.4,0,11.1,0.6,2.02,2
1,1,1,12,1,1,1,13,14,4,7,1,0,0,1,0,1,18,0,0,7,7,7,14.542857142857144,0,0,8,11,8,14.88181818181818,0,16.2,0.3,-0.92,2
1,1,1,12,1,1,1,26,14,4,6,0,0,0,1,0,0,19,0,0,7,7,7,13.694285714285714,0,0,8,9,8,14.355555555555554,0,11.1,0.6,2.02,2
1,1,1,10,1,1,1,13,28,6,10,0,0,0,1,0,1,18,0,0,6,8,6,11.285714285714286,0,0,6,10,6,11.857142857142858,0,12.4,0.5,1.79,2
1,8,1,12,1,1,1,23,28,8,8,0,0,0,1,0,0,20,0,0,7,11,6,11.757142857142856,0,0,8,12,6,13.083333333333334,0,15.5,2.8,-4.06,1
1,4,1,6,1,15,1,13,14,10,6,0,0,1,0,0,0,26,0,0,3,3,0,0.0,0,0,6,0,0,0.0,0,8.9,1.4,3.51,0
1,13,1,12,1,1,1,22,27,8,10,1,0,0,1,0,1,19,0,0,8,8,7,13.058571428571428,0,0,8,8,7,13.058571428571428,0,10.8,1.4,1.74,2
1,1,1,12,1,1,1,1,1,6,2,0,0,0,1,0,0,19,0,0,7,7,7,14.3,0,0,8,9,8,14.055555555555555,0,16.2,0.3,-0.92,2
1,14,4,9,1,1,1,22,27,10,10,0,0,0,1,0,0,19,0,3,10,15,5,11.8,0,4,10,14,8,12.0,0,7.6,2.6,0.32,2
1,3,3,6,1,1,1,1,14,8,6,1,0,0,1,0,0,19,0,0,5,9,3,10.333333333333334,1,0,5,8,3,13.0,0,7.6,2.6,0.32,1
1,1,1,11,1,1,1,13,14,6,9,1,0,0,1,0,0,18,0,0,6,7,6,10.571428571428571,0,0,6,11,3,11.666666666666666,0,16.2,0.3,-0.92,2
1,14,1,12,1,6,1,1,27,10,10,1,0,0,1,0,0,19,0,0,7,7,6,13.333333333333334,0,0,7,7,6,13.333333333333334,0,7.6,2.6,0.32,2
1,1,1,10,1,1,1,1,1,10,7,0,0,1,1,0,0,18,0,0,6,10,6,11.857142857142858,0,0,6,9,5,11.0,0,13.9,-0.3,0.79,2
1,1,1,16,1,1,1,2,14,5,5,1,0,0,1,0,0,18,0,0,6,9,5,12.6,0,0,6,8,5,11.4,0,9.4,-0.8,-3.12,1
1,1,1,6,1,1,1,13,28,10,6,1,0,0,1,0,0,18,0,0,5,11,5,14.0,3,0,5,7,5,11.6,0,9.4,-0.8,-3.12,1
1,1,1,16,1,1,1,1,28,10,7,1,0,0,1,0,0,18,0,0,7,12,5,12.0,0,0,7,9,6,12.666666666666666,0,11.1,0.6,2.02,1
1,15,1,7,1,14,1,13,27,5,8,0,0,1,1,0,0,26,0,0,5,6,0,0.0,0,0,5,5,0,0.0,0,16.2,0.3,-0.92,0
1,1,1,10,1,1,1,23,28,8,8,1,0,0,1,0,0,20,0,0,6,7,6,12.0,0,0,6,7,6,13.0,0,12.4,0.5,1.79,2
1,1,1,3,0,1,1,22,28,10,11,0,0,0,1,0,0,19,0,0,6,6,6,12.666666666666666,0,0,6,6,6,11.666666666666666,0,12.7,3.7,-1.7,2
1,1,1,10,1,1,1,19,27,5,10,1,0,0,1,0,1,18,0,0,6,6,6,12.166666666666666,0,0,6,9,6,13.666666666666666,0,9.4,-0.8,-3.12,2
1,15,1,10,1,14,1,23,27,8,8,0,0,0,1,0,0,19,0,3,6,6,6,13.333333333333334,0,2,6,6,6,14.666666666666666,0,13.9,-0.3,0.79,2
1,4,1,16,1,15,1,26,3,3,2,0,0,1,1,0,0,40,0,0,7,8,7,15.0,0,0,7,7,7,14.571428571428571,0,12.4,0.5,1.79,2
1,1,4,12,1,1,1,23,28,8,8,1,0,0,1,0,1,18,0,0,8,8,8,13.39125,0,0,8,8,8,13.39125,0,9.4,-0.8,-3.12,2
1,8,1,10,1,1,1,3,1,10,11,0,0,0,1,0,0,19,0,0,6,9,5,12.166666666666666,0,0,6,8,6,12.428571428571429,0,13.9,-0.3,0.79,2
1,8,1,8,1,1,1,2,7,4,6,0,0,0,1,0,0,18,0,0,5,9,4,11.25,0,0,5,6,4,12.5,0,7.6,2.6,0.32,2
1,1,1,6,1,1,1,1,2,4,2,1,0,0,1,0,0,19,0,0,5,13,4,12.0,2,0,5,8,3,12.0,0,9.4,-0.8,-3.12,1
1,1,1,2,1,1,1,3,3,3,3,1,0,0,1,0,0,18,0,0,0,0,0,0.0,0,0,0,0,0,0.0,0,15.5,2.8,-4.06,0
2,12,1,3,0,1,1,22,27,10,10,1,0,0,1,0,0,33,0,0,6,7,6,12.833333333333334,0,0,6,8,6,12.857142857142858,0,12.4,0.5,1.79,2
1,12,1,4,1,3,1,3,3,2,3,0,0,0,1,0,0,35,0,0,6,10,6,14.0,0,0,6,11,6,13.1,0,16.2,0.3,-0.92,2
1,13,1,9,1,1,1,22,28,10,2,1,0,0,1,0,0,26,0,3,5,5,4,13.0,0,1,5,7,2,12.0,0,9.4,-0.8,-3.12,1
1,1,1,15,1,1,1,13,14,8,6,1,0,0,1,0,0,18,0,0,6,7,6,13.5,0,0,6,8,6,12.5,0,9.4,-0.8,-3.12,2
1,14,1,10,1,1,1,22,27,10,10,0,0,0,1,0,0,36,0,10,16,24,13,10.692307692307692,1,9,13,19,9,12.307692307692308,0,15.5,2.8,-4.06,1
4,12,1,17,0,1,1,22,27,7,7,0,0,0,1,0,0,39,0,0,5,6,5,11.0,0,0,5,9,5,11.666666666666666,0,10.8,1.4,1.74,2
2,12,1,10,1,1,1,22,27,10,10,0,0,0,1,0,0,44,0,0,6,8,6,13.0,0,0,6,6,6,13.833333333333334,0,12.7,3.7,-1.7,2
1,1,2,3,0,1,1,3,1,4,10,0,0,0,1,0,0,20,0,0,6,10,5,12.0,0,0,6,9,4,11.25,0,9.4,-0.8,-3.12,1
1,1,1,11,1,1,1,13,14,10,10,1,0,0,1,0,0,24,0,0,6,9,4,12.6,0,0,6,6,4,11.5,0,12.7,3.7,-1.7,0
1,14,1,15,1,1,1,13,14,10,9,0,0,0,1,0,1,20,0,0,6,6,6,13.666666666666666,0,0,6,6,6,13.333333333333334,0,12.4,0.5,1.79,2
1,1,4,2,1,1,1,1,1,10,6,1,0,0,0,0,0,19,0,0,0,0,0,0.0,0,0,0,0,0,0.0,0,9.4,-0.8,-3.12,0
2,1,1,12,1,1,1,22,28,10,8,0,0,1,1,0,1,18,0,0,7,7,6,14.2,0,0,7,7,6,14.2,0,7.6,2.6,0.32,2
1,1,1,11,1,1,1,13,14,5,7,0,0,1,0,0,0,22,0,0,6,10,5,11.0,0,0,6,12,0,0.0,0,10.8,1.4,1.74,0
1,8,1,6,1,1,1,13,1,5,6,1,0,0,1,0,0,18,0,0,6,7,6,15.0,0,0,6,7,6,16.428571428571427,0,11.1,0.6,2.02,2
1,12,1,12,1,12,1,23,27,10,10,0,0,0,1,0,0,24,0,0,7,9,6,12.585714285714284,0,0,8,9,7,13.44285714285714,0,13.9,-0.3,0.79,2
1,12,1,17,0,1,1,22,27,12,9,0,0,0,1,0,0,33,0,0,5,0,0,0.0,0,0,5,0,0,0.0,0,12.7,3.7,-1.7,0
1,12,1,4,1,1,1,22,27,4,9,0,0,1,1,0,1,30,0,0,6,6,0,0.0,0,0,6,6,0,0.0,0,11.1,0.6,2.02,1
1,12,1,6,1,17,1,3,29,3,4,0,0,0,1,0,0,26,0,0,6,0,0,0.0,0,0,6,0,0,0.0,0,8.9,1.4,3.51,0
1,8,4,16,1,1,1,13,28,5,2,1,0,0,1,0,0,18,0,0,6,7,6,11.666666666666666,0,0,6,10,6,11.833333333333334,0,10.8,1.4,1.74,2
1,1,1,15,1,1,1,22,28,10,8,0,0,1,1,0,0,19,0,0,6,13,3,12.666666666666666,0,0,6,12,2,10.0,0,10.8,1.4,1.74,0
1,8,4,9,1,1,1,13,28,10,11,1,0,0,1,0,0,20,0,0,5,10,3,10.333333333333334,0,0,5,9,4,11.0,2,16.2,0.3,-0.92,1
1,17,1,6,1,16,1,13,27,10,9,1,0,0,1,0,1,22,0,7,11,18,8,13.5,0,4,9,16,7,13.714285714285714,0,8.9,1.4,3.51,2
1,1,4,12,1,1,1,1,1,10,2,1,0,0,1,0,0,19,0,0,7,8,5,13.98,0,0,7,8,5,13.98,0,7.6,2.6,0.32,1
1,1,1,6,1,1,1,22,28,8,6,1,0,0,1,0,1,21,0,0,6,13,6,16.153846153846153,0,0,6,10,6,15.75,0,15.5,2.8,-4.06,2
1,1,4,12,1,1,1,13,28,5,9,1,0,0,1,0,1,21,0,0,7,7,6,14.033333333333331,0,0,7,7,6,14.033333333333331,0,7.6,2.6,0.32,2
1,8,1,6,1,1,1,13,27,3,8,0,0,0,1,0,0,19,0,0,5,8,1,11.0,0,0,5,6,5,11.2,0,7.6,2.6,0.32,1
1,1,1,16,1,1,1,23,27,29,46,1,0,0,1,0,1,19,0,0,7,8,7,13.857142857142858,0,0,7,8,6,13.666666666666666,0,8.9,1.4,3.51,2
1,1,6,12,1,1,1,13,14,10,6,1,0,0,1,0,0,18,0,0,8,8,7,13.414285714285716,0,0,8,8,7,13.414285714285716,0,12.7,3.7,-1.7,0
2,14,1,3,0,1,1,22,29,10,5,0,0,0,1,0,0,50,0,7,11,11,11,13.545454545454543,0,3,7,7,7,13.571428571428571,0,16.2,0.3,-0.92,2
4,12,1,17,0,1,1,23,14,10,8,0,0,0,1,0,1,31,0,0,5,11,4,11.25,0,0,5,10,4,10.833333333333334,0,13.9,-0.3,0.79,1
1,8,1,15,1,1,1,1,14,5,8,0,0,0,1,0,1,19,0,0,6,6,6,13.833333333333334,0,0,6,7,6,14.428571428571429,0,15.5,2.8,-4.06,2
4,12,1,17,0,1,1,1,27,20,43,0,0,0,1,0,0,35,0,0,5,8,5,12.0,0,0,5,9,5,12.857142857142858,0,13.9,-0.3,0.79,2
2,12,1,6,1,12,1,23,28,5,8,0,0,0,1,0,0,31,0,0,6,0,0,0.0,0,0,6,0,0,0.0,0,12.7,3.7,-1.7,0
2,16,1,3,0,12,1,22,27,10,10,0,0,1,1,0,0,42,0,5,11,14,10,11.9,0,5,11,14,10,12.8,0,11.1,0.6,2.02,1
1,9,4,9,1,1,1,22,27,10,10,1,0,0,0,0,0,34,0,0,5,5,0,0.0,0,0,5,0,0,0.0,0,9.4,-0.8,-3.12,0
1,1,1,12,1,1,1,1,1,5,5,1,0,0,1,0,1,18,0,0,7,7,7,15.135714285714286,0,0,8,8,8,15.287499999999998,0,12.4,0.5,1.79,2
1,8,1,16,1,1,1,3,3,4,4,1,0,0,0,0,1,18,0,0,7,7,7,12.285714285714286,0,0,7,8,6,13.333333333333334,0,8.9,1.4,3.51,1
1,15,1,6,1,14,1,22,28,6,7,1,0,0,1,0,0,21,0,2,6,16,5,12.666666666666666,0,1,6,15,2,13.5,0,16.2,0.3,-0.92,1
4,12,1,12,1,12,1,23,14,6,8,0,0,0,1,0,1,26,0,0,7,13,5,12.74,0,0,8,12,6,10.978571428571428,0,16.2,0.3,-0.92,0
1,14,1,12,1,1,1,13,27,9,9,0,0,0,1,0,0,20,0,0,7,8,6,13.25,0,0,8,8,8,13.75,0,13.9,-0.3,0.79,1
1,1,1,10,1,1,1,23,28,6,8,0,0,0,1,0,0,19,0,0,6,13,3,10.333333333333334,0,0,6,12,3,10.333333333333334,0,7.6,2.6,0.32,1
1,1,1,16,1,1,1,13,14,6,6,0,0,0,1,0,1,19,0,0,6,7,6,13.428571428571429,0,0,6,6,6,13.166666666666666,0,15.5,2.8,-4.06,2
1,17,1,9,1,16,1,3,4,3,2,0,0,0,1,0,0,20,0,6,11,19,9,12.555555555555555,0,3,9,14,8,11.11111111111111,0,8.9,1.4,3.51,2
1,1,1,10,1,1,1,19,24,1,1,0,0,0,1,0,0,19,0,0,6,8,6,11.5,0,0,6,7,6,11.166666666666666,0,7.6,2.6,0.32,2
1,1,1,16,1,1,1,22,27,10,10,0,0,0,1,0,0,18,0,0,6,6,6,13.666666666666666,0,0,6,9,6,12.333333333333334,0,7.6,2.6,0.32,2
1,12,1,17,0,3,1,22,27,10,10,0,0,0,1,0,0,28,0,10,14,16,11,11.272727272727272,0,6,11,16,10,12.0,0,10.8,1.4,1.74,2
1,8,1,16,1,1,1,1,14,5,6,1,0,0,1,0,0,22,0,0,6,10,5,13.166666666666666,0,0,6,8,5,12.4,0,15.5,2.8,-4.06,1
1,15,1,3,0,14,1,22,27,8,8,0,0,0,1,0,1,21,0,3,6,6,6,14.666666666666666,0,2,6,6,6,14.166666666666666,0,13.9,-0.3,0.79,2
1,15,1,6,1,14,1,4,28,5,6,1,0,0,1,0,0,21,0,0,6,11,4,12.75,0,0,6,19,1,11.0,0,12.4,0.5,1.79,1
1,12,1,12,1,1,1,1,14,6,4,0,1,0,1,0,0,26,0,0,7,11,5,11.2,0,0,8,13,5,12.14,0,16.2,0.3,-0.92,1
1,1,6,15,1,1,1,18,27,8,8,1,0,1,0,0,0,18,0,0,6,8,5,13.0,0,0,6,8,5,11.4,0,7.6,2.6,0.32,0
1,8,2,6,1,1,1,1,1,10,11,0,0,0,0,0,0,20,0,0,5,8,2,10.5,0,0,5,8,2,12.333333333333334,0,7.6,2.6,0.32,0
1,8,2,6,1,1,1,1,14,5,4,0,0,0,1,0,0,18,0,0,6,7,6,14.857142857142858,0,0,6,7,6,14.0,0,11.1,0.6,2.02,2
1,1,4,12,1,1,1,1,1,5,10,1,0,0,1,0,1,19,0,0,8,11,7,12.86,0,0,8,11,7,12.86,0,10.8,1.4,1.74,2
1,16,1,10,1,1,1,3,14,4,11,1,0,0,1,0,0,20,0,5,11,12,11,11.727272727272728,0,5,11,14,11,12.0,0,12.4,0.5,1.79,2
1,15,1,6,1,14,1,23,27,5,7,1,0,0,1,0,1,22,0,3,6,11,6,13.142857142857142,0,2,6,10,3,12.0,0,13.9,-0.3,0.79,2
1,8,1,14,1,1,1,22,14,6,9,1,0,1,1,0,0,18,0,0,6,6,5,11.8,0,0,6,9,4,13.714285714285714,0,10.8,1.4,1.74,0
1,8,1,9,1,1,1,23,27,7,5,1,0,0,1,0,0,19,0,0,5,10,3,10.666666666666666,0,0,5,9,0,0.0,3,16.2,0.3,-0.92,0
1,8,4,5,1,1,1,1,3,4,4,0,0,0,1,0,1,18,0,0,6,9,5,11.6,0,0,6,8,4,11.2,0,8.9,1.4,3.51,1
1,8,1,11,1,1,1,22,27,8,8,1,0,0,1,0,0,20,0,0,6,13,3,10.333333333333334,0,0,6,12,3,10.333333333333334,0,10.8,1.4,1.74,1
1,1,1,15,1,1,1,23,27,10,10,1,1,0,1,0,0,19,0,0,6,11,4,12.25,0,0,6,11,3,11.0,0,7.6,2.6,0.32,1
1,1,1,11,1,1,1,13,28,10,10,0,0,0,1,0,0,19,0,0,6,6,6,12.0,0,0,6,7,4,12.75,0,12.4,0.5,1.79,1
1,8,1,12,1,1,1,22,27,6,6,1,0,0,1,0,0,19,0,0,8,8,7,14.731428571428571,0,0,8,8,7,14.731428571428571,0,10.8,1.4,1.74,2
1,1,1,2,1,1,1,1,14,4,10,1,0,0,1,0,0,18,0,0,0,0,0,0.0,0,0,0,0,0,0.0,0,12.7,3.7,-1.7,2
1,4,1,5,1,15,1,1,14,4,10,1,0,0,1,0,0,21,0,9,13,14,13,13.615384615384617,1,6,12,12,12,14.25,0,13.9,-0.3,0.79,2
1,12,1,17,0,15,1,1,14,10,10,0,0,0,1,0,0,27,0,0,5,5,5,15.8,0,0,5,5,5,14.8,0,8.9,1.4,3.51,2
1,8,1,10,1,1,1,1,14,5,5,0,0,0,1,0,0,19,0,0,6,6,6,14.666666666666666,0,0,6,7,6,14.571428571428571,0,15.5,2.8,-4.06,2
4,12,1,6,1,1,1,19,24,1,1,0,0,0,1,0,0,25,0,0,5,5,0,0.0,0,0,5,5,0,0.0,0,7.6,2.6,0.32,0
1,1,2,12,1,1,1,13,14,8,8,1,0,0,1,0,1,18,0,0,8,8,7,14.654285714285717,0,0,8,8,7,14.654285714285717,0,10.8,1.4,1.74,2
1,12,1,12,1,3,1,13,1,5,9,0,0,0,1,0,0,24,0,0,8,8,7,12.401428571428571,0,0,8,8,7,12.401428571428571,0,10.8,1.4,1.74,2
1,1,3,12,1,1,1,1,1,5,11,1,0,0,1,0,0,20,0,0,7,8,7,11.5875,0,0,8,9,7,14.071428571428571,0,13.9,-0.3,0.79,2
1,4,1,17,0,15,1,22,27,7,7,0,0,0,1,0,0,26,0,3,5,5,5,14.0,0,1,5,5,5,15.6,0,12.4,0.5,1.79,2
1,1,1,10,1,1,1,1,28,10,8,1,0,0,1,0,1,20,0,0,6,9,6,12.333333333333334,0,0,6,6,6,11.833333333333334,0,8.9,1.4,3.51,2
1,1,1,6,1,1,1,22,27,12,12,0,0,0,1,0,0,18,0,0,5,5,5,14.0,0,0,5,6,5,15.4,0,7.6,2.6,0.32,2
1,1,1,6,1,1,1,1,1,10,10,1,0,0,1,0,0,19,0,0,6,13,6,15.23076923076923,0,0,6,10,6,12.375,0,15.5,2.8,-4.06,2
1,1,1,16,1,1,1,13,14,10,10,1,0,0,1,0,0,23,0,0,6,9,5,11.6,0,0,6,9,3,11.0,0,12.7,3.7,-1.7,0
1,1,4,12,1,1,1,22,27,10,10,1,0,0,1,0,1,18,0,0,7,7,6,11.6,0,0,7,7,6,11.6,0,7.6,2.6,0.32,2
1,1,4,12,1,1,1,1,14,5,6,0,0,0,1,0,0,18,0,0,7,0,0,0.0,0,0,8,0,0,0.0,0,12.7,3.7,-1.7,0
1,1,1,12,1,1,1,2,1,3,9,0,0,0,1,0,1,19,0,0,7,7,7,12.901428571428571,0,0,8,9,8,13.094444444444443,0,11.1,0.6,2.02,2
1,13,1,17,0,1,1,1,2,5,4,0,0,0,1,0,0,30,0,4,7,9,7,14.142857142857142,0,1,5,5,5,14.8,0,7.6,2.6,0.32,2
1,15,1,6,1,14,1,1,2,5,7,1,0,0,1,0,0,29,0,0,6,0,0,0.0,0,0,6,0,0,0.0,0,15.5,2.8,-4.06,0
1,1,6,12,1,1,1,3,1,4,4,1,0,0,1,0,0,19,0,0,8,8,8,13.25375,0,0,8,8,8,13.25375,0,9.4,-0.8,-3.12,2
1,8,6,13,1,1,1,13,2,6,4,1,0,0,1,0,0,20,0,0,7,7,7,13.785714285714286,0,0,8,8,8,14.1,0,12.4,0.5,1.79,2
1,1,1,12,1,1,1,22,27,10,4,0,0,0,1,0,0,20,0,0,7,7,6,13.916666666666666,0,0,7,7,6,13.916666666666666,0,7.6,2.6,0.32,2
1,1,4,14,1,1,1,23,28,4,8,1,0,0,1,0,0,19,0,0,6,8,6,13.5,0,0,6,9,6,13.571428571428571,0,11.1,0.6,2.02,2
1,8,1,9,1,1,1,23,2,10,3,1,0,0,1,0,0,20,0,0,5,8,3,11.333333333333334,0,0,5,12,2,10.666666666666666,0,10.8,1.4,1.74,1
3,1,2,6,1,1,1,13,1,5,5,1,0,0,1,0,0,21,0,0,5,8,0,0.0,4,0,5,12,0,0.0,4,10.8,1.4,1.74,0
1,8,1,14,1,1,1,13,28,5,11,0,0,0,1,0,0,19,0,0,6,10,5,11.5,0,0,6,9,4,14.6,0,11.1,0.6,2.02,2
1,1,3,12,1,1,1,22,28,10,10,1,0,0,1,0,1,18,0,0,8,8,7,12.082857142857142,0,0,8,8,7,12.082857142857142,0,10.8,1.4,1.74,2
1,12,1,3,0,1,1,22,27,8,9,0,0,0,1,0,1,27,0,0,6,8,6,11.833333333333334,0,0,6,10,5,12.8,0,15.5,2.8,-4.06,2
1,8,2,9,1,1,1,23,28,7,9,1,0,0,1,0,1,19,0,0,5,6,5,13.4,0,0,5,5,5,12.4,0,12.4,0.5,1.79,2
1,1,1,12,1,1,1,1,1,12,4,0,0,0,1,0,1,19,0,0,7,7,0,0.0,2,0,7,7,0,0.0,2,7.6,2.6,0.32,0
1,1,1,15,1,1,1,1,14,5,9,1,0,0,1,0,0,19,0,0,6,7,5,14.2,0,0,6,7,6,14.571428571428571,0,15.5,2.8,-4.06,2
1,1,6,12,1,1,1,13,14,6,6,1,0,0,1,0,1,18,0,0,8,8,7,13.814285714285717,0,0,8,8,7,13.814285714285717,0,12.7,3.7,-1.7,2
1,8,1,11,1,1,1,13,14,6,6,0,0,0,1,0,1,20,0,0,6,10,4,11.25,0,0,6,6,6,10.5,0,12.4,0.5,1.79,1
1,1,1,14,1,1,1,13,27,5,6,0,0,0,1,0,1,18,0,0,6,6,6,14.5,0,0,6,8,6,13.666666666666666,0,12.7,3.7,-1.7,2
1,1,5,14,1,1,1,7,1,3,5,1,0,0,1,0,0,19,0,0,6,0,0,0.0,0,0,6,0,0,0.0,0,7.6,2.6,0.32,0
2,12,1,12,1,12,1,22,27,10,10,1,0,0,1,0,0,36,0,0,7,7,6,11.3,0,0,7,7,6,11.3,0,7.6,2.6,0.32,2
1,14,1,13,1,1,1,3,4,4,3,0,0,0,1,0,0,18,0,0,2,2,0,0.0,0,0,4,4,1,16.0,0,10.8,1.4,1.74,1
1,14,1,8,1,1,1,13,28,5,6,1,0,1,1,0,0,18,0,0,5,11,1,12.0,0,0,5,9,3,12.0,0,12.7,3.7,-1.7,1
1,8,6,12,1,1,1,13,28,10,4,1,0,0,1,0,0,19,0,0,8,9,7,12.3,0,0,8,9,7,12.3,0,12.7,3.7,-1.7,2
1,1,5,12,1,1,1,13,14,8,9,1,0,0,1,0,1,18,0,0,8,8,7,12.694285714285714,0,0,8,8,7,12.694285714285714,0,10.8,1.4,1.74,2
1,8,1,14,1,1,1,13,14,2,2,0,0,0,1,0,0,18,0,0,5,5,4,11.0,0,0,5,5,4,11.0,0,9.4,-0.8,-3.12,2
1,1,1,10,1,1,1,22,14,10,4,1,0,0,1,0,1,19,0,0,6,6,6,13.0,0,0,6,6,6,14.166666666666666,0,12.4,0.5,1.79,2
1,1,1,12,1,1,1,3,1,3,2,0,0,0,1,0,1,19,0,0,7,8,7,14.4125,0,0,8,8,8,16.05,0,13.9,-0.3,0.79,2
1,1,2,12,1,1,1,1,14,8,8,1,0,0,1,0,0,18,0,0,7,8,7,12.92875,0,0,8,8,8,14.0625,0,15.5,2.8,-4.06,0
1,1,2,15,1,1,1,1,14,10,8,1,0,0,1,0,0,20,0,0,6,6,6,13.333333333333334,0,0,6,10,5,12.8,0,11.1,0.6,2.02,2
1,1,3,11,1,1,1,13,28,4,11,1,0,0,1,0,1,20,0,0,6,8,5,12.8,0,0,6,9,5,12.8,0,12.4,0.5,1.79,1
1,9,1,12,1,1,1,23,27,6,6,1,0,0,1,0,0,20,0,0,8,8,7,14.402857142857142,0,0,8,8,7,14.402857142857142,0,10.8,1.4,1.74,2
1,1,4,12,1,1,1,22,27,10,9,1,0,0,1,0,1,18,0,0,8,8,7,13.381428571428572,0,0,8,8,7,13.381428571428572,0,10.8,1.4,1.74,2
1,1,2,12,1,1,1,13,14,8,6,1,0,0,1,0,0,18,0,0,7,8,7,14.13125,0,0,8,8,8,13.98375,0,15.5,2.8,-4.06,2
1,8,4,6,1,1,1,13,27,5,8,0,0,0,1,0,0,19,0,0,5,11,5,11.714285714285714,2,0,5,6,5,12.6,0,9.4,-0.8,-3.12,2
1,1,3,9,1,1,1,13,28,10,8,1,0,0,1,0,0,19,0,0,5,5,5,11.8,0,0,5,8,4,11.25,0,9.4,-0.8,-3.12,1
2,12,1,3,0,1,1,19,24,13,13,0,0,0,1,0,0,44,0,0,6,9,6,11.166666666666666,0,1,6,15,2,11.0,1,7.6,2.6,0.32,2
1,4,1,4,1,3,1,23,27,6,7,0,0,0,1,0,0,32,0,0,6,7,0,0.0,0,0,6,6,0,0.0,0,12.4,0.5,1.79,0
1,14,1,16,1,1,1,22,14,10,9,0,0,0,1,0,0,22,0,0,6,9,5,13.6,0,0,6,8,5,12.0,0,12.7,3.7,-1.7,0
2,12,1,4,1,1,1,1,14,5,10,1,0,0,1,0,0,36,0,4,12,14,12,13.846153846153848,0,5,12,18,11,14.090909090909092,0,8.9,1.4,3.51,2
1,8,1,15,1,1,1,22,27,6,8,0,0,0,1,0,1,18,0,0,6,7,6,12.5,0,0,6,8,6,13.333333333333334,0,16.2,0.3,-0.92,2
1,1,1,8,1,1,1,3,3,4,3,1,0,0,1,0,0,20,0,0,5,5,5,16.4,0,0,5,5,5,14.6,0,12.7,3.7,-1.7,2
1,16,1,5,1,1,1,13,14,6,8,0,0,0,1,0,1,20,0,5,11,11,11,13.818181818181818,0,5,11,11,11,13.454545454545457,0,11.1,0.6,2.02,2
1,8,1,10,1,1,1,3,1,3,4,0,0,0,1,0,0,19,0,0,6,8,5,10.6,0,0,6,11,4,10.5,0,15.5,2.8,-4.06,2
1,12,1,9,1,12,1,3,1,4,6,1,0,1,1,0,0,24,0,0,5,8,5,10.2,0,0,5,6,5,12.2,0,12.4,0.5,1.79,2
1,8,1,10,1,1,1,1,1,5,10,0,0,0,1,0,0,20,0,0,6,11,5,10.6,0,0,6,11,4,10.4,0,15.5,2.8,-4.06,1
1,14,1,3,0,1,1,3,3,3,4,0,0,0,1,0,0,27,0,7,10,10,9,11.444444444444445,0,4,11,11,5,10.8,0,10.8,1.4,1.74,0
1,1,1,16,1,1,1,1,28,6,11,1,0,0,1,0,0,20,0,0,6,9,5,14.333333333333334,0,4,8,8,8,12.625,0,15.5,2.8,-4.06,1
1,14,6,10,1,1,1,19,24,1,1,0,0,0,1,0,1,23,0,15,16,18,16,13.0,0,11,13,15,13,13.266666666666667,0,9.4,-0.8,-3.12,2
1,1,5,12,1,1,1,13,28,5,9,1,0,0,1,0,1,18,0,0,8,9,8,13.31,1,0,8,9,8,13.31,1,9.4,-0.8,-3.12,2
1,8,1,10,1,1,1,22,27,5,10,1,0,0,1,0,1,18,0,0,6,10,5,10.571428571428571,1,0,6,9,5,12.2,0,12.7,3.7,-1.7,2
1,8,3,12,1,1,1,1,27,10,10,1,0,0,1,0,1,20,0,0,8,8,7,13.487142857142857,0,0,8,8,7,13.487142857142857,0,10.8,1.4,1.74,2
1,1,1,11,1,1,1,13,28,10,8,0,0,0,1,0,1,20,0,0,6,6,6,12.333333333333334,0,0,6,7,6,11.833333333333334,0,13.9,-0.3,0.79,2
1,1,1,14,1,1,1,23,14,8,11,0,0,0,1,0,0,23,0,0,6,11,6,11.875,0,0,6,9,5,12.833333333333334,0,11.1,0.6,2.02,0
1,1,2,12,1,1,1,13,14,10,10,1,0,0,1,0,0,20,0,0,7,7,6,13.966666666666669,0,0,7,7,6,13.966666666666669,0,7.6,2.6,0.32,2
1,12,1,11,1,7,1,19,24,1,1,1,0,0,0,0,0,28,0,0,5,10,0,0.0,0,0,5,10,0,0.0,0,7.6,2.6,0.32,0
1,1,1,14,1,1,1,1,14,4,6,1,0,0,1,0,0,21,0,0,5,8,4,11.5,0,0,5,5,5,12.8,0,7.6,2.6,0.32,2
1,1,2,13,1,1,1,13,14,10,10,1,0,0,1,0,0,21,0,0,2,2,2,12.5,0,0,7,0,0,0.0,0,12.4,0.5,1.79,0
1,4,1,12,1,3,1,19,24,1,1,0,0,0,1,0,0,28,0,0,7,0,0,0.0,0,0,8,0,0,0.0,0,7.6,2.6,0.32,0
1,1,1,12,1,1,1,3,1,4,4,0,1,0,1,0,0,18,0,0,7,10,6,11.98,0,0,8,11,7,13.225,0,16.2,0.3,-0.92,2
1,8,1,10,1,1,1,23,14,29,39,1,0,0,1,0,1,21,0,0,6,8,5,13.2,0,0,6,7,5,11.8,0,8.9,1.4,3.51,1
1,1,1,12,1,1,1,1,1,5,5,0,0,0,1,0,0,19,0,0,7,10,6,11.614285714285714,0,0,8,8,8,14.0375,0,13.9,-0.3,0.79,2
1,9,6,12,1,1,1,1,14,2,2,1,0,0,1,0,1,18,0,0,8,8,7,14.314285714285717,0,0,8,8,7,14.314285714285717,0,12.7,3.7,-1.7,2
1,1,3,12,1,1,1,3,1,3,6,0,0,0,1,0,0,19,0,0,7,0,0,0.0,0,0,8,0,0,0.0,0,7.6,2.6,0.32,0
1,15,1,6,1,14,1,23,28,10,8,0,0,0,1,0,0,20,0,2,6,9,6,12.666666666666666,0,1,6,12,2,13.0,0,13.9,-0.3,0.79,1
1,1,3,12,1,1,1,1,14,10,6,1,0,0,1,0,1,20,0,0,7,9,6,12.766666666666666,0,0,8,10,7,12.128571428571428,0,12.4,0.5,1.79,2
1,8,1,16,1,1,1,1,27,8,10,0,0,0,1,0,1,18,0,0,6,7,6,12.666666666666666,0,0,6,7,5,12.2,0,10.8,1.4,1.74,2
1,14,2,14,1,1,1,23,14,5,4,1,0,0,1,0,0,20,0,4,6,7,6,11.5,0,0,6,10,4,10.571428571428571,0,10.8,1.4,1.74,0
1,12,1,14,1,1,1,1,14,6,5,0,0,0,1,0,0,31,0,2,6,13,5,11.4,0,0,6,14,4,11.75,0,13.9,-0.3,0.79,0
1,8,3,12,1,1,1,22,27,10,8,1,0,0,1,0,1,19,0,0,7,8,7,14.70625,0,0,8,8,8,14.4775,0,15.5,2.8,-4.06,2
1,1,3,12,1,1,1,23,28,6,6,1,0,0,1,0,1,19,0,0,7,9,6,11.814285714285717,0,0,8,8,7,13.542857142857144,0,13.9,-0.3,0.79,2
1,1,1,5,1,1,1,13,1,4,9,0,0,0,1,0,0,23,0,1,6,8,6,13.0,1,0,6,8,6,11.875,0,13.9,-0.3,0.79,2
1,1,1,14,1,1,1,22,27,6,6,0,0,0,1,0,0,19,0,0,6,7,6,14.857142857142858,0,0,6,6,6,13.333333333333334,0,12.4,0.5,1.79,2
1,1,6,12,1,1,1,1,3,4,3,1,0,0,1,0,0,20,0,0,7,7,6,12.6,0,0,7,7,6,12.6,0,7.6,2.6,0.32,2
1,1,1,6,1,1,1,22,27,10,5,1,0,1,1,0,0,22,0,0,6,9,5,13.333333333333334,0,0,6,17,4,11.4,0,12.4,0.5,1.79,1
1,1,1,16,1,1,1,3,1,3,6,1,1,0,1,0,0,18,0,0,7,10,6,10.666666666666666,0,0,7,12,6,12.833333333333334,0,13.9,-0.3,0.79,1
1,4,3,8,1,3,1,13,27,12,6,0,0,1,0,0,0,27,0,1,5,6,2,11.5,0,0,5,5,1,11.0,0,12.7,3.7,-1.7,0
1,12,1,13,1,12,1,22,28,10,10,0,0,0,1,0,0,29,0,0,7,9,1,10.0,0,0,7,0,0,0.0,0,12.7,3.7,-1.7,0
1,8,1,11,1,1,1,1,14,5,4,1,0,0,1,0,0,18,0,0,6,10,5,11.8,0,0,6,10,5,12.2,0,11.1,0.6,2.02,2
1,8,1,5,1,1,1,13,28,10,8,0,0,0,1,0,0,18,0,0,6,7,5,11.8,0,0,6,6,6,12.666666666666666,0,16.2,0.3,-0.92,2
1,8,1,12,1,1,1,23,28,8,8,0,0,0,1,0,0,18,0,0,8,8,8,12.77125,0,0,8,8,8,12.77125,0,9.4,-0.8,-3.12,2
1,8,3,6,1,1,1,22,28,10,10,1,0,0,1,0,0,20,0,0,5,13,3,11.333333333333334,2,0,5,8,5,12.6,0,9.4,-0.8,-3.12,1
1,8,2,11,1,1,1,23,28,10,10,1,0,0,1,0,0,18,0,0,6,6,6,12.666666666666666,0,0,6,7,5,14.6,0,11.1,0.6,2.02,2
1,1,1,5,1,1,1,1,1,5,5,0,0,0,0,0,0,18,0,1,6,10,5,12.2,1,0,6,11,4,10.833333333333334,0,13.9,-0.3,0.79,1
1,4,2,6,1,3,1,3,3,2,2,0,0,0,0,0,0,28,0,0,5,9,1,12.0,1,0,4,10,0,0.0,4,10.8,1.4,1.74,0
1,1,2,12,1,1,1,22,1,8,8,1,0,0,1,0,1,18,0,0,8,12,7,11.721428571428572,0,0,8,12,7,11.721428571428572,0,12.7,3.7,-1.7,2
1,12,1,12,1,12,1,22,28,23,34,0,0,0,1,0,0,27,0,0,7,12,4,14.0,0,0,7,14,3,12.525,0,12.4,0.5,1.79,1
1,12,1,1,1,1,1,3,1,3,5,0,0,0,1,0,0,26,0,0,7,9,7,14.75,0,0,7,12,5,13.8,3,16.2,0.3,-0.92,1
1,1,2,15,1,1,1,13,1,10,4,1,0,0,1,0,0,18,0,0,6,6,6,12.666666666666666,0,0,6,6,6,13.666666666666666,0,12.7,3.7,-1.7,2
1,1,1,8,1,1,1,5,5,3,3,0,0,0,1,0,0,18,0,0,5,12,4,13.0,2,0,5,6,5,14.0,0,9.4,-0.8,-3.12,0
1,1,2,9,1,1,1,1,14,5,7,0,1,0,1,0,0,21,0,0,5,6,0,0.0,0,0,5,5,0,0.0,0,15.5,2.8,-4.06,0
1,1,2,5,1,1,1,4,1,3,4,1,0,0,1,0,0,18,0,0,6,8,4,10.75,0,0,6,9,0,0.0,0,9.4,-0.8,-3.12,1
2,12,1,3,0,1,1,19,24,13,13,0,0,0,0,0,0,32,0,0,5,5,0,0.0,0,0,5,10,0,0.0,0,10.8,1.4,1.74,0
1,12,2,14,1,1,1,19,24,1,1,0,0,0,1,0,0,28,0,0,5,6,4,12.5,0,0,5,7,4,11.75,0,7.6,2.6,0.32,2
1,12,1,17,0,1,1,22,14,10,3,0,0,0,0,0,0,40,0,0,4,4,0,0.0,0,0,5,0,0,0.0,0,12.7,3.7,-1.7,0
2,9,2,3,0,1,1,22,27,10,11,0,0,1,0,0,0,39,0,0,5,5,0,0.0,0,0,4,4,0,0.0,0,9.4,-0.8,-3.12,0
2,9,2,10,1,1,1,22,27,10,11,0,0,1,0,0,0,39,0,0,6,0,0,0.0,0,0,6,0,0,0.0,0,9.4,-0.8,-3.12,0
2,12,1,4,1,1,1,22,14,10,5,0,0,0,1,0,0,50,0,0,6,7,6,12.5,0,0,6,15,5,12.4,0,8.9,1.4,3.51,2
1,8,2,16,1,1,1,1,1,10,5,1,0,0,1,0,0,23,0,0,6,10,5,12.8,0,0,6,9,3,11.666666666666666,0,10.8,1.4,1.74,0
4,12,1,3,0,12,1,19,24,1,1,0,0,0,1,0,0,48,0,0,6,11,1,10.0,0,0,6,11,1,11.0,0,9.4,-0.8,-3.12,0
1,8,2,16,1,1,1,22,27,10,10,1,0,0,1,0,0,23,0,0,6,11,4,11.25,0,0,6,10,5,10.2,0,7.6,2.6,0.32,0
1,1,6,12,1,1,1,22,1,6,6,1,0,0,1,0,1,18,0,0,8,8,7,12.61,0,0,8,8,7,12.61,0,10.8,1.4,1.74,2
1,8,1,8,1,1,1,3,14,3,10,0,0,0,1,0,0,18,0,0,5,14,2,12.0,2,0,5,6,5,12.6,0,9.4,-0.8,-3.12,2
1,6,1,10,1,1,12,3,27,3,9,1,0,0,0,0,0,20,1,0,6,9,5,13.0,0,0,6,7,6,13.5,0,13.9,-0.3,0.79,2
1,9,3,6,1,1,18,1,1,10,10,1,0,0,1,0,1,18,1,0,5,9,4,12.0,0,0,5,8,5,13.0,0,10.8,1.4,1.74,2
1,1,1,13,1,1,18,5,3,2,2,1,0,0,1,0,0,18,1,0,7,8,4,12.0,0,0,8,8,0,0.0,0,16.2,0.3,-0.92,0
1,14,1,7,1,1,1,1,1,10,4,0,0,0,1,1,0,31,0,0,5,12,1,12.0,0,0,5,9,1,11.0,4,16.2,0.3,-0.92,0
1,12,1,7,1,12,1,13,14,6,4,1,0,0,1,1,0,24,0,0,5,9,1,12.0,0,0,5,6,3,10.5,0,10.8,1.4,1.74,1
1,12,1,2,1,1,1,3,1,3,11,1,0,0,1,1,0,24,0,0,0,0,0,0.0,0,0,0,0,0,0.0,0,9.4,-0.8,-3.12,2
1,12,1,9,1,1,1,22,27,10,10,0,0,1,0,1,0,26,0,0,5,5,0,0.0,0,0,5,9,0,0.0,0,10.8,1.4,1.74,0
1,1,1,8,1,1,1,3,3,3,3,1,0,1,1,1,0,18,0,0,6,11,5,13.625,0,0,6,9,4,11.75,0,16.2,0.3,-0.92,0
1,8,1,9,1,1,1,22,27,5,8,0,0,0,1,1,1,19,0,0,5,12,3,11.666666666666666,0,0,5,10,3,11.666666666666666,0,12.7,3.7,-1.7,1
1,8,1,14,1,1,1,13,27,10,9,1,0,0,1,1,0,22,0,0,6,0,0,0.0,0,0,6,0,0,0.0,0,13.9,-0.3,0.79,0
1,1,2,12,1,1,1,4,2,3,4,1,0,0,1,1,0,18,0,0,8,8,7,11.69,0,0,8,8,7,11.69,0,10.8,1.4,1.74,2
1,15,1,5,1,14,1,1,14,5,8,0,0,1,0,1,0,20,0,0,6,11,0,0.0,6,0,6,12,0,0.0,12,16.2,0.3,-0.92,0
1,15,1,2,1,14,1,4,4,3,3,0,0,0,1,1,0,25,0,0,0,0,0,0.0,0,0,0,0,0,0.0,0,15.5,2.8,-4.06,2
1,14,1,17,0,1,1,3,3,5,5,1,0,0,1,1,0,24,0,0,5,10,4,11.5,0,0,5,11,5,11.285714285714286,0,13.9,-0.3,0.79,2
1,12,1,7,1,1,1,3,3,5,5,1,0,0,1,1,0,27,0,0,5,10,1,14.0,0,0,5,0,0,0.0,0,8.9,1.4,3.51,0
1,8,1,11,1,1,1,3,14,5,5,0,0,0,1,1,0,21,0,0,6,7,5,11.0,0,0,6,7,5,12.4,0,15.5,2.8,-4.06,2
1,15,1,4,1,14,1,13,28,4,10,1,0,0,1,1,0,21,0,0,6,7,6,12.857142857142858,0,0,6,6,6,13.166666666666666,0,12.4,0.5,1.79,2
1,9,3,15,1,1,1,13,1,10,10,1,0,0,1,1,0,19,0,0,6,9,4,12.5,0,0,6,6,6,11.333333333333334,0,10.8,1.4,1.74,0
1,12,1,12,1,1,1,13,14,6,6,0,0,0,1,1,0,28,0,0,7,7,7,14.528571428571428,0,0,8,11,8,15.018181818181818,0,16.2,0.3,-0.92,2
1,1,1,9,1,1,1,13,14,6,8,0,0,0,1,1,0,20,0,0,5,8,5,10.0,0,0,5,10,2,12.0,0,7.6,2.6,0.32,1
1,15,1,4,1,14,1,1,14,5,11,0,0,0,1,1,1,21,0,0,6,8,6,13.0,0,0,6,10,6,12.625,0,15.5,2.8,-4.06,2
1,1,1,12,1,1,1,1,1,6,4,0,0,0,1,1,1,18,0,0,7,7,7,15.957142857142856,0,0,8,9,8,15.188888888888888,0,16.2,0.3,-0.92,2
1,8,2,7,1,1,1,13,1,10,11,1,0,0,1,1,1,18,0,0,5,6,5,13.2,0,0,5,8,5,12.6,0,8.9,1.4,3.51,1
1,1,2,9,1,1,1,13,1,6,11,0,0,0,1,1,0,20,0,0,5,9,4,10.2,0,0,5,6,3,11.0,0,15.5,2.8,-4.06,1
1,12,1,7,1,15,1,1,1,6,11,0,0,0,1,1,0,25,0,2,5,6,5,14.2,0,1,5,5,2,13.5,0,16.2,0.3,-0.92,1
1,1,1,14,1,1,1,23,14,6,7,0,0,1,1,1,0,22,0,0,6,8,6,12.625,0,0,6,11,2,14.5,0,11.1,0.6,2.02,1
1,1,1,12,1,1,1,22,27,10,10,0,0,0,1,1,0,18,0,0,8,11,6,13.496666666666668,1,0,8,11,6,13.496666666666668,1,9.4,-0.8,-3.12,1
1,8,2,9,1,1,1,13,28,10,8,1,0,0,1,1,0,19,0,0,5,8,5,13.25,0,0,5,8,5,11.0,0,13.9,-0.3,0.79,2
1,1,5,7,1,1,1,10,14,5,6,1,0,0,1,1,0,19,0,0,5,12,3,12.0,0,0,5,10,3,12.0,0,12.4,0.5,1.79,0
1,12,1,15,1,12,1,13,1,8,10,1,0,1,0,1,0,25,0,0,6,10,4,13.0,0,0,6,9,4,13.75,0,12.7,3.7,-1.7,0
1,14,1,5,1,1,1,10,10,2,11,0,0,1,1,1,0,21,0,5,11,12,9,11.77777777777778,0,3,8,11,3,13.666666666666666,0,15.5,2.8,-4.06,0
1,8,3,7,1,1,1,1,2,4,3,1,0,0,1,1,0,19,0,0,5,10,2,11.0,0,0,6,10,0,0.0,0,11.1,0.6,2.02,0
1,8,2,9,1,1,1,1,1,5,5,0,0,0,1,1,0,20,0,0,5,14,0,0.0,0,0,5,5,0,0.0,0,11.1,0.6,2.02,0
1,15,1,4,1,14,1,3,2,3,3,0,0,0,1,1,0,25,0,9,14,16,14,12.428571428571429,0,3,9,13,6,10.857142857142858,0,15.5,2.8,-4.06,0
1,8,1,9,1,1,1,13,1,8,5,1,0,0,1,1,0,20,0,0,5,8,3,11.0,0,0,5,11,3,12.0,0,10.8,1.4,1.74,1
1,1,1,2,1,1,1,22,27,10,10,1,0,0,1,1,0,18,0,0,0,0,0,0.0,0,0,0,0,0,0.0,0,7.6,2.6,0.32,2
1,15,1,11,1,14,1,24,29,32,44,1,0,1,1,1,0,23,0,0,6,12,3,11.5,0,0,6,12,3,10.666666666666666,0,8.9,1.4,3.51,1
1,13,1,12,1,1,1,1,3,10,11,1,0,0,1,1,0,23,0,0,8,8,8,12.5075,0,0,8,8,8,12.5075,0,9.4,-0.8,-3.12,2
1,17,1,4,1,16,1,3,28,20,30,0,0,0,1,1,0,21,0,7,12,18,11,12.090909090909092,0,5,12,14,11,12.0,0,8.9,1.4,3.51,2
1,1,1,8,1,1,1,1,1,4,4,1,0,0,1,1,0,20,0,0,5,14,2,11.0,3,0,5,9,3,12.666666666666666,0,9.4,-0.8,-3.12,1
1,12,1,17,0,1,1,1,1,5,11,0,0,0,1,1,0,25,0,0,5,13,1,10.0,0,0,5,8,2,11.333333333333334,0,12.4,0.5,1.79,0
1,1,1,8,1,1,1,13,28,10,10,1,0,0,1,1,0,18,0,0,6,6,6,13.5,0,0,6,9,5,13.2,0,8.9,1.4,3.51,2
1,1,6,5,1,6,1,1,1,10,10,1,0,0,1,1,0,22,0,0,6,6,6,14.166666666666666,0,0,6,8,6,13.625,0,10.8,1.4,1.74,2
1,12,1,14,1,1,1,13,14,4,10,0,0,0,1,1,0,27,0,0,6,7,6,14.0,0,0,6,7,6,14.714285714285714,0,8.9,1.4,3.51,2
1,12,1,4,1,12,1,4,1,3,5,0,0,0,1,1,0,25,0,0,3,4,0,0.0,0,0,3,5,0,0.0,0,16.2,0.3,-0.92,0
1,8,4,7,1,1,1,19,26,1,6,1,0,0,1,1,0,18,0,0,5,9,3,11.666666666666666,0,0,5,10,3,11.333333333333334,4,7.6,2.6,0.32,0
1,8,1,6,1,1,1,23,14,9,9,0,0,0,1,1,0,20,0,0,5,7,5,14.6,1,0,5,5,5,14.2,0,12.7,3.7,-1.7,2
1,12,1,4,1,1,1,3,4,3,3,0,0,0,1,1,0,27,0,0,6,10,5,13.0,0,0,6,13,5,11.5,0,16.2,0.3,-0.92,2
1,1,1,3,0,1,1,1,1,10,10,0,0,0,1,1,0,20,0,0,6,7,6,12.166666666666666,0,0,6,9,6,12.0,0,7.6,2.6,0.32,2
1,1,1,9,1,1,1,23,27,10,10,1,0,0,1,1,0,22,0,0,5,9,0,0.0,0,0,5,5,1,12.0,0,7.6,2.6,0.32,0
1,8,6,7,1,1,1,13,3,6,11,1,0,0,1,1,0,19,0,0,5,10,3,10.5,0,0,5,11,3,10.8,0,12.4,0.5,1.79,0
1,1,6,9,1,1,1,3,14,5,6,0,0,0,1,1,0,20,0,0,5,14,3,12.4,0,0,5,8,5,10.833333333333334,0,13.9,-0.3,0.79,1
1,14,4,2,1,1,1,13,10,10,11,0,0,0,1,1,0,19,0,0,0,0,0,0.0,0,0,0,0,0,0.0,0,9.4,-0.8,-3.12,2
2,12,1,6,1,7,1,1,1,5,5,1,0,0,0,1,0,29,0,0,5,12,0,0.0,4,0,5,8,0,0.0,1,9.4,-0.8,-3.12,0
1,1,2,12,1,1,1,3,1,10,10,0,0,0,1,1,0,19,0,0,8,8,7,13.828571428571427,0,0,8,8,7,13.828571428571427,0,12.7,3.7,-1.7,2
1,12,2,17,0,1,1,13,27,10,9,1,0,0,1,0,1,28,0,0,5,7,5,10.6,0,0,5,6,5,10.2,0,9.4,-0.8,-3.12,1
2,1,1,10,1,1,1,22,27,6,6,0,0,0,1,0,0,20,0,0,6,7,6,11.5,0,0,6,6,6,11.666666666666666,0,7.6,2.6,0.32,2
1,1,4,5,1,1,1,22,27,10,9,1,0,0,1,0,0,20,0,0,6,6,4,13.5,0,0,6,8,6,13.625,0,10.8,1.4,1.74,2
1,12,1,3,0,1,1,19,5,1,2,1,0,0,1,0,0,31,0,0,6,12,0,0.0,0,0,6,0,0,0.0,0,7.6,2.6,0.32,0
1,8,5,12,1,1,1,10,1,6,6,1,0,0,1,0,0,18,0,0,7,8,7,12.5375,0,0,8,9,7,12.614285714285714,0,13.9,-0.3,0.79,2
1,8,1,14,1,1,1,1,14,9,8,1,0,0,1,0,0,19,0,0,6,6,6,14.833333333333334,0,0,6,8,6,13.285714285714286,0,8.9,1.4,3.51,1
1,1,1,9,1,1,1,22,28,10,9,1,0,0,1,0,0,18,0,0,5,10,4,12.0,0,0,5,9,4,12.8,0,13.9,-0.3,0.79,2
1,8,1,11,1,1,1,22,27,8,8,0,0,0,1,0,0,19,0,0,6,8,5,11.8,0,0,6,8,5,11.6,0,10.8,1.4,1.74,2
1,1,1,9,1,1,1,1,14,4,4,0,0,0,1,0,1,18,0,0,5,5,5,15.0,0,0,5,5,5,15.2,0,12.7,3.7,-1.7,2
1,8,1,6,1,1,1,23,14,12,12,0,0,0,1,0,0,19,0,0,5,7,3,12.0,0,0,5,7,5,13.2,0,7.6,2.6,0.32,2
1,8,1,15,1,1,1,23,28,10,9,1,0,0,1,0,1,18,0,0,6,6,6,12.833333333333334,0,0,6,7,6,12.285714285714286,0,15.5,2.8,-4.06,2
1,1,3,11,1,1,1,22,27,10,4,1,0,0,1,0,0,19,0,0,6,12,6,11.666666666666666,0,0,6,14,3,12.0,0,7.6,2.6,0.32,2
1,1,4,13,1,1,1,22,1,6,5,0,0,0,1,0,0,19,0,0,7,9,7,12.1625,0,0,8,8,8,13.825,0,13.9,-0.3,0.79,2
1,1,2,14,1,1,1,13,1,10,4,1,0,0,1,0,0,18,0,0,6,6,6,13.833333333333334,0,0,6,11,6,14.555555555555555,0,10.8,1.4,1.74,2
1,1,1,12,1,1,1,3,14,3,9,0,0,0,1,0,0,19,0,0,7,12,4,12.45,0,0,7,11,5,11.7,0,16.2,0.3,-0.92,1
1,15,1,14,1,14,1,22,1,10,5,0,0,0,1,0,1,20,0,2,6,9,6,12.125,0,2,6,7,6,13.571428571428571,0,11.1,0.6,2.02,2
1,8,1,14,1,1,1,1,14,5,9,1,0,0,1,0,0,20,0,0,6,8,5,13.4,0,0,6,10,4,13.0,0,12.7,3.7,-1.7,1
1,8,1,4,1,1,1,22,27,5,7,0,0,1,1,0,0,20,0,0,6,8,6,13.333333333333334,0,0,6,8,5,14.0,0,11.1,0.6,2.02,1
1,12,1,17,0,3,1,22,27,10,10,0,0,0,1,0,0,29,0,10,15,15,11,11.454545454545457,0,9,13,16,11,11.545454545454543,0,10.8,1.4,1.74,0
1,8,1,16,1,1,1,23,10,8,1,0,0,0,0,0,1,20,0,0,6,10,4,12.0,0,0,6,14,3,10.0,0,7.6,2.6,0.32,0
4,12,1,16,1,1,1,22,1,10,11,0,0,1,0,0,0,31,0,0,7,8,6,12.666666666666666,0,0,7,9,5,12.6,0,8.9,1.4,3.51,0
1,8,1,14,1,1,1,13,27,8,5,0,1,0,1,0,0,20,0,0,6,7,6,12.666666666666666,0,0,6,9,6,13.77777777777778,0,10.8,1.4,1.74,2
1,8,1,4,1,1,1,23,27,10,10,1,0,0,1,0,0,21,0,12,18,22,18,11.88888888888889,1,11,13,13,13,11.461538461538462,0,15.5,2.8,-4.06,2
1,4,1,8,1,3,1,13,28,10,10,1,0,0,1,0,0,23,0,0,6,0,0,0.0,0,0,6,0,0,0.0,0,12.4,0.5,1.79,0
1,8,5,5,1,1,1,13,28,6,8,0,0,1,0,0,0,21,0,0,6,6,4,13.0,0,0,6,8,4,11.6,0,10.8,1.4,1.74,0
1,4,1,12,1,15,1,1,1,10,5,0,0,0,1,0,0,24,0,4,7,7,7,16.885714285714283,0,3,8,9,8,15.744444444444444,0,16.2,0.3,-0.92,2
1,12,1,3,0,1,1,1,1,5,5,0,0,0,1,0,0,27,0,0,6,6,6,12.5,0,1,6,6,6,12.333333333333334,0,15.5,2.8,-4.06,2
1,1,1,12,1,1,1,1,27,4,9,0,0,0,1,0,1,18,0,0,7,9,7,13.055555555555555,0,0,8,8,8,15.8125,0,13.9,-0.3,0.79,2
1,1,3,2,1,1,1,7,1,7,7,1,0,0,0,0,0,21,0,0,0,0,0,0.0,0,0,0,0,0,0.0,0,9.4,-0.8,-3.12,0
1,8,1,8,1,1,1,13,3,4,3,1,0,1,1,0,1,19,0,0,5,7,0,0.0,0,0,5,5,0,0.0,0,7.6,2.6,0.32,0
1,1,6,12,1,1,1,23,14,8,8,1,0,0,1,0,1,19,0,0,8,8,7,12.355714285714283,0,0,8,8,7,12.355714285714283,0,10.8,1.4,1.74,2
1,8,1,6,1,1,1,13,28,32,44,0,0,0,1,0,0,18,0,0,6,0,0,0.0,0,0,6,0,0,0.0,0,12.4,0.5,1.79,0
1,14,3,12,1,1,1,23,27,7,6,1,0,0,1,0,1,18,0,0,7,8,5,11.98,0,0,7,8,5,11.98,0,7.6,2.6,0.32,1
1,1,2,16,1,1,1,22,27,29,41,1,0,1,1,0,1,20,0,0,7,7,7,13.857142857142858,0,0,7,8,7,12.571428571428571,0,8.9,1.4,3.51,2
2,1,1,3,0,1,1,1,27,5,8,1,0,0,1,0,0,24,0,0,6,9,5,13.0,0,0,6,6,6,14.166666666666666,0,9.4,-0.8,-3.12,2
1,1,1,5,1,1,1,1,1,2,2,1,0,0,1,0,0,20,0,0,6,6,6,12.833333333333334,0,0,6,10,6,11.166666666666666,0,12.4,0.5,1.79,2
1,8,3,9,1,1,1,1,14,6,8,0,0,0,1,0,0,20,0,0,5,11,4,11.0,0,0,5,7,5,13.2,0,12.4,0.5,1.79,1
1,1,1,12,1,1,1,13,27,10,10,1,0,0,1,0,1,19,0,0,8,8,7,12.357142857142858,0,0,8,8,7,12.357142857142858,0,12.7,3.7,-1.7,2
1,1,6,12,1,1,1,1,27,10,10,1,0,0,1,0,1,18,0,0,8,8,7,13.857142857142858,0,0,8,8,7,13.857142857142858,0,12.7,3.7,-1.7,2
1,8,2,10,1,3,1,22,27,8,9,1,0,0,1,0,1,20,0,0,6,6,6,12.333333333333334,0,0,6,6,6,10.666666666666666,0,9.4,-0.8,-3.12,2
1,8,1,12,1,1,1,22,27,10,9,1,0,0,1,0,0,20,0,0,7,8,7,12.847142857142858,0,0,8,10,8,13.788888888888888,0,16.2,0.3,-0.92,2
1,8,2,12,1,1,1,13,27,5,8,1,0,0,1,0,1,19,0,0,7,9,6,12.339999999999998,0,0,8,9,8,13.01875,0,11.1,0.6,2.02,2
1,15,1,6,1,14,1,3,1,3,4,1,0,0,1,0,0,19,0,0,6,10,5,12.666666666666666,0,0,6,19,4,11.75,0,12.4,0.5,1.79,1
1,1,1,15,1,1,1,3,14,5,6,1,0,0,1,0,0,20,0,0,6,6,6,13.833333333333334,0,0,6,6,6,12.5,0,12.7,3.7,-1.7,2
1,8,2,9,1,1,1,1,28,5,4,1,0,0,1,0,0,19,0,0,5,15,2,10.75,0,0,5,11,2,10.0,0,13.9,-0.3,0.79,0
1,8,5,16,1,1,1,23,28,10,8,1,0,0,1,0,0,19,0,0,6,11,4,13.25,0,0,6,10,4,10.25,0,9.4,-0.8,-3.12,0
1,8,1,12,1,1,1,23,27,8,6,1,0,0,1,0,1,18,0,0,8,8,8,13.73125,0,0,8,8,8,13.73125,0,9.4,-0.8,-3.12,2
1,8,4,5,1,1,1,23,27,10,10,0,0,0,1,0,1,23,0,0,6,6,6,13.333333333333334,0,0,6,8,3,12.666666666666666,0,11.1,0.6,2.02,0
1,1,1,16,1,1,1,13,14,10,9,1,0,0,1,0,0,21,0,0,6,8,5,12.0,0,0,6,9,5,10.8,0,12.7,3.7,-1.7,0
1,15,1,3,0,14,1,22,28,7,7,1,0,0,1,0,0,23,0,5,9,10,9,10.88888888888889,0,3,8,10,6,11.333333333333334,0,11.1,0.6,2.02,2
1,1,3,12,1,1,1,13,27,10,8,1,0,0,1,0,0,19,0,0,7,8,7,13.025,0,0,8,9,8,13.811111111111112,0,13.9,-0.3,0.79,2
1,8,2,15,1,1,1,1,28,6,7,1,0,0,1,0,0,18,0,0,6,6,6,13.0,0,0,6,6,6,14.166666666666666,0,12.4,0.5,1.79,2
1,1,1,15,1,1,1,13,27,10,10,1,1,0,1,0,0,19,0,0,6,10,5,11.8,0,0,6,10,5,12.0,0,10.8,1.4,1.74,2
1,12,1,12,1,1,1,13,27,10,10,0,0,0,1,0,1,25,0,0,8,8,7,12.042857142857144,0,0,8,8,7,12.042857142857144,0,12.7,3.7,-1.7,2
1,1,2,16,1,1,1,1,28,5,10,1,0,0,1,0,0,19,0,0,6,9,5,12.2,0,0,6,10,4,13.0,0,9.4,-0.8,-3.12,1
1,1,1,12,1,1,1,1,14,6,8,0,0,0,1,0,1,19,0,0,7,8,7,12.8375,0,0,8,8,8,15.5,0,13.9,-0.3,0.79,2
1,12,1,13,1,1,1,23,28,29,44,0,0,1,1,0,1,24,0,0,7,13,7,11.0,0,0,8,13,7,11.7,0,12.7,3.7,-1.7,2
1,1,1,14,1,1,1,22,27,10,8,1,0,0,1,0,1,18,0,0,6,7,6,13.5,0,0,6,9,5,14.0,0,8.9,1.4,3.51,2
1,8,5,10,1,1,1,22,27,8,6,1,0,0,1,0,1,19,0,0,6,8,6,12.125,0,0,6,7,6,12.714285714285714,0,16.2,0.3,-0.92,2
1,1,5,12,1,1,1,22,27,10,10,0,0,0,1,0,1,18,0,0,8,12,7,12.62857142857143,0,0,8,12,7,12.62857142857143,0,12.7,3.7,-1.7,2
1,12,1,17,0,1,1,23,1,10,5,0,0,0,1,0,0,27,0,0,5,9,3,10.666666666666666,0,0,5,7,4,11.4,0,10.8,1.4,1.74,1
1,8,3,10,1,1,1,1,1,5,6,0,0,0,1,0,0,19,0,0,6,11,5,11.2,0,0,6,13,5,11.6,0,15.5,2.8,-4.06,2
1,9,1,15,1,1,1,1,1,4,4,0,0,0,1,0,1,18,0,0,6,6,6,12.666666666666666,0,0,6,6,6,11.833333333333334,0,12.7,3.7,-1.7,0
2,12,1,14,1,1,1,22,27,10,1,0,0,1,0,0,0,34,0,0,6,7,4,13.5,0,0,6,6,0,0.0,6,12.7,3.7,-1.7,0
1,1,6,9,1,1,1,22,27,10,10,0,0,0,1,0,0,18,0,0,5,9,3,11.666666666666666,0,0,5,15,2,11.0,0,7.6,2.6,0.32,1
1,1,1,9,1,1,1,22,28,5,10,1,0,0,1,0,0,18,0,0,5,8,2,10.5,0,0,5,7,3,12.333333333333334,0,7.6,2.6,0.32,1
1,1,3,12,1,1,1,22,28,8,8,1,0,0,1,0,0,18,0,0,8,8,8,14.26875,0,0,8,8,8,14.26875,0,9.4,-0.8,-3.12,1
1,1,2,15,1,1,1,23,28,8,8,1,0,1,0,0,0,20,0,0,6,0,0,0.0,0,0,6,0,0,0.0,0,8.9,1.4,3.51,0
1,1,1,9,1,1,1,13,27,10,10,1,0,0,1,0,1,19,0,0,5,8,2,10.5,0,0,5,11,3,13.333333333333334,0,7.6,2.6,0.32,1
1,1,1,10,1,1,1,22,1,4,6,0,0,0,1,0,0,21,0,0,6,11,5,11.2,0,0,6,15,1,10.0,0,7.6,2.6,0.32,1
2,12,1,17,0,3,1,13,14,10,8,0,0,0,1,0,0,26,0,0,5,5,5,12.0,0,0,5,6,5,14.833333333333334,0,10.8,1.4,1.74,2
1,14,2,13,1,1,1,1,14,5,4,0,0,0,1,0,0,27,0,0,7,9,7,12.228571428571428,0,1,8,10,8,13.2125,0,10.8,1.4,1.74,2
1,1,1,14,1,1,1,1,28,6,2,1,0,0,1,0,0,20,0,0,5,6,4,11.5,0,0,5,5,4,10.75,0,9.4,-0.8,-3.12,2
1,8,1,10,1,1,1,13,1,6,1,1,0,0,1,0,0,18,0,0,6,8,6,15.375,0,0,6,7,6,16.428571428571427,0,16.2,0.3,-0.92,2
1,17,1,6,1,16,1,1,1,6,6,1,0,0,0,0,0,23,0,7,12,19,9,13.666666666666666,0,4,9,15,6,13.5,0,8.9,1.4,3.51,1
1,12,1,12,1,12,1,1,5,5,4,0,0,0,1,0,0,24,0,0,8,11,7,12.614285714285714,0,0,8,11,7,12.614285714285714,0,12.7,3.7,-1.7,2
1,15,1,10,1,14,1,23,28,7,10,1,0,0,1,0,1,19,0,3,6,7,5,12.2,0,2,6,6,6,11.5,0,13.9,-0.3,0.79,2
1,1,1,15,1,1,1,13,28,4,6,0,0,0,1,0,0,19,0,0,6,13,4,11.75,0,0,6,10,4,11.0,0,10.8,1.4,1.74,2
1,1,4,10,1,1,1,13,28,10,7,1,0,1,1,0,1,19,0,0,6,9,5,11.4,0,0,6,9,3,10.0,0,8.9,1.4,3.51,1
1,1,1,10,1,1,1,22,14,6,11,0,0,1,1,0,0,18,0,0,6,10,5,10.6,0,0,6,14,2,10.0,0,7.6,2.6,0.32,1
1,16,1,3,0,1,1,1,28,6,8,0,0,0,1,0,0,22,0,14,16,16,13,10.923076923076923,0,13,13,13,11,11.454545454545457,0,16.2,0.3,-0.92,2
1,14,1,5,1,1,1,1,14,6,11,0,0,0,1,0,0,20,0,0,6,6,5,12.4,0,0,6,9,5,12.4,0,12.7,3.7,-1.7,2
1,12,1,4,1,1,1,13,14,10,10,0,0,0,1,0,0,25,0,0,6,6,0,0.0,0,0,6,6,0,0.0,0,11.1,0.6,2.02,0
1,15,1,4,1,14,1,1,3,5,3,0,0,0,1,0,0,21,0,0,6,6,6,15.833333333333334,0,0,6,8,6,15.5,0,15.5,2.8,-4.06,2
1,1,1,12,1,1,1,13,14,32,44,1,0,0,1,0,0,19,0,0,7,12,5,11.8,0,0,7,9,6,11.708333333333334,0,11.1,0.6,2.02,1
1,8,4,15,1,1,1,1,14,5,2,1,0,0,1,0,0,18,0,0,6,7,6,12.571428571428571,0,0,6,6,6,13.666666666666666,0,13.9,-0.3,0.79,2
1,1,3,14,1,1,1,22,27,1,1,1,0,0,1,0,0,18,0,0,5,7,3,12.0,0,0,5,7,4,13.25,1,7.6,2.6,0.32,2
1,8,3,12,1,1,1,3,3,10,8,1,0,0,1,1,0,19,0,0,7,8,7,13.3625,0,0,8,9,8,14.444444444444445,0,13.9,-0.3,0.79,2
1,1,1,6,1,1,5,3,3,7,7,1,0,0,1,0,1,19,1,0,5,6,5,15.4,0,0,5,5,5,16.0,0,10.8,1.4,1.74,2
1,8,2,15,1,1,1,22,28,6,6,1,0,1,0,0,0,18,0,0,6,9,5,12.2,0,0,6,9,4,11.75,0,10.8,1.4,1.74,0
1,16,1,10,1,14,1,23,28,6,8,1,0,0,1,0,1,20,0,6,11,11,11,12.818181818181818,0,6,11,11,11,13.545454545454543,0,12.4,0.5,1.79,2
1,8,5,12,1,1,1,1,14,5,9,1,0,0,1,0,0,19,0,0,7,0,0,0.0,0,0,8,0,0,0.0,0,12.4,0.5,1.79,0
1,13,1,12,1,1,1,13,27,6,8,1,0,0,1,0,0,28,0,12,17,21,17,13.394736842105264,0,11,17,19,17,13.554736842105264,0,16.2,0.3,-0.92,2
1,1,1,10,1,1,1,22,1,10,10,1,0,0,1,0,1,20,0,0,6,8,6,14.25,0,0,6,8,6,11.0,0,12.7,3.7,-1.7,2
1,13,1,3,0,1,1,22,28,12,8,1,0,0,1,0,0,30,0,9,11,19,9,13.444444444444445,1,5,7,7,7,14.714285714285714,0,7.6,2.6,0.32,0
1,1,4,12,1,1,1,1,14,10,8,1,0,0,1,0,1,19,0,0,7,8,7,12.285714285714286,0,0,8,10,8,11.7375,0,12.4,0.5,1.79,2
1,1,2,5,1,1,1,13,14,4,4,1,0,0,1,0,0,22,0,0,6,7,6,11.666666666666666,0,0,6,7,5,13.2,0,12.7,3.7,-1.7,2
1,1,1,11,1,1,1,23,28,6,9,1,0,0,1,0,0,18,0,0,6,8,6,12.166666666666666,0,0,6,6,6,13.5,0,11.1,0.6,2.02,2
1,8,1,16,1,1,1,22,27,10,10,1,0,0,1,0,0,23,0,0,6,11,2,10.0,0,0,6,15,2,11.0,0,7.6,2.6,0.32,0
1,8,4,5,1,1,1,1,14,6,8,1,0,0,1,0,0,18,0,0,6,6,6,14.0,0,0,6,6,6,15.0,0,11.1,0.6,2.02,2
1,1,1,16,1,1,1,22,14,8,8,1,0,0,1,0,0,18,0,0,6,9,5,11.833333333333334,0,0,6,6,4,12.0,0,15.5,2.8,-4.06,1
2,12,1,15,1,12,1,22,27,1,1,0,0,1,0,1,0,50,0,0,6,7,1,15.0,0,0,5,12,0,0.0,0,10.8,1.4,1.74,0
1,1,1,2,1,1,14,3,3,3,6,1,0,0,1,0,1,19,1,0,0,0,0,0.0,0,0,0,0,0,0.0,0,13.9,-0.3,0.79,2
1,8,2,11,1,1,14,13,28,10,10,1,0,0,1,0,0,22,1,0,6,7,6,10.833333333333334,0,0,6,6,6,10.666666666666666,0,13.9,-0.3,0.79,2
1,15,1,10,1,14,14,1,1,5,7,0,0,1,1,0,1,23,1,3,6,7,6,13.142857142857142,0,2,6,6,6,14.0,0,12.4,0.5,1.79,2
1,9,4,6,1,1,1,1,1,5,6,0,0,1,0,0,1,20,0,2,5,8,5,14.4,1,0,5,6,5,14.0,0,12.7,3.7,-1.7,0
4,12,1,10,1,12,1,22,27,10,11,0,0,0,0,0,0,44,0,0,6,0,0,0.0,0,0,6,0,0,0.0,0,13.9,-0.3,0.79,0
4,12,1,4,1,12,1,22,27,10,10,0,0,0,1,1,0,49,0,6,12,17,7,12.0,0,3,12,19,9,11.22222222222222,0,15.5,2.8,-4.06,2
2,14,1,17,0,1,1,22,27,10,10,0,0,0,1,1,0,46,0,6,10,13,9,12.2,0,4,10,12,10,12.8,0,7.6,2.6,0.32,2
1,12,1,6,1,14,1,22,27,2,10,1,0,0,0,1,0,41,0,3,3,3,3,12.333333333333334,0,2,2,2,2,11.0,0,12.4,0.5,1.79,0
1,8,3,12,1,1,1,23,14,10,9,1,0,0,1,1,0,18,0,0,7,8,7,11.8375,0,0,8,9,8,12.48125,0,13.9,-0.3,0.79,2
3,12,1,17,0,1,1,22,1,10,3,0,0,0,1,1,0,43,0,0,5,5,5,11.8,0,0,5,6,5,14.0,0,9.4,-0.8,-3.12,2
4,12,2,9,1,12,1,22,27,10,8,0,0,1,0,1,0,70,0,0,5,5,0,0.0,0,0,5,9,0,0.0,0,10.8,1.4,1.74,0
4,12,1,8,1,12,1,22,28,10,5,0,0,0,1,1,0,48,0,0,6,0,0,0.0,0,0,6,0,0,0.0,0,15.5,2.8,-4.06,0
2,14,1,4,1,1,1,22,27,10,8,0,0,0,1,1,0,41,0,18,19,19,19,12.68421052631579,0,12,13,13,13,12.384615384615383,0,15.5,2.8,-4.06,2
1,1,1,11,1,1,1,13,14,10,4,0,0,0,1,1,0,21,0,0,6,8,6,12.571428571428571,0,0,6,10,4,13.0,0,12.7,3.7,-1.7,1
1,12,1,1,1,1,14,23,27,10,9,0,0,1,0,1,0,35,1,0,7,18,3,11.25,0,0,7,7,0,0.0,0,16.2,0.3,-0.92,0
2,12,1,8,1,12,1,2,1,3,10,1,0,0,1,1,0,44,0,1,5,13,4,14.0,3,1,5,9,4,15.5,2,10.8,1.4,1.74,2
1,1,1,9,1,1,1,3,1,6,6,1,0,1,1,1,0,18,0,0,5,15,4,13.333333333333334,0,0,5,6,2,13.5,0,13.9,-0.3,0.79,0
2,1,1,3,0,1,1,22,27,1,1,1,0,0,1,1,0,45,0,0,6,7,6,13.666666666666666,0,0,6,6,6,13.666666666666666,0,7.6,2.6,0.32,2
1,1,1,11,1,1,1,3,1,3,2,0,0,0,1,1,0,20,0,0,6,12,3,10.0,0,0,6,9,5,10.8,0,15.5,2.8,-4.06,1
1,15,1,4,1,14,1,1,28,10,2,1,0,0,1,1,0,22,0,0,6,12,5,12.6,0,0,6,11,6,11.714285714285714,0,12.4,0.5,1.79,2
1,14,1,7,1,1,1,22,28,6,8,0,0,0,1,1,0,39,0,0,5,10,3,17.333333333333332,0,0,5,11,1,17.0,0,13.9,-0.3,0.79,0
1,15,1,6,1,14,1,2,2,7,7,0,0,0,0,1,0,20,0,2,6,10,5,13.2,0,1,6,21,3,12.0,0,12.4,0.5,1.79,1
2,12,1,9,1,12,1,22,14,10,4,0,0,0,1,1,0,49,0,0,5,9,3,14.0,0,0,5,8,3,13.666666666666666,0,8.9,1.4,3.51,0
1,4,1,13,1,4,1,5,5,3,3,1,0,0,1,1,0,43,0,4,4,4,4,13.875,0,1,1,1,1,12.5,0,11.1,0.6,2.02,0
2,12,1,17,0,1,1,22,27,10,10,1,0,0,1,1,0,32,0,0,5,5,0,0.0,0,0,5,5,0,0.0,0,7.6,2.6,0.32,0
1,12,1,10,1,9,1,22,27,10,10,0,0,0,1,1,0,47,0,3,9,9,9,13.11111111111111,0,3,7,7,7,14.857142857142858,0,10.8,1.4,1.74,2
5,12,1,17,0,1,1,22,27,10,10,0,0,0,1,1,1,37,0,0,5,8,5,13.0,0,0,5,11,4,13.333333333333334,2,16.2,0.3,-0.92,0
2,12,1,3,0,1,1,13,1,5,9,0,0,0,1,1,0,41,0,6,10,10,10,12.5,0,3,7,7,7,12.142857142857142,0,10.8,1.4,1.74,2
2,12,1,4,1,1,1,22,27,10,7,0,0,0,1,1,0,60,0,17,18,18,18,14.11111111111111,0,11,13,13,13,14.23076923076923,0,15.5,2.8,-4.06,2
2,12,1,11,1,1,1,1,14,10,10,0,0,0,1,1,0,47,0,6,11,11,11,14.727272727272728,0,6,9,9,9,15.77777777777778,0,10.8,1.4,1.74,2
1,12,1,3,0,1,1,22,9,10,8,0,0,1,0,1,0,50,0,0,6,6,0,0.0,0,0,5,6,0,0.0,0,12.4,0.5,1.79,0
2,12,1,17,0,12,1,23,28,12,12,1,0,0,1,1,0,45,0,0,5,5,0,0.0,0,0,5,5,0,0.0,0,7.6,2.6,0.32,0
1,12,1,7,1,1,1,22,27,10,9,0,0,1,0,1,0,45,0,0,5,5,0,0.0,0,0,5,5,0,0.0,0,15.5,2.8,-4.06,0
2,12,1,6,1,1,1,22,27,12,12,0,0,0,1,1,0,33,0,0,5,7,4,13.5,0,0,5,6,5,11.6,0,7.6,2.6,0.32,2
1,1,1,12,1,1,1,3,3,3,3,0,0,0,1,1,0,18,0,0,8,8,7,13.105714285714283,0,0,8,8,7,13.105714285714283,0,10.8,1.4,1.74,2
2,12,1,6,1,1,1,22,27,7,7,0,0,0,1,1,0,43,0,0,5,8,5,13.5,2,0,5,5,5,14.4,0,9.4,-0.8,-3.12,2
1,14,1,3,0,1,1,13,27,5,11,0,0,0,1,1,0,44,0,9,13,18,13,11.846153846153848,0,9,11,11,11,12.0,0,12.7,3.7,-1.7,2
1,12,1,8,1,7,1,19,26,1,12,0,0,0,1,1,0,29,0,0,5,5,0,0.0,0,0,5,5,0,0.0,0,7.6,2.6,0.32,0
4,12,1,14,1,1,1,2,1,4,10,0,0,1,0,1,0,53,0,0,6,11,3,14.333333333333334,0,0,6,6,0,0.0,0,12.7,3.7,-1.7,0
2,13,1,17,0,6,1,22,27,10,10,0,0,0,1,1,0,37,0,0,5,10,5,15.8,0,0,5,5,5,17.6,0,9.4,-0.8,-3.12,1
1,14,1,14,1,1,1,23,1,9,11,1,0,0,1,1,0,18,0,0,6,16,5,13.8,0,0,6,7,5,12.4,0,13.9,-0.3,0.79,1
1,14,1,1,1,12,1,23,28,5,5,0,0,1,1,1,0,35,0,3,10,18,6,12.666666666666666,0,1,9,11,3,12.0,2,16.2,0.3,-0.92,0
1,1,1,11,1,1,1,13,1,4,8,0,0,0,1,1,0,23,0,0,6,10,6,13.0,0,0,6,9,6,12.0,0,11.1,0.6,2.02,1
1,1,1,2,1,1,1,13,28,10,6,1,0,0,1,1,0,22,0,0,0,0,0,0.0,0,0,0,0,0,0.0,0,7.6,2.6,0.32,2
1,12,1,3,0,1,1,22,27,12,6,0,0,0,0,1,0,33,0,0,6,6,1,11.0,0,0,6,0,0,0.0,0,10.8,1.4,1.74,0
1,4,3,8,1,3,1,22,18,12,11,0,0,0,0,1,0,41,0,0,5,9,0,0.0,4,0,5,9,0,0.0,3,10.8,1.4,1.74,0
4,4,1,12,1,3,1,22,28,10,8,0,0,0,1,1,0,51,0,4,7,7,7,15.2,0,6,8,8,8,16.575,0,13.9,-0.3,0.79,2
1,16,1,14,1,1,1,10,5,4,4,0,0,0,1,1,0,19,0,2,6,7,6,14.428571428571429,0,1,7,8,7,14.375,0,11.1,0.6,2.02,2
1,12,1,17,0,1,1,22,27,10,10,0,0,0,1,1,0,35,0,0,5,5,0,0.0,0,0,5,5,0,0.0,0,11.1,0.6,2.02,0
1,1,2,2,1,1,14,13,1,5,8,1,0,0,1,1,0,20,1,0,0,0,0,0.0,0,0,0,0,0,0.0,0,7.6,2.6,0.32,2
1,14,1,14,1,1,1,3,2,3,3,1,0,0,1,1,0,18,0,0,6,13,4,13.75,0,0,6,8,5,11.2,0,13.9,-0.3,0.79,1
1,1,1,15,1,1,1,13,27,10,10,0,0,1,0,1,1,18,0,0,6,11,5,12.166666666666666,0,0,6,15,3,12.0,0,13.9,-0.3,0.79,0
1,15,1,4,1,14,1,2,1,5,7,0,0,0,1,1,0,21,0,0,6,12,5,12.142857142857142,0,0,6,11,5,11.666666666666666,0,13.9,-0.3,0.79,2
1,1,1,11,1,1,1,1,14,7,7,1,0,0,1,1,0,21,0,0,6,9,6,12.0,0,0,6,8,5,11.6,0,13.9,-0.3,0.79,2
2,12,2,9,1,1,1,13,27,5,8,0,0,0,1,1,0,34,0,0,5,10,3,11.666666666666666,1,0,5,7,4,12.75,0,9.4,-0.8,-3.12,2
4,12,1,8,1,1,1,22,27,7,8,1,0,0,1,1,0,34,0,0,6,9,0,0.0,0,0,6,6,0,0.0,0,16.2,0.3,-0.92,0
1,8,2,14,1,1,1,3,3,5,11,1,0,0,1,1,0,21,0,0,6,10,6,11.875,0,0,6,8,5,12.0,0,11.1,0.6,2.02,2
1,14,1,15,1,1,1,3,27,4,8,0,0,0,1,1,0,32,0,6,11,15,7,11.285714285714286,0,5,7,10,6,12.333333333333334,0,13.9,-0.3,0.79,1
1,8,2,11,1,1,1,22,27,6,8,1,0,0,1,1,0,30,0,0,6,17,2,10.0,0,0,6,15,3,11.333333333333334,0,7.6,2.6,0.32,0
1,1,1,2,1,1,1,1,3,4,8,1,0,1,1,1,0,19,0,6,12,13,11,12.0,0,4,11,15,10,11.181818181818182,0,8.9,1.4,3.51,1
1,16,1,15,1,1,1,1,14,9,9,1,0,0,1,1,0,20,0,1,7,7,6,13.833333333333334,0,1,6,7,5,13.0,0,8.9,1.4,3.51,0
1,1,1,5,1,1,1,13,14,10,8,1,0,0,1,1,0,18,0,0,6,0,0,0.0,0,0,6,0,0,0.0,0,12.4,0.5,1.79,0
1,1,1,11,1,1,1,3,3,3,3,0,0,0,1,1,0,19,0,0,6,7,6,14.428571428571429,0,0,6,6,6,12.5,0,8.9,1.4,3.51,2
1,8,3,12,1,1,1,3,3,4,4,1,0,0,1,1,0,18,0,0,7,8,5,14.2,0,0,7,9,6,12.4,0,12.4,0.5,1.79,0
1,12,1,17,0,1,1,1,14,5,9,0,0,0,1,1,0,27,0,0,5,8,4,11.5,0,0,5,9,3,10.333333333333334,0,12.7,3.7,-1.7,0
1,12,1,15,1,9,1,1,1,10,10,1,0,0,1,1,0,52,0,0,6,7,5,13.0,0,0,6,6,6,15.0,0,9.4,-0.8,-3.12,2
2,14,1,4,1,1,1,1,1,5,6,1,0,0,0,1,0,29,0,0,6,6,0,0.0,0,0,6,8,0,0.0,0,15.5,2.8,-4.06,0
1,16,1,4,1,14,1,1,14,5,5,1,0,1,0,1,0,22,0,0,6,12,3,11.333333333333334,0,0,6,13,2,11.0,0,8.9,1.4,3.51,0
1,14,1,6,1,1,11,23,28,10,7,1,0,0,1,1,0,28,1,13,18,45,18,12.5,12,10,13,26,12,11.428571428571429,6,15.5,2.8,-4.06,2
1,12,1,14,1,6,1,1,1,12,4,1,0,0,1,1,0,30,0,0,5,5,0,0.0,0,0,5,5,0,0.0,0,7.6,2.6,0.32,0
1,1,2,12,1,1,1,1,1,6,4,1,0,0,1,0,0,18,0,0,7,7,7,13.471428571428572,0,0,8,9,8,13.944444444444445,0,16.2,0.3,-0.92,2
1,1,2,14,1,1,1,23,27,6,6,1,0,0,1,0,0,21,0,0,5,5,4,11.75,0,0,5,5,3,13.333333333333334,0,9.4,-0.8,-3.12,2
1,1,1,5,1,1,1,22,27,10,10,1,0,1,1,0,1,20,0,0,6,9,6,13.333333333333334,0,0,6,10,6,14.666666666666666,0,12.7,3.7,-1.7,2
1,13,1,12,1,1,1,22,27,4,4,1,0,0,1,0,1,21,0,0,8,8,8,13.105,0,0,8,8,8,13.105,0,9.4,-0.8,-3.12,2
2,12,1,17,0,12,1,13,27,8,10,0,0,1,0,0,0,32,0,0,5,5,0,0.0,0,0,5,6,0,0.0,0,10.8,1.4,1.74,0
1,1,3,5,1,1,1,22,27,10,10,1,0,0,1,1,1,20,0,0,6,6,6,15.5,0,0,6,7,6,12.166666666666666,0,12.4,0.5,1.79,2
1,1,4,2,1,1,1,1,14,5,6,1,0,1,0,1,0,19,0,0,0,0,0,0.0,0,0,0,0,0,0.0,0,15.5,2.8,-4.06,0
1,6,1,14,1,1,14,1,1,10,6,0,0,1,0,1,0,18,1,0,6,6,4,11.25,0,0,6,7,3,12.333333333333334,0,8.9,1.4,3.51,0
1,14,1,17,0,1,1,22,2,10,5,1,0,0,0,1,0,23,0,10,15,24,12,11.0,0,10,14,21,11,11.363636363636363,1,7.6,2.6,0.32,0
1,1,1,11,1,1,1,1,1,4,4,1,0,0,1,1,0,20,0,0,6,10,6,12.333333333333334,0,0,6,9,4,13.0,0,12.4,0.5,1.79,2
2,14,2,9,1,1,1,22,27,10,10,1,0,0,1,0,0,46,0,4,9,18,8,11.375,2,0,5,11,5,11.8,0,9.4,-0.8,-3.12,2
1,8,1,4,1,1,1,3,3,3,3,0,0,0,1,1,0,27,0,16,18,19,18,12.22222222222222,0,9,12,15,12,12.384615384615383,0,15.5,2.8,-4.06,2
1,3,1,2,1,1,1,3,14,2,11,1,0,0,1,1,0,20,0,0,0,0,0,0.0,0,0,0,0,0,0.0,0,16.2,0.3,-0.92,1
2,14,3,3,0,12,1,22,27,10,10,1,0,0,1,1,0,41,0,5,9,11,9,12.0,0,3,7,8,6,12.0,0,9.4,-0.8,-3.12,2
1,6,1,9,1,1,8,1,3,30,4,0,0,1,1,1,0,40,1,0,5,10,1,11.0,0,0,5,10,1,10.0,0,11.1,0.6,2.02,1
2,15,1,3,0,14,1,1,1,6,6,0,0,0,1,1,0,37,0,12,16,17,16,14.125,0,6,11,14,10,13.0,0,12.4,0.5,1.79,2
1,1,4,9,1,1,1,23,28,6,11,0,0,0,1,1,0,20,0,0,5,8,5,10.2,0,0,5,7,5,11.2,0,12.4,0.5,1.79,1
1,15,1,8,1,14,1,1,1,5,5,1,0,0,1,0,0,20,0,0,5,7,4,12.0,1,0,5,6,4,12.4,0,10.8,1.4,1.74,1
1,4,1,17,0,15,1,1,27,5,2,0,0,0,1,0,0,26,0,8,9,11,9,12.333333333333334,0,4,7,7,7,12.571428571428571,0,12.4,0.5,1.79,2
2,12,1,3,0,1,1,22,27,10,8,0,0,0,1,1,0,54,0,4,9,9,9,14.333333333333334,0,2,7,7,7,13.857142857142858,0,8.9,1.4,3.51,2
1,8,5,14,1,1,1,13,14,6,6,1,0,0,1,1,0,21,0,0,6,6,6,15.166666666666666,0,0,6,9,6,14.0,0,10.8,1.4,1.74,2
1,1,1,6,1,1,1,1,1,10,10,1,0,0,1,0,1,20,0,0,6,8,6,15.142857142857142,0,0,6,8,6,15.142857142857142,0,11.1,0.6,2.02,2
1,8,6,15,1,1,1,1,14,6,6,1,0,0,1,0,0,18,0,0,6,0,0,0.0,0,0,6,0,0,0.0,0,12.4,0.5,1.79,0
1,1,3,12,1,1,1,1,14,5,10,1,0,0,1,0,0,19,0,0,7,9,6,13.411428571428573,0,0,8,12,7,13.294444444444444,0,15.5,2.8,-4.06,1
1,1,2,10,1,1,1,23,1,5,11,1,0,0,1,0,0,18,0,0,6,7,6,12.333333333333334,0,0,6,7,6,12.166666666666666,0,9.4,-0.8,-3.12,2
1,1,1,6,1,1,1,3,1,3,9,1,0,0,1,0,0,19,0,0,6,13,4,11.8,0,0,6,18,4,12.2,0,12.4,0.5,1.79,1
1,15,1,6,1,14,1,1,1,5,8,1,0,1,1,0,0,22,0,2,6,9,6,12.0,0,1,6,12,3,12.0,0,13.9,-0.3,0.79,0
1,14,1,6,1,1,1,2,1,5,5,0,0,0,1,0,0,19,0,0,6,7,6,15.0,0,0,6,8,6,15.625,0,12.4,0.5,1.79,2
1,1,1,2,1,1,1,3,2,5,3,1,0,0,1,0,0,21,0,6,12,12,8,13.875,0,4,11,13,9,12.7,1,8.9,1.4,3.51,0
1,8,1,16,1,1,1,3,3,18,24,0,0,0,1,0,0,20,0,0,7,9,6,11.833333333333334,0,0,7,7,6,14.333333333333334,0,11.1,0.6,2.02,1
1,8,3,15,1,1,1,1,14,6,6,1,0,0,1,0,1,18,0,0,6,6,6,12.5,0,0,6,6,6,13.833333333333334,0,16.2,0.3,-0.92,2
1,8,1,15,1,1,1,23,28,8,8,1,0,0,1,0,1,18,0,0,6,6,6,15.0,0,0,6,6,6,15.5,0,8.9,1.4,3.51,2
1,8,1,14,1,1,1,1,1,6,5,1,0,1,1,0,0,20,0,0,6,10,2,11.666666666666666,0,0,6,10,4,10.5,0,15.5,2.8,-4.06,0
1,1,1,12,1,1,1,13,27,4,9,0,0,0,1,0,1,18,0,0,7,10,7,14.668,0,0,8,8,8,14.63375,0,15.5,2.8,-4.06,2
1,1,3,12,1,1,1,3,3,2,4,1,0,0,1,0,0,18,0,0,8,9,6,13.345,2,0,8,9,6,13.345,2,9.4,-0.8,-3.12,1
1,1,2,15,1,1,1,1,24,10,10,1,0,0,1,0,1,20,0,0,6,7,5,12.8,0,0,6,6,6,12.333333333333334,0,12.4,0.5,1.79,2
1,1,1,10,1,1,1,1,1,2,2,1,0,0,1,0,0,19,0,0,6,10,6,10.833333333333334,0,0,6,7,6,12.142857142857142,0,11.1,0.6,2.02,2
1,1,1,5,1,1,1,3,3,2,3,1,0,0,1,0,0,18,0,0,6,6,6,13.666666666666666,0,0,6,6,5,14.0,0,12.7,3.7,-1.7,2
1,1,1,12,1,1,1,3,1,5,6,0,0,0,1,0,0,18,0,0,8,8,7,14.537142857142856,0,0,8,8,7,14.537142857142856,0,10.8,1.4,1.74,2
1,3,3,6,1,1,1,22,27,1,12,0,0,1,1,0,1,18,0,0,5,5,5,14.4,0,0,5,5,5,14.0,0,7.6,2.6,0.32,0
1,8,3,2,1,1,1,13,1,6,5,1,0,0,1,0,1,20,0,0,0,0,0,0.0,0,0,0,0,0,0.0,0,12.7,3.7,-1.7,2
1,8,1,15,1,1,1,1,14,10,10,0,0,0,1,0,1,19,0,0,6,6,6,13.166666666666666,0,0,6,6,6,13.833333333333334,0,11.1,0.6,2.02,2
1,12,1,12,1,1,1,3,3,3,3,0,0,0,0,1,0,36,0,0,6,15,2,11.5,0,0,7,9,0,0.0,0,15.5,2.8,-4.06,0
1,8,1,10,1,1,1,1,30,10,3,0,0,0,1,0,1,19,0,0,6,7,6,11.333333333333334,0,0,6,7,6,12.428571428571429,0,11.1,0.6,2.02,2
1,8,3,10,1,1,1,3,1,3,6,1,0,0,1,0,0,18,0,0,6,6,6,12.0,0,0,6,6,5,13.6,0,8.9,1.4,3.51,2
1,1,3,15,1,1,1,13,14,4,4,0,0,0,1,0,1,18,0,0,6,6,6,13.166666666666666,0,0,6,6,6,12.166666666666666,0,12.4,0.5,1.79,2
1,1,3,15,1,1,1,23,28,6,9,1,0,0,1,0,1,18,0,0,6,6,6,14.833333333333334,0,0,6,6,6,14.166666666666666,0,8.9,1.4,3.51,2
1,15,1,5,1,1,1,1,1,10,9,1,0,0,1,0,0,19,0,2,7,7,7,13.0,0,5,9,9,9,13.22222222222222,0,12.4,0.5,1.79,2
1,9,3,12,1,1,1,1,1,5,9,1,0,0,1,0,0,18,0,0,7,8,7,13.087142857142856,0,0,8,8,8,12.95,0,11.1,0.6,2.02,2
1,1,1,8,1,1,1,1,27,10,10,1,0,0,1,0,1,19,0,0,6,8,6,13.333333333333334,0,0,6,7,6,13.666666666666666,0,8.9,1.4,3.51,2
1,1,1,16,1,1,1,3,1,4,8,1,0,0,1,0,0,18,0,0,6,7,6,12.166666666666666,0,0,6,10,4,12.75,0,10.8,1.4,1.74,1
1,17,1,5,1,16,1,25,14,4,6,1,0,0,0,0,1,22,0,0,6,8,6,11.0,0,0,6,10,4,12.0,0,8.9,1.4,3.51,1
1,1,2,10,1,1,1,13,1,10,9,1,0,1,0,0,0,18,0,0,6,0,0,0.0,0,0,6,0,0,0.0,0,11.1,0.6,2.02,0
1,8,4,9,1,1,1,13,14,6,6,1,0,0,1,0,0,19,0,0,5,7,5,13.6,0,0,5,6,5,12.2,0,8.9,1.4,3.51,2
1,1,1,15,1,1,1,23,28,10,10,1,0,0,1,0,0,18,0,0,6,6,6,15.5,0,0,6,6,6,14.0,0,11.1,0.6,2.02,2
1,1,3,16,1,1,1,1,3,6,4,0,0,0,1,0,0,19,0,0,7,7,7,13.857142857142858,0,0,7,7,7,14.285714285714286,0,11.1,0.6,2.02,2
1,8,2,9,1,1,1,13,1,10,4,1,0,1,1,0,0,20,0,0,5,10,2,11.5,0,0,5,8,3,10.0,0,11.1,0.6,2.02,1
1,8,3,5,1,1,1,1,28,4,6,1,0,0,1,0,1,18,0,0,6,6,6,13.0,0,0,6,6,6,12.166666666666666,0,16.2,0.3,-0.92,2
1,1,1,8,1,1,1,3,3,3,11,0,0,1,0,0,0,23,0,0,6,10,6,14.0,0,0,6,11,4,13.0,0,11.1,0.6,2.02,1
1,1,4,15,1,1,1,1,3,5,8,1,0,0,1,0,0,20,0,0,4,4,0,0.0,0,0,6,0,0,0.0,0,8.9,1.4,3.51,0
1,1,5,5,1,1,1,3,1,10,4,1,0,0,1,0,0,20,0,0,6,6,6,11.166666666666666,0,0,6,9,6,11.5,0,12.4,0.5,1.79,1
1,1,1,10,1,1,1,1,1,10,5,1,0,1,0,0,1,22,0,0,6,0,0,0.0,0,0,6,0,0,0.0,0,12.4,0.5,1.79,0
1,8,2,16,1,1,1,13,28,6,8,1,0,0,1,0,1,18,0,0,7,8,7,12.142857142857142,0,0,7,9,6,13.666666666666666,0,11.1,0.6,2.02,2
1,8,1,12,1,1,1,13,28,10,10,0,0,0,1,0,1,18,0,0,7,7,7,14.145714285714286,0,0,8,9,8,13.627777777777778,0,11.1,0.6,2.02,2
1,1,1,12,1,1,1,3,4,4,4,0,0,0,1,0,0,18,0,0,7,7,7,14.45,0,0,8,9,8,14.144444444444444,0,11.1,0.6,2.02,2
1,1,1,16,1,1,1,13,3,5,5,0,0,0,1,0,0,18,0,0,7,7,7,15.714285714285714,0,0,7,7,7,15.0,0,11.1,0.6,2.02,2
1,16,1,9,1,1,1,1,1,5,5,0,0,0,1,0,0,21,0,0,5,9,5,12.8,0,0,5,11,3,12.666666666666666,0,11.1,0.6,2.02,1
1,8,1,5,1,1,1,1,27,5,6,0,0,0,1,0,0,20,0,0,6,6,6,12.5,0,0,6,8,6,11.5,0,10.8,1.4,1.74,1
1,7,1,5,1,1,1,1,1,5,5,1,0,0,1,0,0,18,0,0,6,6,6,14.5,0,0,6,6,6,12.833333333333334,0,12.4,0.5,1.79,2
1,8,2,12,1,1,1,13,27,4,6,1,0,0,0,0,1,20,0,0,7,7,7,13.462857142857144,0,0,8,10,7,13.164285714285716,0,11.1,0.6,2.02,1
1,1,1,3,0,1,1,19,27,10,12,1,0,0,1,0,0,25,0,0,6,6,6,12.833333333333334,0,0,6,6,6,12.833333333333334,0,7.6,2.6,0.32,2
1,1,1,9,1,1,1,13,14,10,10,1,0,0,1,0,1,18,0,0,5,10,5,12.0,0,0,5,8,4,11.6,0,13.9,-0.3,0.79,2
1,1,3,2,1,1,1,10,14,10,4,1,0,0,1,0,0,19,0,0,0,0,0,0.0,0,0,0,0,0,0.0,0,13.9,-0.3,0.79,2
1,1,1,6,1,1,3,1,14,5,8,1,0,0,1,0,0,20,1,0,7,9,6,14.714285714285714,0,1,7,16,6,13.2,0,12.4,0.5,1.79,1
1,1,2,10,1,1,1,13,14,10,10,1,0,0,1,0,1,20,0,0,6,7,6,12.571428571428571,0,0,6,7,6,13.285714285714286,0,12.4,0.5,1.79,2
1,9,4,15,1,1,1,1,1,10,10,1,0,0,1,0,1,21,0,0,6,6,6,12.5,0,0,6,6,6,11.5,0,11.1,0.6,2.02,2
1,8,3,14,1,1,1,1,3,5,4,1,0,0,1,0,0,18,0,0,6,8,6,14.0,0,0,6,9,5,14.0,0,8.9,1.4,3.51,2
1,8,1,16,1,1,1,1,1,6,8,1,0,0,1,0,0,18,0,0,7,8,7,11.571428571428571,0,0,7,9,6,13.166666666666666,0,11.1,0.6,2.02,0
1,1,3,5,1,1,1,1,3,10,8,1,0,0,1,0,1,18,0,0,6,6,6,15.833333333333334,0,0,6,6,6,15.333333333333334,0,11.1,0.6,2.02,2
1,1,4,12,1,1,1,13,14,5,6,1,0,0,1,0,0,18,0,0,8,8,8,14.25,0,0,8,8,8,14.25,0,9.4,-0.8,-3.12,2
1,14,1,14,1,1,1,3,14,4,6,0,0,0,1,0,0,19,0,0,6,0,0,0.0,0,0,6,0,0,0.0,0,15.5,2.8,-4.06,0
1,8,1,11,1,1,1,24,3,4,4,1,0,0,1,0,0,20,0,0,6,8,6,11.666666666666666,0,0,6,10,6,11.0,0,13.9,-0.3,0.79,0
1,12,1,10,1,7,1,19,24,1,1,0,0,0,1,0,0,47,0,0,6,12,0,0.0,0,0,5,10,0,0.0,0,7.6,2.6,0.32,0
1,14,1,8,1,1,3,1,3,10,3,0,0,1,1,0,0,21,1,2,5,9,5,13.2,2,0,5,7,2,12.5,2,10.8,1.4,1.74,1
2,12,1,8,1,1,1,22,27,10,7,0,0,0,1,1,0,31,0,1,6,11,2,12.0,1,1,6,12,1,10.0,1,16.2,0.3,-0.92,0
2,12,1,7,1,1,1,22,27,12,6,1,0,0,1,1,0,46,0,0,5,6,0,0.0,0,0,5,5,0,0.0,0,7.6,2.6,0.32,0
1,1,3,7,1,1,1,3,1,4,5,1,0,0,1,1,0,18,0,0,5,9,4,12.0,0,0,5,10,2,11.0,0,8.9,1.4,3.51,1
1,8,3,7,1,1,1,3,3,4,5,1,1,0,1,1,0,19,0,0,5,10,3,13.333333333333334,0,0,5,9,4,10.75,0,8.9,1.4,3.51,0
1,16,1,13,1,1,1,1,27,24,44,1,0,0,1,1,0,23,0,0,7,11,5,12.414285714285713,0,0,7,13,2,13.5,0,8.9,1.4,3.51,1
1,15,1,8,1,14,1,3,1,3,9,0,0,0,0,1,0,22,0,0,5,5,0,0.0,0,0,5,5,0,0.0,0,12.7,3.7,-1.7,0
1,1,1,9,1,1,1,23,1,4,11,1,0,0,1,1,0,19,0,0,5,5,5,13.8,0,0,5,7,5,12.4,0,9.4,-0.8,-3.12,2
1,1,1,9,1,1,14,3,3,10,10,0,0,1,0,0,0,19,1,0,5,14,0,0.0,0,0,5,5,0,0.0,0,8.9,1.4,3.51,0
1,8,1,9,1,1,1,3,1,4,5,0,0,0,0,1,0,22,0,0,5,10,4,11.5,0,0,5,11,4,14.0,0,8.9,1.4,3.51,1
1,12,1,8,1,1,1,3,24,4,1,0,0,1,0,1,0,29,0,0,5,11,0,0.0,4,0,5,6,0,0.0,1,9.4,-0.8,-3.12,0
1,1,3,12,1,1,1,22,28,10,6,1,0,0,1,0,0,18,0,0,7,7,6,14.016666666666666,0,0,7,7,6,14.016666666666666,0,7.6,2.6,0.32,2
1,1,1,10,1,1,1,23,24,10,10,1,0,0,1,0,0,18,0,0,6,9,5,11.4,0,0,6,8,5,10.8,0,9.4,-0.8,-3.12,2
1,1,1,2,1,1,1,22,27,10,9,1,0,1,0,0,1,23,0,0,0,0,0,0.0,0,0,0,0,0,0.0,0,9.4,-0.8,-3.12,0
2,12,1,17,0,1,1,1,1,32,23,0,0,0,1,0,0,34,0,0,5,12,5,10.4,0,0,5,11,5,12.0,0,12.4,0.5,1.79,2
1,8,1,9,1,1,1,13,14,10,10,0,0,0,1,0,0,19,0,0,5,11,3,10.666666666666666,0,0,5,9,4,10.25,0,11.1,0.6,2.02,2
1,1,1,6,1,1,1,1,1,3,6,1,0,0,1,0,0,18,0,0,5,9,4,14.25,0,0,5,8,5,12.714285714285714,0,10.8,1.4,1.74,1
1,8,6,12,1,1,1,1,14,5,5,0,0,0,1,0,1,20,0,3,7,7,7,13.914285714285713,0,5,8,8,8,14.10625,0,11.1,0.6,2.02,2
1,1,6,12,1,1,1,3,3,2,2,1,0,0,1,0,0,19,0,0,7,9,7,13.761111111111113,0,0,8,11,7,12.82375,0,15.5,2.8,-4.06,2
1,3,2,16,1,1,1,13,14,5,6,1,0,0,1,0,0,22,0,0,6,10,5,12.6,0,0,6,9,4,11.25,0,12.7,3.7,-1.7,1
1,1,1,10,1,1,1,13,14,10,10,1,0,0,1,0,1,23,0,0,6,7,6,13.857142857142858,0,0,6,6,6,14.166666666666666,0,10.8,1.4,1.74,2
2,12,1,12,1,1,1,1,14,10,10,0,0,0,1,1,1,34,0,0,8,8,7,13.842857142857143,0,0,8,8,7,13.842857142857143,0,12.7,3.7,-1.7,2
1,8,4,7,1,1,1,13,14,6,6,1,0,1,0,1,0,18,0,0,5,12,0,0.0,0,0,5,8,0,0.0,0,9.4,-0.8,-3.12,1
1,1,3,15,1,1,1,1,29,5,2,1,1,0,1,1,0,21,0,0,6,6,5,11.8,0,0,6,9,0,0.0,0,16.2,0.3,-0.92,0
1,1,1,10,1,1,1,1,14,5,4,1,0,0,1,1,0,22,0,0,6,6,6,12.666666666666666,0,0,6,6,6,13.833333333333334,0,10.8,1.4,1.74,0
1,12,1,4,1,9,1,22,1,10,11,0,0,0,1,1,0,28,0,0,6,6,0,0.0,0,0,6,6,0,0.0,0,11.1,0.6,2.02,0
1,3,4,7,1,1,1,13,27,5,7,1,0,0,1,1,0,23,0,0,5,7,0,0.0,0,0,5,5,0,0.0,0,7.6,2.6,0.32,0
1,1,1,15,1,1,1,19,28,1,4,0,0,0,1,1,0,20,0,0,6,11,4,10.75,0,0,6,13,2,10.0,0,7.6,2.6,0.32,0
1,9,2,7,1,1,1,1,2,6,5,1,0,0,1,1,0,18,0,0,5,7,5,12.6,0,0,5,9,3,13.25,0,13.9,-0.3,0.79,0
1,12,2,9,1,9,1,13,28,10,10,1,0,1,0,1,0,28,0,0,5,5,0,0.0,0,0,5,5,0,0.0,0,9.4,-0.8,-3.12,0
1,15,1,5,1,14,1,1,14,6,9,0,0,0,1,1,0,21,0,2,7,7,2,12.0,0,5,9,10,7,12.142857142857142,0,12.4,0.5,1.79,0
1,12,1,14,1,1,1,23,14,10,9,0,0,1,0,1,0,25,0,0,6,7,3,14.0,0,0,6,9,2,14.5,0,13.9,-0.3,0.79,0
1,15,1,6,1,14,1,1,1,6,5,1,1,0,0,1,0,19,0,2,6,6,6,14.0,0,1,6,11,6,13.5,0,12.4,0.5,1.79,0
1,1,4,12,1,1,1,1,1,5,11,1,0,0,1,1,1,18,0,0,7,7,7,14.682857142857143,0,0,8,9,8,15.055555555555555,0,12.4,0.5,1.79,2
1,12,1,7,1,3,1,1,28,12,12,0,0,0,1,1,0,29,0,0,3,3,0,0.0,3,0,5,0,0,0.0,0,10.8,1.4,1.74,0
1,12,1,7,1,12,1,22,28,4,8,0,0,0,1,1,1,29,0,0,5,6,0,0.0,0,0,5,7,0,0.0,0,12.4,0.5,1.79,0
1,9,1,11,1,1,1,13,14,5,6,0,0,0,1,1,0,20,0,0,6,7,6,13.857142857142858,0,0,6,7,5,12.8,0,16.2,0.3,-0.92,2
1,1,1,2,1,1,1,13,1,10,8,0,0,0,1,1,0,18,0,0,0,0,0,0.0,0,0,0,0,0,0.0,0,9.4,-0.8,-3.12,2
1,1,1,11,1,1,1,1,1,29,44,0,0,0,1,1,0,20,0,0,6,8,6,13.142857142857142,0,0,6,7,6,12.5,0,8.9,1.4,3.51,2
2,12,1,7,1,1,1,19,24,1,1,1,0,0,1,1,0,33,0,0,5,14,1,18.0,0,0,5,9,2,13.0,0,9.4,-0.8,-3.12,0
1,13,1,17,0,1,1,13,14,6,6,0,0,0,1,1,0,30,0,11,15,15,13,11.461538461538462,0,6,11,15,10,11.583333333333334,1,16.2,0.3,-0.92,2
1,1,1,13,1,1,1,1,1,2,2,0,0,0,1,1,1,21,0,0,7,14,5,11.2,0,0,8,11,6,11.583333333333334,0,16.2,0.3,-0.92,1
1,1,1,4,1,1,1,1,14,32,45,0,0,1,1,1,0,18,0,0,6,6,5,15.0,0,0,6,8,4,14.5,0,8.9,1.4,3.51,2
1,1,1,12,1,1,1,23,28,10,10,0,0,0,1,1,1,19,0,0,7,9,7,14.244444444444444,0,0,8,12,8,12.233333333333333,0,15.5,2.8,-4.06,2
1,8,1,5,1,1,1,23,14,10,10,0,0,0,1,1,1,21,0,0,6,8,4,11.5,0,0,6,7,5,11.0,0,15.5,2.8,-4.06,0
1,12,2,13,1,1,1,13,14,5,6,0,0,0,1,1,1,25,0,0,7,7,2,10.0,0,0,7,7,0,0.0,0,15.5,2.8,-4.06,0
1,1,2,14,1,1,1,13,14,8,11,0,0,0,1,1,0,19,0,0,5,7,3,12.333333333333334,0,0,5,5,5,11.6,0,9.4,-0.8,-3.12,2
1,15,1,5,1,14,1,13,1,10,4,1,0,0,1,1,0,23,0,2,7,8,5,12.2,0,5,9,10,7,12.142857142857142,1,16.2,0.3,-0.92,0
1,8,2,5,1,1,1,23,28,10,9,1,0,0,1,1,1,19,0,0,6,6,6,13.666666666666666,0,0,6,7,5,13.2,0,12.4,0.5,1.79,2
1,1,1,2,1,1,1,3,2,3,6,1,0,0,1,1,0,19,0,0,0,0,0,0.0,0,0,0,0,0,0.0,0,9.4,-0.8,-3.12,2
1,12,1,4,1,1,1,13,27,10,7,0,0,1,0,1,0,31,0,0,6,15,1,11.0,0,0,6,10,0,0.0,0,16.2,0.3,-0.92,0
1,12,1,4,1,1,1,22,27,5,8,0,0,1,0,1,0,32,0,0,6,8,3,13.0,0,4,10,14,6,11.428571428571429,0,16.2,0.3,-0.92,0
1,7,2,12,1,1,1,2,28,5,10,1,0,0,1,0,1,19,0,0,8,12,7,12.599999999999998,0,0,8,12,7,12.599999999999998,0,10.8,1.4,1.74,2
1,13,1,15,1,6,1,19,24,1,1,1,0,0,1,0,0,34,0,8,10,11,10,12.2,0,5,10,12,9,12.333333333333334,0,7.6,2.6,0.32,2
1,7,6,15,1,1,1,23,12,1,1,1,0,0,1,0,0,21,0,0,6,6,6,13.166666666666666,0,0,6,6,6,13.0,0,7.6,2.6,0.32,2
1,14,2,10,1,1,1,22,27,10,8,1,0,0,1,0,1,53,0,4,7,16,6,11.0,0,2,7,9,7,11.0,0,9.4,-0.8,-3.12,2
1,1,1,12,1,1,1,13,14,5,8,0,0,0,1,0,1,19,0,0,7,7,7,14.014285714285714,0,0,8,8,8,15.35,0,13.9,-0.3,0.79,2
1,1,3,15,1,1,1,23,28,10,6,0,0,0,1,0,1,20,0,0,6,9,4,13.0,0,0,6,13,4,11.25,0,10.8,1.4,1.74,2
1,1,2,15,1,1,1,1,14,10,10,1,0,0,1,0,0,18,0,0,6,6,6,14.0,0,0,6,6,6,14.666666666666666,0,10.8,1.4,1.74,2
1,12,1,2,1,1,1,22,28,28,44,0,0,0,0,0,0,32,0,0,0,0,0,0.0,0,0,0,0,0,0.0,0,16.2,0.3,-0.92,0
1,14,1,12,1,1,1,22,27,10,10,1,0,0,1,0,1,21,0,0,8,8,7,14.428571428571429,0,0,8,8,7,14.428571428571429,0,12.7,3.7,-1.7,2
1,4,1,3,0,3,1,22,10,10,5,0,0,0,0,0,0,26,0,0,5,9,0,0.0,0,0,5,10,0,0.0,0,9.4,-0.8,-3.12,0
1,13,1,6,1,14,1,1,1,5,8,1,0,0,1,0,0,26,0,11,18,45,18,11.833333333333334,10,9,13,27,13,12.461538461538462,5,15.5,2.8,-4.06,2
2,15,1,17,0,14,1,1,27,5,10,0,0,0,0,0,0,21,0,0,5,12,3,11.333333333333334,0,0,5,10,1,13.0,0,15.5,2.8,-4.06,0
1,8,1,15,1,1,1,22,27,6,6,0,0,0,1,0,0,18,0,0,6,9,6,12.5,0,0,6,9,6,13.0,0,7.6,2.6,0.32,2
1,14,1,5,1,14,1,13,27,6,10,1,0,0,1,0,1,21,0,4,12,12,12,13.333333333333334,0,5,12,12,11,12.545454545454543,0,15.5,2.8,-4.06,2
1,1,1,11,1,1,1,23,14,10,6,1,0,0,1,0,0,21,0,0,6,10,6,10.833333333333334,0,0,6,10,4,11.0,0,7.6,2.6,0.32,1
1,8,1,14,1,1,1,13,14,8,8,0,0,0,1,0,1,19,0,0,6,6,6,13.0,0,0,6,6,6,14.0,0,13.9,-0.3,0.79,2
1,8,1,9,1,1,1,13,14,10,8,0,0,0,1,0,0,19,0,0,5,7,2,10.0,0,0,5,11,2,14.0,0,10.8,1.4,1.74,0
1,14,2,10,1,1,1,23,28,6,6,0,0,0,1,0,1,19,0,0,6,8,6,11.428571428571429,0,0,6,11,5,11.2,0,10.8,1.4,1.74,2
1,4,1,12,1,3,1,22,28,8,8,1,0,0,1,0,0,27,0,0,8,8,8,12.8875,0,0,8,8,8,12.8875,0,9.4,-0.8,-3.12,2
1,1,2,12,1,1,1,22,1,10,5,1,0,0,1,0,1,18,0,0,7,7,6,12.95,0,0,7,7,6,12.95,0,7.6,2.6,0.32,2
1,1,2,9,1,1,1,13,14,10,10,1,0,0,1,0,0,20,0,0,5,12,1,10.0,2,0,5,5,0,0.0,0,12.7,3.7,-1.7,0
1,1,3,12,1,1,1,1,1,6,6,1,0,0,1,0,1,19,0,0,7,7,7,13.094285714285714,0,0,8,8,8,12.55,0,12.4,0.5,1.79,2
1,1,4,14,1,1,1,1,1,8,8,1,0,0,1,0,0,20,0,0,6,7,0,0.0,0,0,6,6,0,0.0,0,16.2,0.3,-0.92,0
1,8,2,10,1,1,1,13,28,8,7,1,0,0,1,0,1,19,0,0,6,12,5,11.714285714285714,0,0,6,11,6,11.0,0,12.7,3.7,-1.7,2
1,8,5,10,1,1,1,13,1,6,6,1,0,0,1,0,0,20,0,0,6,8,4,11.25,0,0,6,15,3,10.0,0,9.4,-0.8,-3.12,1
1,1,1,2,1,1,1,23,14,8,11,0,0,0,1,0,0,20,0,0,0,0,0,0.0,0,0,0,0,0,0.0,0,15.5,2.8,-4.06,0
1,1,1,16,1,1,1,22,27,10,6,0,0,0,1,0,0,18,0,0,6,6,6,13.166666666666666,0,0,6,6,6,13.333333333333334,0,7.6,2.6,0.32,2
1,1,1,6,1,1,1,13,1,6,5,1,0,0,1,0,0,20,0,0,5,7,4,12.75,0,0,5,5,5,13.4,0,10.8,1.4,1.74,2
2,12,1,17,0,1,1,22,27,10,10,0,0,0,0,0,0,38,0,0,5,6,5,10.6,0,0,5,9,2,11.0,0,12.7,3.7,-1.7,0
4,12,1,3,0,1,1,22,27,10,8,0,0,0,1,0,0,42,0,0,6,8,5,11.2,0,0,6,6,6,12.0,0,8.9,1.4,3.51,2
1,12,1,12,1,1,1,22,27,10,7,0,0,0,1,0,0,32,0,0,7,0,0,0.0,0,0,8,0,0,0.0,0,13.9,-0.3,0.79,0
1,6,1,15,1,1,12,13,14,5,6,1,0,0,1,0,0,22,1,0,6,6,6,13.0,0,0,6,6,6,13.666666666666666,0,12.4,0.5,1.79,2
2,12,1,17,0,1,1,19,24,12,12,1,0,0,1,0,0,28,0,0,5,10,0,0.0,0,0,5,5,0,0.0,0,7.6,2.6,0.32,0
2,12,1,3,0,7,1,22,27,9,11,1,0,0,1,0,0,37,0,0,6,0,0,0.0,0,0,6,0,0,0.0,0,9.4,-0.8,-3.12,0
2,15,1,4,1,14,1,22,28,10,5,0,0,0,1,0,0,43,0,0,6,8,6,14.166666666666666,0,0,6,9,6,15.0,0,15.5,2.8,-4.06,2
6,12,1,3,0,1,1,22,1,10,8,0,0,0,1,0,1,41,0,0,6,10,5,12.833333333333334,0,0,6,6,6,12.333333333333334,0,13.9,-0.3,0.79,2
4,12,1,3,0,12,1,22,27,10,4,0,0,0,1,0,1,29,0,0,6,11,4,11.75,0,0,6,9,5,10.4,0,10.8,1.4,1.74,2
1,12,1,3,0,1,1,22,27,10,10,0,0,0,1,0,1,35,0,0,6,8,6,10.833333333333334,0,0,6,7,6,11.5,0,10.8,1.4,1.74,2
1,8,6,10,1,1,1,1,3,5,3,1,0,0,1,0,0,18,0,0,6,8,4,11.75,0,0,6,8,4,12.25,0,9.4,-0.8,-3.12,0
1,12,1,12,1,12,1,22,27,10,7,0,0,0,0,0,1,39,0,0,7,14,3,11.5,0,0,7,9,2,10.5,0,16.2,0.3,-0.92,0
4,12,1,17,0,1,1,22,27,10,10,0,0,0,1,0,0,37,0,0,5,14,2,10.0,0,0,5,7,3,11.333333333333334,0,12.7,3.7,-1.7,1
1,12,1,12,1,1,1,22,27,10,8,1,0,0,1,0,1,26,0,0,7,7,6,13.7,0,0,7,7,6,13.7,0,7.6,2.6,0.32,2
1,4,1,6,1,3,1,13,15,5,12,1,0,0,1,0,0,32,0,0,5,8,1,14.0,2,0,5,12,0,0.0,4,10.8,1.4,1.74,0
2,12,1,3,0,1,1,22,27,7,9,0,0,1,1,0,0,37,0,3,8,12,7,11.375,0,2,7,10,6,12.166666666666666,0,13.9,-0.3,0.79,1
1,12,1,6,1,1,1,22,14,29,35,1,0,1,1,0,0,28,0,0,6,17,0,0.0,0,0,6,6,0,0.0,0,8.9,1.4,3.51,1
1,1,1,10,1,1,1,13,27,1,1,1,0,0,1,0,0,19,0,0,6,10,0,0.0,4,0,6,0,0,0.0,0,7.6,2.6,0.32,0
1,1,5,9,1,1,1,22,28,8,8,1,0,0,1,0,0,18,0,0,5,9,1,11.0,0,0,5,9,2,12.5,0,7.6,2.6,0.32,1
1,1,1,16,1,1,1,13,28,10,10,0,0,0,1,0,1,19,0,0,7,10,6,13.0,0,0,7,7,7,13.285714285714286,0,12.4,0.5,1.79,2
2,4,1,14,1,3,1,22,27,8,8,0,0,0,1,0,0,32,0,4,11,15,8,13.6,0,2,8,10,8,15.11111111111111,0,13.9,-0.3,0.79,2
2,12,1,9,1,1,1,22,27,10,10,1,0,0,1,0,0,31,0,0,5,8,3,11.0,0,0,5,9,2,11.5,0,7.6,2.6,0.32,0
1,12,1,12,1,1,1,3,1,3,6,1,0,0,1,0,0,34,0,0,8,11,7,11.705714285714285,0,0,8,11,7,11.705714285714285,0,10.8,1.4,1.74,1
1,1,3,2,1,1,1,1,1,4,4,1,0,0,1,0,0,20,0,6,12,12,12,13.25,0,4,11,14,11,14.333333333333334,0,8.9,1.4,3.51,2
1,12,1,12,1,12,1,23,28,10,10,0,0,0,1,0,0,28,0,0,7,15,1,10.75,0,0,7,10,1,10.0,0,13.9,-0.3,0.79,0
1,15,1,17,0,14,1,22,27,7,7,0,0,0,1,0,0,31,0,2,6,8,6,12.0,0,2,7,8,7,13.428571428571429,0,9.4,-0.8,-3.12,1
1,1,1,15,1,1,1,13,28,5,11,1,0,0,1,0,0,18,0,0,6,7,6,12.666666666666666,0,0,6,8,4,12.25,0,7.6,2.6,0.32,1
4,12,1,3,0,12,1,22,27,12,8,0,0,0,0,0,0,31,0,0,6,8,5,11.4,0,0,6,9,3,11.0,0,9.4,-0.8,-3.12,0
1,1,3,15,1,1,1,13,14,6,6,1,0,0,1,0,0,19,0,0,6,6,6,13.0,0,0,6,8,5,12.4,0,12.4,0.5,1.79,2
1,1,1,10,1,1,1,22,14,10,5,1,0,0,1,0,1,19,0,0,6,8,6,14.0,0,0,6,8,6,12.285714285714286,0,16.2,0.3,-0.92,2
2,12,1,10,1,12,1,22,27,10,10,1,0,0,1,0,0,31,0,0,6,11,0,0.0,0,0,5,10,0,0.0,0,9.4,-0.8,-3.12,1
1,4,1,6,1,3,1,1,14,10,11,0,0,0,1,0,0,34,0,0,6,0,0,0.0,0,0,6,0,0,0.0,0,15.5,2.8,-4.06,0
1,7,1,13,1,1,1,22,27,10,8,1,0,0,1,0,1,18,0,0,7,7,7,15.285714285714286,0,0,8,8,8,16.075,0,12.4,0.5,1.79,2
1,8,2,11,1,1,1,22,27,8,8,1,0,0,1,0,0,18,0,0,6,6,6,13.166666666666666,0,0,6,6,6,12.666666666666666,0,11.1,0.6,2.02,2
1,1,1,9,1,1,1,3,14,4,4,0,0,1,1,1,0,19,0,0,5,7,5,13.6,0,0,5,11,5,12.833333333333334,5,16.2,0.3,-0.92,2
1,8,2,15,1,1,1,3,5,1,3,1,0,0,0,1,1,22,0,0,4,8,0,0.0,0,0,4,8,0,0.0,0,7.6,2.6,0.32,0
2,14,1,14,1,1,1,19,24,1,1,0,0,0,1,1,0,32,0,6,10,12,10,11.4,0,4,9,9,4,11.5,0,7.6,2.6,0.32,2
1,12,1,9,1,1,1,22,3,10,3,0,0,0,1,1,0,61,0,0,5,0,0,0.0,0,0,5,0,0,0.0,0,15.5,2.8,-4.06,0
1,12,1,17,0,1,1,22,27,10,10,1,0,0,1,1,0,30,0,0,5,7,5,11.0,0,0,5,5,5,11.6,0,7.6,2.6,0.32,2
2,12,1,17,0,1,1,22,27,10,10,0,0,1,0,1,0,45,0,0,5,9,0,0.0,0,0,5,11,0,0.0,0,12.4,0.5,1.79,0
1,15,1,4,1,14,1,1,14,5,9,0,0,0,1,1,0,20,0,0,6,7,6,13.571428571428571,0,0,6,6,6,12.666666666666666,0,12.4,0.5,1.79,2
1,9,5,12,1,1,1,13,1,2,11,0,0,0,1,0,0,19,0,0,7,0,0,0.0,0,0,8,0,0,0.0,0,9.4,-0.8,-3.12,0
1,13,1,7,1,1,1,3,1,3,10,1,0,0,1,1,0,26,0,4,10,14,4,11.25,0,4,11,11,4,12.0,0,7.6,2.6,0.32,0
1,8,4,14,1,1,1,1,1,5,12,1,0,0,1,1,0,19,0,0,5,6,3,13.333333333333334,0,0,5,5,1,11.0,0,7.6,2.6,0.32,0
1,8,1,15,1,1,1,13,27,10,10,0,0,0,1,1,1,19,0,0,6,6,6,12.0,0,0,6,7,6,11.666666666666666,0,16.2,0.3,-0.92,2
1,1,3,15,1,1,1,23,1,10,5,1,0,0,1,1,0,19,0,0,6,6,6,12.5,0,0,6,7,5,13.0,0,12.4,0.5,1.79,2
1,1,1,9,1,1,1,1,14,6,6,1,0,0,1,1,1,19,0,0,5,6,5,13.2,0,0,5,6,5,12.666666666666666,0,16.2,0.3,-0.92,2
1,1,3,14,1,1,1,11,9,1,1,1,0,0,0,1,0,19,0,0,5,5,0,0.0,0,0,4,4,0,0.0,0,7.6,2.6,0.32,0
1,12,1,14,1,1,1,19,24,1,1,1,0,0,0,1,0,28,0,0,5,7,3,11.666666666666666,0,0,5,8,2,11.5,1,7.6,2.6,0.32,0
1,14,1,9,1,1,1,22,27,10,10,0,0,0,1,1,0,24,0,10,15,16,15,13.466666666666669,1,10,14,14,14,13.642857142857142,0,9.4,-0.8,-3.12,2
1,1,1,8,1,1,1,3,1,3,5,0,0,0,1,1,0,18,0,0,5,7,3,13.666666666666666,0,0,5,5,5,13.2,0,7.6,2.6,0.32,2
1,1,2,7,1,1,1,23,28,6,6,0,0,0,1,1,0,18,0,0,5,9,2,11.666666666666666,0,0,5,9,2,12.5,2,7.6,2.6,0.32,1
1,1,1,15,1,1,1,1,3,4,8,1,0,0,1,1,1,18,0,0,6,7,6,11.666666666666666,0,0,6,12,5,10.2,0,12.4,0.5,1.79,2
1,15,1,4,1,14,1,4,1,3,9,0,0,0,1,1,0,21,0,0,6,9,5,13.4,0,0,6,9,5,12.4,0,8.9,1.4,3.51,2
2,12,1,17,0,1,1,13,27,10,6,0,0,0,0,1,0,28,0,0,5,5,0,0.0,0,0,5,6,0,0.0,0,12.4,0.5,1.79,0
1,12,1,4,1,9,1,22,14,10,11,0,0,0,1,1,0,58,0,0,6,9,0,0.0,0,0,6,6,0,0.0,0,13.9,-0.3,0.79,0
2,12,1,17,0,1,1,19,24,1,1,1,0,0,0,1,0,49,0,0,5,5,0,0.0,0,0,5,5,0,0.0,0,7.6,2.6,0.32,0
1,12,1,7,1,1,1,1,28,4,6,0,0,0,1,1,0,24,0,0,5,6,3,10.666666666666666,0,0,5,9,2,10.5,0,15.5,2.8,-4.06,1
1,14,1,14,1,1,1,19,24,1,1,0,0,0,1,1,0,25,0,0,5,5,4,13.75,0,0,5,5,4,14.75,0,7.6,2.6,0.32,2
4,13,1,9,1,1,1,22,28,8,4,1,0,0,1,1,0,33,0,0,5,5,1,10.0,0,0,5,5,0,0.0,0,7.6,2.6,0.32,0
2,12,2,7,1,12,1,22,27,8,8,0,0,0,0,1,0,33,0,0,5,11,0,0.0,0,0,5,5,0,0.0,0,9.4,-0.8,-3.12,0
2,14,1,16,1,1,1,22,27,8,8,0,0,0,1,1,0,40,0,0,2,4,1,16.0,0,0,4,5,4,15.5,0,13.9,-0.3,0.79,2
2,12,1,17,0,1,1,22,14,10,4,0,0,0,1,1,0,48,0,0,5,9,5,12.285714285714286,0,0,5,8,5,11.125,0,16.2,0.3,-0.92,2
1,8,3,7,1,1,1,1,14,10,4,1,0,1,0,1,0,18,0,0,5,10,3,12.0,0,0,5,8,3,10.333333333333334,0,8.9,1.4,3.51,1
1,12,1,12,1,12,1,23,28,10,9,1,0,0,1,1,0,24,0,0,7,7,6,12.666666666666666,1,0,7,7,6,12.666666666666666,1,7.6,2.6,0.32,2
2,1,1,6,1,1,1,13,14,30,29,0,0,0,1,1,1,23,0,0,5,6,5,11.8,0,0,5,7,4,13.25,1,10.8,1.4,1.74,2
1,12,1,17,0,12,1,13,27,8,6,1,0,1,0,1,0,39,0,0,5,6,5,10.6,0,0,5,7,5,14.666666666666666,0,10.8,1.4,1.74,0
1,9,1,4,1,1,1,1,28,10,7,0,0,0,1,1,0,21,0,5,11,16,9,11.9,0,3,9,14,8,12.25,0,15.5,2.8,-4.06,2
1,13,1,7,1,6,1,20,25,7,7,1,0,0,1,1,0,34,0,4,6,8,4,11.25,0,1,5,8,2,10.5,0,7.6,2.6,0.32,0
2,12,1,17,0,1,1,13,14,5,5,0,0,0,1,1,1,41,0,0,5,9,4,11.0,0,0,5,6,5,11.4,0,8.9,1.4,3.51,1
1,1,1,15,1,1,1,1,28,5,6,0,0,0,1,1,0,18,0,0,6,6,6,12.0,0,0,6,6,6,12.5,0,12.7,3.7,-1.7,2
2,12,1,17,0,1,1,23,28,10,4,0,0,0,1,1,0,34,0,0,5,10,4,11.75,0,0,5,10,4,10.833333333333334,0,13.9,-0.3,0.79,1
1,1,1,9,1,1,1,1,1,3,11,0,0,0,1,1,0,19,0,0,5,8,2,10.0,0,0,5,8,1,16.0,0,7.6,2.6,0.32,0
1,1,1,12,1,1,1,13,14,4,4,0,0,0,1,1,0,19,0,0,8,8,7,13.714285714285714,0,0,8,8,7,13.714285714285714,0,12.7,3.7,-1.7,2
1,4,1,4,1,4,1,1,1,5,7,0,0,0,1,1,0,28,0,0,6,14,6,14.875,0,0,6,12,6,15.8,0,16.2,0.3,-0.92,2
1,8,1,5,1,1,1,1,1,6,1,1,0,0,1,1,0,18,0,0,6,7,5,10.8,1,0,6,6,0,0.0,0,7.6,2.6,0.32,0
1,1,1,10,1,1,1,2,2,4,5,1,0,0,1,1,0,19,0,0,6,11,3,12.0,0,0,6,12,2,10.0,0,11.1,0.6,2.02,0
1,8,2,6,1,1,1,13,28,10,2,1,0,1,0,1,0,19,0,0,6,10,5,12.5,0,0,6,19,2,13.5,0,12.4,0.5,1.79,0
1,8,1,12,1,1,1,1,3,10,3,1,0,0,1,0,0,18,0,0,7,7,7,14.728571428571428,0,0,8,11,8,16.327272727272728,0,16.2,0.3,-0.92,2
1,1,1,8,1,1,1,3,3,3,3,1,0,0,1,0,0,18,0,0,6,8,6,12.0,0,0,6,8,5,14.8,0,12.4,0.5,1.79,2
1,1,1,15,1,1,1,1,3,4,4,1,0,0,1,0,0,18,0,0,6,8,6,11.428571428571429,0,0,6,7,6,11.0,0,11.1,0.6,2.02,0
1,15,2,10,1,14,1,3,14,5,10,1,0,0,1,0,0,19,0,3,6,6,6,14.166666666666666,0,2,6,6,6,13.5,0,12.4,0.5,1.79,2
2,4,1,10,1,3,1,22,27,29,43,0,0,0,1,0,0,31,0,1,6,12,5,12.5,0,0,6,10,5,14.6,0,12.7,3.7,-1.7,2
1,12,1,3,0,1,1,22,27,10,9,0,0,0,1,0,1,33,0,0,6,6,6,14.166666666666666,0,0,6,6,6,14.333333333333334,0,12.7,3.7,-1.7,2
1,1,3,12,1,1,1,3,1,19,26,1,0,0,1,0,1,20,0,0,7,10,5,14.46,0,0,7,8,6,13.55,0,12.4,0.5,1.79,1
1,15,1,6,1,14,3,13,1,7,5,1,0,0,1,0,0,22,1,0,6,12,5,12.8,0,0,6,19,2,11.5,0,12.4,0.5,1.79,1
1,8,1,11,1,1,1,1,14,4,4,1,0,0,1,0,0,19,0,0,6,8,6,12.666666666666666,0,0,6,8,5,13.4,0,11.1,0.6,2.02,2
1,1,3,5,1,1,1,19,24,1,1,1,0,0,1,0,0,18,0,0,6,6,6,12.5,0,0,6,6,6,13.0,0,7.6,2.6,0.32,0
1,8,3,5,1,1,1,23,1,6,6,0,1,0,1,0,0,18,0,0,6,0,0,0.0,0,0,6,0,0,0.0,0,15.5,2.8,-4.06,0
1,1,5,14,1,1,1,13,28,10,10,1,0,0,0,0,0,18,0,0,6,0,0,0.0,0,0,6,0,0,0.0,0,8.9,1.4,3.51,0
1,1,1,2,1,1,1,3,4,3,6,1,0,0,1,0,0,18,0,0,0,0,0,0.0,0,0,0,0,0,0.0,0,11.1,0.6,2.02,2
1,8,2,9,1,1,1,13,14,8,8,1,0,0,1,0,1,19,0,0,5,8,5,11.2,0,0,5,5,3,11.0,0,12.4,0.5,1.79,2
1,8,2,10,1,1,1,1,3,4,5,1,0,0,1,0,0,18,0,0,6,6,6,16.5,0,0,6,7,6,17.428571428571427,0,11.1,0.6,2.02,0
1,8,1,6,1,1,1,3,14,6,6,1,0,0,1,0,0,18,0,0,5,9,3,13.666666666666666,1,0,5,5,5,12.0,0,12.7,3.7,-1.7,2
1,8,6,12,1,1,1,22,27,10,7,1,0,0,1,0,1,18,0,0,8,8,7,15.228571428571428,0,0,8,8,7,15.228571428571428,0,12.7,3.7,-1.7,2
1,17,1,10,1,16,1,22,27,10,11,1,0,0,1,0,0,21,0,5,9,10,9,12.77777777777778,0,4,9,9,9,13.22222222222222,0,8.9,1.4,3.51,2
1,1,1,12,1,1,1,13,27,6,6,0,0,0,1,0,1,18,0,0,8,8,7,14.428571428571429,0,0,8,8,7,14.428571428571429,0,12.7,3.7,-1.7,2
1,8,3,14,1,1,1,1,28,4,4,1,0,0,1,0,0,18,0,0,6,8,6,13.875,0,0,6,7,6,13.714285714285714,0,11.1,0.6,2.02,2
1,1,2,12,1,1,1,13,14,10,11,1,0,0,1,0,0,18,0,0,7,10,7,13.128,0,0,8,13,6,13.193333333333332,0,15.5,2.8,-4.06,2
1,8,1,12,1,1,1,13,1,5,4,1,0,0,1,0,0,20,0,0,7,9,6,11.605,0,0,8,10,7,12.4125,0,16.2,0.3,-0.92,2
1,8,1,9,1,1,1,1,28,5,6,0,0,0,1,0,1,18,0,0,5,5,5,14.6,0,0,5,8,5,12.0,0,12.7,3.7,-1.7,2
1,1,2,15,1,1,1,13,1,5,6,1,0,0,1,0,0,18,0,0,6,0,0,0.0,0,0,6,0,0,0.0,0,11.1,0.6,2.02,0
1,9,2,9,1,1,1,22,28,29,28,1,0,0,1,0,1,20,0,0,5,6,5,11.8,0,0,5,6,5,11.6,0,8.9,1.4,3.51,2
1,8,1,11,1,1,1,13,14,10,9,1,0,0,1,0,0,20,0,0,6,6,6,12.333333333333334,0,0,6,6,6,12.333333333333334,0,12.4,0.5,1.79,2
1,8,1,9,1,1,1,22,1,10,10,1,0,1,1,0,1,19,0,0,5,5,4,11.0,0,0,5,5,0,0.0,0,11.1,0.6,2.02,0
1,16,1,5,1,1,1,3,1,4,6,0,0,0,1,0,1,19,0,5,11,11,11,13.181818181818182,0,5,11,11,11,12.909090909090908,0,11.1,0.6,2.02,2
1,8,4,14,1,1,1,13,27,10,13,1,1,1,0,0,1,18,0,0,6,6,1,11.0,0,0,6,0,0,0.0,0,12.7,3.7,-1.7,0
1,8,3,15,1,1,1,1,1,5,10,1,0,1,1,0,1,19,0,0,6,6,6,11.833333333333334,0,0,6,7,6,12.285714285714286,0,15.5,2.8,-4.06,2
1,1,2,12,1,1,1,1,28,5,8,1,0,0,1,0,1,20,0,0,8,8,8,12.98125,0,0,8,8,8,12.98125,0,9.4,-0.8,-3.12,2
1,15,1,9,1,14,1,13,1,5,10,1,0,0,1,0,0,21,0,4,7,10,6,11.333333333333334,0,1,5,6,5,11.2,0,11.1,0.6,2.02,2
1,14,2,12,1,1,1,26,3,3,3,0,0,0,1,0,0,21,0,0,8,12,6,11.68,0,0,8,12,6,11.68,0,10.8,1.4,1.74,2
1,8,1,5,1,1,1,23,28,10,10,0,0,0,1,0,0,20,0,0,6,6,6,14.5,0,0,6,7,6,13.5,0,11.1,0.6,2.02,2
1,9,2,16,1,1,1,23,28,29,36,1,0,0,1,0,0,19,0,0,7,7,7,13.142857142857142,0,0,7,8,7,12.857142857142858,0,8.9,1.4,3.51,2
1,8,3,6,1,1,1,1,14,5,12,0,0,0,0,0,0,21,0,0,5,8,2,11.5,0,0,5,7,2,10.5,0,7.6,2.6,0.32,0
1,1,1,6,1,1,1,18,14,5,12,0,0,0,1,0,0,18,0,0,5,6,5,14.2,0,0,5,7,5,11.8,0,7.6,2.6,0.32,2
1,1,5,11,1,1,1,13,27,10,10,0,0,0,1,0,1,19,0,0,6,8,5,11.666666666666666,0,0,6,7,5,12.2,0,8.9,1.4,3.51,2
1,8,2,12,1,1,1,13,14,10,5,1,0,0,1,0,0,18,0,0,7,8,7,13.175,0,0,8,8,8,14.875,0,13.9,-0.3,0.79,2
1,1,4,12,1,1,1,1,1,10,10,1,0,0,1,0,1,19,0,0,8,8,7,13.314285714285717,0,0,8,8,7,13.314285714285717,0,12.7,3.7,-1.7,2
1,1,2,9,1,1,1,1,14,5,4,1,0,0,1,0,1,18,0,0,5,13,3,10.6,0,0,5,12,3,10.5,0,13.9,-0.3,0.79,2
1,1,1,16,1,1,1,13,27,6,8,0,0,0,1,0,1,18,0,0,6,11,4,12.0,0,0,6,8,4,10.75,0,15.5,2.8,-4.06,1
1,1,1,15,1,1,1,22,27,9,9,0,0,0,1,0,0,18,0,0,6,7,6,13.428571428571429,0,0,6,7,6,14.142857142857142,0,13.9,-0.3,0.79,2
1,8,1,6,1,1,1,1,27,10,10,1,0,0,1,0,1,18,0,0,5,7,4,13.25,0,0,5,8,5,15.571428571428571,0,10.8,1.4,1.74,2
1,8,1,5,1,1,1,23,14,8,8,1,0,0,1,0,0,18,0,0,6,6,2,13.0,0,0,6,6,0,0.0,0,12.4,0.5,1.79,0
1,1,3,5,1,1,1,1,28,10,8,0,0,0,1,0,1,18,0,0,6,6,6,14.333333333333334,0,0,6,7,6,14.0,0,11.1,0.6,2.02,1
1,8,1,10,1,1,1,1,28,10,8,0,0,0,1,0,0,18,0,0,6,0,0,0.0,0,0,6,0,0,0.0,0,11.1,0.6,2.02,0
1,1,1,10,1,1,1,1,3,5,3,0,0,0,1,0,0,18,0,0,6,6,6,14.0,0,0,6,6,6,13.166666666666666,0,10.8,1.4,1.74,2
1,13,1,6,1,1,1,1,28,5,10,1,0,0,1,0,1,20,0,1,2,2,2,12.0,0,1,6,11,6,12.833333333333334,0,13.9,-0.3,0.79,2
1,1,1,16,1,1,1,3,1,3,6,0,0,0,1,0,0,18,0,0,6,9,5,12.333333333333334,0,0,6,10,5,10.6,0,15.5,2.8,-4.06,1
1,8,4,5,1,1,1,1,14,5,6,1,0,0,1,0,0,18,0,0,6,8,5,11.8,0,0,6,7,5,10.4,1,16.2,0.3,-0.92,2
1,9,6,12,1,1,1,22,27,10,8,0,0,0,1,0,1,20,0,0,8,8,7,12.791428571428572,1,0,8,8,7,12.791428571428572,1,10.8,1.4,1.74,2
4,14,1,14,1,1,1,22,27,10,7,0,0,0,1,0,0,40,0,4,8,8,8,11.625,0,3,7,12,5,11.2,0,9.4,-0.8,-3.12,2
1,1,6,12,1,1,1,23,28,10,10,1,0,0,1,0,1,18,0,0,7,11,6,11.994444444444444,0,0,8,11,7,12.43142857142857,0,15.5,2.8,-4.06,2
1,1,5,11,1,1,1,13,14,5,8,1,0,0,1,0,0,19,0,0,6,9,5,11.6,0,0,6,12,5,12.2,0,13.9,-0.3,0.79,2
1,4,1,17,0,15,1,1,14,5,10,0,0,0,1,0,0,24,0,0,5,5,0,0.0,0,0,5,6,0,0.0,0,12.4,0.5,1.79,0
1,1,3,15,1,1,1,3,28,3,11,1,0,0,1,0,0,19,0,0,6,8,6,13.166666666666666,0,0,6,7,6,13.166666666666666,0,10.8,1.4,1.74,0
1,1,6,12,1,1,1,2,1,5,5,1,0,0,1,0,0,19,0,0,8,8,7,14.1,0,0,8,8,7,14.1,0,10.8,1.4,1.74,2
1,1,1,12,1,1,1,1,14,10,7,1,0,0,1,0,1,20,0,0,7,8,6,12.396666666666668,0,0,8,9,7,12.94285714285714,0,11.1,0.6,2.02,2
1,1,1,12,1,1,1,23,28,6,6,0,0,0,1,0,0,18,0,0,7,7,7,15.014285714285714,0,0,8,8,8,16.0875,0,12.4,0.5,1.79,2
1,1,1,2,1,1,1,1,28,5,9,1,0,0,1,0,1,18,0,0,0,0,0,0.0,0,0,0,0,0,0.0,0,13.9,-0.3,0.79,2
1,8,2,12,1,1,1,13,27,5,8,1,0,0,1,0,0,19,0,0,7,8,7,14.05,0,0,8,8,8,15.1,0,13.9,-0.3,0.79,2
1,8,3,12,1,1,1,3,3,5,6,1,0,0,1,0,0,18,0,0,7,8,7,14.85,0,0,8,8,8,15.2,0,13.9,-0.3,0.79,0
1,15,1,6,1,14,1,3,3,3,3,1,0,0,1,0,0,19,0,0,6,10,6,13.0,0,0,6,19,5,13.0,0,12.4,0.5,1.79,2
1,1,2,12,1,1,1,22,27,10,8,1,0,0,1,0,1,19,0,0,7,8,7,14.7875,0,0,8,8,8,15.8625,0,13.9,-0.3,0.79,2
1,1,1,12,1,1,1,13,14,6,8,0,0,0,1,0,1,19,0,0,7,7,7,13.7,0,0,8,9,7,14.671428571428574,0,12.4,0.5,1.79,2
1,1,2,12,1,1,1,1,27,5,5,1,0,0,1,0,1,19,0,0,7,7,7,12.495714285714286,0,0,8,9,7,12.242857142857144,0,11.1,0.6,2.02,0
1,1,1,12,1,1,1,1,28,2,8,0,0,0,1,0,0,19,0,0,7,7,6,14.566666666666668,0,0,7,7,6,14.566666666666668,0,7.6,2.6,0.32,2
1,12,1,14,1,9,1,1,14,2,6,1,0,1,0,0,0,25,0,0,5,5,5,11.2,0,0,5,5,4,11.25,0,9.4,-0.8,-3.12,0
1,1,1,12,1,1,1,13,14,5,11,0,0,0,1,0,0,20,0,0,8,8,7,12.685714285714283,0,0,8,8,7,12.685714285714283,0,12.7,3.7,-1.7,2
1,17,1,10,1,16,1,1,14,6,6,0,0,1,0,0,0,23,0,5,9,12,7,13.571428571428571,0,4,9,14,4,13.25,0,8.9,1.4,3.51,0
1,1,1,5,1,1,1,13,14,8,8,0,0,0,1,0,0,20,0,0,6,0,0,0.0,0,0,6,0,0,0.0,0,15.5,2.8,-4.06,0
1,12,1,3,0,1,1,22,9,10,11,0,0,0,1,0,0,27,0,0,6,8,5,11.0,0,0,6,7,6,11.166666666666666,0,11.1,0.6,2.02,2
1,1,1,12,1,1,1,13,1,5,5,0,0,0,1,0,0,18,0,0,8,8,8,14.445,0,0,8,8,8,14.445,0,9.4,-0.8,-3.12,2
1,1,1,16,1,1,1,13,1,6,11,1,0,1,1,0,0,18,0,0,6,9,5,13.6,0,0,6,10,4,11.75,0,9.4,-0.8,-3.12,1
1,4,1,3,0,15,1,13,1,6,11,1,0,1,0,0,0,23,0,7,12,12,11,14.0,0,4,10,11,8,14.625,0,13.9,-0.3,0.79,0
1,1,6,12,1,1,1,23,27,6,7,1,0,0,1,0,1,19,0,0,7,7,6,13.416666666666666,0,0,7,7,6,13.416666666666666,0,7.6,2.6,0.32,2
1,1,1,9,1,1,1,22,28,4,4,0,0,0,1,0,0,18,0,0,5,8,5,12.333333333333334,2,0,5,7,5,11.4,0,15.5,2.8,-4.06,2
1,14,1,12,1,1,1,1,14,10,9,1,0,0,1,0,0,20,0,0,7,8,7,13.1,0,0,8,8,8,14.8125,0,13.9,-0.3,0.79,2
1,1,2,14,1,1,1,13,14,10,10,1,0,0,1,0,0,18,0,0,6,9,4,13.2,0,0,6,10,5,12.8,0,12.4,0.5,1.79,2
1,1,1,12,1,1,1,1,1,5,5,1,0,0,1,0,1,19,0,0,8,8,8,14.75,0,0,8,8,8,14.75,0,9.4,-0.8,-3.12,2
1,15,1,10,1,14,1,13,14,9,9,1,0,0,1,0,1,19,0,3,6,7,6,13.142857142857142,0,2,6,6,6,14.333333333333334,0,12.4,0.5,1.79,2
1,1,1,16,1,1,1,23,27,6,6,0,0,0,1,0,0,19,0,0,6,9,4,12.5,0,0,6,9,5,12.5,0,9.4,-0.8,-3.12,1
1,1,1,6,1,1,1,3,3,2,12,0,0,0,1,0,0,18,0,0,5,6,4,13.75,0,0,5,8,5,14.857142857142858,0,7.6,2.6,0.32,2
1,1,1,10,1,1,1,22,27,10,6,0,0,0,1,0,0,18,0,0,6,11,5,12.4,0,0,6,7,6,13.0,0,9.4,-0.8,-3.12,2
1,1,2,15,1,1,1,13,14,5,8,1,0,0,1,0,0,18,0,0,6,6,6,13.333333333333334,0,0,6,6,6,12.0,0,11.1,0.6,2.02,2
1,2,1,16,1,1,1,13,28,10,10,0,0,0,0,0,0,28,0,11,11,11,11,11.727272727272728,0,8,8,8,8,12.0,0,15.5,2.8,-4.06,0
1,8,1,11,1,1,1,22,27,6,10,1,0,0,1,0,0,19,0,0,6,8,4,12.5,0,0,6,11,1,14.0,0,7.6,2.6,0.32,0
1,14,1,2,1,1,1,3,1,3,4,1,0,1,1,0,0,20,0,0,0,0,0,0.0,0,0,0,0,0,0.0,0,13.9,-0.3,0.79,0
1,1,2,12,1,1,1,1,27,5,10,1,0,0,1,0,1,19,0,0,7,8,6,13.533333333333331,0,0,8,9,7,13.614285714285714,0,12.4,0.5,1.79,2
1,1,1,5,1,1,1,1,14,5,1,0,1,0,1,0,1,20,0,0,6,6,6,13.166666666666666,0,0,6,6,6,12.666666666666666,0,11.1,0.6,2.02,2
1,1,2,11,1,1,1,13,14,10,10,1,0,0,1,0,1,19,0,0,6,9,5,13.2,0,0,6,8,5,11.0,0,12.4,0.5,1.79,2
1,16,1,5,1,1,1,5,1,3,11,1,0,0,1,0,0,21,0,0,6,7,5,12.2,0,0,6,7,4,12.6,0,8.9,1.4,3.51,1
1,1,1,16,1,1,1,1,14,10,5,1,0,0,1,0,1,19,0,0,7,7,7,13.428571428571429,0,0,7,7,7,14.857142857142858,0,11.1,0.6,2.02,2
1,1,2,5,1,1,1,13,1,10,4,1,0,0,1,0,1,18,0,1,6,8,6,12.714285714285714,1,0,6,8,6,12.625,0,13.9,-0.3,0.79,2
1,8,2,8,1,1,1,3,1,3,2,0,0,0,1,0,0,19,0,0,6,0,0,0.0,0,0,6,0,0,0.0,0,15.5,2.8,-4.06,0
1,8,1,14,1,1,1,10,28,10,6,0,0,0,1,0,1,19,0,0,6,6,6,13.666666666666666,0,0,6,9,6,13.666666666666666,0,8.9,1.4,3.51,2
1,1,1,15,1,1,1,23,14,18,16,0,0,1,1,0,0,20,0,0,6,6,5,11.0,0,0,6,6,6,13.166666666666666,0,16.2,0.3,-0.92,2
1,8,2,16,1,1,1,1,1,5,1,1,0,0,1,0,0,18,0,0,7,11,5,11.4,0,0,7,9,6,13.333333333333334,0,13.9,-0.3,0.79,1
1,14,1,2,1,1,1,13,14,6,8,0,0,0,1,0,0,18,0,0,0,0,0,0.0,0,0,0,0,0,0.0,0,15.5,2.8,-4.06,1
1,8,1,8,1,1,1,1,1,5,6,0,0,0,1,0,0,18,0,0,5,7,4,12.0,0,0,5,6,5,12.0,0,7.6,2.6,0.32,2
1,8,3,15,1,1,1,13,14,6,9,0,0,0,1,0,0,18,0,0,6,6,0,0.0,0,0,6,0,0,0.0,0,8.9,1.4,3.51,0
1,8,3,10,1,1,1,22,28,1,8,1,0,0,1,0,0,18,0,0,6,14,5,11.0,0,0,6,6,6,11.666666666666666,0,7.6,2.6,0.32,2
1,9,4,15,1,1,1,13,14,5,5,1,0,0,1,0,0,20,0,0,6,12,5,12.0,0,0,6,8,6,11.571428571428571,0,15.5,2.8,-4.06,0
1,8,3,12,1,1,1,13,1,10,10,1,0,0,1,0,1,19,0,0,7,7,7,13.308571428571428,0,0,8,10,8,12.55,0,12.4,0.5,1.79,2
1,1,1,16,1,1,1,22,27,10,10,1,0,1,0,0,0,21,0,0,6,8,3,13.666666666666666,0,0,6,7,3,10.666666666666666,0,15.5,2.8,-4.06,0
1,8,1,14,1,3,1,10,3,6,9,1,0,1,0,0,0,20,0,0,6,6,0,0.0,0,0,6,9,0,0.0,0,10.8,1.4,1.74,0
1,1,1,11,1,1,1,22,28,10,10,1,0,0,1,0,0,18,0,0,6,10,5,12.2,0,0,6,8,4,11.25,0,9.4,-0.8,-3.12,2
1,1,1,15,1,1,1,1,4,6,4,0,0,0,1,0,1,20,0,0,6,7,6,12.666666666666666,0,0,6,6,6,12.833333333333334,0,10.8,1.4,1.74,2
1,1,2,12,1,1,1,13,27,2,10,1,0,0,1,0,1,19,0,0,8,8,8,14.07125,0,0,8,8,8,14.07125,0,9.4,-0.8,-3.12,2
1,1,1,6,1,6,1,13,14,10,10,1,0,0,1,0,0,22,0,0,5,14,4,14.25,3,0,5,9,5,13.2,4,9.4,-0.8,-3.12,0
1,8,1,8,1,1,1,13,14,10,10,1,0,0,0,0,0,22,0,0,6,0,0,0.0,0,0,2,2,0,0.0,2,9.4,-0.8,-3.12,0
1,1,2,16,1,1,1,23,28,8,6,1,0,0,1,0,0,18,0,0,6,10,3,12.0,0,0,6,8,4,10.25,0,10.8,1.4,1.74,1
1,14,1,9,1,1,1,3,14,10,10,0,0,0,1,0,0,21,0,3,10,18,6,11.166666666666666,2,4,10,16,7,10.571428571428571,0,7.6,2.6,0.32,1
1,1,1,10,1,1,1,13,14,1,6,1,0,0,1,0,0,19,0,0,6,12,2,13.0,0,0,6,8,5,11.6,0,7.6,2.6,0.32,2
1,1,4,2,1,1,1,22,28,10,10,1,0,0,1,0,0,19,0,0,0,0,0,0.0,0,0,0,0,0,0.0,0,10.8,1.4,1.74,0
1,1,2,12,1,1,1,19,24,1,1,1,0,0,1,0,1,20,0,0,8,8,7,14.901428571428571,1,0,8,8,7,14.901428571428571,1,9.4,-0.8,-3.12,0
1,1,3,12,1,1,1,23,14,9,9,1,0,1,1,0,1,18,0,0,7,8,7,12.65,0,0,8,9,8,12.445555555555554,0,15.5,2.8,-4.06,2
1,16,1,17,0,16,1,13,27,6,10,0,0,0,0,0,0,22,0,7,12,12,7,11.0,0,5,5,5,5,10.6,0,8.9,1.4,3.51,0
1,8,4,6,1,1,1,13,26,12,8,1,0,0,1,0,0,20,0,0,5,7,4,12.4,0,0,5,9,5,12.666666666666666,0,7.6,2.6,0.32,2
1,15,1,4,1,14,1,23,28,7,7,0,0,0,1,0,0,19,0,0,6,7,6,12.0,0,0,6,7,6,12.666666666666666,0,12.4,0.5,1.79,2
1,1,5,12,1,1,1,1,14,7,8,1,0,0,1,0,1,19,0,0,7,8,7,12.135714285714286,0,0,8,10,7,13.328571428571427,0,12.4,0.5,1.79,2
1,1,2,12,1,1,1,23,14,10,8,1,0,0,1,0,1,20,0,0,7,10,5,12.62,0,0,7,8,6,12.5,0,11.1,0.6,2.02,1
1,12,1,17,0,1,1,23,28,4,4,0,0,0,1,0,0,25,0,0,5,11,3,10.666666666666666,0,0,5,11,3,11.333333333333334,0,15.5,2.8,-4.06,1
1,1,1,12,1,1,1,13,14,10,8,0,0,0,1,0,1,19,0,0,7,12,6,13.766666666666666,0,0,8,10,7,14.051428571428572,0,15.5,2.8,-4.06,2
1,9,1,12,1,1,1,23,27,10,8,1,0,0,1,0,0,19,0,0,8,8,8,13.11625,0,0,8,8,8,13.11625,0,9.4,-0.8,-3.12,2
1,1,1,5,1,1,1,3,28,2,10,1,0,0,0,0,0,19,0,0,5,5,0,0.0,0,0,6,0,0,0.0,0,10.8,1.4,1.74,0
1,1,1,12,1,1,1,23,14,10,6,0,0,0,1,0,0,20,0,0,7,9,6,12.7,0,0,8,8,7,13.571428571428571,0,13.9,-0.3,0.79,2
1,12,2,13,1,1,1,22,27,10,10,1,0,0,1,0,0,25,0,0,7,11,7,11.857142857142858,0,0,8,21,5,11.7,0,12.4,0.5,1.79,1
1,8,1,12,1,1,1,13,28,6,10,1,0,0,1,0,1,20,0,0,7,7,6,12.333333333333334,0,0,7,7,6,12.333333333333334,0,7.6,2.6,0.32,2
1,12,1,10,1,1,1,23,14,10,10,1,0,0,1,0,0,24,0,0,6,9,4,15.75,0,0,6,10,5,16.4,0,9.4,-0.8,-3.12,1
1,1,3,14,1,1,1,1,1,6,6,0,0,0,1,0,0,20,0,0,5,6,5,13.333333333333334,0,0,5,6,5,13.2,0,7.6,2.6,0.32,2
1,13,1,12,1,1,1,1,14,5,9,1,0,0,1,0,0,21,0,4,7,9,7,14.355555555555554,0,5,8,8,8,13.49375,0,15.5,2.8,-4.06,2
1,15,1,4,1,14,1,22,28,10,10,0,0,1,1,0,1,19,0,0,6,8,6,13.0,0,0,6,11,5,13.0,0,15.5,2.8,-4.06,2
1,1,1,15,1,1,1,23,27,10,10,0,0,0,1,0,1,19,0,0,6,6,6,12.833333333333334,0,0,6,6,6,13.5,0,16.2,0.3,-0.92,2
1,1,2,14,1,1,1,22,28,10,10,0,0,0,1,0,1,21,0,0,5,5,5,13.2,0,0,5,5,4,13.0,0,9.4,-0.8,-3.12,2
1,12,1,12,1,3,1,3,27,3,11,0,0,0,1,0,0,28,0,0,7,9,7,17.005555555555556,0,1,8,9,8,16.582222222222224,0,15.5,2.8,-4.06,2
1,1,1,10,1,1,1,22,28,10,10,1,0,1,0,0,1,19,0,0,6,8,5,10.6,0,0,6,8,5,11.0,0,10.8,1.4,1.74,2
1,1,1,9,1,1,1,22,27,10,7,0,0,0,1,0,1,18,0,0,5,5,5,14.0,0,0,5,6,5,13.6,0,12.4,0.5,1.79,2
5,8,5,12,1,1,1,22,28,6,9,1,0,0,1,0,1,18,0,0,8,8,7,12.114285714285714,0,0,8,8,7,12.114285714285714,0,12.7,3.7,-1.7,2
1,1,3,12,1,1,1,13,27,8,8,1,0,0,1,0,1,18,0,0,8,8,8,13.05875,0,0,8,8,8,13.05875,0,9.4,-0.8,-3.12,2
1,13,1,12,1,1,1,1,2,10,4,1,0,0,1,0,0,22,0,4,8,8,7,13.285714285714286,0,4,8,8,7,13.285714285714286,0,12.7,3.7,-1.7,2
1,1,1,9,1,1,1,22,27,32,36,1,0,0,1,0,0,19,0,0,5,9,4,11.0,0,0,5,8,3,10.666666666666666,0,12.4,0.5,1.79,1
1,1,1,12,1,1,1,13,1,10,6,0,0,0,1,0,1,18,0,0,7,7,7,14.071428571428571,0,0,8,8,8,15.1625,0,13.9,-0.3,0.79,2
1,8,1,11,1,1,1,22,27,6,7,0,0,0,0,0,0,20,0,0,6,0,0,0.0,0,0,6,0,0,0.0,0,15.5,2.8,-4.06,0
1,15,1,2,1,14,1,22,27,6,7,0,0,0,0,0,0,26,0,4,9,9,4,11.25,0,3,10,12,3,11.0,0,12.4,0.5,1.79,0
1,1,3,5,1,1,1,22,28,10,10,1,0,0,1,0,1,18,0,0,6,6,6,14.0,0,0,6,8,6,13.625,0,10.8,1.4,1.74,2
1,1,1,11,1,1,1,1,28,5,10,1,0,0,1,0,1,21,0,0,6,8,6,12.166666666666666,0,0,6,11,3,11.666666666666666,0,10.8,1.4,1.74,0
1,8,4,12,1,1,1,23,27,4,4,1,0,0,1,0,0,18,0,0,8,8,7,13.297142857142855,0,0,8,8,7,13.297142857142855,0,10.8,1.4,1.74,2
1,1,1,6,1,1,1,13,14,5,7,1,0,0,1,0,0,20,0,0,6,14,6,13.923076923076923,0,0,6,9,6,14.25,0,15.5,2.8,-4.06,2
1,1,6,12,1,1,1,23,14,6,7,1,0,0,1,0,0,18,0,0,7,11,7,13.37,0,0,8,13,7,12.833333333333334,0,15.5,2.8,-4.06,2
1,8,6,9,1,1,1,13,28,8,10,0,0,0,1,0,1,19,0,0,5,5,5,12.4,0,0,5,8,3,11.0,0,12.7,3.7,-1.7,1
1,1,1,14,1,1,1,1,1,3,3,1,0,0,1,0,0,20,0,0,5,5,4,15.0,0,0,5,5,4,13.75,0,7.6,2.6,0.32,0
1,1,1,16,1,1,1,13,14,10,6,0,0,1,1,0,1,18,0,0,6,6,6,13.333333333333334,0,0,6,7,6,12.571428571428571,0,12.7,3.7,-1.7,2
1,7,2,9,1,1,1,22,27,10,10,1,0,0,1,0,1,20,0,0,5,8,3,12.0,0,0,5,9,4,12.625,0,10.8,1.4,1.74,1
1,1,2,3,0,1,1,13,9,1,1,1,0,0,1,0,0,22,0,0,6,7,5,13.4,0,0,6,9,5,12.2,0,7.6,2.6,0.32,2
1,1,1,2,1,1,1,13,28,5,6,1,0,0,1,0,0,18,0,0,0,0,0,0.0,0,0,0,0,0,0.0,0,7.6,2.6,0.32,1
1,16,1,17,0,1,1,13,28,6,8,0,0,0,1,0,0,21,0,1,5,9,4,11.5,0,1,5,5,5,11.4,0,8.9,1.4,3.51,2
1,9,2,16,1,1,1,1,1,10,1,0,0,0,1,0,0,18,0,0,7,12,6,12.0,0,0,7,11,6,12.166666666666666,0,13.9,-0.3,0.79,1
1,1,1,12,1,1,1,13,14,5,5,0,0,0,1,0,0,18,0,0,8,8,7,13.485714285714284,0,0,8,8,7,13.485714285714284,0,12.7,3.7,-1.7,2
1,1,1,5,1,1,1,10,14,5,6,0,1,0,1,0,1,18,0,0,6,6,6,12.0,0,0,6,8,6,11.285714285714286,0,8.9,1.4,3.51,2
1,8,1,2,1,1,1,22,27,10,2,1,0,0,1,0,0,19,0,0,0,0,0,0.0,0,0,0,0,0,0.0,0,15.5,2.8,-4.06,0
1,8,3,9,1,1,1,1,14,4,6,1,0,0,1,0,0,19,0,0,5,7,3,10.333333333333334,0,0,5,11,3,14.428571428571429,0,10.8,1.4,1.74,1
1,1,1,12,1,1,1,23,1,10,5,1,0,0,1,0,0,19,0,0,7,10,5,12.94,0,0,7,7,5,13.76,0,16.2,0.3,-0.92,1
1,1,3,12,1,1,1,1,27,8,8,1,0,0,1,0,0,19,0,0,8,11,7,13.258571428571427,0,0,8,11,7,13.258571428571427,0,10.8,1.4,1.74,2
1,1,1,9,1,1,1,1,2,11,11,1,0,0,1,0,0,19,0,0,5,9,4,12.25,0,0,5,10,4,12.0,0,8.9,1.4,3.51,1
1,8,1,11,1,1,1,23,27,10,8,1,0,0,0,0,0,19,0,0,6,9,3,11.666666666666666,0,0,6,15,1,10.0,0,10.8,1.4,1.74,0
1,7,4,11,1,1,1,23,27,10,8,1,0,0,1,0,1,21,0,0,6,7,6,13.571428571428571,0,0,6,6,6,12.5,0,8.9,1.4,3.51,2
1,1,2,15,1,1,14,1,27,10,8,0,0,0,1,0,1,20,1,0,6,9,5,11.8,0,0,6,9,5,11.833333333333334,0,15.5,2.8,-4.06,2
1,1,1,9,1,1,1,13,14,4,10,1,0,0,1,0,1,20,0,0,5,7,5,14.2,0,0,5,7,5,13.285714285714286,0,11.1,0.6,2.02,2
1,12,1,17,0,12,1,22,27,10,10,0,0,0,1,0,0,41,0,0,5,8,5,11.0,0,0,5,6,5,11.8,1,7.6,2.6,0.32,2
4,4,1,12,1,15,1,22,27,4,4,1,0,0,1,0,0,32,0,0,7,16,4,13.625,0,0,7,8,7,12.6375,0,12.4,0.5,1.79,1
1,8,3,12,1,1,1,23,1,10,6,1,0,0,1,0,0,18,0,0,8,8,7,14.652857142857142,0,0,8,8,7,14.652857142857142,0,10.8,1.4,1.74,2
4,12,1,3,0,1,1,22,27,4,5,0,0,0,1,0,1,35,0,0,6,9,6,11.333333333333334,0,0,6,6,6,11.333333333333334,0,15.5,2.8,-4.06,2
1,12,1,12,1,1,1,22,27,10,10,0,0,1,0,0,0,32,0,0,7,12,4,13.7,0,0,7,7,0,0.0,0,16.2,0.3,-0.92,0
1,12,1,3,0,15,1,13,27,6,10,0,0,0,1,0,0,37,0,7,11,11,11,13.727272727272728,0,4,8,8,8,14.75,0,12.4,0.5,1.79,2
2,12,2,9,1,3,1,3,27,10,10,0,0,0,1,0,0,30,0,4,7,9,7,11.75,0,3,8,12,7,11.142857142857142,0,12.7,3.7,-1.7,0
1,14,2,15,1,1,1,13,14,1,1,0,0,0,1,1,0,23,0,0,6,9,6,12.333333333333334,0,0,6,11,5,13.0,0,7.6,2.6,0.32,2
1,8,2,15,1,1,1,3,1,3,8,1,0,0,1,0,1,20,0,0,6,6,6,14.0,0,0,6,7,6,13.857142857142858,0,15.5,2.8,-4.06,0
1,1,1,14,1,1,1,13,27,6,8,0,0,0,1,1,0,21,0,0,5,7,4,11.5,0,0,5,6,4,11.75,0,9.4,-0.8,-3.12,2
1,1,1,9,1,1,1,23,14,6,8,0,0,0,1,1,0,19,0,0,5,6,5,11.2,0,0,5,5,5,13.2,0,12.4,0.5,1.79,2
1,8,4,12,1,1,1,1,14,5,4,1,0,0,1,1,1,18,0,0,8,8,7,15.07,0,0,8,8,7,15.07,0,10.8,1.4,1.74,2
1,13,1,7,1,1,1,19,24,1,1,0,0,0,1,1,0,18,0,0,5,6,1,10.0,0,0,5,7,1,12.0,0,10.8,1.4,1.74,0
1,12,1,17,0,1,1,1,1,5,11,0,0,0,1,1,0,24,0,0,5,5,4,12.0,0,0,5,6,5,12.666666666666666,0,12.4,0.5,1.79,1
1,9,1,14,1,1,1,1,27,10,10,1,0,0,1,1,0,22,0,0,6,11,4,13.0,0,0,6,11,4,12.6,0,12.7,3.7,-1.7,2
1,8,4,11,1,1,1,13,1,6,6,1,0,0,1,1,0,18,0,0,6,7,4,11.0,0,0,6,7,3,11.25,0,16.2,0.3,-0.92,0
1,7,2,10,1,1,1,22,27,6,7,1,0,0,1,0,0,18,0,0,6,8,6,13.571428571428571,0,0,6,11,5,12.166666666666666,0,9.4,-0.8,-3.12,2
1,1,2,5,1,1,17,2,1,10,2,1,0,0,1,1,0,21,1,0,6,7,5,14.6,0,0,6,6,5,14.2,0,16.2,0.3,-0.92,2
4,12,1,12,1,1,1,22,27,10,10,0,0,1,1,0,0,38,0,0,7,13,3,11.833333333333334,0,0,7,14,2,10.0,0,16.2,0.3,-0.92,0
1,9,1,13,1,1,1,23,27,10,10,0,0,0,1,0,1,19,0,0,7,11,7,12.625,0,0,8,11,8,12.5125,0,12.7,3.7,-1.7,2
6,12,1,12,1,1,1,22,27,10,10,0,0,0,1,0,0,36,0,0,7,12,4,11.5,0,0,7,14,3,12.333333333333334,0,16.2,0.3,-0.92,0
1,7,1,6,1,1,1,1,1,10,10,1,0,0,1,0,0,18,0,0,5,8,4,13.25,1,0,5,10,4,10.5,0,12.7,3.7,-1.7,2
1,1,3,12,1,1,1,13,14,6,6,1,0,0,1,0,0,19,0,0,7,9,7,12.60625,0,0,8,12,6,11.9,0,12.4,0.5,1.79,2
1,17,1,6,1,16,1,13,28,10,10,0,0,1,0,0,0,21,0,7,10,15,8,13.75,0,4,9,17,5,13.2,0,8.9,1.4,3.51,0
1,1,2,12,1,1,1,13,28,30,43,1,0,0,1,0,0,19,0,0,7,10,6,13.598333333333334,0,0,8,11,6,11.933333333333332,0,11.1,0.6,2.02,1
1,1,1,10,1,1,1,13,14,10,10,0,0,0,1,0,1,18,0,0,6,11,5,11.142857142857142,0,0,6,8,6,12.285714285714286,0,16.2,0.3,-0.92,2
2,4,1,12,1,3,1,22,14,10,8,1,0,0,1,0,0,45,0,7,11,11,11,12.7,0,6,10,12,10,12.96818181818182,0,13.9,-0.3,0.79,1
1,8,1,9,1,1,1,22,27,10,8,1,0,0,1,0,0,20,0,0,5,9,1,10.0,0,0,5,10,1,11.0,0,7.6,2.6,0.32,0
1,8,1,11,1,1,1,13,1,6,8,1,0,1,1,0,0,18,0,0,6,8,6,11.666666666666666,0,0,6,10,4,11.5,0,13.9,-0.3,0.79,2
1,1,1,14,1,1,1,1,14,5,5,0,0,0,1,0,1,18,0,0,6,8,6,14.0,0,0,6,7,6,13.142857142857142,0,11.1,0.6,2.02,2
1,4,2,8,1,3,1,19,24,1,1,0,0,0,1,0,0,25,0,0,5,9,0,0.0,4,0,5,9,0,0.0,3,10.8,1.4,1.74,0
1,1,6,12,1,1,1,1,1,5,5,1,0,0,1,0,0,19,0,0,8,9,7,12.04142857142857,0,0,8,9,7,12.04142857142857,0,10.8,1.4,1.74,2
1,1,1,2,1,1,1,13,14,8,8,1,0,0,1,0,1,18,0,0,0,0,0,0.0,0,0,0,0,0,0.0,0,13.9,-0.3,0.79,2
1,4,1,11,1,15,1,1,1,4,7,0,0,0,1,0,0,39,0,12,13,14,13,13.76923076923077,0,9,12,16,12,14.583333333333334,0,13.9,-0.3,0.79,2
2,12,1,4,1,1,1,23,27,10,10,0,0,0,1,0,0,29,0,13,18,20,18,15.444444444444445,0,11,13,13,13,15.307692307692308,0,15.5,2.8,-4.06,2
1,8,1,16,1,1,1,13,14,5,8,1,0,0,1,0,0,18,0,0,7,9,6,11.5,0,0,7,8,7,12.714285714285714,0,13.9,-0.3,0.79,1
1,4,1,5,1,3,1,22,2,10,4,0,0,0,0,0,0,23,0,0,3,3,2,10.0,0,0,6,0,0,0.0,0,10.8,1.4,1.74,0
1,13,1,16,1,1,1,1,27,6,6,1,0,0,1,0,0,21,0,0,6,8,4,12.25,0,0,6,13,3,10.333333333333334,0,12.7,3.7,-1.7,0
1,1,1,10,1,1,1,1,14,5,5,0,0,0,0,0,0,18,0,0,6,6,6,14.5,0,0,6,6,6,15.166666666666666,0,10.8,1.4,1.74,2
1,4,1,6,1,15,1,1,14,6,6,1,0,0,1,0,0,23,0,0,6,7,6,15.571428571428571,0,0,6,8,6,16.375,0,12.4,0.5,1.79,2
1,1,1,8,1,1,1,1,14,5,5,0,0,0,1,0,0,18,0,0,6,7,6,15.571428571428571,0,0,6,7,6,14.714285714285714,0,11.1,0.6,2.02,2
2,12,1,3,0,12,1,22,27,5,9,0,0,0,1,0,0,32,0,0,6,8,5,13.8,0,0,6,7,6,12.166666666666666,0,9.4,-0.8,-3.12,2
2,12,2,9,1,1,1,13,27,10,8,0,0,1,0,0,0,29,0,0,5,8,3,10.666666666666666,0,0,5,14,2,14.8,0,10.8,1.4,1.74,0
1,1,6,10,1,1,1,1,28,32,35,1,0,1,1,0,1,20,0,0,6,8,5,11.6,0,0,6,8,4,11.75,0,8.9,1.4,3.51,2
1,12,1,10,1,1,1,19,24,1,1,1,0,0,0,0,0,28,0,0,6,11,1,13.0,0,0,6,12,0,0.0,0,9.4,-0.8,-3.12,0
1,4,1,9,1,3,1,23,28,2,10,0,0,0,1,0,0,27,0,0,5,9,3,12.0,0,0,5,11,4,13.625,0,10.8,1.4,1.74,2
1,14,2,12,1,1,1,22,24,12,1,0,0,1,1,0,0,22,0,11,14,14,12,12.333333333333334,2,11,14,14,12,12.333333333333334,2,7.6,2.6,0.32,2
2,12,1,4,1,12,1,13,27,10,11,0,0,1,1,0,0,37,0,0,6,10,6,12.875,0,0,6,12,6,12.9,0,16.2,0.3,-0.92,1
1,4,1,3,0,3,1,22,28,1,6,0,0,0,0,0,0,28,0,0,6,12,1,11.0,0,0,6,0,0,0.0,0,12.7,3.7,-1.7,0
2,12,1,4,1,1,1,22,27,10,10,0,0,1,0,0,0,43,0,0,6,10,4,12.25,0,0,6,13,4,10.5,0,8.9,1.4,3.51,0
1,14,1,13,1,1,1,22,27,10,10,1,0,0,0,0,0,32,0,0,7,7,0,0.0,7,0,8,8,0,0.0,7,10.8,1.4,1.74,0
1,8,1,10,1,1,1,1,1,10,10,0,0,0,1,0,1,20,0,0,6,11,4,10.75,0,0,6,13,5,11.5,0,15.5,2.8,-4.06,1
4,12,1,12,1,12,1,23,1,10,5,0,0,0,1,0,1,35,0,0,8,9,8,13.63,1,0,8,9,8,13.63,1,9.4,-0.8,-3.12,2
1,1,1,14,1,1,1,22,27,1,1,1,0,0,1,0,0,21,0,0,5,8,3,13.0,0,0,5,7,4,11.5,1,7.6,2.6,0.32,2
1,1,4,12,1,1,1,13,14,8,10,1,0,0,1,0,1,18,0,0,7,9,6,13.533333333333331,0,0,7,7,7,12.228571428571428,0,12.4,0.5,1.79,1
1,1,1,12,1,1,1,3,28,4,8,0,0,0,1,0,1,18,0,0,7,7,7,16.9,0,0,8,9,8,16.37777777777778,0,16.2,0.3,-0.92,2
1,8,4,10,1,1,1,13,14,6,9,1,0,0,1,0,0,18,0,0,6,10,5,12.0,0,0,6,11,4,12.0,0,16.2,0.3,-0.92,2
1,15,1,3,0,14,1,13,27,8,7,1,0,0,1,0,0,22,0,3,6,6,6,12.5,0,2,6,7,6,13.285714285714286,0,12.4,0.5,1.79,2
1,1,2,12,1,1,1,1,1,5,11,1,0,0,1,0,0,19,0,0,8,8,7,12.764285714285714,0,0,8,8,7,12.764285714285714,0,10.8,1.4,1.74,2
1,9,2,9,1,1,1,13,28,10,8,1,0,0,1,0,1,18,0,0,5,8,5,13.75,0,0,5,6,5,12.166666666666666,0,13.9,-0.3,0.79,2
1,1,2,2,1,1,1,24,1,4,5,1,0,1,1,0,0,19,0,0,0,0,0,0.0,0,0,0,0,0,0.0,0,12.4,0.5,1.79,0
1,1,1,12,1,1,1,13,1,10,6,0,0,0,1,0,1,18,0,0,7,7,7,14.604285714285712,0,0,8,9,8,15.68333333333333,0,11.1,0.6,2.02,2
2,12,1,17,0,12,1,13,29,6,4,0,0,1,0,0,0,31,0,0,5,7,0,0.0,0,0,5,7,0,0.0,0,16.2,0.3,-0.92,0
2,12,1,3,0,12,1,1,14,2,6,0,0,1,1,0,1,33,0,0,6,9,5,13.833333333333334,0,0,6,7,6,12.5,0,9.4,-0.8,-3.12,2
1,1,3,12,1,1,1,13,28,8,8,1,0,0,1,0,1,19,0,0,8,8,8,13.57625,0,0,8,8,8,13.57625,0,9.4,-0.8,-3.12,2
1,8,1,10,1,1,1,23,28,8,8,1,0,0,1,0,1,18,0,0,6,7,6,15.142857142857142,0,0,6,6,6,15.833333333333334,0,12.7,3.7,-1.7,2
1,1,1,9,1,1,1,7,14,5,4,0,0,0,1,0,0,23,0,0,5,8,3,10.666666666666666,0,0,5,8,5,11.6,0,7.6,2.6,0.32,2
1,8,1,10,1,1,1,23,28,6,8,1,0,0,1,0,0,20,0,0,6,11,5,11.2,0,0,6,6,6,12.0,0,9.4,-0.8,-3.12,2
1,1,5,12,1,1,1,23,28,5,9,1,0,0,1,0,0,18,0,0,8,8,8,13.76375,0,0,8,8,8,13.76375,0,9.4,-0.8,-3.12,2
1,17,1,6,1,16,1,1,1,5,4,1,0,1,1,0,0,21,0,7,9,10,8,13.25,0,4,9,14,5,12.2,0,8.9,1.4,3.51,1
1,1,1,10,1,1,1,13,28,6,7,0,0,0,1,0,1,22,0,0,6,10,5,10.714285714285714,0,0,6,10,5,12.2,0,12.7,3.7,-1.7,2
1,1,1,10,1,1,1,1,14,5,5,1,0,1,1,0,0,20,0,0,6,6,6,12.166666666666666,0,0,6,7,6,11.666666666666666,0,9.4,-0.8,-3.12,2
1,4,1,12,1,3,1,13,28,5,11,1,0,0,1,0,0,23,0,1,7,8,6,14.357142857142858,0,1,7,8,6,14.357142857142858,0,7.6,2.6,0.32,2
1,8,2,15,1,1,1,3,1,5,6,1,0,0,1,0,0,19,0,0,6,6,6,12.833333333333334,0,0,6,6,6,12.666666666666666,0,16.2,0.3,-0.92,2
1,8,6,12,1,1,1,1,27,2,2,1,0,0,1,0,0,19,0,0,8,8,7,13.925714285714283,0,0,8,8,7,13.925714285714283,0,10.8,1.4,1.74,2
1,12,1,17,0,1,1,13,28,8,5,0,0,0,1,0,0,26,0,0,5,9,2,12.0,0,0,5,9,3,11.0,0,10.8,1.4,1.74,0
1,1,6,12,1,1,1,1,27,5,4,1,0,0,1,0,0,18,0,0,7,7,7,13.44285714285714,0,0,8,9,8,13.744444444444444,0,16.2,0.3,-0.92,2
1,9,1,7,1,1,1,1,27,8,8,1,0,0,1,1,0,18,0,0,5,5,1,16.0,0,0,5,5,0,0.0,0,9.4,-0.8,-3.12,0
1,15,1,4,1,14,1,23,27,10,10,1,0,0,1,1,0,20,0,0,6,8,6,13.125,0,0,6,10,6,13.2,0,16.2,0.3,-0.92,2
1,1,1,14,1,1,1,3,1,5,5,0,0,0,1,1,0,19,0,0,6,7,0,0.0,0,0,6,6,0,0.0,0,15.5,2.8,-4.06,0
1,14,1,17,0,1,1,22,27,10,10,0,0,0,0,1,0,32,0,5,9,9,5,11.4,0,4,4,4,4,11.0,0,10.8,1.4,1.74,0
2,12,1,8,1,1,1,13,14,5,5,0,0,0,0,1,0,31,0,0,4,12,2,11.0,2,0,5,9,3,11.666666666666666,0,9.4,-0.8,-3.12,0
1,12,1,7,1,12,1,1,14,5,6,0,0,0,1,1,0,25,0,0,5,13,1,11.0,0,0,5,11,1,10.0,0,13.9,-0.3,0.79,1
1,13,1,6,1,14,1,13,3,10,2,1,0,0,1,0,0,21,0,2,6,14,5,13.666666666666666,0,2,6,10,5,13.0,0,16.2,0.3,-0.92,2
2,14,1,17,0,1,1,22,27,5,10,0,0,0,0,0,0,31,0,2,6,10,4,11.75,0,0,5,6,1,10.0,0,12.7,3.7,-1.7,0
2,12,1,16,1,1,1,22,27,6,6,0,0,0,1,0,0,34,0,0,7,11,1,10.0,0,0,7,7,1,13.0,0,16.2,0.3,-0.92,0
1,1,1,10,1,1,1,13,14,10,10,0,0,0,1,0,1,18,0,0,6,8,6,13.5,0,0,6,9,6,12.833333333333334,0,11.1,0.6,2.02,2
1,1,3,10,1,1,1,13,14,10,10,1,0,1,1,0,0,19,0,0,6,0,0,0.0,0,0,6,0,0,0.0,0,12.4,0.5,1.79,0
1,17,1,14,1,16,1,13,27,4,7,1,0,1,1,0,0,21,0,0,6,12,1,12.0,0,0,6,11,1,11.0,0,8.9,1.4,3.51,1
1,1,2,16,1,1,1,23,27,6,4,1,0,0,0,0,0,18,0,0,6,11,3,13.0,0,0,6,10,5,11.8,0,9.4,-0.8,-3.12,0
1,1,1,11,1,1,1,13,29,5,9,1,0,0,1,0,0,20,0,0,6,7,6,14.833333333333334,0,0,6,6,6,16.0,0,11.1,0.6,2.02,2
1,14,1,15,1,1,1,23,27,10,6,1,0,0,1,0,0,20,0,0,6,6,6,11.833333333333334,0,0,6,7,6,12.857142857142858,0,15.5,2.8,-4.06,2
1,8,3,14,1,1,1,23,28,8,9,1,1,0,1,0,1,18,0,0,6,10,5,12.0,0,0,6,11,5,12.333333333333334,0,11.1,0.6,2.02,2
1,1,1,10,1,1,1,23,28,8,9,1,0,0,1,0,0,19,0,0,6,11,4,12.75,0,0,6,7,6,11.333333333333334,0,7.6,2.6,0.32,2
1,14,1,6,1,1,1,13,14,6,2,1,0,0,1,0,0,19,0,0,5,5,0,0.0,5,0,5,7,4,14.75,1,12.7,3.7,-1.7,1
4,12,1,8,1,1,1,3,1,6,6,1,0,0,1,0,1,30,0,0,6,7,0,0.0,0,0,6,16,1,10.0,0,11.1,0.6,2.02,0
1,8,1,10,1,1,1,13,28,6,6,1,0,0,1,0,0,19,0,0,6,6,6,12.0,0,0,6,7,6,12.857142857142858,0,11.1,0.6,2.02,2
1,1,3,13,1,1,1,23,27,8,8,1,0,0,1,0,0,19,0,0,7,9,7,11.677777777777775,0,0,8,8,8,13.8,0,12.7,3.7,-1.7,2
1,1,4,12,1,1,1,1,27,5,8,1,0,0,1,0,1,19,0,0,8,8,7,13.6,0,0,8,8,7,13.6,0,12.7,3.7,-1.7,2
1,1,1,6,1,1,1,13,28,10,10,1,0,0,1,0,0,19,0,0,6,7,6,16.0,0,0,6,8,6,15.875,0,12.4,0.5,1.79,2
1,1,3,10,1,1,1,1,1,4,4,1,0,0,1,0,0,20,0,0,6,9,5,11.8,0,0,6,7,6,11.5,0,7.6,2.6,0.32,2
1,13,1,7,1,1,1,13,27,10,4,0,0,1,1,1,0,25,0,0,5,5,0,0.0,0,2,6,7,2,14.0,0,13.9,-0.3,0.79,0
1,1,2,15,1,1,1,13,14,10,10,0,0,0,1,1,0,19,0,0,6,0,0,0.0,0,0,6,0,0,0.0,0,12.4,0.5,1.79,0
2,12,1,16,1,1,1,22,14,8,4,0,0,1,1,0,1,34,0,0,6,7,6,16.142857142857142,0,0,6,10,6,16.2,0,9.4,-0.8,-3.12,2
1,9,2,12,1,1,1,23,27,10,6,1,0,0,1,0,1,18,0,0,8,8,7,11.785714285714286,0,0,8,8,7,11.785714285714286,0,12.7,3.7,-1.7,2
1,1,6,12,1,1,1,1,1,5,6,1,0,0,1,0,1,18,0,0,8,8,8,13.42375,0,0,8,8,8,13.42375,0,9.4,-0.8,-3.12,2
1,1,1,14,1,1,1,23,28,10,11,0,0,0,1,0,0,20,0,0,6,8,6,12.5,0,0,6,10,5,14.166666666666666,0,11.1,0.6,2.02,2
1,8,2,12,1,1,1,13,27,10,8,1,0,0,1,0,1,20,0,0,8,8,7,12.464285714285714,0,0,8,8,7,12.464285714285714,0,10.8,1.4,1.74,2
1,17,1,17,0,1,1,23,28,29,44,0,0,1,1,0,0,23,0,6,11,18,8,12.375,0,3,9,15,5,12.6,0,8.9,1.4,3.51,1
1,12,1,14,1,1,1,22,27,7,7,0,0,0,1,0,0,28,0,0,6,8,1,10.0,0,0,6,9,0,0.0,0,10.8,1.4,1.74,0
1,8,1,15,1,1,1,22,14,10,11,0,0,0,1,0,0,18,0,0,6,8,5,12.6,0,0,6,10,6,12.428571428571429,0,15.5,2.8,-4.06,1
1,14,1,9,1,1,1,13,28,10,10,1,0,0,1,0,0,19,0,0,5,5,5,12.6,0,0,5,6,4,12.4,0,16.2,0.3,-0.92,2
2,1,1,9,1,1,1,23,27,10,9,1,0,0,1,0,0,34,0,0,5,7,2,10.0,0,0,5,6,4,12.0,0,7.6,2.6,0.32,0
2,16,1,16,1,1,1,22,27,8,9,0,0,0,1,0,0,35,0,0,7,7,0,0.0,0,0,6,0,0,0.0,0,8.9,1.4,3.51,0
1,4,1,17,0,15,1,22,27,10,8,0,0,0,1,0,0,32,0,0,5,7,5,11.6,0,0,5,8,5,12.333333333333334,0,12.4,0.5,1.79,2
1,8,2,11,1,1,1,13,14,5,8,1,0,0,1,0,0,19,0,0,6,8,6,12.166666666666666,0,0,6,6,6,13.5,0,11.1,0.6,2.02,2
1,8,5,14,1,1,1,1,14,10,8,1,0,0,1,0,0,18,0,0,6,10,4,13.6,0,0,6,7,5,12.666666666666666,0,11.1,0.6,2.02,2
2,12,1,9,1,1,1,22,27,10,10,0,0,0,0,0,0,35,0,0,5,8,4,12.5,1,0,5,8,5,11.8,0,9.4,-0.8,-3.12,0
1,12,1,3,0,1,1,1,10,5,6,0,0,0,1,1,1,24,0,0,6,6,4,12.25,0,0,6,10,4,11.5,0,12.4,0.5,1.79,1
1,8,1,10,1,1,1,13,27,10,10,1,0,0,1,0,1,20,0,0,6,7,6,11.714285714285714,0,0,6,8,6,12.625,0,13.9,-0.3,0.79,2
1,1,3,15,1,1,4,13,14,5,10,1,0,0,1,1,1,18,1,0,6,7,6,13.5,0,0,6,7,6,13.0,0,16.2,0.3,-0.92,2
1,1,3,12,1,1,1,23,14,8,10,1,0,0,1,1,1,20,0,0,8,8,7,13.024285714285714,0,0,8,8,7,13.024285714285714,0,10.8,1.4,1.74,2
1,8,5,11,1,1,1,1,14,5,8,1,0,0,0,1,0,18,0,0,6,12,0,0.0,0,0,6,0,0,0.0,0,9.4,-0.8,-3.12,0
1,1,1,7,1,1,1,13,14,5,5,0,0,0,1,1,1,18,0,0,5,6,5,17.333333333333332,0,0,5,8,5,18.571428571428573,0,12.4,0.5,1.79,2
1,1,1,14,1,1,1,13,27,6,8,0,0,0,1,1,1,20,0,0,5,7,4,11.0,0,0,5,7,4,11.5,0,9.4,-0.8,-3.12,2
1,8,2,16,1,1,1,13,28,4,4,1,0,0,1,1,0,19,0,0,7,10,6,13.666666666666666,0,0,7,9,6,12.5,0,12.4,0.5,1.79,0
1,1,2,5,1,1,1,1,1,5,10,1,0,0,1,1,1,20,0,0,6,9,6,11.375,0,0,6,6,5,13.8,0,7.6,2.6,0.32,1
1,1,1,10,1,1,1,13,1,10,10,0,0,0,1,1,0,19,0,0,6,6,6,12.833333333333334,0,0,6,8,6,11.833333333333334,0,10.8,1.4,1.74,2
1,1,1,15,1,1,1,21,27,1,1,1,0,0,1,1,0,20,0,0,6,9,5,12.6,0,0,6,11,4,11.5,0,7.6,2.6,0.32,2
1,1,1,12,1,1,1,13,14,10,8,1,0,0,1,1,0,22,0,0,7,8,6,14.333333333333334,0,0,8,9,7,13.771428571428572,0,11.1,0.6,2.02,2
1,8,2,7,1,1,1,1,14,10,9,0,0,0,1,1,1,18,0,0,5,8,4,13.5,0,0,6,10,6,13.625,0,11.1,0.6,2.02,1
1,1,1,12,1,1,1,23,28,10,10,0,0,0,1,1,0,19,0,0,8,8,7,14.285714285714286,0,0,8,8,7,14.285714285714286,0,12.7,3.7,-1.7,2
1,15,1,4,1,14,1,1,14,10,8,0,0,0,1,1,0,22,0,2,6,15,3,11.75,0,0,6,12,2,10.0,0,13.9,-0.3,0.79,0
1,8,5,7,1,1,4,4,10,3,10,1,0,0,1,1,0,20,1,0,5,5,5,14.8,0,0,5,5,5,17.6,0,8.9,1.4,3.51,2
2,12,1,4,1,1,1,1,31,10,4,0,0,1,0,1,0,34,0,0,6,7,0,0.0,0,0,6,0,0,0.0,0,12.4,0.5,1.79,0
2,12,1,3,0,12,1,1,1,5,5,0,0,0,1,1,0,24,0,0,6,14,1,10.0,0,0,5,5,0,0.0,0,16.2,0.3,-0.92,0
1,12,2,14,1,1,1,19,24,1,1,1,0,0,1,1,0,26,0,0,5,5,0,0.0,0,0,5,5,0,0.0,0,7.6,2.6,0.32,0
1,12,1,12,1,1,1,22,27,10,7,0,0,0,1,1,0,35,0,0,7,10,4,12.6,0,0,7,9,5,12.38,0,12.4,0.5,1.79,0
1,1,1,17,0,1,1,2,27,5,10,1,0,0,1,1,0,22,0,0,5,9,5,12.428571428571429,1,0,5,7,5,11.8,0,7.6,2.6,0.32,2
1,9,1,11,1,1,1,23,28,6,6,1,0,0,1,1,0,26,0,0,6,10,4,10.0,0,0,6,11,3,12.0,0,9.4,-0.8,-3.12,1
1,8,1,9,1,1,1,1,14,4,5,0,0,0,1,1,0,19,0,0,5,7,3,12.333333333333334,0,0,5,5,0,0.0,0,8.9,1.4,3.51,0
1,1,5,11,1,1,1,3,14,4,10,1,0,0,0,1,0,19,0,0,6,0,0,0.0,0,0,6,0,0,0.0,0,8.9,1.4,3.51,0
1,15,1,2,1,14,1,3,3,3,3,0,0,1,1,1,0,20,0,0,0,0,0,0.0,0,0,0,0,0,0.0,0,15.5,2.8,-4.06,2
1,16,1,14,1,1,1,3,3,2,11,0,0,1,1,1,0,21,0,5,11,12,10,12.1,0,2,8,9,8,13.333333333333334,0,11.1,0.6,2.02,2
1,1,2,15,1,1,1,1,14,8,8,1,0,0,1,0,1,19,0,0,6,7,6,14.714285714285714,0,0,6,6,6,15.0,0,13.9,-0.3,0.79,2
1,1,3,15,1,1,1,13,14,10,10,1,0,0,1,0,0,18,0,0,6,6,6,12.666666666666666,0,0,6,7,6,12.833333333333334,0,12.7,3.7,-1.7,2
1,17,1,4,1,16,1,1,28,9,9,0,0,0,1,0,1,23,0,7,12,14,12,14.384615384615383,0,5,10,12,10,13.3,0,8.9,1.4,3.51,2
1,8,3,9,1,1,1,13,28,6,8,1,0,0,1,0,1,18,0,0,5,5,5,13.4,0,0,5,6,5,12.2,0,12.7,3.7,-1.7,2
1,9,1,12,1,1,1,22,28,6,8,1,0,0,1,0,0,18,0,0,8,8,7,13.314285714285717,0,0,8,8,7,13.314285714285717,0,12.7,3.7,-1.7,2
1,1,3,12,1,1,1,23,28,10,10,1,0,0,1,0,0,19,0,0,8,8,7,11.98857142857143,0,0,8,8,7,11.98857142857143,0,10.8,1.4,1.74,2
1,17,1,9,1,16,1,1,14,21,37,1,0,0,1,0,0,21,0,6,11,17,11,11.545454545454543,0,3,9,13,8,12.88888888888889,0,8.9,1.4,3.51,2
1,1,1,6,1,1,1,22,27,10,7,1,0,0,1,0,1,18,0,0,6,13,6,16.46153846153846,0,0,6,8,6,13.875,0,15.5,2.8,-4.06,2
1,1,1,15,1,1,1,23,27,10,6,1,0,0,1,0,1,24,0,0,6,7,6,13.666666666666666,0,0,6,6,6,12.833333333333334,0,10.8,1.4,1.74,2
1,1,4,12,1,1,1,3,29,3,4,1,0,0,1,0,0,18,0,0,7,8,7,12.65,0,0,8,9,8,13.411111111111111,0,16.2,0.3,-0.92,0
1,1,1,14,1,1,1,13,1,6,8,1,0,0,1,0,0,18,0,0,6,7,6,12.333333333333334,0,0,6,10,3,12.0,0,13.9,-0.3,0.79,1
1,8,2,12,1,1,1,13,27,10,8,1,0,0,1,0,0,20,0,0,7,8,6,14.37,0,0,8,10,7,14.65,0,12.4,0.5,1.79,2
1,8,2,6,1,1,1,1,14,5,10,1,0,0,1,0,0,19,0,0,5,13,3,12.0,2,0,5,8,4,11.75,0,9.4,-0.8,-3.12,1
1,1,5,15,1,1,1,19,28,1,9,1,0,0,0,0,1,18,0,0,6,12,3,12.0,0,0,6,15,3,10.666666666666666,0,7.6,2.6,0.32,0
1,14,1,11,1,1,1,1,14,6,8,0,0,0,1,0,1,19,0,0,6,11,4,12.0,0,0,6,14,3,11.0,0,10.8,1.4,1.74,0
1,8,2,16,1,1,1,1,28,5,9,1,0,0,1,0,0,19,0,0,6,10,5,12.6,0,0,6,7,5,11.2,0,10.8,1.4,1.74,2
1,1,5,10,1,3,1,1,28,10,4,0,0,1,1,0,0,18,0,0,6,6,6,12.166666666666666,0,0,6,6,6,12.333333333333334,0,10.8,1.4,1.74,2
1,1,2,16,1,1,1,13,1,32,16,1,0,0,1,0,0,20,0,0,7,8,6,13.5,0,0,7,8,6,14.0,0,11.1,0.6,2.02,1
1,1,5,12,1,1,1,23,28,10,10,1,0,0,1,0,1,18,0,0,8,8,8,13.76375,0,0,8,8,8,13.76375,0,9.4,-0.8,-3.12,2
1,8,6,13,1,1,1,23,28,6,6,1,0,0,1,0,1,19,0,0,7,11,6,12.4,0,0,7,8,6,12.8,0,11.1,0.6,2.02,2
1,8,3,9,1,1,1,3,28,3,11,1,0,0,1,0,0,18,0,0,5,16,4,10.666666666666666,0,0,5,11,2,12.0,0,13.9,-0.3,0.79,1
1,1,2,12,1,1,1,22,27,10,10,1,0,0,1,0,0,18,0,0,7,7,6,14.333333333333334,0,0,7,7,6,14.333333333333334,0,7.6,2.6,0.32,2
1,1,1,6,1,1,1,1,27,5,10,1,0,0,1,0,0,21,0,0,6,12,4,12.5,0,0,6,13,2,12.666666666666666,0,11.1,0.6,2.02,1
1,8,1,11,1,1,1,19,28,1,8,1,0,1,0,0,0,19,0,0,6,14,1,10.0,0,0,6,13,0,0.0,0,7.6,2.6,0.32,0
1,1,4,12,1,1,1,1,1,4,4,1,0,0,1,0,0,21,0,0,7,8,7,14.69625,0,0,8,9,8,14.622222222222224,0,12.4,0.5,1.79,2
1,1,1,6,1,1,1,4,1,3,10,0,0,0,1,0,0,18,0,0,6,14,4,11.5,0,0,6,17,3,13.75,0,11.1,0.6,2.02,1
1,8,3,13,1,1,1,13,28,10,8,0,0,0,1,0,1,18,0,0,7,9,7,12.855555555555556,0,0,8,8,8,13.9125,0,12.7,3.7,-1.7,2
1,1,1,12,1,1,1,1,1,4,11,0,0,0,1,0,0,18,0,0,7,7,7,13.7,0,0,8,9,8,13.994444444444444,0,11.1,0.6,2.02,2
1,1,1,8,1,1,1,3,1,2,4,0,0,0,0,0,0,23,0,0,5,9,0,0.0,3,1,5,10,1,12.0,3,10.8,1.4,1.74,0
1,1,1,10,1,1,1,13,27,8,8,1,0,0,1,0,0,20,0,0,6,13,3,11.2,0,0,6,9,4,12.0,0,16.2,0.3,-0.92,1
1,1,1,12,1,1,1,23,28,6,6,0,0,0,1,0,0,18,0,0,7,7,7,13.285714285714286,0,0,8,9,8,13.333333333333334,0,16.2,0.3,-0.92,2
1,8,2,16,1,1,1,1,14,3,11,1,0,0,1,0,0,19,0,0,6,9,5,13.0,0,0,6,8,5,10.4,0,7.6,2.6,0.32,1
1,12,1,12,1,1,1,1,28,4,8,0,0,0,1,0,1,27,0,0,7,8,6,12.6,0,0,7,9,6,11.685714285714283,0,12.4,0.5,1.79,1
1,8,1,9,1,1,1,22,27,10,7,1,0,1,0,0,1,19,0,0,5,5,5,12.8,0,0,5,5,4,12.0,0,11.1,0.6,2.02,1
1,14,1,8,1,1,1,1,14,10,10,1,0,0,1,0,0,21,0,0,6,14,5,11.5,1,0,6,13,5,11.0,1,15.5,2.8,-4.06,0
1,9,1,12,1,1,1,22,28,8,9,1,0,0,1,0,1,19,0,0,8,8,7,11.4,0,0,8,8,7,11.4,0,10.8,1.4,1.74,2
1,15,1,10,1,1,1,22,27,7,10,0,0,0,1,0,1,21,0,3,6,6,6,12.333333333333334,0,2,6,8,6,11.333333333333334,0,13.9,-0.3,0.79,2
1,1,5,15,1,1,1,13,14,10,10,1,0,0,1,0,0,18,0,0,6,7,5,12.8,0,0,6,10,4,12.2,0,10.8,1.4,1.74,2
1,8,1,6,1,1,1,13,28,8,8,1,0,0,1,0,1,20,0,0,5,8,5,12.0,1,0,5,8,4,15.0,1,12.7,3.7,-1.7,2
1,1,1,16,1,1,1,22,27,10,8,1,0,0,1,0,1,18,0,0,6,8,5,13.0,0,0,6,9,5,13.5,0,9.4,-0.8,-3.12,2
1,8,1,5,1,1,1,1,1,5,9,1,0,1,0,0,1,18,0,0,6,6,6,11.833333333333334,0,0,6,8,6,11.0,0,12.7,3.7,-1.7,0
1,1,3,6,1,1,1,1,3,5,5,1,0,0,1,0,0,18,0,0,6,8,6,14.0,0,0,6,9,6,13.333333333333334,0,8.9,1.4,3.51,2
1,8,4,15,1,1,1,1,1,4,4,1,0,0,1,0,1,18,0,0,6,6,6,12.333333333333334,0,0,6,6,6,13.5,0,16.2,0.3,-0.92,2
1,1,3,12,1,1,1,1,1,8,8,1,0,0,1,0,1,19,0,0,7,10,5,13.04,0,0,7,7,7,12.5,0,12.4,0.5,1.79,1
1,17,1,6,1,16,1,13,28,9,10,1,0,1,0,0,0,23,0,7,11,18,11,13.166666666666666,0,4,9,15,8,13.333333333333334,0,8.9,1.4,3.51,1
1,12,1,6,1,12,1,13,14,5,10,1,0,0,1,0,1,24,0,1,6,7,6,12.5,0,0,6,11,6,12.833333333333334,0,8.9,1.4,3.51,2
1,1,1,2,1,1,1,1,1,4,4,1,0,0,1,0,0,19,0,0,0,0,0,0.0,0,0,0,0,0,0.0,0,10.8,1.4,1.74,2
1,1,3,12,1,1,1,13,14,10,10,1,0,0,1,0,0,18,0,0,8,8,7,15.657142857142857,0,0,8,8,7,15.657142857142857,0,12.7,3.7,-1.7,2
1,1,2,5,1,1,1,1,14,5,4,0,0,0,1,0,0,19,0,0,6,6,6,12.166666666666666,0,0,6,6,6,11.333333333333334,0,12.7,3.7,-1.7,2
1,8,2,16,1,1,1,23,14,5,10,1,0,0,1,0,0,19,0,0,6,0,0,0.0,0,0,6,0,0,0.0,0,10.8,1.4,1.74,0
1,1,1,10,1,1,1,1,28,6,9,0,0,0,1,0,1,20,0,0,6,11,5,10.6,0,0,6,9,5,11.166666666666666,0,11.1,0.6,2.02,1
1,1,1,6,1,1,1,1,10,5,6,0,0,0,1,0,0,20,0,0,6,10,6,13.428571428571429,0,0,6,11,5,12.666666666666666,0,13.9,-0.3,0.79,1
1,12,1,15,1,1,1,19,27,1,1,0,0,0,1,0,0,26,0,0,6,8,4,11.75,0,0,6,12,0,0.0,0,7.6,2.6,0.32,0
1,12,1,11,1,12,1,13,1,10,6,0,0,1,0,1,0,36,0,0,5,10,0,0.0,0,0,5,5,0,0.0,0,15.5,2.8,-4.06,0
1,8,1,2,1,1,1,1,1,5,11,0,0,0,0,1,0,19,0,0,0,0,0,0.0,0,0,0,0,0,0.0,0,10.8,1.4,1.74,0
1,13,1,7,1,1,1,13,27,10,10,0,0,0,0,1,0,27,0,0,5,0,0,0.0,0,0,5,0,0,0.0,0,15.5,2.8,-4.06,0
1,1,4,7,1,1,1,3,1,15,31,0,0,0,1,1,0,18,0,0,5,9,1,13.0,0,0,5,5,0,0.0,0,8.9,1.4,3.51,0
1,1,4,12,1,1,1,22,28,10,10,1,0,0,1,1,1,18,0,0,8,8,7,13.331428571428573,0,0,8,8,7,13.331428571428573,0,10.8,1.4,1.74,2
1,12,1,5,1,1,1,23,28,6,6,0,0,0,1,1,0,28,0,0,6,0,0,0.0,0,0,6,0,0,0.0,0,12.4,0.5,1.79,0
1,15,1,2,1,14,1,13,1,10,10,1,0,0,1,1,0,21,0,0,0,0,0,0.0,0,0,0,0,0,0.0,0,12.4,0.5,1.79,2
1,1,1,12,1,1,1,13,27,5,10,0,0,0,1,1,0,19,0,0,7,7,6,13.7,0,0,7,7,6,13.7,0,7.6,2.6,0.32,2
1,12,1,14,1,7,1,6,16,4,4,0,0,1,0,1,0,26,0,0,5,5,0,0.0,0,0,5,5,0,0.0,5,9.4,-0.8,-3.12,0
1,16,1,7,1,1,1,1,14,4,6,1,0,0,1,1,0,20,0,4,9,12,9,13.454545454545457,0,2,7,9,6,13.875,0,11.1,0.6,2.02,0
1,1,6,12,1,1,1,23,28,10,10,1,0,0,1,1,0,19,0,0,8,8,7,12.2,0,0,8,8,7,12.2,0,12.7,3.7,-1.7,2
1,1,1,9,1,1,1,13,14,8,4,1,0,0,1,1,0,21,0,0,5,8,3,10.0,0,0,5,10,4,11.0,0,12.7,3.7,-1.7,0
1,17,1,14,1,16,1,1,14,10,10,0,0,0,1,1,1,23,0,0,6,7,5,13.0,0,0,6,7,6,12.857142857142858,0,8.9,1.4,3.51,2
1,12,1,3,0,13,1,23,27,5,9,0,0,0,1,1,0,29,0,0,6,11,6,12.0,0,0,6,6,6,14.0,0,11.1,0.6,2.02,2
1,1,1,12,1,1,1,1,1,10,10,0,0,0,1,1,0,20,0,0,8,8,7,15.028571428571428,0,0,8,8,7,15.028571428571428,0,12.7,3.7,-1.7,2
1,1,1,10,1,1,1,1,14,6,10,0,0,0,1,1,0,18,0,0,6,8,6,12.0,0,0,6,7,6,11.714285714285714,0,15.5,2.8,-4.06,2
1,1,1,15,1,1,1,1,28,4,6,1,0,0,1,1,0,19,0,0,6,8,5,12.0,0,0,6,8,5,12.4,0,9.4,-0.8,-3.12,2
1,4,1,13,1,3,1,1,27,5,9,0,0,0,0,1,0,23,0,3,7,7,3,13.666666666666666,0,3,8,8,3,11.333333333333334,4,10.8,1.4,1.74,0
1,1,1,2,1,1,1,23,1,6,2,0,0,0,1,1,0,21,0,0,0,0,0,0.0,0,0,0,0,0,0.0,0,13.9,-0.3,0.79,0
1,8,1,9,1,1,1,1,1,10,4,1,0,0,1,1,0,18,0,0,5,6,5,12.0,0,0,5,7,4,12.5,0,15.5,2.8,-4.06,1
1,1,1,2,1,1,1,22,14,8,8,1,0,0,1,1,1,18,0,0,0,0,0,0.0,0,0,0,0,0,0.0,0,10.8,1.4,1.74,2
1,1,5,5,1,1,1,13,27,6,6,1,0,1,0,1,0,21,0,0,6,6,1,14.0,0,0,6,7,0,0.0,7,9.4,-0.8,-3.12,0
1,16,1,10,1,1,1,1,1,6,10,0,0,0,1,1,0,22,0,0,6,6,0,0.0,0,0,6,7,0,0.0,0,11.1,0.6,2.02,0
1,9,1,13,1,1,1,3,14,3,9,1,0,0,1,1,0,21,0,0,7,8,7,12.375,0,0,7,11,5,12.583333333333334,0,8.9,1.4,3.51,2
1,12,1,12,1,1,1,23,14,10,10,1,0,0,0,1,0,32,0,0,7,0,0,0.0,0,0,8,0,0,0.0,0,16.2,0.3,-0.92,0
1,4,1,4,1,3,1,1,14,5,2,1,0,0,1,1,0,27,0,14,18,21,18,11.421052631578949,0,10,13,16,13,11.076923076923077,1,15.5,2.8,-4.06,2
1,1,1,12,1,1,1,13,28,10,9,1,0,0,1,1,0,18,0,0,7,7,6,13.35,0,0,7,7,6,13.35,0,7.6,2.6,0.32,2
1,12,1,5,1,1,1,1,1,6,4,1,0,0,1,1,1,24,0,0,6,6,6,15.0,0,0,6,6,2,16.0,0,15.5,2.8,-4.06,2
1,1,1,8,1,1,1,13,27,2,10,1,0,0,1,1,0,22,0,0,5,9,2,10.5,0,0,5,5,0,0.0,0,12.7,3.7,-1.7,0
1,14,1,8,1,1,1,2,3,4,3,1,0,0,0,1,0,22,0,0,6,0,0,0.0,0,0,4,6,0,0.0,2,10.8,1.4,1.74,0
1,1,3,9,1,1,1,22,27,10,6,1,0,0,1,1,0,19,0,0,5,8,5,13.25,0,0,5,6,5,11.833333333333334,0,13.9,-0.3,0.79,2
1,8,6,7,1,1,1,22,11,5,12,1,0,0,1,1,0,19,0,0,5,10,0,0.0,0,0,5,5,0,0.0,0,7.6,2.6,0.32,0
1,1,2,6,1,1,1,1,14,4,4,1,0,0,1,1,0,21,0,0,5,7,4,11.5,0,0,5,15,3,10.6,4,10.8,1.4,1.74,1
1,1,2,12,1,1,1,1,1,3,8,1,0,0,1,0,1,18,0,0,8,8,8,13.88125,0,0,8,8,8,13.88125,0,9.4,-0.8,-3.12,2
1,1,2,11,1,1,1,3,14,4,11,1,0,0,1,0,0,18,0,0,6,8,6,11.333333333333334,0,0,6,8,5,12.6,0,9.4,-0.8,-3.12,2
1,1,1,2,1,1,1,13,14,10,10,1,0,1,1,0,0,20,0,0,0,0,0,0.0,0,0,0,0,0,0.0,0,16.2,0.3,-0.92,0
1,8,1,10,1,1,1,1,14,5,10,1,0,0,1,0,0,19,0,0,6,7,6,12.857142857142858,0,0,6,7,6,13.666666666666666,0,13.9,-0.3,0.79,2
1,8,5,15,1,1,1,23,28,29,39,1,0,1,1,0,0,19,0,0,6,6,5,11.6,0,0,6,6,6,12.5,0,8.9,1.4,3.51,2
1,8,1,11,1,1,1,10,1,10,4,1,0,0,1,0,1,18,0,0,6,9,5,11.4,0,0,6,6,6,11.333333333333334,0,12.4,0.5,1.79,2
1,1,1,8,1,1,1,1,1,4,10,1,0,0,1,0,0,20,0,0,6,11,6,13.333333333333334,0,0,6,10,6,13.0,0,16.2,0.3,-0.92,1
1,15,1,5,1,14,1,10,27,4,10,0,0,1,1,0,1,22,0,2,7,7,7,13.571428571428571,0,5,9,9,9,13.77777777777778,0,12.4,0.5,1.79,2
2,12,1,13,1,12,1,22,28,10,10,0,0,0,1,0,0,31,0,0,7,13,6,11.833333333333334,0,0,7,8,7,12.228571428571428,0,12.4,0.5,1.79,2
1,8,1,16,1,1,1,13,14,10,9,0,0,0,1,0,1,19,0,0,7,7,7,14.428571428571429,0,0,7,7,7,14.142857142857142,0,16.2,0.3,-0.92,2
1,1,2,2,1,1,1,1,3,4,4,1,0,0,1,0,0,18,0,0,0,0,0,0.0,0,0,0,0,0,0.0,0,12.4,0.5,1.79,1
1,1,2,11,1,1,1,23,28,10,8,1,0,0,1,0,1,18,0,0,6,8,6,12.285714285714286,0,0,6,9,5,12.4,0,8.9,1.4,3.51,2
1,1,1,6,1,1,1,10,1,2,12,0,0,0,1,0,0,21,0,0,5,7,5,14.4,0,0,5,5,5,13.8,0,7.6,2.6,0.32,2
1,8,5,12,1,1,1,23,1,10,8,1,0,0,1,0,1,18,0,0,7,8,7,13.15,0,0,8,9,8,15.06875,0,13.9,-0.3,0.79,2
1,15,1,9,1,14,9,2,27,3,9,0,0,1,0,1,0,25,1,0,5,6,0,0.0,0,0,5,5,0,0.0,0,15.5,2.8,-4.06,0
1,6,1,7,1,1,14,1,3,6,9,0,0,1,1,1,0,21,1,0,5,5,0,0.0,0,0,6,8,0,0.0,0,11.1,0.6,2.02,0
1,9,2,12,1,1,1,23,27,6,6,1,0,0,1,0,1,19,0,0,8,8,7,12.342857142857143,0,0,8,8,7,12.342857142857143,0,10.8,1.4,1.74,2
1,1,2,15,1,1,1,23,1,10,10,1,0,0,1,0,0,19,0,0,6,6,5,12.2,0,0,6,7,5,10.8,0,10.8,1.4,1.74,1
1,8,1,11,1,1,1,9,24,6,1,1,0,0,1,0,0,22,0,0,6,10,4,10.5,0,0,6,14,1,11.0,0,7.6,2.6,0.32,0
1,6,1,9,1,1,1,23,1,10,2,0,0,0,1,1,0,19,0,0,5,5,5,10.6,0,0,5,8,5,11.6,0,12.4,0.5,1.79,2
1,12,1,3,0,12,1,22,27,10,6,0,0,0,1,0,0,58,0,0,6,6,0,0.0,0,0,6,6,0,0.0,0,11.1,0.6,2.02,0
1,7,2,10,1,1,1,13,27,10,8,1,0,0,1,0,1,19,0,0,6,8,4,11.25,0,0,6,6,6,12.0,0,10.8,1.4,1.74,2
1,14,1,14,1,1,9,22,27,10,10,1,0,0,1,1,0,23,1,3,9,11,6,10.5,0,4,10,10,10,11.7,0,9.4,-0.8,-3.12,2
1,1,2,15,1,1,1,22,27,10,10,1,0,0,1,0,1,19,0,0,6,11,4,11.0,0,0,6,11,3,11.666666666666666,0,9.4,-0.8,-3.12,1
1,9,3,12,1,1,1,13,1,5,8,1,0,0,1,0,0,18,0,0,7,7,7,13.457142857142856,0,0,8,8,8,14.5125,0,13.9,-0.3,0.79,2
1,1,2,6,1,1,1,13,14,12,12,0,0,0,1,0,0,20,0,0,5,6,5,12.6,0,0,5,8,4,12.333333333333334,0,7.6,2.6,0.32,2
1,8,5,6,1,1,1,13,14,12,8,0,0,0,0,0,0,18,0,0,6,0,0,0.0,0,0,6,0,0,0.0,0,12.7,3.7,-1.7,0
1,8,1,14,1,1,1,3,14,6,6,0,0,0,1,0,0,18,0,0,6,6,6,13.666666666666666,0,0,6,8,5,13.6,0,8.9,1.4,3.51,2
1,8,4,9,1,1,1,13,14,6,8,1,0,1,1,0,1,18,0,0,5,5,5,11.6,0,0,5,5,5,11.8,0,11.1,0.6,2.02,2
1,12,1,8,1,1,1,23,28,10,11,0,0,0,1,0,0,24,0,0,6,9,6,12.571428571428571,0,0,6,10,5,12.833333333333334,0,11.1,0.6,2.02,0
1,8,4,16,1,1,1,22,27,10,6,1,0,0,1,0,0,18,0,0,6,7,5,11.8,0,0,6,7,5,11.4,0,10.8,1.4,1.74,0
1,1,3,9,1,1,1,1,28,6,8,1,0,0,1,0,1,19,0,0,5,5,5,11.6,0,0,5,11,3,12.666666666666666,0,9.4,-0.8,-3.12,1
1,8,3,10,1,1,1,13,28,10,8,1,0,0,1,0,1,19,0,0,6,8,6,11.333333333333334,0,0,6,6,6,11.833333333333334,0,8.9,1.4,3.51,2
1,1,1,11,1,1,1,23,28,7,7,1,0,0,1,0,0,18,0,0,6,6,6,10.666666666666666,0,0,6,6,6,11.5,0,7.6,2.6,0.32,2
1,1,2,8,1,1,1,13,27,10,10,1,0,0,1,0,0,18,0,0,5,10,4,13.5,1,0,5,5,5,13.4,0,12.7,3.7,-1.7,1
1,1,1,2,1,1,1,13,14,6,6,1,0,0,1,0,1,19,0,0,0,0,0,0.0,0,0,0,0,0,0.0,0,10.8,1.4,1.74,2
1,15,1,6,1,1,1,4,4,3,7,0,0,0,1,0,0,22,0,2,6,9,6,13.333333333333334,0,1,6,9,4,11.5,0,13.9,-0.3,0.79,2
1,1,1,11,1,1,1,2,27,2,2,1,0,0,1,0,0,19,0,0,6,9,5,13.4,0,0,6,16,2,13.5,0,10.8,1.4,1.74,1
3,8,1,10,1,1,1,22,27,10,10,1,0,0,1,0,1,21,0,0,6,8,3,10.2,0,0,6,13,4,12.25,0,12.7,3.7,-1.7,1
1,8,1,15,1,1,1,13,28,10,8,1,0,0,1,0,1,21,0,0,6,6,5,13.0,0,0,6,7,6,12.833333333333334,0,8.9,1.4,3.51,2
1,1,3,12,1,1,1,23,28,6,8,1,0,0,1,0,1,18,0,0,8,11,7,12.90857142857143,0,0,8,11,7,12.90857142857143,0,10.8,1.4,1.74,2
1,1,5,16,1,1,1,1,10,5,10,1,0,0,1,0,0,20,0,0,6,12,4,12.0,0,0,6,11,1,10.0,0,10.8,1.4,1.74,0
1,1,3,11,1,1,1,22,28,8,8,1,0,0,1,0,1,18,0,0,6,9,6,10.833333333333334,0,0,6,8,5,11.0,0,7.6,2.6,0.32,1
1,7,3,5,1,1,1,1,28,5,9,1,0,0,1,0,0,19,0,0,6,6,6,15.333333333333334,0,0,6,9,6,15.833333333333334,0,12.7,3.7,-1.7,2
1,1,2,12,1,1,1,1,28,10,10,1,0,0,1,0,1,18,0,0,7,9,6,12.816666666666668,0,0,8,11,6,12.875,0,11.1,0.6,2.02,1
1,6,1,9,1,1,14,26,1,4,5,0,0,1,0,1,0,26,1,6,7,7,6,13.0,0,2,6,6,2,14.0,0,11.1,0.6,2.02,0
1,6,1,7,1,1,13,1,3,21,31,0,0,1,1,0,0,19,1,0,6,11,2,13.5,1,0,5,11,2,11.0,0,8.9,1.4,3.51,1
2,12,1,3,0,1,1,22,27,10,10,0,0,0,1,0,0,35,0,0,6,7,6,12.5,0,0,6,6,6,12.166666666666666,0,15.5,2.8,-4.06,2
1,9,1,14,1,1,1,1,1,10,10,1,0,0,1,0,1,19,0,0,6,7,6,13.0,0,0,6,6,6,14.333333333333334,0,12.4,0.5,1.79,2
1,1,1,6,1,1,1,23,27,10,7,1,0,0,1,1,0,18,0,0,5,6,4,11.75,0,0,5,10,5,12.571428571428571,1,10.8,1.4,1.74,2
1,1,5,14,1,1,1,13,14,8,4,0,0,0,1,1,0,19,0,0,5,5,4,12.5,0,0,5,5,4,14.25,0,7.6,2.6,0.32,2
1,1,1,2,1,1,1,1,1,10,10,1,0,0,1,1,0,25,0,16,17,19,17,11.61111111111111,0,14,17,22,17,12.055555555555555,0,12.4,0.5,1.79,2
1,8,6,11,1,1,1,1,1,5,4,1,0,0,1,1,0,18,0,0,6,6,6,14.0,0,0,6,6,6,14.666666666666666,0,11.1,0.6,2.02,2
1,8,1,4,1,1,1,1,4,10,6,1,0,1,0,1,0,26,0,0,6,8,0,0.0,0,0,6,10,0,0.0,0,16.2,0.3,-0.92,0
1,14,1,17,0,1,1,1,1,7,7,0,0,0,1,1,0,34,0,0,5,5,5,13.8,0,0,5,6,5,13.833333333333334,0,9.4,-0.8,-3.12,2
1,1,2,11,1,1,1,4,14,5,4,1,0,0,0,1,0,18,0,0,5,6,0,0.0,0,0,5,5,0,0.0,0,12.7,3.7,-1.7,0
1,1,1,2,1,1,1,3,20,4,6,0,0,0,0,1,0,18,0,0,0,0,0,0.0,0,0,0,0,0,0.0,0,9.4,-0.8,-3.12,0
1,8,3,7,1,1,1,1,14,5,4,1,0,0,1,1,1,18,0,0,5,9,4,12.25,0,0,5,9,3,12.333333333333334,0,8.9,1.4,3.51,0
1,15,1,4,1,14,1,22,27,10,5,0,0,0,1,1,0,20,0,0,6,12,3,11.5,0,0,6,12,3,13.666666666666666,0,12.4,0.5,1.79,0
1,15,1,5,1,14,1,1,14,5,5,0,0,0,1,1,0,25,0,2,7,9,6,12.571428571428571,0,5,9,9,9,12.555555555555555,0,16.2,0.3,-0.92,2
1,8,1,8,1,1,1,2,1,5,2,0,0,0,1,1,0,18,0,0,6,9,6,12.0,0,0,6,10,5,12.166666666666666,0,11.1,0.6,2.02,0
1,1,1,4,1,1,1,13,27,10,10,1,0,0,1,1,0,19,0,8,12,17,11,12.0,2,4,12,21,12,12.307692307692308,0,15.5,2.8,-4.06,2
1,1,1,2,1,1,1,1,1,5,2,1,0,0,1,1,0,20,0,0,0,0,0,0.0,0,0,0,0,0,0.0,0,10.8,1.4,1.74,0
1,9,2,10,1,1,1,13,27,6,8,1,0,0,1,1,1,20,0,1,7,9,6,12.0,0,2,6,6,6,11.166666666666666,0,10.8,1.4,1.74,2
1,1,1,7,1,1,1,3,1,3,4,0,0,0,1,1,0,20,0,0,5,9,4,11.6,0,0,5,7,4,12.25,2,7.6,2.6,0.32,1
1,1,2,9,1,1,1,1,27,5,10,1,0,0,1,1,1,19,0,0,5,5,0,0.0,0,0,5,5,0,0.0,0,11.1,0.6,2.02,0
1,1,1,9,1,1,1,1,14,5,6,0,0,0,1,1,0,20,0,0,5,9,5,12.0,0,0,5,9,4,13.0,0,8.9,1.4,3.51,1
1,1,6,12,1,1,1,1,1,4,8,1,0,0,1,1,0,18,0,0,7,8,6,13.976666666666668,0,0,8,12,6,12.041666666666666,1,11.1,0.6,2.02,1
1,1,1,14,1,1,1,2,28,21,35,1,0,0,1,1,0,19,0,0,6,10,4,12.5,0,0,6,12,1,10.0,3,16.2,0.3,-0.92,1
1,9,1,9,1,1,1,22,27,8,8,1,0,0,0,1,0,20,0,0,5,5,0,0.0,0,0,5,0,0,0.0,0,9.4,-0.8,-3.12,0
1,12,1,14,1,1,1,23,27,8,8,0,0,0,1,1,0,24,0,0,6,15,4,10.5,0,0,6,16,4,12.5,0,15.5,2.8,-4.06,0
1,15,1,4,1,14,1,23,28,10,9,1,0,0,1,1,0,20,0,0,6,8,5,12.857142857142858,0,0,6,11,6,12.3,0,16.2,0.3,-0.92,2
1,1,3,14,1,1,1,3,14,3,9,1,0,0,1,1,0,19,0,0,5,7,3,11.666666666666666,0,0,5,5,4,12.0,0,9.4,-0.8,-3.12,1
1,16,1,7,1,1,1,1,14,5,5,0,0,0,1,1,0,23,0,0,5,7,2,13.0,0,0,5,11,1,10.0,0,8.9,1.4,3.51,0
1,8,2,11,1,1,1,13,14,5,4,1,0,0,1,1,0,20,0,0,6,8,6,11.833333333333334,0,0,6,9,5,10.4,0,7.6,2.6,0.32,1
1,14,4,3,0,1,1,19,24,1,1,0,0,0,1,1,0,21,0,9,11,11,11,12.454545454545457,0,3,11,17,8,12.75,0,9.4,-0.8,-3.12,2
1,8,2,7,1,1,1,8,10,10,10,1,0,0,1,1,0,20,0,0,5,6,3,11.0,0,0,5,6,0,0.0,0,10.8,1.4,1.74,0
2,8,5,7,1,1,1,22,28,5,5,1,0,0,1,1,0,21,0,0,5,10,4,13.2,0,0,5,7,4,14.25,2,7.6,2.6,0.32,1
1,1,1,15,1,1,1,1,14,10,8,0,0,0,1,1,1,18,0,0,6,6,6,15.5,0,0,6,6,6,14.166666666666666,0,11.1,0.6,2.02,2
1,1,3,11,1,1,1,1,1,5,4,1,0,0,1,1,0,18,0,0,6,8,6,12.333333333333334,0,0,6,6,6,13.666666666666666,0,11.1,0.6,2.02,2
1,8,1,9,1,1,1,3,28,4,8,1,0,0,1,1,0,18,0,0,5,13,5,12.0,0,0,5,9,4,11.4,0,13.9,-0.3,0.79,1
1,15,1,4,1,14,1,3,3,8,2,1,0,0,1,1,0,20,0,0,6,12,4,11.6,0,0,6,11,5,11.5,0,15.5,2.8,-4.06,1
1,8,1,15,1,1,1,13,28,5,10,0,0,0,1,1,1,18,0,0,6,7,6,11.333333333333334,0,0,6,8,6,12.285714285714286,0,16.2,0.3,-0.92,2
1,8,1,15,1,1,1,22,27,1,5,1,0,0,1,1,0,19,0,0,6,12,0,0.0,1,0,6,0,0,0.0,0,9.4,-0.8,-3.12,0
1,8,1,7,1,1,1,1,3,10,11,1,0,0,1,1,0,20,0,0,5,7,4,12.0,0,0,5,8,2,12.5,0,10.8,1.4,1.74,1
1,8,1,8,1,1,1,13,28,5,8,0,0,0,1,1,0,19,0,0,5,11,4,12.0,1,0,5,9,5,12.6,0,9.4,-0.8,-3.12,2
1,12,1,17,0,1,1,22,27,10,6,1,0,1,1,1,0,33,0,0,5,11,2,12.5,0,0,5,9,2,11.5,1,12.7,3.7,-1.7,0
1,16,1,2,1,1,1,2,1,4,4,1,0,0,1,1,0,21,0,6,12,12,12,13.666666666666666,0,4,11,16,11,13.0,0,8.9,1.4,3.51,2
2,12,1,4,1,1,1,1,14,5,5,0,0,1,0,1,0,25,0,0,6,17,2,14.5,2,0,6,13,0,0.0,1,15.5,2.8,-4.06,0
1,1,1,6,1,1,1,1,1,5,10,1,0,0,1,1,1,20,0,0,6,10,4,13.2,0,0,6,8,0,0.0,0,12.4,0.5,1.79,0
1,17,1,6,1,16,1,1,1,10,5,1,0,0,1,1,1,22,0,1,7,11,5,12.166666666666666,0,4,8,14,5,14.8,0,8.9,1.4,3.51,0
4,12,1,15,1,12,1,22,27,10,2,0,0,0,1,0,0,39,0,0,6,10,4,11.25,0,0,6,6,6,11.333333333333334,0,10.8,1.4,1.74,2
1,1,2,14,1,1,1,3,1,3,7,1,0,0,1,1,1,21,0,0,6,8,6,15.166666666666666,0,0,6,7,6,14.428571428571429,0,8.9,1.4,3.51,2
1,8,1,11,1,1,1,1,1,10,10,0,0,0,1,0,1,19,0,0,6,8,6,11.166666666666666,0,0,6,7,4,13.4,0,16.2,0.3,-0.92,2
1,12,1,12,1,12,1,22,27,10,8,0,0,0,1,0,1,26,0,0,7,8,6,10.983333333333334,0,0,7,8,6,10.983333333333334,0,7.6,2.6,0.32,2
1,9,2,10,1,1,1,13,1,5,4,1,0,0,1,0,1,19,0,0,6,8,4,10.75,0,0,6,11,5,11.5,0,15.5,2.8,-4.06,2
1,17,1,6,1,16,1,1,3,5,3,1,0,0,0,0,1,20,0,7,12,15,11,13.384615384615383,0,4,9,13,7,14.285714285714286,0,8.9,1.4,3.51,2
1,8,1,14,1,1,1,1,27,5,10,1,0,0,1,0,1,25,0,0,6,8,6,11.285714285714286,0,0,6,10,5,12.2,0,15.5,2.8,-4.06,1
1,14,1,3,0,1,1,13,27,9,6,0,0,0,1,1,0,24,0,0,6,13,0,0.0,3,0,6,6,0,0.0,0,16.2,0.3,-0.92,0
1,8,6,7,1,1,1,13,14,5,1,1,0,0,1,1,0,20,0,0,5,7,4,13.0,0,0,5,9,5,14.833333333333334,3,7.6,2.6,0.32,2
2,12,1,4,1,1,1,22,27,10,10,0,0,0,1,1,0,29,0,0,6,9,6,16.11111111111111,0,0,6,7,6,13.5,0,13.9,-0.3,0.79,2
1,1,1,15,1,1,1,1,3,10,10,0,0,0,1,1,0,20,0,0,6,8,6,11.5,0,0,6,8,6,11.0,0,16.2,0.3,-0.92,2
1,15,1,8,1,14,1,3,4,3,3,1,0,0,1,1,0,20,0,0,6,15,4,10.75,0,0,6,12,2,10.5,0,13.9,-0.3,0.79,0
1,12,1,14,1,12,1,13,1,6,9,1,0,0,1,1,1,24,0,0,6,10,4,11.6,0,0,6,8,5,13.0,0,11.1,0.6,2.02,2
1,12,1,12,1,12,1,1,3,3,3,0,0,1,1,1,0,24,0,0,7,21,0,0.0,3,0,7,7,0,0.0,0,16.2,0.3,-0.92,0
1,4,1,7,1,15,1,3,1,3,6,0,0,0,1,1,0,23,0,0,5,5,5,13.8,0,0,5,7,5,14.142857142857142,0,11.1,0.6,2.02,2
1,14,1,13,1,1,1,1,27,6,6,1,0,0,1,1,0,20,0,0,7,8,7,13.585714285714284,0,0,8,8,8,14.6875,0,15.5,2.8,-4.06,2
1,8,2,14,1,1,1,1,1,5,11,1,0,0,1,1,0,19,0,0,6,8,6,13.857142857142858,0,0,6,8,5,13.0,0,15.5,2.8,-4.06,2
4,12,1,4,1,1,1,22,27,10,9,0,0,0,1,1,0,28,0,0,6,12,5,12.0,0,0,6,10,6,12.333333333333334,0,11.1,0.6,2.02,1
1,15,1,4,1,14,1,1,28,5,5,1,0,0,1,1,1,20,0,0,6,9,6,13.444444444444445,0,0,6,9,5,12.6,0,13.9,-0.3,0.79,2
1,1,1,5,1,1,1,23,27,4,4,0,0,0,1,1,0,18,0,0,6,6,6,14.0,0,0,6,7,6,13.857142857142858,0,8.9,1.4,3.51,2
1,1,1,14,1,1,1,1,1,12,12,1,0,1,1,1,0,20,0,0,6,10,1,12.0,1,0,6,0,0,0.0,0,10.8,1.4,1.74,0
2,12,1,17,0,1,1,22,14,6,4,1,0,0,1,1,0,33,0,0,5,5,5,14.2,0,0,5,6,5,13.833333333333334,0,10.8,1.4,1.74,2
2,12,1,12,1,1,1,22,27,29,42,0,0,0,1,0,0,35,0,0,7,11,5,13.34,0,0,7,9,5,10.84,0,12.4,0.5,1.79,1
1,12,1,12,1,15,1,22,27,10,8,0,0,0,1,0,0,27,0,3,8,12,7,12.457142857142856,0,3,8,12,7,12.457142857142856,0,12.7,3.7,-1.7,1
1,8,5,15,1,1,1,23,28,8,8,1,0,0,0,0,0,19,0,0,6,12,3,11.0,0,0,6,12,3,12.0,0,9.4,-0.8,-3.12,0
1,12,1,17,0,1,14,22,14,10,10,0,0,0,1,0,1,31,1,0,5,13,4,10.5,0,0,5,10,4,10.5,0,15.5,2.8,-4.06,1
1,1,1,2,1,1,1,13,27,8,8,1,0,0,1,1,0,19,0,0,0,0,0,0.0,0,0,0,0,0,0.0,0,9.4,-0.8,-3.12,2
1,14,1,5,1,1,1,13,27,8,8,1,0,0,1,1,0,22,0,9,13,13,13,14.0,0,7,12,13,12,13.0,0,15.5,2.8,-4.06,2
1,14,1,12,1,1,16,1,1,7,7,0,0,0,1,0,0,39,1,0,7,0,0,0.0,0,0,8,0,0,0.0,0,12.7,3.7,-1.7,0
1,8,1,11,1,1,1,1,1,5,9,1,0,0,0,1,0,22,0,0,1,1,0,0.0,0,0,6,0,0,0.0,0,12.4,0.5,1.79,0
2,12,1,17,0,1,1,22,14,10,11,0,0,0,1,1,0,47,0,0,5,8,4,10.0,0,0,5,8,4,12.5,0,9.4,-0.8,-3.12,1
1,8,1,2,1,1,1,13,27,6,10,1,0,0,1,1,1,19,0,0,0,0,0,0.0,0,0,0,0,0,0.0,0,11.1,0.6,2.02,2
1,5,1,11,1,1,10,3,1,10,10,1,0,0,1,0,0,19,1,0,6,6,6,13.5,0,0,6,6,6,14.333333333333334,0,12.4,0.5,1.79,2
1,8,1,12,1,1,1,13,27,10,10,1,0,0,1,0,0,19,0,0,7,0,0,0.0,0,0,8,0,0,0.0,0,15.5,2.8,-4.06,0
1,1,1,2,1,1,1,13,27,10,8,1,0,0,1,0,1,21,0,15,17,18,17,13.38888888888889,0,15,17,18,17,14.88888888888889,0,11.1,0.6,2.02,2
1,4,1,12,1,5,1,13,1,5,2,1,0,0,0,0,0,39,0,0,7,0,0,0.0,0,0,8,0,0,0.0,0,12.4,0.5,1.79,0
1,8,1,2,1,1,1,13,1,5,2,1,0,0,1,1,0,19,0,6,12,12,12,13.583333333333334,0,4,11,12,11,13.583333333333334,0,8.9,1.4,3.51,2
1,1,1,2,1,1,1,22,14,10,9,0,0,0,1,1,1,20,0,0,0,0,0,0.0,0,0,0,0,0,0.0,0,13.9,-0.3,0.79,1
1,12,1,9,1,9,1,1,1,10,5,1,0,1,0,1,0,24,0,0,5,5,0,0.0,0,0,5,5,0,0.0,0,12.7,3.7,-1.7,0
1,12,1,17,0,1,1,13,14,10,10,1,0,0,1,1,0,27,0,0,5,9,1,10.0,0,0,5,5,0,0.0,0,12.7,3.7,-1.7,0
2,12,1,17,0,1,1,22,27,10,10,0,0,0,1,1,0,29,0,0,5,5,5,15.2,0,0,5,5,5,15.2,0,11.1,0.6,2.02,2
1,8,1,6,1,1,1,13,1,10,5,1,0,0,1,1,0,20,0,0,6,12,4,12.8,0,0,6,17,0,0.0,0,12.4,0.5,1.79,0
1,1,1,14,1,1,1,13,1,8,5,0,0,0,1,1,0,21,0,0,5,7,5,11.166666666666666,0,0,5,5,4,11.0,0,9.4,-0.8,-3.12,0
1,1,1,2,1,1,1,3,2,3,3,1,0,0,1,1,0,18,0,0,0,0,0,0.0,0,0,0,0,0,0.0,0,7.6,2.6,0.32,1
1,1,1,12,1,1,1,1,1,5,4,0,0,0,1,1,0,19,0,0,8,9,7,12.828571428571427,0,0,8,9,7,12.828571428571427,0,12.7,3.7,-1.7,2
1,8,1,15,1,1,1,1,1,6,2,0,0,1,0,1,0,19,0,0,6,6,6,12.5,0,0,6,10,4,12.6,0,15.5,2.8,-4.06,0
1,12,1,7,1,1,1,22,27,10,10,0,0,0,1,1,1,28,0,0,5,12,3,10.0,0,0,5,10,3,12.4,0,12.4,0.5,1.79,2
1,6,1,11,1,1,12,13,1,10,8,1,0,0,0,0,0,21,1,0,6,6,6,11.5,0,0,6,10,4,13.25,0,13.9,-0.3,0.79,2
1,5,1,12,1,1,10,3,3,3,10,1,0,1,0,0,0,23,1,0,8,11,7,11.328571428571427,0,0,8,11,7,11.328571428571427,0,12.7,3.7,-1.7,0
4,12,1,4,1,1,1,13,14,10,5,0,0,0,1,0,0,39,0,0,6,15,2,13.0,2,0,6,13,3,13.0,1,15.5,2.8,-4.06,1
1,8,3,12,1,1,1,23,1,10,6,1,0,0,1,0,0,18,0,0,7,7,6,13.033333333333331,0,0,7,7,6,13.033333333333331,0,7.6,2.6,0.32,2
2,6,1,15,1,1,14,22,27,10,7,0,0,0,1,0,0,59,1,0,6,8,6,12.166666666666666,0,0,6,7,4,11.75,0,11.1,0.6,2.02,2
1,4,1,7,1,4,1,4,3,3,8,0,0,1,1,1,0,30,0,0,5,6,4,14.5,0,0,5,10,3,16.2,0,13.9,-0.3,0.79,1
1,1,1,6,1,1,1,1,28,10,10,1,0,0,1,0,0,18,0,0,5,7,5,14.4,1,0,5,5,5,13.6,0,12.7,3.7,-1.7,2
2,15,1,17,0,14,1,22,27,10,10,0,0,0,1,0,0,41,0,2,6,10,4,12.25,0,3,7,9,6,12.5,0,9.4,-0.8,-3.12,1
1,12,1,12,1,1,1,22,14,10,9,1,0,0,1,0,0,27,0,0,7,14,0,0.0,0,0,7,14,0,0.0,0,11.1,0.6,2.02,0
1,1,1,10,1,1,1,23,14,10,11,1,0,0,1,0,1,18,0,0,6,6,6,12.666666666666666,0,0,6,6,6,12.0,0,9.4,-0.8,-3.12,2
1,9,5,16,1,1,1,23,14,8,8,1,0,1,0,0,0,20,0,0,6,14,2,12.0,0,0,6,14,3,11.666666666666666,0,10.8,1.4,1.74,0
2,12,1,7,1,3,1,22,27,5,8,0,0,0,0,0,0,32,0,0,5,6,0,0.0,0,0,5,5,0,0.0,0,12.7,3.7,-1.7,0
1,8,1,9,1,1,1,23,27,4,6,1,0,0,1,0,0,19,0,0,5,5,3,11.666666666666666,0,0,5,10,4,10.8,0,9.4,-0.8,-3.12,0
2,12,1,16,1,9,1,22,27,8,9,0,0,0,1,0,0,41,0,0,6,0,0,0.0,0,0,6,0,0,0.0,0,16.2,0.3,-0.92,0
4,8,5,3,0,1,1,13,14,12,12,0,0,0,1,0,0,38,0,0,5,12,1,10.0,0,0,5,10,0,0.0,0,10.8,1.4,1.74,0
1,4,1,8,1,2,3,27,1,5,10,0,0,0,1,1,0,35,1,0,7,8,0,0.0,1,0,6,9,0,0.0,0,8.9,1.4,3.51,0
1,12,1,3,0,1,1,19,24,1,1,1,0,0,1,0,0,27,0,0,6,11,4,12.25,0,0,6,16,3,12.0,0,7.6,2.6,0.32,0
1,8,1,5,1,1,1,1,27,5,10,1,0,0,1,0,0,19,0,0,6,10,4,12.0,1,0,6,6,6,12.5,0,7.6,2.6,0.32,2
1,9,1,15,1,1,1,13,27,10,6,0,0,0,0,0,0,18,0,0,6,7,5,12.6,0,0,6,6,5,11.8,0,11.1,0.6,2.02,1
2,12,1,17,0,7,1,19,24,1,1,0,0,0,0,0,0,39,0,0,5,5,0,0.0,0,0,5,5,0,0.0,0,7.6,2.6,0.32,0
2,4,1,11,1,2,1,22,27,10,10,0,0,0,0,0,0,37,0,0,5,5,0,0.0,0,0,5,10,0,0.0,0,10.8,1.4,1.74,0
5,12,1,12,1,1,1,23,28,10,10,0,0,0,0,0,0,37,0,0,8,8,0,0.0,1,0,8,8,0,0.0,1,12.7,3.7,-1.7,0
2,14,1,3,0,1,1,19,24,1,1,0,0,0,1,0,1,35,0,11,16,16,16,12.6875,0,11,13,13,13,12.0,0,9.4,-0.8,-3.12,2
1,14,1,9,1,1,1,22,27,10,10,0,0,0,1,0,0,49,0,9,13,22,10,10.4,0,4,9,18,6,10.666666666666666,0,12.7,3.7,-1.7,2
1,4,1,9,1,15,1,22,27,10,10,0,0,0,1,0,0,52,0,11,15,26,14,10.466666666666669,0,9,12,16,12,10.923076923076923,0,13.9,-0.3,0.79,2
1,1,2,6,1,1,1,1,28,6,6,1,0,0,1,0,0,18,0,0,5,10,5,14.333333333333334,2,0,5,8,5,13.0,1,9.4,-0.8,-3.12,2
1,12,1,3,0,1,1,22,27,10,10,0,0,0,1,0,1,30,0,0,7,7,6,14.666666666666666,1,0,6,7,6,14.333333333333334,0,10.8,1.4,1.74,2
1,1,2,12,1,1,1,1,14,3,8,1,0,0,1,0,0,21,0,0,7,7,7,12.835714285714284,0,0,8,8,8,14.23125,0,11.1,0.6,2.02,2
1,1,1,7,1,1,1,22,14,10,6,1,0,0,1,1,0,20,0,0,5,5,0,0.0,0,0,5,0,0,0.0,0,9.4,-0.8,-3.12,0
1,8,1,9,1,1,1,1,28,7,7,1,0,1,1,1,0,18,0,0,5,9,0,0.0,0,0,5,5,0,0.0,0,7.6,2.6,0.32,1
1,7,1,2,1,1,1,22,27,10,10,1,0,0,1,1,0,19,0,0,0,0,0,0.0,0,0,0,0,0,0.0,0,7.6,2.6,0.32,0
1,1,3,12,1,1,1,3,14,3,11,1,0,0,1,1,0,18,0,0,8,8,8,13.24875,0,0,8,8,8,13.24875,0,9.4,-0.8,-3.12,2
1,6,1,1,1,1,14,2,3,3,5,0,0,0,1,1,0,20,1,0,7,10,7,12.857142857142858,0,0,7,7,4,12.75,0,8.9,1.4,3.51,1
1,8,1,8,1,1,1,23,14,6,8,1,0,0,1,0,0,21,0,0,6,12,5,13.6,0,0,6,10,4,14.25,0,12.4,0.5,1.79,1
1,1,4,9,1,1,1,1,1,4,5,1,0,0,1,0,1,22,0,0,5,6,3,14.0,0,0,5,8,5,12.4,0,11.1,0.6,2.02,2
1,15,1,8,1,14,1,13,14,6,6,1,0,1,0,0,0,20,0,1,6,11,3,12.0,0,0,6,11,2,11.0,0,12.4,0.5,1.79,1
1,8,4,6,1,1,1,22,1,4,10,0,0,0,1,0,0,20,0,0,6,9,6,13.166666666666666,0,0,6,8,4,14.0,0,13.9,-0.3,0.79,1
1,8,6,10,1,1,1,1,14,8,8,1,0,0,1,0,1,19,0,0,6,8,6,13.625,0,0,6,7,6,12.166666666666666,0,12.7,3.7,-1.7,2
1,8,5,12,1,1,1,13,28,10,6,1,0,0,1,0,1,18,0,0,7,8,7,14.85,0,0,8,9,8,15.61111111111111,0,13.9,-0.3,0.79,2
1,1,2,9,1,1,1,1,14,5,5,1,0,0,1,1,0,21,0,0,5,9,4,10.75,0,0,5,6,5,11.4,0,11.1,0.6,2.02,2
1,6,1,13,1,1,12,13,1,10,5,0,0,1,1,0,0,19,1,0,7,11,0,0.0,4,0,7,11,2,11.666666666666666,0,8.9,1.4,3.51,1
1,14,1,8,1,1,3,22,27,10,7,0,0,0,1,0,0,37,1,0,6,0,0,0.0,0,0,6,0,0,0.0,0,13.9,-0.3,0.79,0
2,1,1,3,0,1,1,22,27,10,10,1,0,0,1,0,0,45,0,8,12,14,12,14.0,0,2,7,12,7,13.857142857142858,0,7.6,2.6,0.32,1
1,12,1,4,1,12,1,22,27,10,11,0,0,1,0,1,0,38,0,0,6,8,0,0.0,0,0,6,10,0,0.0,0,16.2,0.3,-0.92,0
6,12,1,17,0,9,1,22,27,12,12,1,0,0,0,1,0,55,0,0,5,5,0,0.0,0,0,5,5,0,0.0,0,7.6,2.6,0.32,0
5,12,1,4,1,1,1,22,27,10,8,0,0,1,0,0,0,28,0,0,6,17,5,13.0,0,0,6,11,4,11.75,0,13.9,-0.3,0.79,0
5,4,1,17,0,2,1,22,27,7,7,0,0,0,1,0,0,46,0,6,8,12,8,12.375,0,4,9,11,5,12.4,0,8.9,1.4,3.51,2
1,1,4,2,1,1,1,13,14,5,5,1,1,0,1,0,0,22,0,0,0,0,0,0.0,0,0,0,0,0,0.0,0,16.2,0.3,-0.92,2
2,12,2,14,1,12,1,22,27,10,10,0,0,0,1,0,0,46,0,0,6,10,5,11.4,0,0,6,9,4,13.75,0,12.4,0.5,1.79,0
1,12,1,17,0,1,1,13,27,6,6,0,0,0,1,0,0,28,0,0,5,9,4,11.25,0,0,5,7,4,13.0,0,7.6,2.6,0.32,1
1,1,3,6,1,1,1,22,14,10,9,1,0,1,0,0,0,18,0,0,5,7,3,13.0,0,0,5,8,3,12.0,0,7.6,2.6,0.32,0
1,7,1,2,1,1,1,23,27,10,10,1,0,0,1,1,1,18,0,0,0,0,0,0.0,0,0,0,0,0,0.0,0,10.8,1.4,1.74,1
1,1,1,15,1,1,1,22,27,10,8,1,0,0,1,1,1,21,0,0,6,6,6,13.5,0,0,6,6,6,14.166666666666666,0,12.7,3.7,-1.7,2
1,7,2,5,1,1,1,1,3,5,3,1,0,0,1,0,0,18,0,0,6,11,1,11.0,1,0,6,11,4,11.0,4,7.6,2.6,0.32,1
1,14,1,17,0,1,1,13,27,4,10,0,0,0,1,0,0,34,0,0,5,9,0,0.0,0,0,5,10,1,11.0,0,13.9,-0.3,0.79,0
1,8,1,16,1,1,1,22,28,10,10,1,0,0,1,0,1,21,0,0,6,9,5,12.0,0,0,6,8,5,11.2,0,10.8,1.4,1.74,0
1,1,1,15,1,1,1,22,14,10,10,1,0,0,1,0,1,18,0,0,6,8,5,13.0,0,0,6,7,6,13.0,0,15.5,2.8,-4.06,2
1,1,1,2,1,1,1,17,28,10,9,1,0,0,1,1,0,20,0,0,0,0,0,0.0,0,0,0,0,0,0.0,0,7.6,2.6,0.32,2
1,1,1,9,1,1,1,23,27,8,8,1,0,0,1,0,0,18,0,0,5,8,4,12.0,0,0,5,8,4,12.25,0,9.4,-0.8,-3.12,1
1,8,2,7,1,1,1,1,2,4,4,1,0,0,1,1,0,21,0,0,5,10,5,11.166666666666666,0,0,5,10,3,10.8,0,12.4,0.5,1.79,1
1,8,1,11,1,1,1,22,27,6,5,1,0,0,1,1,0,19,0,0,6,13,2,10.5,0,0,6,11,1,12.0,0,10.8,1.4,1.74,0
1,8,2,3,0,1,1,1,14,5,13,1,0,0,1,1,0,22,0,0,6,7,6,12.666666666666666,0,0,6,6,6,12.166666666666666,0,7.6,2.6,0.32,2
1,15,1,4,1,14,1,1,14,5,8,0,0,0,1,1,0,23,0,1,6,6,1,11.0,0,0,6,8,0,0.0,0,15.5,2.8,-4.06,0
1,8,4,2,1,1,1,3,1,3,11,1,0,0,1,1,0,19,0,0,0,0,0,0.0,0,0,0,0,0,0.0,0,9.4,-0.8,-3.12,0
1,1,4,9,1,1,1,13,28,6,6,1,0,0,1,1,0,18,0,0,5,6,4,11.5,0,0,5,12,2,10.333333333333334,0,10.8,1.4,1.74,1
1,1,3,2,1,1,1,23,27,10,4,1,0,1,0,1,1,19,0,0,0,0,0,0.0,0,0,0,0,0,0.0,0,9.4,-0.8,-3.12,0
1,8,1,9,1,1,1,1,28,10,10,1,0,0,1,1,0,19,0,0,5,10,2,10.5,0,0,5,5,4,11.75,0,12.4,0.5,1.79,1
1,1,1,14,1,1,1,1,27,5,10,0,0,0,1,1,0,19,0,0,5,8,4,12.5,0,0,5,6,4,11.0,0,7.6,2.6,0.32,1
1,1,2,12,1,1,1,22,27,10,10,1,0,0,1,1,0,22,0,0,7,9,6,12.833333333333334,0,0,8,12,6,12.5,0,16.2,0.3,-0.92,1
1,1,1,15,1,1,1,13,1,10,10,0,0,0,1,1,1,18,0,0,6,7,6,15.571428571428571,0,0,6,7,6,16.142857142857142,0,13.9,-0.3,0.79,2
1,8,1,10,1,1,1,22,27,8,8,1,0,0,1,1,0,18,0,0,6,10,4,12.0,0,0,6,7,5,11.8,0,9.4,-0.8,-3.12,0
1,8,1,15,1,1,1,23,28,10,10,0,0,1,1,1,0,19,0,0,6,6,4,11.25,0,0,6,6,3,11.333333333333334,0,16.2,0.3,-0.92,0
1,1,4,2,1,1,1,1,1,1,4,1,0,0,1,1,0,18,0,0,0,0,0,0.0,0,0,0,0,0,0.0,0,11.1,0.6,2.02,2
1,8,6,14,1,1,1,1,14,5,11,0,0,0,1,1,0,21,0,0,6,10,6,12.285714285714286,0,0,6,11,4,14.25,0,15.5,2.8,-4.06,1
1,1,2,11,1,1,1,1,14,5,2,1,0,0,1,1,0,18,0,0,6,12,5,11.0,0,0,6,11,3,10.333333333333334,0,9.4,-0.8,-3.12,1
1,15,1,4,1,14,1,13,28,7,7,1,0,0,1,1,0,19,0,0,6,8,6,12.142857142857142,0,0,6,11,5,13.6,0,12.4,0.5,1.79,2
1,12,1,4,1,12,1,1,14,10,9,0,0,1,0,1,0,27,0,0,6,11,2,11.5,0,0,6,7,0,0.0,0,8.9,1.4,3.51,0
1,17,1,4,1,16,1,23,28,10,10,1,0,1,1,1,0,20,0,7,12,16,11,12.545454545454543,0,5,10,12,8,11.625,0,8.9,1.4,3.51,1
1,1,5,11,1,1,1,3,14,4,10,1,0,0,1,1,0,20,0,0,6,10,4,13.0,0,0,6,6,6,13.0,0,12.4,0.5,1.79,2
1,1,6,12,1,1,1,4,3,3,2,1,0,0,1,1,0,18,0,0,8,9,8,12.8875,1,0,8,9,8,12.8875,1,9.4,-0.8,-3.12,2
1,8,1,15,1,1,1,23,14,10,11,1,0,0,1,1,0,18,0,0,6,6,6,12.666666666666666,0,0,6,7,5,13.6,0,12.4,0.5,1.79,1
1,1,2,5,1,1,1,23,14,8,8,1,0,0,1,1,0,18,0,0,6,7,6,12.833333333333334,0,0,6,7,6,12.571428571428571,0,8.9,1.4,3.51,2
1,1,1,9,1,1,1,1,28,5,8,1,0,0,1,1,0,18,0,0,5,10,3,10.666666666666666,1,0,5,11,2,12.5,0,9.4,-0.8,-3.12,0
1,7,5,6,1,1,1,13,27,9,9,1,0,0,1,1,0,18,0,0,5,11,5,13.0,2,0,5,7,5,12.4,0,9.4,-0.8,-3.12,1
1,8,2,12,1,1,1,13,14,6,6,1,0,0,1,0,0,18,0,0,7,11,6,11.983333333333334,0,0,8,12,8,12.28125,0,16.2,0.3,-0.92,2
1,12,1,3,0,11,1,19,24,1,1,1,0,0,0,0,0,37,0,0,5,9,0,0.0,0,0,5,5,0,0.0,5,9.4,-0.8,-3.12,0
2,12,1,3,0,1,1,23,27,6,4,0,0,0,1,0,1,36,0,0,6,6,6,11.833333333333334,0,0,6,6,6,11.5,0,10.8,1.4,1.74,2
2,12,1,6,1,12,1,13,14,10,6,1,0,0,1,0,0,26,0,0,6,21,3,12.666666666666666,0,0,6,15,2,11.0,0,15.5,2.8,-4.06,0
1,1,1,6,1,1,1,22,28,7,10,0,0,0,1,0,0,19,0,0,5,9,4,13.75,1,0,5,8,4,14.5,0,7.6,2.6,0.32,2
1,12,1,3,0,1,1,22,1,8,5,1,0,0,1,0,0,24,0,0,6,8,5,11.4,0,0,6,8,5,11.8,0,15.5,2.8,-4.06,0
1,1,2,15,1,1,21,13,1,10,10,1,0,0,1,0,1,19,1,0,6,8,6,13.166666666666666,0,0,6,6,6,13.0,0,11.1,0.6,2.02,0
1,13,1,14,1,1,1,1,1,10,11,1,0,0,1,0,1,20,0,3,7,10,6,12.833333333333334,0,2,8,8,5,11.8,0,12.7,3.7,-1.7,2
1,9,1,14,1,1,1,13,3,10,8,1,0,0,1,0,0,19,0,0,6,8,6,14.125,0,0,6,10,5,14.5,0,11.1,0.6,2.02,2
1,1,1,6,1,1,1,23,27,10,10,1,0,0,1,0,0,21,0,0,5,10,3,11.666666666666666,0,0,5,5,5,13.0,0,10.8,1.4,1.74,2
2,12,1,13,1,1,1,22,27,10,5,0,0,0,0,0,0,50,0,0,7,18,6,10.25,0,0,7,14,4,11.25,0,12.7,3.7,-1.7,0
2,12,1,13,1,1,1,22,27,10,10,0,0,0,1,0,0,47,0,1,7,16,6,12.514285714285716,0,0,7,15,4,11.75,0,12.7,3.7,-1.7,0
1,13,1,16,1,1,1,1,14,5,8,0,0,0,1,0,0,24,0,9,13,17,10,11.5,0,7,13,18,9,10.444444444444445,0,16.2,0.3,-0.92,0
1,12,1,17,0,1,1,22,27,8,11,0,0,0,0,0,0,48,0,0,5,5,1,10.0,0,0,5,5,0,0.0,0,15.5,2.8,-4.06,0
1,1,1,6,1,1,1,22,2,10,5,1,0,0,1,0,1,18,0,0,6,7,6,15.714285714285714,0,0,6,17,5,12.77777777777778,0,12.4,0.5,1.79,2
1,15,1,17,0,14,1,22,27,6,6,1,0,0,1,1,0,32,0,2,6,9,4,12.5,0,3,7,7,4,11.0,0,9.4,-0.8,-3.12,0
1,1,1,14,1,1,1,13,3,5,1,1,0,0,0,1,0,20,0,0,5,6,3,12.0,0,0,5,5,4,12.75,0,7.6,2.6,0.32,0
1,12,1,7,1,1,1,22,28,10,9,0,0,1,1,1,0,24,0,0,5,11,0,0.0,0,0,5,5,0,0.0,0,16.2,0.3,-0.92,0
2,12,1,8,1,12,1,22,28,10,10,0,0,0,1,1,0,53,0,0,5,9,4,12.25,2,0,5,8,4,11.75,0,9.4,-0.8,-3.12,2
2,12,1,15,1,12,1,13,14,10,5,0,0,1,0,1,0,42,0,0,4,5,0,0.0,0,0,4,4,0,0.0,0,13.9,-0.3,0.79,0
2,12,1,17,0,9,1,22,27,10,10,1,0,0,1,1,0,52,0,0,5,5,5,13.6,0,0,5,5,5,14.2,0,7.6,2.6,0.32,2
1,14,1,3,0,1,1,23,3,18,20,0,0,0,1,1,0,54,0,9,13,14,13,13.307692307692308,0,7,11,12,11,12.818181818181818,0,12.7,3.7,-1.7,1
2,12,1,17,0,1,1,22,27,10,11,0,0,0,1,1,0,49,0,0,5,6,5,12.2,0,0,5,9,5,11.8,0,15.5,2.8,-4.06,2
1,8,1,14,1,1,1,23,27,8,6,0,0,0,1,1,1,18,0,0,6,7,6,12.285714285714286,0,0,6,7,6,13.333333333333334,1,16.2,0.3,-0.92,2
2,12,1,8,1,1,1,1,14,7,7,1,0,0,1,1,0,37,0,1,5,12,3,12.0,2,1,5,8,4,13.0,1,10.8,1.4,1.74,2
1,1,1,12,1,1,1,1,1,5,5,0,0,0,1,1,1,21,0,0,7,9,6,13.342857142857143,0,0,8,10,7,11.65,0,12.4,0.5,1.79,2
1,12,1,14,1,7,1,22,27,6,4,0,0,1,1,1,0,26,0,0,5,5,0,0.0,0,0,5,5,0,0.0,0,9.4,-0.8,-3.12,0
1,1,1,5,1,1,1,3,1,3,4,1,0,0,1,1,0,20,0,5,12,12,11,14.272727272727272,0,5,12,12,11,14.818181818181818,0,16.2,0.3,-0.92,2
1,1,4,12,1,1,1,1,27,5,4,1,0,0,1,0,1,19,0,0,7,9,7,12.1375,0,0,8,9,8,12.91111111111111,0,12.4,0.5,1.79,2
1,1,2,5,1,1,1,23,28,10,8,1,0,0,1,0,0,18,0,0,6,7,6,14.166666666666666,0,0,6,7,6,14.857142857142858,0,9.4,-0.8,-3.12,2
1,8,5,12,1,1,1,1,1,5,5,1,0,0,1,0,0,18,0,0,7,7,7,13.528571428571428,0,0,8,9,8,14.655555555555557,0,12.4,0.5,1.79,2
1,8,2,3,0,1,1,22,14,10,10,0,0,0,1,0,0,20,0,0,6,8,5,12.0,0,0,6,8,6,11.0,0,10.8,1.4,1.74,2
1,8,4,11,1,1,1,3,3,4,4,1,0,0,1,0,0,20,0,0,5,5,5,11.4,0,0,6,11,1,11.0,0,10.8,1.4,1.74,0
1,1,2,2,1,1,1,3,14,5,8,1,0,0,1,0,0,21,0,0,0,0,0,0.0,0,0,0,0,0,0.0,0,8.9,1.4,3.51,0
1,1,2,2,1,1,1,1,14,4,4,1,0,0,1,0,0,22,0,6,12,12,12,12.916666666666666,0,4,11,16,11,14.5,0,8.9,1.4,3.51,2
1,14,1,12,1,1,1,1,28,5,8,0,0,0,1,0,1,18,0,0,7,8,7,13.6375,0,0,8,8,8,14.3875,0,13.9,-0.3,0.79,2
1,1,5,12,1,1,1,13,27,10,8,1,0,0,1,0,0,18,0,0,7,10,7,12.9,0,0,8,15,7,12.142857142857142,0,15.5,2.8,-4.06,0
1,1,1,12,1,1,1,1,28,5,10,1,0,0,1,0,1,19,0,0,8,8,7,14.36,0,0,8,8,7,14.36,0,10.8,1.4,1.74,2
1,1,1,12,1,1,1,3,1,10,10,0,0,0,1,0,0,19,0,0,8,8,7,14.514285714285714,0,0,8,8,7,14.514285714285714,0,12.7,3.7,-1.7,1
1,1,3,12,1,1,1,1,1,5,8,1,0,0,1,0,0,18,0,0,8,8,7,14.7,0,0,8,8,7,14.7,0,10.8,1.4,1.74,2
1,4,1,17,0,15,1,28,3,4,4,0,0,0,1,0,0,27,0,0,5,5,5,15.2,0,0,5,6,5,14.0,0,11.1,0.6,2.02,1
1,1,3,13,1,1,1,13,14,4,11,1,0,0,1,0,1,20,0,0,7,7,7,13.0,0,0,8,8,8,15.0625,0,12.4,0.5,1.79,2
1,1,2,16,1,1,1,1,1,3,10,1,0,0,1,0,0,20,0,0,6,6,6,13.5,0,0,6,6,0,0.0,0,12.7,3.7,-1.7,0
1,1,2,6,1,1,1,23,1,10,4,1,0,0,1,0,0,20,0,0,5,11,5,12.333333333333334,2,0,5,7,5,12.6,0,9.4,-0.8,-3.12,2
1,1,1,9,1,1,1,3,14,2,5,0,0,0,1,0,0,19,0,0,5,6,5,13.4,0,0,5,6,5,13.0,0,16.2,0.3,-0.92,2
1,1,2,6,1,1,1,22,14,10,9,0,0,0,1,0,0,20,0,0,5,7,4,11.75,0,0,5,9,2,10.5,0,7.6,2.6,0.32,1
1,14,3,2,1,1,1,22,27,10,10,1,0,0,1,0,1,20,0,0,0,0,0,0.0,0,0,0,0,0,0.0,0,7.6,2.6,0.32,2
1,1,1,2,1,1,1,3,3,2,3,1,0,0,1,0,0,20,0,0,0,0,0,0.0,0,0,0,0,0,0.0,0,13.9,-0.3,0.79,1
1,17,1,6,1,16,1,1,14,5,7,1,0,0,1,0,0,27,0,7,12,17,11,14.727272727272728,0,4,9,10,7,14.142857142857142,0,8.9,1.4,3.51,2
1,1,2,6,1,1,1,3,3,6,3,1,0,0,1,0,0,18,0,0,6,7,6,16.571428571428573,0,0,6,6,6,15.666666666666666,0,13.9,-0.3,0.79,2
1,1,1,12,1,1,1,13,1,5,5,0,0,0,1,0,0,18,0,0,7,10,7,15.145,0,0,8,8,8,15.7425,0,15.5,2.8,-4.06,2
1,8,1,12,1,1,1,1,27,10,8,0,0,0,1,0,1,18,0,0,7,7,7,13.44285714285714,0,0,8,8,8,15.075,0,13.9,-0.3,0.79,2
1,1,1,6,1,1,1,22,27,10,2,0,0,0,1,0,0,20,0,0,5,8,5,14.166666666666666,2,0,5,6,4,11.75,2,9.4,-0.8,-3.12,2
1,1,1,15,1,1,1,1,1,5,5,1,0,0,1,0,0,19,0,0,6,7,6,14.0,0,0,6,7,5,15.0,0,11.1,0.6,2.02,1
1,8,1,10,1,1,1,1,1,6,7,0,0,0,1,0,1,20,0,0,6,9,6,11.333333333333334,0,0,6,6,6,12.333333333333334,0,10.8,1.4,1.74,2
1,1,4,12,1,1,1,3,14,2,6,1,0,0,1,0,0,18,0,0,8,8,8,13.76125,0,0,8,8,8,13.76125,0,9.4,-0.8,-3.12,2
1,15,1,5,1,14,1,1,28,5,7,0,0,1,0,0,0,22,0,2,7,9,5,11.6,0,5,9,9,5,10.0,0,12.4,0.5,1.79,0
1,8,1,3,0,1,1,22,27,6,9,0,0,1,1,0,1,22,0,1,6,7,4,12.75,0,1,6,8,5,13.0,0,13.9,-0.3,0.79,2
1,12,1,17,0,1,1,1,1,5,3,0,0,0,1,0,0,25,0,0,5,12,4,12.5,0,0,5,10,4,11.0,0,13.9,-0.3,0.79,1
1,1,1,6,1,1,1,13,3,5,3,0,0,0,1,0,0,19,0,0,6,13,6,15.307692307692308,0,0,6,9,6,14.0,0,15.5,2.8,-4.06,2
1,15,1,8,1,14,1,3,1,5,2,1,0,0,0,0,0,21,0,1,6,12,5,13.285714285714286,0,0,6,10,4,12.0,0,16.2,0.3,-0.92,0
1,12,1,12,1,15,1,1,1,5,5,1,0,0,1,0,0,27,0,1,7,7,7,14.757142857142856,0,1,8,9,8,14.077777777777778,0,16.2,0.3,-0.92,2
1,8,4,12,1,1,1,1,1,5,10,1,0,0,1,0,0,18,0,0,7,7,6,12.766666666666666,0,0,7,7,6,12.766666666666666,0,7.6,2.6,0.32,2
1,8,3,11,1,1,1,1,1,5,5,0,0,0,0,0,0,18,0,0,5,5,5,10.4,0,0,6,13,0,0.0,0,10.8,1.4,1.74,0
1,8,1,13,1,1,1,3,3,2,8,1,0,0,1,1,0,19,0,0,7,0,0,0.0,0,0,7,0,0,0.0,0,11.1,0.6,2.02,0
5,12,1,17,0,1,1,1,1,4,4,0,0,0,1,1,1,35,0,0,5,10,4,10.5,0,0,5,6,5,12.6,0,8.9,1.4,3.51,2
1,8,1,6,1,1,1,22,26,5,12,0,0,0,1,1,0,23,0,0,5,6,4,14.25,0,0,5,6,5,13.4,0,7.6,2.6,0.32,2
1,12,1,12,1,1,1,1,27,10,10,0,0,0,1,1,0,28,0,0,7,11,3,11.916666666666666,1,0,7,17,0,0.0,0,16.2,0.3,-0.92,0
1,1,1,7,1,1,1,23,28,10,8,1,0,0,1,1,0,19,0,0,5,10,3,10.666666666666666,0,0,5,9,2,14.0,2,7.6,2.6,0.32,1
1,1,1,15,1,1,1,1,14,5,5,0,0,0,1,1,0,19,0,0,6,11,4,12.25,0,0,6,10,3,12.666666666666666,0,7.6,2.6,0.32,1
1,1,2,14,1,1,1,13,1,10,5,1,0,1,1,1,0,20,0,0,5,5,4,12.0,0,0,5,6,5,11.6,0,9.4,-0.8,-3.12,0
1,1,1,14,1,1,1,2,2,4,4,1,0,0,1,1,0,21,0,0,5,7,3,11.0,0,0,5,5,4,12.75,0,7.6,2.6,0.32,0
1,8,3,5,1,1,1,22,27,6,6,1,0,0,1,1,0,18,0,0,6,6,6,14.166666666666666,0,0,6,8,5,13.0,0,10.8,1.4,1.74,2
1,1,5,5,1,1,1,3,3,3,3,1,0,0,1,1,0,22,0,0,6,6,6,14.666666666666666,0,0,6,6,6,15.0,0,9.4,-0.8,-3.12,2
1,8,3,6,1,1,1,23,1,10,10,1,0,0,1,1,0,21,0,0,5,11,0,0.0,0,0,5,10,5,12.285714285714286,1,10.8,1.4,1.74,2
1,4,1,13,1,3,1,3,3,3,3,0,0,1,0,1,0,38,0,0,7,8,3,12.666666666666666,0,0,5,5,0,0.0,0,13.9,-0.3,0.79,0
1,1,1,2,1,1,1,13,1,10,10,1,0,0,1,1,0,20,0,0,0,0,0,0.0,0,0,0,0,0,0.0,0,10.8,1.4,1.74,1
1,14,4,2,1,1,1,22,27,10,10,1,0,0,1,1,0,19,0,0,0,0,0,0.0,0,0,0,0,0,0.0,0,7.6,2.6,0.32,0
1,4,1,7,1,1,1,19,24,1,1,0,0,0,1,1,0,24,0,0,5,0,0,0.0,0,0,5,0,0,0.0,0,7.6,2.6,0.32,0
1,9,3,5,1,1,1,1,27,5,8,1,0,0,0,1,0,19,0,0,6,0,0,0.0,0,0,6,0,0,0.0,0,12.7,3.7,-1.7,0
1,1,1,12,1,1,1,22,28,10,10,1,0,0,1,1,1,19,0,0,7,7,7,13.7,0,0,8,9,8,14.022222222222222,0,16.2,0.3,-0.92,2
1,1,1,9,1,1,1,3,14,4,11,0,0,0,1,1,0,19,0,0,5,7,5,11.8,0,0,5,8,4,12.4,2,16.2,0.3,-0.92,1
1,12,1,7,1,3,1,3,3,4,11,0,0,0,1,1,0,31,0,0,5,0,0,0.0,0,0,5,0,0,0.0,0,10.8,1.4,1.74,0
1,8,1,14,1,1,1,23,27,10,9,1,0,0,1,1,1,19,0,0,6,6,6,13.333333333333334,0,0,6,7,6,13.285714285714286,0,8.9,1.4,3.51,2
1,8,1,5,1,1,1,13,28,5,6,1,0,0,1,1,0,22,0,0,6,7,5,11.4,0,0,6,6,6,12.166666666666666,0,7.6,2.6,0.32,2
1,12,1,6,1,1,1,19,1,1,3,0,0,0,1,1,0,25,0,0,5,5,0,0.0,0,0,5,5,0,0.0,0,7.6,2.6,0.32,0
1,1,1,12,1,1,1,1,1,6,6,1,0,0,1,1,0,18,0,0,7,7,7,16.142857142857142,0,0,8,9,0,0.0,0,16.2,0.3,-0.92,0
1,4,1,12,1,3,1,22,27,12,12,1,0,0,1,1,0,30,0,0,8,8,0,0.0,8,0,8,8,0,0.0,8,9.4,-0.8,-3.12,0
1,1,1,12,1,1,1,23,27,10,10,0,0,0,1,1,1,18,0,0,8,8,8,15.63375,0,0,8,8,8,15.63375,0,9.4,-0.8,-3.12,2
1,1,1,15,1,1,1,1,1,6,6,1,0,0,1,1,0,18,0,0,6,6,6,13.666666666666666,0,0,6,6,6,14.5,0,12.7,3.7,-1.7,2
1,8,6,15,1,1,1,19,24,1,1,0,0,0,1,1,0,18,0,0,6,0,0,0.0,0,0,6,0,0,0.0,0,7.6,2.6,0.32,0
1,1,1,10,1,1,1,23,28,8,8,1,0,0,1,1,0,18,0,0,6,8,6,12.5,0,0,6,7,6,11.5,0,10.8,1.4,1.74,2
1,12,1,14,1,1,1,1,14,5,10,0,0,0,1,1,1,25,0,0,6,8,6,12.285714285714286,0,0,6,6,6,13.0,0,15.5,2.8,-4.06,2
1,1,1,7,1,1,1,3,1,5,2,0,0,0,1,1,0,18,0,0,5,10,2,14.0,0,0,5,7,3,11.0,1,7.6,2.6,0.32,1
1,1,5,2,1,1,1,1,1,5,5,0,0,0,1,1,0,18,0,0,0,0,0,0.0,0,0,0,0,0,0.0,0,12.7,3.7,-1.7,0
1,1,4,9,1,1,1,1,28,9,10,1,0,0,1,1,0,19,0,0,5,5,4,10.75,0,0,5,6,4,12.25,0,12.4,0.5,1.79,1
1,12,1,13,1,12,1,13,1,8,11,0,0,0,1,1,0,25,0,0,7,14,4,12.95,1,0,7,11,4,13.125,1,15.5,2.8,-4.06,0
1,1,3,12,1,1,1,22,28,10,6,1,0,0,1,0,0,19,0,0,7,7,6,12.45,0,0,7,7,6,12.45,0,7.6,2.6,0.32,2
1,15,1,17,0,14,1,22,27,10,10,0,0,0,1,0,0,31,0,2,6,12,4,12.25,0,3,7,9,7,12.0,0,9.4,-0.8,-3.12,1
1,1,3,12,1,1,1,13,14,6,5,1,0,0,1,0,1,20,0,0,8,8,8,13.38125,0,0,8,8,8,13.38125,0,9.4,-0.8,-3.12,2
1,13,1,12,1,1,14,3,1,4,11,1,0,0,0,0,0,33,1,1,7,10,5,12.16,0,0,6,7,5,11.34,0,12.4,0.5,1.79,0
1,15,1,6,1,14,1,1,3,10,5,0,0,1,0,0,0,24,0,2,6,11,4,12.5,0,1,6,18,2,11.5,0,12.4,0.5,1.79,1
1,8,4,10,1,1,1,13,27,10,10,1,0,0,1,0,1,18,0,0,6,8,6,12.75,0,0,6,10,6,12.166666666666666,0,12.7,3.7,-1.7,2
1,8,2,12,1,1,1,1,14,5,11,1,0,0,1,0,0,19,0,0,8,8,8,13.3425,0,0,8,8,8,13.3425,0,9.4,-0.8,-3.12,2
1,1,4,12,1,1,1,23,28,8,8,1,0,0,1,0,1,20,0,0,7,10,7,14.175,0,0,8,14,6,13.03125,0,15.5,2.8,-4.06,2
2,12,1,12,1,1,1,22,28,5,5,0,0,0,1,1,1,33,0,0,8,16,1,10.0,1,0,8,16,1,10.0,1,12.7,3.7,-1.7,1
1,12,1,7,1,1,1,23,27,8,8,0,0,0,1,1,0,24,0,0,5,9,0,0.0,0,0,5,8,2,14.5,2,7.6,2.6,0.32,0
1,12,1,17,0,12,1,2,1,3,5,0,0,0,1,1,0,24,0,0,5,7,0,0.0,0,0,5,7,0,0.0,0,16.2,0.3,-0.92,0
1,8,1,6,1,1,1,23,27,10,10,1,0,0,1,1,0,18,0,0,5,6,5,12.0,0,0,5,8,5,12.142857142857142,0,10.8,1.4,1.74,2
1,1,2,11,1,1,1,22,27,10,10,1,0,0,1,0,1,18,0,0,6,8,6,10.571428571428571,0,0,6,9,5,11.4,0,16.2,0.3,-0.92,2
1,16,1,6,1,1,1,3,3,3,9,1,0,0,1,0,0,22,0,4,12,19,11,14.153846153846152,0,5,12,20,12,15.428571428571429,0,8.9,1.4,3.51,2
1,1,1,15,1,1,1,2,1,10,10,1,1,0,1,0,1,18,0,0,6,9,6,11.166666666666666,0,0,6,11,5,12.4,0,10.8,1.4,1.74,2
1,1,1,2,1,1,1,13,14,4,11,1,0,0,1,0,0,21,0,13,17,20,17,12.0,0,14,17,18,17,12.666666666666666,0,11.1,0.6,2.02,2
2,12,1,17,0,1,1,22,27,6,2,1,0,0,1,0,0,38,0,0,5,11,3,11.333333333333334,0,0,5,9,4,12.0,0,9.4,-0.8,-3.12,0
1,14,1,10,1,1,1,19,24,13,13,0,0,0,1,0,1,29,0,9,16,17,16,12.588235294117649,0,10,13,14,13,13.357142857142858,0,9.4,-0.8,-3.12,2
1,15,1,8,1,14,1,23,27,5,10,1,0,0,1,0,1,20,0,0,6,11,4,12.0,0,0,6,9,4,10.75,0,16.2,0.3,-0.92,1
1,8,1,11,1,1,1,23,27,5,10,1,0,0,0,0,0,18,0,0,6,0,0,0.0,0,0,6,0,0,0.0,0,12.7,3.7,-1.7,0
2,14,1,17,0,1,1,22,27,10,10,0,0,0,1,1,0,37,0,7,12,13,12,12.25,0,8,13,13,13,12.846153846153848,0,9.4,-0.8,-3.12,2
1,1,3,9,1,1,1,3,3,6,11,0,0,0,1,1,0,20,0,0,5,7,5,11.6,0,0,5,5,5,12.8,0,12.4,0.5,1.79,2
1,1,1,8,1,1,1,13,14,12,9,1,0,0,0,1,0,20,0,0,5,7,4,13.0,0,0,5,11,3,12.0,2,10.8,1.4,1.74,0
2,12,1,7,1,1,1,22,28,10,11,0,0,1,1,1,0,40,0,0,5,11,3,10.666666666666666,0,0,5,5,2,12.5,0,16.2,0.3,-0.92,0
2,12,1,3,0,1,1,22,3,10,11,0,0,0,1,1,0,44,0,5,11,21,9,12.333333333333334,0,8,11,16,9,11.0,0,12.4,0.5,1.79,1
1,1,1,9,1,1,1,1,1,10,10,0,0,0,0,1,0,21,0,0,5,7,2,11.0,0,0,5,9,3,11.428571428571429,0,10.8,1.4,1.74,0
1,15,1,5,1,14,1,2,14,4,9,0,0,0,1,1,0,21,0,2,7,10,6,13.428571428571429,0,5,9,9,8,13.125,0,16.2,0.3,-0.92,2
1,1,6,12,1,1,1,3,1,3,2,1,0,0,1,1,0,18,0,0,8,10,8,13.05375,2,0,8,10,8,13.05375,2,9.4,-0.8,-3.12,2
1,1,5,12,1,1,1,1,3,10,11,1,0,0,1,1,0,18,0,0,7,10,6,12.035714285714286,0,0,8,9,7,13.75,0,13.9,-0.3,0.79,1
1,12,1,4,1,1,1,3,1,6,10,0,0,0,1,1,0,27,0,0,6,6,6,14.166666666666666,0,0,6,7,6,13.833333333333334,0,11.1,0.6,2.02,2
2,12,1,5,1,12,1,22,27,10,11,0,0,0,0,1,0,38,0,0,6,6,0,0.0,0,0,6,8,0,0.0,0,10.8,1.4,1.74,0
1,9,1,8,1,1,1,3,3,6,3,0,0,0,1,1,0,18,0,0,6,11,5,13.6,0,0,6,13,3,12.666666666666666,0,13.9,-0.3,0.79,0
1,8,4,11,1,1,1,1,1,5,3,1,0,0,1,1,0,19,0,0,6,7,5,12.2,0,0,6,12,2,12.0,0,7.6,2.6,0.32,1
1,1,1,8,1,1,1,3,14,3,10,1,0,0,1,1,0,18,0,0,6,8,6,13.714285714285714,0,0,6,7,5,13.333333333333334,0,15.5,2.8,-4.06,0
1,14,1,15,1,1,1,1,1,10,7,0,0,1,0,1,0,19,0,0,6,10,3,11.666666666666666,0,0,6,11,2,10.0,0,16.2,0.3,-0.92,0
1,12,1,14,1,1,1,22,27,12,12,0,0,1,0,1,0,44,0,0,6,9,1,14.0,0,0,6,6,0,0.0,0,12.7,3.7,-1.7,0
1,15,1,6,1,14,1,1,1,5,5,1,1,0,1,1,0,26,0,2,6,20,4,12.5,0,1,6,16,3,10.0,0,15.5,2.8,-4.06,0
1,14,1,8,1,1,1,13,1,10,5,0,0,1,0,1,0,24,0,0,6,11,5,11.833333333333334,0,0,6,11,4,11.5,0,15.5,2.8,-4.06,0
1,12,1,4,1,1,1,13,1,10,7,1,0,0,0,1,0,27,0,0,6,6,0,0.0,0,0,6,8,0,0.0,0,15.5,2.8,-4.06,0
1,12,1,4,1,1,1,1,1,10,5,0,0,1,0,1,0,27,0,0,6,0,0,0.0,0,0,6,0,0,0.0,0,13.9,-0.3,0.79,0
1,14,1,5,1,1,1,23,28,8,8,1,0,0,1,1,0,25,0,11,17,18,13,11.538461538461538,0,10,15,15,10,12.4,0,12.7,3.7,-1.7,0
1,15,1,4,1,1,1,3,2,3,7,1,0,0,1,1,0,21,0,4,9,14,7,11.285714285714286,2,2,8,15,4,12.25,0,12.7,3.7,-1.7,1
1,1,1,2,1,1,1,23,14,10,10,1,0,0,1,1,1,19,0,0,0,0,0,0.0,0,0,0,0,0,0.0,0,13.9,-0.3,0.79,2
1,8,2,5,1,1,1,24,29,4,4,1,0,0,1,1,0,20,0,0,6,7,5,11.8,0,0,6,9,4,12.0,0,15.5,2.8,-4.06,1
1,15,1,7,1,14,1,13,3,6,3,0,0,0,1,1,0,20,0,0,5,16,0,0.0,0,0,5,12,2,10.5,0,12.7,3.7,-1.7,1
1,8,5,7,1,1,1,3,1,3,10,1,0,1,0,1,0,20,0,0,5,5,0,0.0,0,0,5,5,0,0.0,0,8.9,1.4,3.51,0
1,1,1,7,1,1,1,1,1,4,4,0,0,0,0,1,1,18,0,0,5,5,5,14.2,0,0,5,5,5,14.2,0,8.9,1.4,3.51,1
1,8,1,2,1,1,1,4,4,4,4,0,0,1,1,1,0,19,0,5,12,12,10,12.7,0,4,11,16,10,12.272727272727272,0,8.9,1.4,3.51,1
1,15,1,8,1,14,1,1,27,5,9,1,0,0,0,0,0,22,0,1,6,10,3,12.666666666666666,0,0,6,7,0,0.0,0,15.5,2.8,-4.06,0
1,1,4,14,1,1,1,4,14,3,6,1,0,0,1,0,0,19,0,0,6,7,6,14.428571428571429,0,0,6,8,6,15.0,2,16.2,0.3,-0.92,2
1,1,4,12,1,1,1,1,1,5,8,1,0,0,1,0,1,18,0,0,7,7,7,13.117142857142856,0,0,8,9,7,12.6,0,11.1,0.6,2.02,2
1,1,2,10,1,1,1,13,14,29,36,1,0,1,1,0,0,20,0,0,6,7,6,12.666666666666666,0,0,6,7,6,11.833333333333334,0,8.9,1.4,3.51,2
1,8,1,2,1,1,14,1,1,6,8,1,0,0,1,0,1,18,1,0,0,0,0,0.0,0,0,0,0,0,0.0,0,12.7,3.7,-1.7,0
1,12,1,15,1,1,1,1,14,2,4,0,0,0,1,1,0,36,0,0,6,7,6,15.285714285714286,0,0,6,6,6,16.5,0,10.8,1.4,1.74,2
1,6,1,9,1,1,12,22,2,7,5,0,0,1,1,1,0,19,1,0,5,12,3,10.5,0,0,5,8,4,11.25,0,12.4,0.5,1.79,2
1,17,1,9,1,16,1,1,1,7,7,0,0,0,1,1,1,21,0,6,11,11,11,12.636363636363637,0,3,9,11,9,12.6,0,8.9,1.4,3.51,2
1,1,1,9,1,1,1,13,28,10,10,1,0,0,1,0,0,26,0,0,5,6,0,0.0,0,0,5,0,0,0.0,0,15.5,2.8,-4.06,0
1,12,1,4,1,1,14,1,1,10,10,0,0,1,0,0,0,29,1,3,9,9,3,14.333333333333334,0,1,7,8,1,14.0,0,15.5,2.8,-4.06,0
1,15,1,11,1,14,1,13,2,10,4,0,0,0,0,1,0,26,0,2,8,14,8,15.125,0,1,6,12,6,13.666666666666666,0,11.1,0.6,2.02,1
1,4,1,12,1,3,1,3,14,3,7,0,0,0,1,1,0,27,0,0,7,0,0,0.0,0,0,8,0,0,0.0,0,12.4,0.5,1.79,0
1,16,1,9,1,1,1,3,3,3,3,0,0,1,1,1,0,32,0,2,7,16,3,12.0,0,3,8,10,3,10.333333333333334,0,8.9,1.4,3.51,1
1,7,3,16,1,1,1,22,14,10,6,1,0,0,1,0,1,23,0,0,6,10,4,14.25,1,0,6,8,5,12.0,0,7.6,2.6,0.32,1
1,12,1,9,1,1,14,23,28,10,9,0,0,0,1,0,0,24,1,0,5,12,2,10.5,0,0,5,9,4,10.0,2,16.2,0.3,-0.92,1
1,1,2,15,1,1,1,1,1,10,10,1,0,0,1,0,1,19,0,0,6,7,6,13.5,0,0,6,7,6,14.428571428571429,0,16.2,0.3,-0.92,2
1,13,1,4,1,1,1,13,14,5,5,1,0,0,1,1,0,25,0,0,6,14,5,11.666666666666666,0,0,6,11,4,12.0,0,15.5,2.8,-4.06,1
1,8,6,11,1,1,1,1,14,5,6,1,0,0,1,1,0,19,0,0,6,13,5,10.8,0,0,6,12,3,10.0,0,9.4,-0.8,-3.12,1
1,1,3,15,1,1,1,1,3,1,1,0,0,0,0,1,0,20,0,0,4,4,0,0.0,0,0,4,8,0,0.0,0,10.8,1.4,1.74,0
2,1,1,11,1,1,1,13,28,5,8,0,0,0,1,1,0,33,0,3,9,11,9,12.8,0,2,7,9,7,11.428571428571429,0,12.7,3.7,-1.7,2
2,12,1,17,0,1,1,22,10,10,10,0,0,1,1,1,0,35,0,0,5,6,5,10.8,0,0,5,7,5,12.0,2,9.4,-0.8,-3.12,0
1,1,1,9,1,1,1,22,28,8,8,1,0,0,1,1,0,23,0,0,5,8,4,11.4,0,0,5,7,4,11.0,0,11.1,0.6,2.02,2
1,1,1,12,1,1,1,22,14,10,10,1,0,0,1,1,0,19,0,0,7,7,7,13.725714285714286,0,0,8,8,8,14.5,0,11.1,0.6,2.02,2
1,1,1,14,1,1,1,1,27,10,11,0,0,0,1,1,0,21,0,0,6,6,5,12.8,0,0,6,9,5,12.25,0,10.8,1.4,1.74,1
1,1,5,5,1,1,1,1,14,4,4,1,0,0,1,1,1,21,0,0,6,6,6,13.5,0,0,6,6,6,11.166666666666666,0,11.1,0.6,2.02,2
1,12,1,12,1,1,1,22,27,4,8,0,0,0,1,1,0,27,0,0,8,8,7,15.57,0,0,8,8,7,15.57,0,10.8,1.4,1.74,0
1,8,3,9,1,1,1,3,28,15,36,1,0,1,1,1,0,19,0,0,5,10,4,11.0,0,0,5,13,2,12.0,0,8.9,1.4,3.51,1
1,4,2,12,1,3,1,22,28,10,10,0,0,0,1,1,0,28,0,0,7,7,7,14.114285714285714,0,0,8,9,8,15.91111111111111,0,16.2,0.3,-0.92,0
1,14,1,9,1,1,1,22,28,8,8,0,0,0,1,1,0,25,0,0,5,12,3,11.0,1,0,5,12,4,11.5,0,9.4,-0.8,-3.12,1
2,12,1,10,1,12,1,22,27,10,5,0,0,0,1,1,0,42,0,0,6,0,0,0.0,0,0,6,0,0,0.0,0,15.5,2.8,-4.06,0
1,4,1,17,0,3,1,22,27,10,10,0,0,0,1,1,0,27,0,0,5,6,4,13.5,0,0,5,6,4,13.75,0,7.6,2.6,0.32,2
1,1,1,5,1,1,1,3,3,1,2,1,0,0,1,1,0,23,0,0,6,9,4,11.25,1,0,6,10,0,0.0,4,7.6,2.6,0.32,0
1,8,3,11,1,1,1,13,1,5,5,1,0,0,1,1,1,18,0,0,6,7,6,12.142857142857142,0,0,6,8,6,11.333333333333334,0,8.9,1.4,3.51,2
2,12,1,12,1,1,1,22,27,10,5,0,0,0,1,1,0,26,0,0,8,8,7,13.075714285714286,0,0,8,8,7,13.075714285714286,0,10.8,1.4,1.74,2
1,1,4,9,1,1,1,3,1,4,11,0,0,0,1,1,0,18,0,0,5,0,0,0.0,0,0,5,0,0,0.0,0,8.9,1.4,3.51,0
1,12,1,17,0,1,1,3,5,3,3,0,0,1,1,1,0,29,0,1,5,9,3,11.0,0,0,5,11,2,13.5,0,12.7,3.7,-1.7,0
1,8,1,6,1,1,1,1,1,5,8,1,0,0,1,1,0,22,0,0,6,16,0,0.0,0,0,6,7,0,0.0,0,16.2,0.3,-0.92,0
1,14,1,12,1,1,1,13,27,27,42,1,0,0,1,0,0,21,0,0,7,12,4,13.125,0,0,7,8,6,12.333333333333334,0,13.9,-0.3,0.79,1
1,1,3,12,1,1,1,23,28,8,10,1,0,0,1,0,1,19,0,0,8,8,7,13.512857142857142,0,0,8,8,7,13.512857142857142,0,10.8,1.4,1.74,2
1,1,1,10,1,1,1,23,27,10,8,1,0,0,1,0,1,18,0,0,6,7,6,12.833333333333334,0,0,6,6,6,12.166666666666666,0,10.8,1.4,1.74,2
1,1,3,6,1,1,1,23,1,10,10,1,0,0,1,0,1,18,0,0,5,8,3,15.0,2,0,5,9,3,11.666666666666666,0,9.4,-0.8,-3.12,0
1,12,1,4,1,12,1,22,28,5,10,0,0,1,0,0,0,40,0,0,6,12,5,12.8,0,0,6,16,3,13.333333333333334,0,11.1,0.6,2.02,0
1,8,3,11,1,1,12,23,3,10,4,1,0,1,0,0,0,20,1,0,6,14,3,12.333333333333334,0,0,6,16,0,0.0,0,10.8,1.4,1.74,0
1,1,3,12,1,1,1,3,1,5,2,1,0,0,1,1,0,18,0,0,8,15,5,12.288,1,0,8,15,5,12.288,1,10.8,1.4,1.74,0
1,14,2,3,0,3,1,19,24,1,1,0,0,0,1,1,0,31,0,8,12,21,12,12.333333333333334,0,6,10,13,7,13.285714285714286,2,7.6,2.6,0.32,2
1,1,2,9,1,1,1,1,1,10,10,0,0,0,1,1,1,18,0,0,5,9,4,11.5,0,0,5,5,5,12.8,0,12.4,0.5,1.79,2
1,14,2,14,1,1,1,13,1,5,5,1,0,0,1,1,0,22,0,4,6,6,6,11.833333333333334,0,0,6,11,4,11.142857142857142,0,10.8,1.4,1.74,0
1,16,1,9,1,12,1,13,14,10,6,0,0,1,0,1,0,38,0,0,5,5,0,0.0,0,0,5,5,0,0.0,0,8.9,1.4,3.51,0
1,14,1,17,0,3,1,3,1,3,10,0,0,0,1,1,0,33,0,0,5,5,0,0.0,0,0,5,5,0,0.0,0,12.7,3.7,-1.7,0
1,1,3,7,1,1,1,1,1,4,6,0,0,0,1,1,1,19,0,0,5,10,5,11.8,0,0,5,12,3,11.5,0,11.1,0.6,2.02,1
1,8,1,14,1,1,1,3,3,2,2,0,0,0,1,1,0,18,0,0,6,0,0,0.0,0,0,6,0,0,0.0,0,15.5,2.8,-4.06,0
1,1,5,7,1,1,1,1,14,5,8,0,0,0,0,1,1,18,0,0,5,6,5,12.2,0,0,5,8,4,12.0,0,8.9,1.4,3.51,1
1,16,1,17,0,1,1,1,1,6,4,1,0,0,1,1,0,27,0,2,6,6,6,12.333333333333334,0,0,5,5,5,13.0,0,11.1,0.6,2.02,2
1,12,1,11,1,1,1,22,27,10,10,0,0,0,1,1,0,26,0,0,6,7,6,12.428571428571429,0,0,6,6,6,12.833333333333334,0,7.6,2.6,0.32,2
1,1,6,12,1,1,1,1,14,4,4,1,0,0,1,0,1,19,0,0,7,7,7,12.765714285714289,0,0,8,9,8,13.544444444444444,0,12.4,0.5,1.79,2
2,16,1,12,1,1,1,22,27,6,6,0,0,0,1,1,0,44,0,0,7,11,5,12.1,0,0,7,10,5,12.6,0,11.1,0.6,2.02,0
1,1,2,9,1,1,1,22,28,10,10,1,0,0,1,1,0,19,0,0,5,10,5,12.0,0,0,5,9,5,11.5,0,13.9,-0.3,0.79,2
1,9,1,5,1,1,1,1,27,5,8,1,0,0,1,1,0,20,0,0,6,6,0,0.0,0,0,6,6,0,0.0,0,9.4,-0.8,-3.12,0
1,12,1,4,1,12,1,13,27,2,2,0,0,1,1,1,0,24,0,0,6,10,6,14.88888888888889,0,0,6,11,6,13.727272727272728,0,16.2,0.3,-0.92,1
4,14,1,17,0,1,1,22,27,7,7,0,0,0,1,0,0,31,0,7,14,19,13,11.357142857142858,0,9,14,14,13,12.0,1,9.4,-0.8,-3.12,2
1,14,1,5,1,1,1,22,27,10,10,1,0,0,1,0,0,25,0,0,6,6,6,13.5,0,0,6,6,6,12.5,0,9.4,-0.8,-3.12,2
1,8,4,15,1,1,1,2,27,10,10,1,0,1,0,0,0,19,0,0,6,6,0,0.0,0,0,6,0,0,0.0,0,8.9,1.4,3.51,0
1,8,3,12,1,1,1,3,2,4,4,1,0,0,1,0,0,18,0,0,7,7,7,13.884285714285712,0,0,8,9,8,14.75,0,11.1,0.6,2.02,0
1,14,1,6,1,1,1,13,28,5,10,1,0,0,0,0,0,19,0,0,6,12,5,13.0,0,0,6,12,3,11.666666666666666,0,13.9,-0.3,0.79,1
1,1,3,12,1,1,1,3,1,5,4,1,0,0,1,0,1,19,0,0,7,11,4,12.65,0,0,7,9,5,11.1,0,12.4,0.5,1.79,1
1,8,1,9,1,1,1,1,28,5,6,1,0,0,1,0,0,19,0,0,5,10,1,11.0,0,0,5,13,0,0.0,0,12.7,3.7,-1.7,1
1,12,1,14,1,1,1,1,1,5,5,0,0,0,1,0,0,24,0,0,6,12,2,11.666666666666666,0,0,6,20,2,10.5,6,16.2,0.3,-0.92,0
1,1,1,10,1,1,1,3,3,4,4,0,0,0,1,0,0,20,0,0,6,6,6,14.5,0,0,6,6,6,12.666666666666666,0,12.4,0.5,1.79,2
1,8,1,11,1,1,1,13,27,6,4,0,0,0,1,0,0,18,0,0,6,7,6,14.714285714285714,0,0,6,7,6,14.166666666666666,0,12.7,3.7,-1.7,2
1,1,1,10,1,1,1,23,1,6,8,0,0,0,1,0,1,18,0,0,6,7,6,13.285714285714286,0,0,6,6,6,14.333333333333334,0,12.4,0.5,1.79,2
1,8,1,6,1,1,1,1,28,5,10,1,0,0,1,0,0,21,0,0,5,13,3,11.333333333333334,2,0,5,12,2,10.5,1,9.4,-0.8,-3.12,1
1,4,1,12,1,3,1,22,27,5,6,0,0,1,0,0,0,28,0,0,7,7,0,0.0,7,0,7,7,0,0.0,7,13.9,-0.3,0.79,0
1,1,1,9,1,1,1,23,27,6,7,0,0,0,1,0,1,18,0,0,5,11,4,11.571428571428571,0,0,5,9,5,12.0,0,13.9,-0.3,0.79,1
1,1,1,16,1,1,1,22,14,10,9,0,0,1,1,0,0,18,0,0,6,10,5,13.0,0,0,6,10,4,11.5,0,12.7,3.7,-1.7,0
1,1,1,10,1,1,1,1,1,5,5,0,0,0,1,0,1,18,0,0,6,9,6,11.5,0,0,6,11,5,14.0,0,11.1,0.6,2.02,2
1,8,2,9,1,1,1,22,14,10,9,1,0,0,1,0,1,18,0,0,5,8,5,11.8,0,0,5,10,5,11.6,3,16.2,0.3,-0.92,2
1,1,1,9,1,1,1,13,14,10,10,1,0,0,0,0,1,19,0,0,5,7,3,10.666666666666666,0,0,5,10,3,12.285714285714286,0,10.8,1.4,1.74,0
1,8,1,12,1,1,1,13,28,4,10,0,0,0,1,0,1,19,0,0,7,11,6,13.8875,0,0,8,9,8,14.864444444444445,0,15.5,2.8,-4.06,2
1,1,1,10,1,1,1,23,28,29,43,0,0,1,1,0,1,20,0,0,6,7,5,11.4,0,0,6,9,6,11.5,0,8.9,1.4,3.51,2
2,14,1,3,0,1,1,22,14,10,4,0,0,0,1,0,0,34,0,9,11,17,9,12.333333333333334,0,3,7,12,7,12.142857142857142,0,9.4,-0.8,-3.12,2
2,12,1,12,1,1,1,22,27,10,10,1,0,0,1,0,0,39,0,0,7,8,5,12.16,0,0,7,8,5,12.16,0,7.6,2.6,0.32,1
1,8,3,12,1,1,1,3,14,3,6,1,0,0,1,0,0,19,0,0,8,8,8,13.427499999999998,0,0,8,8,8,13.427499999999998,0,9.4,-0.8,-3.12,2
1,12,1,5,1,1,1,1,14,5,5,1,0,0,1,0,0,24,0,0,6,6,6,15.166666666666666,0,0,6,6,2,15.5,0,15.5,2.8,-4.06,2
1,5,1,15,1,1,9,23,27,1,6,1,0,0,1,0,0,18,1,0,6,12,0,0.0,1,0,6,0,0,0.0,0,9.4,-0.8,-3.12,0
1,8,1,8,1,1,1,13,14,4,11,1,0,0,1,1,0,19,0,0,5,11,2,10.5,2,0,5,9,0,0.0,3,10.8,1.4,1.74,0
1,1,1,9,1,1,1,1,28,4,7,0,0,0,1,1,1,18,0,0,5,5,5,11.8,0,0,5,8,3,11.0,0,9.4,-0.8,-3.12,2
1,1,2,9,1,1,1,3,1,4,4,1,1,1,1,1,0,20,0,0,5,6,5,13.2,0,0,5,10,5,11.4,3,16.2,0.3,-0.92,1
1,1,6,12,1,1,1,1,1,10,10,1,1,1,1,1,0,19,0,2,7,8,7,13.075,0,1,8,11,8,12.36111111111111,0,12.4,0.5,1.79,2
1,1,1,8,1,1,1,3,14,3,5,1,0,0,1,1,0,19,0,0,6,8,4,11.6,0,0,6,14,2,13.0,0,11.1,0.6,2.02,0
1,8,1,4,1,1,1,22,3,6,3,0,0,0,1,1,0,19,0,0,6,10,6,13.666666666666666,0,0,6,10,4,12.25,0,13.9,-0.3,0.79,0
2,12,1,17,0,1,1,21,12,10,11,1,0,0,1,1,0,41,0,0,5,9,4,10.75,0,0,5,7,2,10.0,0,9.4,-0.8,-3.12,0
1,1,2,12,1,1,1,5,5,3,3,0,0,0,1,1,0,19,0,0,7,10,6,13.492857142857144,0,0,8,9,8,12.68888888888889,0,12.4,0.5,1.79,2
1,14,3,11,1,1,1,3,3,3,3,0,0,0,1,1,0,19,0,0,6,14,3,12.5,0,0,6,9,4,11.0,0,12.7,3.7,-1.7,1
1,4,1,12,1,3,1,1,1,8,11,1,0,0,0,1,0,23,0,0,7,0,0,0.0,0,0,8,0,0,0.0,0,12.7,3.7,-1.7,0
1,1,1,7,1,1,1,13,28,10,8,0,0,0,1,1,0,18,0,0,5,12,5,13.285714285714286,0,0,5,16,5,14.8,0,12.4,0.5,1.79,0
1,1,1,9,1,1,1,3,14,4,4,0,0,0,1,1,0,19,0,0,5,6,5,12.6,0,0,5,13,5,11.8,5,16.2,0.3,-0.92,2
1,15,1,4,1,14,1,3,3,3,11,1,0,0,1,1,0,20,0,0,6,7,6,14.0,0,0,6,7,6,14.666666666666666,0,12.4,0.5,1.79,2
1,12,1,6,1,1,1,22,27,12,12,0,0,1,0,1,0,35,0,0,5,7,2,11.5,0,0,5,8,2,10.5,0,7.6,2.6,0.32,0
4,12,2,14,1,12,1,13,1,12,12,0,0,0,0,1,0,34,0,0,6,6,0,0.0,0,0,6,9,0,0.0,0,10.8,1.4,1.74,0
1,1,1,5,1,1,1,3,3,10,10,1,0,1,0,0,1,19,0,0,6,6,6,11.833333333333334,0,0,6,8,6,12.875,0,10.8,1.4,1.74,2
1,6,1,10,1,1,12,13,1,10,10,1,0,1,0,1,0,22,1,0,6,10,5,11.5,0,0,6,8,5,12.4,0,13.9,-0.3,0.79,2
1,8,3,5,1,1,1,1,4,5,3,0,0,0,1,1,0,20,0,0,6,6,6,14.166666666666666,0,0,6,8,6,12.333333333333334,0,11.1,0.6,2.02,2
2,13,1,17,0,1,1,3,2,3,3,0,0,0,1,1,0,27,0,2,2,2,2,12.5,0,0,5,6,2,12.5,0,12.7,3.7,-1.7,1
2,12,1,7,1,1,1,13,14,1,6,0,0,1,1,1,0,30,0,0,5,5,0,0.0,0,0,5,5,0,0.0,0,7.6,2.6,0.32,0
1,12,1,7,1,1,1,1,1,5,5,0,0,0,1,1,0,34,0,0,5,7,0,0.0,0,0,5,8,1,11.0,0,10.8,1.4,1.74,1
1,1,1,11,1,1,1,1,1,6,5,1,0,0,0,1,0,20,0,0,6,14,2,10.5,0,0,6,16,0,0.0,0,10.8,1.4,1.74,0
1,8,1,5,1,1,1,22,28,10,6,1,0,0,1,1,0,18,0,0,6,6,6,11.833333333333334,0,0,6,6,6,13.166666666666666,0,7.6,2.6,0.32,2
1,1,1,8,1,1,1,7,14,5,5,0,0,0,1,1,1,26,0,0,5,9,0,0.0,0,0,5,6,0,0.0,0,7.6,2.6,0.32,0
1,12,1,17,0,1,1,1,1,4,8,0,0,0,1,1,0,26,0,0,5,5,5,12.4,0,0,5,5,5,12.4,0,15.5,2.8,-4.06,2
1,12,2,9,1,1,1,13,14,6,10,0,0,0,0,1,0,26,0,0,5,5,2,10.5,0,0,5,9,0,0.0,0,10.8,1.4,1.74,0
1,12,1,17,0,1,1,22,27,10,7,0,0,1,0,1,0,31,0,0,5,9,0,0.0,0,0,5,6,0,0.0,0,12.4,0.5,1.79,0
1,1,3,2,1,1,1,22,14,10,9,1,0,0,1,1,1,20,0,6,12,12,12,14.583333333333334,0,4,11,14,11,14.333333333333334,0,8.9,1.4,3.51,2
1,1,1,15,1,1,1,13,9,1,1,1,0,0,1,1,0,19,0,0,6,6,6,11.666666666666666,0,0,6,10,3,12.666666666666666,0,7.6,2.6,0.32,2
1,8,1,14,1,1,1,19,3,8,3,1,0,1,0,1,0,23,0,0,5,5,0,0.0,0,0,5,5,0,0.0,0,7.6,2.6,0.32,0
1,1,6,12,1,1,1,1,1,5,5,1,0,0,1,1,1,20,0,0,7,14,1,13.0,0,0,7,15,0,0.0,0,11.1,0.6,2.02,0
1,16,1,12,1,1,1,1,1,5,11,0,0,0,1,1,0,20,0,0,7,7,7,15.66,0,7,10,11,9,15.011111111111113,0,11.1,0.6,2.02,2
1,12,1,3,0,1,1,19,24,1,1,1,0,0,1,1,0,29,0,0,6,10,0,0.0,1,0,5,10,0,0.0,0,7.6,2.6,0.32,0
1,1,4,15,1,1,1,13,14,8,8,1,0,0,1,1,1,20,0,0,6,6,6,12.166666666666666,0,0,6,8,4,12.75,0,9.4,-0.8,-3.12,2
1,1,1,12,1,1,1,22,27,10,10,0,0,0,1,1,0,24,0,0,7,7,6,13.3,0,0,7,7,6,13.3,0,7.6,2.6,0.32,2
1,12,1,13,1,12,1,27,1,4,8,0,0,0,1,1,0,37,0,0,7,15,0,0.0,0,0,7,13,0,0.0,1,11.1,0.6,2.02,0
1,1,5,12,1,1,1,22,14,5,5,1,0,0,1,1,0,18,0,0,7,0,0,0.0,0,0,8,0,0,0.0,0,7.6,2.6,0.32,0
1,1,2,2,1,1,1,2,14,6,6,1,0,1,0,1,1,18,0,0,0,0,0,0.0,0,0,0,0,0,0.0,0,13.9,-0.3,0.79,0
1,8,1,12,1,1,1,13,3,5,10,0,0,0,1,1,0,18,0,0,8,8,7,13.55714285714286,0,0,8,8,7,13.55714285714286,0,12.7,3.7,-1.7,2
2,15,1,7,1,14,1,22,27,10,10,0,0,1,1,1,0,41,0,3,7,15,5,14.333333333333334,0,1,6,16,6,14.636363636363637,0,12.4,0.5,1.79,1
1,12,1,4,1,1,1,22,27,10,5,0,0,0,1,1,0,35,0,0,6,16,4,12.0,0,0,6,11,3,10.333333333333334,0,13.9,-0.3,0.79,0
1,8,1,11,1,1,1,13,28,10,10,0,0,0,1,0,0,19,0,0,5,5,0,0.0,0,0,6,0,0,0.0,0,8.9,1.4,3.51,0
1,1,1,2,1,1,1,1,14,11,6,1,0,0,1,1,0,18,0,0,0,0,0,0.0,0,0,0,0,0,0.0,0,10.8,1.4,1.74,2
2,12,1,12,1,1,1,22,27,29,37,0,0,0,1,0,0,48,0,0,7,11,4,11.75,0,0,7,14,3,11.725,0,11.1,0.6,2.02,1
1,1,1,12,1,1,1,13,2,10,4,1,0,0,1,0,0,19,0,0,7,7,6,12.183333333333332,0,0,7,7,6,12.183333333333332,0,7.6,2.6,0.32,2
1,15,1,4,1,14,1,22,27,10,8,1,0,0,0,1,0,30,0,4,9,18,6,11.833333333333334,0,1,8,21,4,11.0,0,15.5,2.8,-4.06,0
2,14,1,15,1,1,1,22,27,6,1,0,0,1,0,1,0,51,0,0,4,4,0,0.0,0,0,4,4,0,0.0,0,12.7,3.7,-1.7,0
1,5,1,6,1,1,9,2,14,3,9,0,0,0,1,0,0,18,1,0,6,8,6,15.0,0,0,6,10,5,14.333333333333334,0,11.1,0.6,2.02,2
1,1,1,2,1,1,1,1,1,10,4,1,0,0,1,0,0,18,0,0,0,0,0,0.0,0,0,0,0,0,0.0,0,10.8,1.4,1.74,2
1,1,1,2,1,1,1,25,33,5,5,1,0,0,1,0,0,18,0,0,0,0,0,0.0,0,0,0,0,0,0.0,0,11.1,0.6,2.02,2
1,1,5,12,1,1,1,23,27,8,8,1,0,0,1,0,1,18,0,0,8,8,8,13.435,0,0,8,8,8,13.435,0,9.4,-0.8,-3.12,2
1,1,1,8,1,1,1,2,16,5,4,1,0,0,1,0,0,18,0,0,5,8,4,13.5,2,0,5,9,0,0.0,3,10.8,1.4,1.74,0
1,1,1,2,1,1,1,2,3,5,9,1,0,0,1,0,0,18,0,0,0,0,0,0.0,0,0,0,0,0,0.0,0,12.4,0.5,1.79,1
1,9,1,2,1,1,1,1,1,5,4,1,0,0,1,0,0,23,0,15,17,18,17,11.5,0,16,17,17,17,12.176470588235292,0,12.4,0.5,1.79,2
1,1,1,5,1,1,1,13,14,8,10,1,0,0,1,0,0,19,0,0,6,10,2,10.5,0,0,6,6,3,11.0,0,7.6,2.6,0.32,1
1,1,1,6,1,1,1,13,27,9,9,0,1,0,1,0,0,21,0,0,6,13,4,12.0,0,0,6,17,2,11.5,0,11.1,0.6,2.02,1
1,1,1,15,1,1,1,3,3,3,3,1,0,1,0,0,0,18,0,0,6,7,5,12.2,0,0,6,11,4,11.5,0,11.1,0.6,2.02,0
1,1,1,2,1,1,1,10,10,5,2,1,1,0,1,0,0,18,0,0,0,0,0,0.0,0,0,0,0,0,0.0,0,11.1,0.6,2.02,2
1,17,1,6,1,16,1,3,1,3,9,1,0,0,1,0,0,21,0,7,11,15,10,14.5,0,4,9,15,8,14.0,0,8.9,1.4,3.51,2
1,14,1,15,1,1,1,1,27,4,1,0,0,1,1,0,0,20,0,0,6,7,6,13.333333333333334,0,0,6,8,6,12.666666666666666,0,12.4,0.5,1.79,2
1,13,1,6,1,1,1,1,7,5,5,0,0,0,1,0,0,24,0,5,11,29,9,12.0,6,4,10,21,9,12.555555555555555,0,9.4,-0.8,-3.12,2
1,1,1,8,1,1,1,1,1,5,5,1,0,0,1,0,0,18,0,0,6,9,6,15.125,0,0,6,9,6,14.0,0,13.9,-0.3,0.79,2
1,8,1,12,1,1,1,13,1,5,11,1,0,0,1,0,0,18,0,0,7,7,6,13.116666666666667,0,0,7,7,6,13.116666666666667,0,7.6,2.6,0.32,2
1,1,1,15,1,1,1,13,1,8,10,1,0,0,1,0,0,19,0,0,6,7,6,12.833333333333334,0,0,6,7,6,11.666666666666666,0,11.1,0.6,2.02,2
1,15,1,10,1,14,1,1,27,5,9,1,0,0,1,0,1,20,0,3,6,6,6,13.333333333333334,0,2,6,6,6,14.166666666666666,0,13.9,-0.3,0.79,2
1,1,6,12,1,1,1,4,10,6,10,1,0,0,1,0,0,18,0,0,7,7,7,13.877142857142855,0,0,8,8,8,15.6625,0,12.4,0.5,1.79,2
1,1,6,12,1,1,1,13,1,10,11,1,0,0,1,0,0,18,0,0,8,8,7,12.944285714285714,0,0,8,8,7,12.944285714285714,0,10.8,1.4,1.74,2
1,8,1,16,1,1,1,2,14,4,10,1,0,0,1,0,0,19,0,0,6,8,5,12.333333333333334,0,0,6,8,5,11.0,0,15.5,2.8,-4.06,1
1,1,1,12,1,1,1,3,3,3,3,1,0,0,1,0,0,19,0,0,7,7,6,14.266666666666666,0,0,7,7,6,14.266666666666666,0,7.6,2.6,0.32,2
1,1,2,14,1,1,1,3,14,5,6,1,0,0,1,0,0,18,0,0,6,8,5,13.0,0,0,6,8,5,14.0,0,13.9,-0.3,0.79,2
1,1,2,12,1,1,1,22,27,6,8,1,0,0,1,0,0,20,0,0,8,8,8,12.48375,0,0,8,8,8,12.48375,0,9.4,-0.8,-3.12,2
1,1,2,13,1,1,1,23,1,10,4,1,0,0,1,0,0,18,0,0,7,8,7,13.428571428571429,0,0,8,8,8,15.3125,0,16.2,0.3,-0.92,2
2,8,3,3,0,1,1,13,27,4,4,0,0,1,0,0,0,18,0,0,6,9,3,10.666666666666666,0,0,6,12,0,0.0,0,7.6,2.6,0.32,0
1,1,1,16,1,1,1,10,10,10,5,1,0,0,1,0,0,18,0,0,6,8,5,15.4,0,0,6,7,5,12.2,0,7.6,2.6,0.32,2
1,1,4,12,1,1,1,1,27,5,9,1,0,0,1,0,0,18,0,0,7,7,6,13.45,0,0,7,7,6,13.45,0,7.6,2.6,0.32,2
1,8,5,12,1,1,1,13,28,6,9,1,0,0,1,0,1,18,0,0,7,7,6,12.6,0,0,7,7,6,12.6,0,7.6,2.6,0.32,2
1,1,4,12,1,1,1,13,28,10,11,1,0,0,1,0,0,20,0,0,7,7,7,12.485714285714286,0,0,8,12,8,12.9375,0,16.2,0.3,-0.92,2
1,1,2,5,1,1,1,13,27,10,10,1,0,0,1,0,1,22,0,0,6,10,5,10.8,0,0,6,7,5,12.8,0,12.7,3.7,-1.7,2
1,14,1,14,1,1,1,13,14,2,2,0,0,1,1,0,0,20,0,0,6,12,5,12.2,0,0,6,8,5,14.6,0,13.9,-0.3,0.79,1
1,15,1,6,1,14,1,1,1,4,8,1,0,0,1,0,0,20,0,2,6,11,5,14.2,0,0,6,12,2,13.5,0,13.9,-0.3,0.79,1
1,1,2,10,1,1,1,22,28,10,9,1,0,0,1,0,0,18,0,0,6,7,6,13.833333333333334,0,0,6,6,6,14.0,0,9.4,-0.8,-3.12,2
1,1,1,16,1,1,1,13,1,10,2,0,0,0,1,0,0,18,0,0,6,8,5,12.8,0,0,6,14,3,10.0,0,9.4,-0.8,-3.12,1
1,8,3,9,1,1,1,22,28,6,2,0,0,0,1,0,0,18,0,0,5,5,5,13.2,0,0,5,6,4,12.5,0,9.4,-0.8,-3.12,2
1,8,1,14,1,1,1,1,28,5,8,0,0,1,1,0,1,18,0,0,6,7,1,14.0,0,0,6,6,0,0.0,0,15.5,2.8,-4.06,0
1,8,1,10,1,1,1,1,1,5,11,0,0,0,1,0,0,19,0,4,8,8,8,13.875,0,1,6,8,5,14.0,0,11.1,0.6,2.02,2
1,1,1,6,1,1,1,23,14,10,5,1,0,0,1,0,1,19,0,0,5,7,5,12.5,0,0,5,8,5,12.714285714285714,0,10.8,1.4,1.74,2
1,8,2,15,1,1,1,13,14,10,10,0,0,0,1,0,1,18,0,0,6,7,6,13.428571428571429,0,0,6,6,6,12.5,0,13.9,-0.3,0.79,2
1,1,1,5,1,1,1,23,28,10,6,0,0,0,0,0,1,18,0,0,6,7,5,11.8,0,0,6,7,5,13.0,0,8.9,1.4,3.51,1
1,8,3,12,1,1,1,1,1,10,10,1,0,0,1,0,1,18,0,0,7,7,7,14.868571428571428,0,0,8,9,8,15.11111111111111,0,11.1,0.6,2.02,2
1,1,4,12,1,1,1,13,1,2,2,1,0,0,1,0,0,18,0,0,7,10,7,13.03,0,0,8,8,8,13.21875,0,15.5,2.8,-4.06,2
1,8,1,14,1,1,1,23,28,6,8,1,0,0,1,0,0,19,0,0,6,7,6,14.571428571428571,0,0,6,7,6,12.333333333333334,0,12.4,0.5,1.79,2
1,8,2,10,1,1,1,13,14,4,4,1,0,0,1,0,0,18,0,0,6,9,5,11.0,0,0,6,9,4,11.25,0,8.9,1.4,3.51,2
1,12,1,12,1,12,1,13,27,10,5,0,0,0,1,0,1,25,0,0,8,8,8,13.3675,0,0,8,8,8,13.3675,0,9.4,-0.8,-3.12,2
1,1,4,12,1,1,1,13,28,10,10,1,0,0,1,0,1,19,0,0,7,7,6,12.808333333333332,0,0,8,11,7,12.825714285714286,0,12.4,0.5,1.79,2
1,8,6,12,1,1,1,1,28,4,4,1,0,0,1,0,0,18,0,0,7,7,7,13.918571428571427,0,0,8,9,8,13.8875,0,11.1,0.6,2.02,2
1,8,1,8,1,1,1,4,1,3,11,1,0,0,1,0,0,19,0,0,6,8,6,13.0,0,0,6,9,4,12.8,0,13.9,-0.3,0.79,2
2,1,1,12,1,1,1,13,28,5,6,0,0,0,1,0,0,18,0,0,7,7,6,13.683333333333332,0,0,7,7,6,13.683333333333332,0,7.6,2.6,0.32,2
1,12,1,6,1,1,1,13,14,5,11,0,0,0,1,0,0,24,0,1,6,11,5,13.0,0,1,6,12,1,12.0,0,13.9,-0.3,0.79,0
1,1,2,15,1,1,1,3,3,4,5,1,0,0,1,0,0,21,0,0,6,8,5,12.8,0,0,6,7,5,11.2,0,11.1,0.6,2.02,2
1,1,2,11,1,1,1,1,1,10,5,1,0,0,1,0,1,18,0,0,6,9,6,13.571428571428571,0,0,6,6,6,12.166666666666666,0,8.9,1.4,3.51,2
1,1,1,10,1,1,1,23,28,10,7,1,0,0,1,0,0,18,0,0,6,6,6,13.166666666666666,0,0,6,6,6,13.166666666666666,0,8.9,1.4,3.51,2
2,1,1,5,1,1,1,10,14,10,10,0,0,0,1,0,1,20,0,0,6,6,6,15.0,0,0,6,6,6,14.5,0,11.1,0.6,2.02,2
1,1,1,5,1,1,1,4,14,4,6,1,0,0,1,0,0,19,0,0,6,6,6,12.666666666666666,0,0,6,8,5,11.4,0,12.4,0.5,1.79,2
1,1,2,15,1,1,1,1,14,5,8,1,0,0,1,0,1,19,0,0,6,7,6,13.857142857142858,0,0,6,7,6,13.142857142857142,0,13.9,-0.3,0.79,0
1,1,4,12,1,1,1,22,27,10,10,1,0,0,1,0,0,30,0,0,7,7,7,14.692857142857145,0,0,8,8,8,14.9625,0,12.4,0.5,1.79,2
1,1,1,12,1,1,1,13,28,6,4,0,0,0,1,0,0,18,0,0,8,8,8,14.035,0,0,8,8,8,14.035,0,9.4,-0.8,-3.12,2
1,8,1,6,1,1,1,1,14,5,11,1,0,0,1,0,0,18,0,0,5,8,4,11.0,1,0,5,8,3,14.0,0,12.7,3.7,-1.7,2
1,1,1,15,1,1,1,23,28,10,10,1,0,0,1,0,1,18,0,0,6,6,6,13.333333333333334,0,0,6,6,6,13.333333333333334,0,9.4,-0.8,-3.12,2
1,9,1,12,1,1,1,23,27,6,6,0,0,0,1,0,0,20,0,0,7,13,6,11.7725,0,0,8,9,7,12.33,0,15.5,2.8,-4.06,2
1,1,1,11,1,1,1,23,28,5,8,0,0,0,1,0,0,19,0,0,6,0,0,0.0,0,0,6,0,0,0.0,0,11.1,0.6,2.02,0
1,14,2,11,1,1,1,13,14,10,10,1,0,0,1,0,0,19,0,0,6,0,0,0.0,0,0,6,12,0,0.0,0,10.8,1.4,1.74,0
1,1,1,2,1,1,1,13,27,8,8,1,0,0,0,0,0,19,0,0,0,0,0,0.0,0,0,0,0,0,0.0,0,10.8,1.4,1.74,0
1,1,4,11,1,1,1,1,28,6,7,1,0,0,1,0,1,18,0,0,6,7,6,12.285714285714286,0,0,6,6,6,12.0,0,8.9,1.4,3.51,2
1,1,4,12,1,1,1,3,14,3,4,1,0,0,1,0,0,17,0,0,8,14,5,12.46,0,0,8,14,5,12.46,0,10.8,1.4,1.74,1
1,9,1,16,1,1,1,13,28,5,1,1,0,0,1,0,0,19,0,0,7,10,6,12.166666666666666,0,0,7,9,6,13.166666666666666,0,12.4,0.5,1.79,2
1,1,4,10,1,1,1,13,1,5,6,1,1,0,1,0,0,18,0,0,6,9,5,11.833333333333334,0,0,6,8,2,11.5,0,13.9,-0.3,0.79,1
1,4,1,12,1,3,1,22,27,5,5,0,0,0,1,0,0,25,0,0,8,8,7,14.805714285714286,0,0,8,8,7,14.805714285714286,0,10.8,1.4,1.74,2
1,1,1,10,1,1,1,10,28,5,10,1,0,0,1,0,0,19,0,0,6,11,5,10.6,0,0,6,10,6,11.714285714285714,0,11.1,0.6,2.02,0
1,17,1,6,1,16,1,13,1,10,10,1,0,1,0,0,0,24,0,7,9,9,8,13.125,0,4,9,13,6,13.0,0,8.9,1.4,3.51,1
1,1,1,10,1,1,1,1,1,5,10,1,0,1,1,0,1,19,0,0,6,6,6,12.833333333333334,0,0,6,6,6,12.666666666666666,0,9.4,-0.8,-3.12,2
1,9,1,12,1,1,1,13,1,10,5,0,0,0,1,0,1,20,0,0,8,8,0,0.0,8,0,8,8,0,0.0,8,9.4,-0.8,-3.12,1
1,1,1,14,1,1,1,1,1,6,5,1,0,0,1,0,1,20,0,0,6,9,5,13.0,0,0,6,6,5,13.8,0,12.4,0.5,1.79,2
1,1,2,12,1,1,1,1,1,5,5,1,0,0,1,0,1,20,0,0,7,8,7,12.725,0,0,8,8,8,13.7125,0,13.9,-0.3,0.79,2
1,8,1,6,1,1,1,1,3,5,2,1,0,0,1,0,0,19,0,0,5,10,4,11.25,1,0,5,10,3,10.333333333333334,0,12.7,3.7,-1.7,2
1,4,1,4,1,4,1,3,1,3,5,1,0,0,1,0,0,31,0,8,12,12,11,13.818181818181818,0,4,12,16,12,13.461538461538462,0,15.5,2.8,-4.06,2
1,1,1,6,1,1,1,1,14,4,5,0,0,0,1,0,0,20,0,0,5,12,3,12.333333333333334,2,0,5,8,3,13.0,1,9.4,-0.8,-3.12,2
1,1,3,6,1,1,1,3,2,5,4,1,0,0,1,0,0,18,0,0,5,14,3,12.333333333333334,2,0,5,8,5,11.6,0,9.4,-0.8,-3.12,1
1,8,1,16,1,1,1,1,1,4,5,0,0,1,1,0,0,18,0,0,6,8,4,13.25,0,0,6,10,3,10.666666666666666,0,12.7,3.7,-1.7,1
1,1,4,14,1,1,1,1,2,5,8,1,0,0,1,0,0,18,0,0,6,7,6,13.666666666666666,0,0,6,9,5,15.4,0,13.9,-0.3,0.79,2
1,16,1,10,1,1,1,13,3,6,3,0,0,1,1,0,0,20,0,5,11,18,8,12.625,0,4,10,10,3,11.0,0,11.1,0.6,2.02,1
1,8,1,6,1,1,1,2,14,3,5,1,0,0,1,0,1,20,0,0,6,6,6,14.833333333333334,0,0,6,8,6,12.142857142857142,0,8.9,1.4,3.51,2
1,8,2,14,1,1,1,13,14,6,5,0,0,0,1,0,1,19,0,0,6,7,5,11.2,0,0,6,10,5,13.125,0,10.8,1.4,1.74,0
1,8,1,9,1,1,1,13,14,5,7,0,0,0,1,0,1,21,0,0,5,6,5,11.4,0,0,5,6,5,12.2,0,12.7,3.7,-1.7,2
1,1,4,12,1,1,1,1,10,4,11,1,0,0,1,0,0,18,0,0,7,8,7,13.135,0,0,8,9,8,13.244444444444444,0,12.4,0.5,1.79,2
1,16,1,5,1,1,1,1,1,5,5,1,0,0,1,0,0,21,0,3,10,10,10,13.0,0,5,11,11,10,11.4,0,11.1,0.6,2.02,0
1,1,4,12,1,1,1,13,14,4,4,1,0,0,1,0,0,19,0,0,7,12,4,12.85,0,0,7,7,7,12.62142857142857,0,11.1,0.6,2.02,1
1,15,1,10,1,14,1,1,14,29,15,0,0,0,1,0,0,20,0,3,6,6,6,13.5,0,2,6,9,5,12.5,0,13.9,-0.3,0.79,2
1,15,1,6,1,1,1,1,2,4,4,0,0,0,1,0,0,20,0,0,6,7,6,14.285714285714286,0,0,6,9,3,13.0,0,13.9,-0.3,0.79,1
1,1,1,14,1,1,1,10,1,10,10,1,0,0,1,0,1,18,0,0,6,8,5,13.5,0,0,6,6,6,14.5,0,12.4,0.5,1.79,2
1,1,1,9,1,1,1,13,14,10,10,1,0,0,1,0,1,18,0,0,5,8,4,10.75,0,0,5,5,5,13.0,0,12.4,0.5,1.79,2
1,8,1,10,1,1,1,13,14,8,8,1,0,0,1,0,1,18,0,0,6,9,6,11.333333333333334,0,0,6,9,6,11.833333333333334,0,8.9,1.4,3.51,2
1,14,1,6,1,14,1,23,27,7,7,1,0,0,1,0,1,21,0,2,7,15,3,13.0,2,1,5,12,5,13.285714285714286,1,10.8,1.4,1.74,2
1,1,1,12,1,1,1,23,14,6,9,0,0,0,1,0,0,18,0,0,7,7,6,13.966666666666669,0,0,7,7,6,13.966666666666669,0,7.6,2.6,0.32,2
1,1,1,12,1,1,1,13,1,6,6,1,0,0,1,0,1,18,0,0,8,8,8,14.14125,0,0,8,8,8,14.14125,0,9.4,-0.8,-3.12,2
1,8,2,11,1,1,1,22,27,10,8,1,0,0,1,0,1,20,0,0,6,10,4,11.6,0,0,6,10,4,11.75,0,12.7,3.7,-1.7,2
2,13,1,12,1,2,1,22,27,10,10,0,0,0,1,0,1,32,0,0,8,8,8,14.6625,0,0,8,8,8,14.6625,0,9.4,-0.8,-3.12,2
2,12,1,17,0,1,1,22,27,10,11,0,0,0,1,0,0,34,0,0,5,5,0,0.0,0,0,5,5,0,0.0,0,9.4,-0.8,-3.12,1
1,1,2,12,1,1,1,13,27,4,4,1,0,0,1,0,1,23,0,0,7,8,6,12.993333333333334,0,0,8,9,8,12.66875,0,11.1,0.6,2.02,2
1,1,5,14,1,1,1,4,1,5,11,1,0,0,1,0,0,18,0,0,6,10,4,11.25,0,0,6,11,5,12.2,0,8.9,1.4,3.51,1
1,8,1,3,0,1,1,22,14,6,6,0,0,0,1,0,0,18,0,0,6,8,5,12.2,0,0,6,10,5,12.8,0,10.8,1.4,1.74,2
1,14,1,2,1,2,1,22,27,10,10,1,0,0,1,0,0,34,0,0,0,0,0,0.0,0,0,0,0,0,0.0,0,10.8,1.4,1.74,0
1,12,1,3,0,1,16,1,1,5,8,0,0,1,1,0,0,25,1,2,6,6,6,11.333333333333334,0,0,6,6,4,11.75,0,8.9,1.4,3.51,1
1,1,1,9,1,1,1,22,28,31,40,0,0,0,1,0,0,21,0,0,5,7,5,12.2,0,0,5,7,5,11.8,0,11.1,0.6,2.02,2
1,1,1,11,1,1,1,13,7,1,1,1,0,0,1,0,1,20,0,0,6,12,0,0.0,0,0,6,12,0,0.0,0,7.6,2.6,0.32,0
1,1,5,10,1,1,1,18,14,1,3,1,0,0,1,0,0,18,0,0,6,8,6,11.333333333333334,0,0,6,6,6,11.666666666666666,0,7.6,2.6,0.32,2
1,8,1,6,1,1,1,3,27,5,9,1,0,0,1,0,0,18,0,0,6,8,6,13.857142857142858,0,0,6,15,6,13.1,0,12.4,0.5,1.79,2
1,8,1,15,1,1,1,22,27,10,10,0,0,0,1,0,0,18,0,0,6,7,6,12.857142857142858,0,0,6,6,6,13.333333333333334,0,13.9,-0.3,0.79,2
1,12,1,3,0,1,1,22,28,5,8,1,0,0,1,0,0,24,0,0,6,10,1,10.0,0,0,6,12,0,0.0,0,9.4,-0.8,-3.12,0
1,16,1,9,1,1,1,13,14,10,8,0,0,1,0,0,0,32,0,14,15,17,14,10.214285714285714,0,13,13,13,13,11.384615384615383,0,16.2,0.3,-0.92,2
1,12,1,11,1,1,1,1,1,10,7,1,0,1,0,0,0,24,0,0,6,14,6,11.285714285714286,0,0,6,16,3,10.333333333333334,0,8.9,1.4,3.51,0
1,1,1,10,1,1,1,23,27,10,6,0,0,0,1,0,1,18,0,0,6,6,6,13.833333333333334,0,0,6,7,0,0.0,0,15.5,2.8,-4.06,0
1,16,1,11,1,1,1,23,28,10,10,0,0,0,1,0,0,28,0,0,6,8,6,12.857142857142858,0,0,6,8,5,12.6,0,8.9,1.4,3.51,2
1,8,5,16,1,1,1,13,28,5,9,1,0,0,1,0,1,18,0,0,6,8,6,11.666666666666666,0,0,6,9,4,12.0,0,10.8,1.4,1.74,0
1,4,1,16,1,3,1,19,24,1,1,1,0,0,0,0,0,24,0,0,6,12,0,0.0,0,0,5,10,0,0.0,0,9.4,-0.8,-3.12,0
1,1,1,6,1,1,1,1,27,5,11,0,0,0,1,0,0,19,0,0,5,7,5,14.4,0,0,5,6,5,13.2,0,7.6,2.6,0.32,2
2,12,1,3,0,1,1,22,27,10,9,0,0,0,1,0,0,44,0,0,6,6,6,14.833333333333334,0,0,6,6,6,14.166666666666666,0,10.8,1.4,1.74,2
1,7,3,6,1,1,1,22,27,10,3,1,0,0,1,0,1,18,0,0,6,14,6,14.333333333333334,0,0,6,9,6,12.0,0,15.5,2.8,-4.06,2
1,1,1,2,1,1,1,22,27,10,8,1,0,0,1,0,0,18,0,0,0,0,0,0.0,0,0,0,0,0,0.0,0,7.6,2.6,0.32,2
1,1,6,15,1,1,1,1,1,12,12,0,0,0,1,0,0,22,0,0,6,0,0,0.0,0,0,6,0,0,0.0,0,7.6,2.6,0.32,0
1,9,1,16,1,1,1,22,27,10,6,0,0,0,1,0,1,18,0,0,7,9,6,12.333333333333334,0,0,7,7,6,12.666666666666666,0,11.1,0.6,2.02,2
2,12,1,17,0,1,1,22,27,10,5,0,0,0,1,0,0,44,0,0,5,5,5,11.8,0,0,5,5,5,12.4,0,15.5,2.8,-4.06,2
5,12,1,16,1,12,1,23,1,6,4,0,0,1,1,0,0,33,0,0,6,7,5,13.2,0,0,6,7,5,10.6,0,7.6,2.6,0.32,0
2,12,1,16,1,1,1,22,27,10,10,0,0,1,0,0,0,32,0,0,6,6,0,0.0,0,0,5,10,0,0.0,0,10.8,1.4,1.74,0
2,12,1,4,1,1,1,13,14,5,5,0,0,0,0,0,0,35,0,0,6,0,0,0.0,0,0,6,0,0,0.0,0,15.5,2.8,-4.06,0
1,1,1,10,1,1,1,13,14,7,7,1,0,0,1,0,0,20,0,0,6,6,6,11.5,0,0,6,7,6,13.285714285714286,0,11.1,0.6,2.02,2
1,12,1,11,1,1,1,3,1,7,7,1,0,0,1,0,0,24,0,0,6,8,5,12.6,0,0,6,7,5,12.2,0,9.4,-0.8,-3.12,2
1,1,1,12,1,1,1,23,1,10,11,0,0,0,1,0,0,19,0,0,7,7,7,13.542857142857144,0,0,8,9,8,14.22222222222222,0,16.2,0.3,-0.92,2
1,1,1,11,1,1,1,13,14,6,6,1,0,0,1,0,0,21,0,0,6,8,5,11.6,0,0,6,6,5,13.0,0,12.4,0.5,1.79,1
1,1,2,15,1,1,1,1,1,5,10,1,0,0,1,1,1,19,0,0,6,7,6,13.666666666666666,0,0,6,6,6,13.833333333333334,0,12.7,3.7,-1.7,2
1,13,1,4,1,1,1,13,1,10,6,1,0,0,0,1,0,27,0,0,6,10,0,0.0,0,0,6,8,0,0.0,0,15.5,2.8,-4.06,0
1,12,1,16,1,1,1,13,1,10,5,0,0,0,0,0,0,30,0,0,6,0,0,0.0,0,0,6,0,0,0.0,0,12.7,3.7,-1.7,0
1,8,4,2,1,1,1,23,28,10,10,1,0,0,1,1,0,21,0,0,0,0,0,0.0,0,0,0,0,0,0.0,0,10.8,1.4,1.74,0
1,1,1,5,1,1,1,1,10,6,9,1,0,0,1,1,0,19,0,0,6,6,6,11.5,0,0,6,8,6,12.285714285714286,0,8.9,1.4,3.51,2
2,12,1,17,0,1,1,22,27,10,11,0,0,0,1,0,0,34,0,0,5,12,2,11.5,0,0,5,9,4,11.75,0,9.4,-0.8,-3.12,1
1,14,1,12,1,1,1,4,14,5,11,0,0,0,1,1,0,18,0,0,7,7,7,11.828571428571427,0,0,8,10,7,12.9125,0,13.9,-0.3,0.79,2
1,1,1,2,1,1,1,3,2,4,4,1,0,0,1,1,0,21,0,0,0,0,0,0.0,0,0,0,0,0,0.0,0,9.4,-0.8,-3.12,2
1,1,2,2,1,1,1,3,29,2,4,1,0,0,1,1,0,17,0,0,0,0,0,0.0,0,0,0,0,0,0.0,0,15.5,2.8,-4.06,1
1,1,1,12,1,1,1,13,27,5,10,1,0,0,1,0,1,19,0,0,7,7,6,12.966666666666669,0,0,7,7,6,12.966666666666669,0,7.6,2.6,0.32,2
1,1,1,15,1,1,1,22,28,10,7,1,0,0,1,1,0,18,0,0,6,6,6,13.833333333333334,0,0,6,6,6,13.666666666666666,0,12.7,3.7,-1.7,2
1,8,2,12,1,1,1,13,14,10,11,1,0,0,1,0,0,19,0,0,7,7,7,14.125714285714285,0,0,8,8,8,14.36875,0,11.1,0.6,2.02,2
4,12,1,11,1,1,1,23,27,10,10,0,0,1,1,0,0,45,0,4,10,12,5,12.166666666666666,4,2,8,8,0,0.0,2,12.7,3.7,-1.7,0
1,12,1,6,1,1,1,13,27,10,7,1,0,0,1,0,0,26,0,0,6,17,6,12.666666666666666,0,0,6,21,4,12.25,0,15.5,2.8,-4.06,2
2,12,2,17,0,1,1,22,27,10,10,1,0,0,1,1,0,51,0,0,4,4,0,0.0,0,0,5,0,0,0.0,0,12.7,3.7,-1.7,0
2,12,1,15,1,12,1,22,27,7,7,0,0,1,1,1,1,49,0,0,6,8,6,12.285714285714286,0,0,6,7,6,14.166666666666666,0,10.8,1.4,1.74,2
1,13,1,12,1,1,1,3,14,3,9,0,0,0,1,1,0,22,0,3,6,7,3,14.5,0,4,7,8,4,14.375,0,15.5,2.8,-4.06,1
1,8,1,9,1,1,1,1,27,6,10,1,0,0,1,1,0,22,0,0,5,8,2,10.0,0,0,5,7,1,10.0,0,7.6,2.6,0.32,0
2,4,1,8,1,3,1,3,3,2,2,0,0,0,1,0,0,33,0,1,5,11,2,11.5,1,1,5,8,2,12.0,0,9.4,-0.8,-3.12,0
1,5,1,14,1,1,9,22,27,10,10,0,0,0,1,0,0,20,1,0,5,6,5,11.6,0,0,5,6,4,11.5,0,9.4,-0.8,-3.12,2
1,1,4,10,1,1,1,23,14,8,8,1,0,0,1,0,1,18,0,0,6,6,6,12.5,0,0,6,6,6,11.666666666666666,0,10.8,1.4,1.74,2
1,1,5,16,1,1,1,23,27,10,10,1,0,1,0,0,0,20,0,0,6,9,3,11.666666666666666,0,0,6,10,2,11.0,0,10.8,1.4,1.74,0
2,18,1,17,0,1,14,23,27,5,7,0,0,0,1,0,0,37,1,5,10,11,7,13.428571428571429,0,5,10,11,10,11.6,0,8.9,1.4,3.51,2
1,1,1,11,1,1,2,22,1,10,4,1,0,0,1,1,0,18,1,0,6,6,6,13.666666666666666,0,0,6,6,6,13.5,0,7.6,2.6,0.32,2
1,1,3,11,1,1,1,1,14,10,10,1,0,0,1,0,0,19,0,0,6,6,6,12.5,0,0,6,6,6,12.166666666666666,0,12.4,0.5,1.79,2
1,15,1,6,1,14,1,1,14,4,4,1,0,0,1,0,0,21,0,2,6,7,6,13.0,0,1,6,15,4,12.8,0,12.4,0.5,1.79,2
1,1,2,12,1,1,1,13,1,10,2,0,0,0,1,0,0,20,0,0,7,9,6,12.783333333333331,0,0,8,9,7,12.842857142857143,0,13.9,-0.3,0.79,2
1,1,2,12,1,1,1,22,1,8,8,1,0,0,1,0,0,19,0,0,7,0,0,0.0,0,0,8,0,0,0.0,0,13.9,-0.3,0.79,0
1,8,2,13,1,1,1,23,14,8,8,1,0,0,1,0,0,20,0,0,7,13,4,13.5,0,0,7,11,4,11.225,0,11.1,0.6,2.02,0
1,8,4,12,1,1,1,3,1,3,6,1,0,0,1,0,0,18,0,0,7,7,7,13.457142857142856,0,0,8,8,8,15.125,0,13.9,-0.3,0.79,2
1,1,4,12,1,1,1,1,14,10,8,1,0,0,1,0,0,19,0,0,8,8,7,13.44285714285714,0,0,8,8,7,13.44285714285714,0,12.7,3.7,-1.7,2
1,1,1,10,1,1,1,22,28,10,4,0,0,0,1,0,0,18,0,0,6,13,4,11.0,0,0,6,12,5,10.833333333333334,0,15.5,2.8,-4.06,2
1,8,1,10,1,1,1,23,28,8,8,1,0,0,1,0,1,18,0,0,6,6,6,11.333333333333334,0,0,6,7,6,12.285714285714286,0,15.5,2.8,-4.06,2
1,1,2,15,1,1,1,1,14,5,6,1,0,0,1,0,0,18,0,0,5,7,2,10.0,0,0,1,1,0,0.0,0,12.7,3.7,-1.7,0
1,1,6,12,1,1,1,1,28,4,10,1,0,0,1,0,0,19,0,0,7,10,5,13.44,0,0,7,8,6,13.066666666666668,0,12.4,0.5,1.79,1
1,1,2,13,1,1,1,1,14,5,6,1,0,0,1,0,1,18,0,0,7,8,7,12.214285714285714,0,0,8,8,8,14.0625,0,16.2,0.3,-0.92,2
1,1,1,5,1,1,14,22,14,10,9,1,0,0,1,0,1,19,1,0,6,6,6,14.166666666666666,0,0,6,6,6,13.5,0,11.1,0.6,2.02,2
1,17,1,4,1,16,1,1,14,10,8,0,0,1,1,0,1,24,0,7,12,13,12,12.846153846153848,0,5,11,13,11,12.636363636363637,0,8.9,1.4,3.51,2
1,15,1,6,1,14,1,22,27,10,10,0,0,0,1,0,0,20,0,2,6,8,6,13.0,0,1,6,18,2,12.0,0,12.4,0.5,1.79,1
1,1,1,9,1,1,1,1,14,6,8,1,0,0,1,0,1,21,0,0,5,6,5,12.8,1,0,5,7,4,11.25,0,9.4,-0.8,-3.12,2
1,15,1,6,1,14,1,23,27,5,11,0,0,1,0,0,0,20,0,1,6,13,4,13.0,0,1,6,11,5,12.0,0,16.2,0.3,-0.92,0
1,8,6,12,1,1,1,13,27,4,10,1,0,0,1,0,1,19,0,0,7,7,7,13.371428571428572,0,0,8,9,8,13.666666666666666,0,16.2,0.3,-0.92,2
1,8,5,13,1,1,1,13,14,10,9,1,0,0,1,0,1,19,0,0,7,8,7,13.385714285714286,0,0,8,8,8,13.3875,0,10.8,1.4,1.74,2
1,1,3,12,1,1,1,1,1,10,10,1,0,0,1,0,0,18,0,0,8,8,7,13.328571428571427,0,0,8,8,7,13.328571428571427,0,12.7,3.7,-1.7,2
1,1,1,6,1,1,1,23,28,5,8,1,0,0,1,0,0,19,0,0,6,12,5,14.0,0,0,6,14,5,11.0,0,16.2,0.3,-0.92,2
1,8,4,9,1,1,1,23,14,10,10,1,0,0,1,0,0,21,0,0,5,5,5,12.6,0,0,5,5,5,13.2,0,8.9,1.4,3.51,2
1,1,2,16,1,1,1,1,28,10,9,1,0,0,1,0,1,19,0,0,6,7,6,14.0,0,0,6,6,6,15.0,0,15.5,2.8,-4.06,2
1,1,5,11,1,1,1,13,1,8,11,1,0,0,1,0,1,18,0,0,6,7,6,13.428571428571429,0,0,6,6,6,12.666666666666666,0,8.9,1.4,3.51,2
1,8,5,5,1,1,1,4,1,5,5,1,1,0,1,0,1,17,0,0,6,6,6,13.0,0,0,6,6,6,12.5,0,15.5,2.8,-4.06,2
1,9,4,16,1,1,1,13,28,5,11,1,0,0,1,0,0,19,0,0,6,8,5,12.666666666666666,0,0,6,8,5,11.0,0,15.5,2.8,-4.06,1
1,8,6,9,1,1,1,22,1,10,8,1,0,0,0,1,0,23,0,0,5,9,3,10.0,1,0,5,9,3,12.333333333333334,0,9.4,-0.8,-3.12,0
1,1,1,14,1,1,1,1,27,2,11,1,0,0,1,0,0,19,0,0,6,7,6,12.833333333333334,0,0,6,10,6,11.77777777777778,0,8.9,1.4,3.51,2
1,1,1,12,1,1,1,13,3,10,5,1,0,0,1,0,0,18,0,0,7,7,6,12.916666666666666,0,0,7,7,6,12.916666666666666,0,7.6,2.6,0.32,2
1,1,1,14,1,1,1,23,28,6,10,1,0,0,1,0,0,20,0,0,6,9,6,13.285714285714286,0,0,6,8,5,13.8,0,15.5,2.8,-4.06,2
1,1,3,6,1,1,1,1,14,10,10,1,0,0,1,0,1,19,0,0,5,6,5,14.6,0,0,5,5,5,13.8,0,10.8,1.4,1.74,2
1,1,1,10,1,1,1,13,28,4,10,1,0,0,1,0,1,18,0,0,6,6,6,14.0,0,0,6,6,6,13.666666666666666,0,12.4,0.5,1.79,2
1,8,2,10,1,1,1,22,27,10,5,0,0,0,1,0,1,19,0,0,6,7,6,14.142857142857142,0,0,6,6,6,15.0,0,13.9,-0.3,0.79,2
1,1,4,10,1,1,1,23,1,5,11,1,0,0,1,0,0,19,0,0,6,8,6,11.666666666666666,0,0,6,6,6,12.333333333333334,0,10.8,1.4,1.74,2
1,8,1,12,1,1,1,13,27,5,9,1,0,0,1,0,0,18,0,0,8,9,8,14.3775,1,0,8,9,8,14.3775,1,9.4,-0.8,-3.12,2
1,8,2,12,1,1,1,3,3,4,7,1,0,0,1,0,0,18,0,0,7,8,7,12.5,0,0,8,9,7,13.042857142857144,0,13.9,-0.3,0.79,2
1,1,5,12,1,1,1,23,28,8,8,1,0,0,1,0,1,19,0,0,7,7,6,14.15,0,0,7,7,6,14.15,0,7.6,2.6,0.32,2
1,1,1,12,1,1,1,23,27,10,10,0,0,0,1,0,1,19,0,0,8,12,7,12.471428571428572,0,0,8,12,7,12.471428571428572,0,12.7,3.7,-1.7,2
1,1,1,12,1,1,1,4,4,3,2,0,0,0,1,0,0,19,0,0,7,7,6,14.15,0,0,7,7,6,14.15,0,7.6,2.6,0.32,2
1,1,2,12,1,1,1,22,27,10,9,1,0,0,1,0,0,21,0,0,7,11,7,14.072222222222225,0,0,8,8,8,14.0475,0,15.5,2.8,-4.06,2
1,1,3,15,1,1,1,3,1,3,4,1,0,0,1,0,0,18,0,0,6,7,6,14.857142857142858,0,0,6,6,6,14.666666666666666,0,13.9,-0.3,0.79,2
1,1,1,15,1,1,1,13,27,10,10,0,0,0,1,0,1,19,0,0,6,7,6,14.285714285714286,0,0,6,6,6,13.166666666666666,0,11.1,0.6,2.02,2
1,1,4,15,1,1,1,13,27,13,12,0,0,0,0,0,0,18,0,0,4,4,0,0.0,0,0,4,4,0,0.0,0,12.7,3.7,-1.7,0
1,4,1,3,0,3,1,1,1,5,5,0,0,0,1,0,0,30,0,0,6,0,0,0.0,0,0,6,0,0,0.0,0,10.8,1.4,1.74,0
1,8,1,8,1,1,1,3,2,4,7,1,0,0,1,0,0,18,0,0,6,8,6,15.0,0,0,6,8,5,15.166666666666666,0,13.9,-0.3,0.79,0
1,1,3,12,1,1,1,13,14,5,9,1,0,0,1,0,1,20,0,0,7,7,6,12.633333333333333,0,0,7,7,6,12.633333333333333,0,7.6,2.6,0.32,2
1,12,1,14,1,12,1,1,1,5,8,0,0,1,0,0,0,25,0,0,5,5,5,11.2,0,0,5,5,5,12.6,0,9.4,-0.8,-3.12,0
1,1,5,12,1,1,1,23,27,6,8,1,0,0,1,0,0,18,0,0,7,7,6,14.233333333333334,0,0,7,7,6,14.233333333333334,0,7.6,2.6,0.32,2
5,1,3,6,1,1,1,13,14,5,8,1,0,0,1,0,0,21,0,0,5,13,5,12.2,2,0,5,10,3,11.333333333333334,1,9.4,-0.8,-3.12,1
1,1,1,12,1,1,1,5,4,3,2,0,0,0,1,0,0,18,0,0,8,8,7,15.7,0,0,8,8,7,15.7,0,12.7,3.7,-1.7,2
1,1,1,12,1,1,1,22,27,10,10,1,0,0,1,0,0,18,0,0,7,7,6,15.2,0,0,7,7,6,15.2,0,7.6,2.6,0.32,2
1,8,1,16,1,1,1,3,3,3,3,1,0,0,0,0,0,29,0,0,6,9,6,16.333333333333332,0,0,6,8,5,15.6,0,12.7,3.7,-1.7,0
1,14,1,8,1,1,1,3,3,3,3,0,0,0,1,0,0,20,0,10,17,29,14,12.5625,4,7,12,24,12,12.857142857142858,1,15.5,2.8,-4.06,2
1,4,1,12,1,3,1,3,1,5,5,0,0,0,1,0,0,26,0,0,7,0,0,0.0,0,0,8,0,0,0.0,0,13.9,-0.3,0.79,0
1,1,2,10,1,1,1,23,1,8,8,1,0,0,1,0,0,21,0,0,6,8,5,12.4,0,0,6,6,6,12.0,0,12.4,0.5,1.79,2
1,9,1,12,1,1,1,22,14,6,6,0,0,0,1,0,1,19,0,0,8,9,8,13.78125,1,0,8,9,8,13.78125,1,9.4,-0.8,-3.12,2
1,8,2,11,1,1,1,13,14,6,6,1,0,1,1,0,0,19,0,0,6,10,6,12.166666666666666,0,0,6,8,5,11.666666666666666,0,16.2,0.3,-0.92,0
1,8,1,15,1,1,1,23,28,10,6,0,0,0,1,0,0,21,0,0,6,8,5,11.8,0,0,6,8,5,11.833333333333334,0,15.5,2.8,-4.06,1
1,9,1,3,0,1,1,1,1,5,4,0,0,1,1,0,0,20,0,0,6,13,4,10.8,0,0,6,15,4,12.0,0,16.2,0.3,-0.92,2
1,1,6,12,1,1,1,22,27,10,9,1,0,0,1,0,1,18,0,0,7,8,7,13.26,0,0,8,8,8,14.28625,0,15.5,2.8,-4.06,2
1,1,2,15,1,1,1,19,14,4,1,1,0,0,0,0,0,20,0,0,6,10,4,12.0,0,0,6,15,3,10.666666666666666,0,7.6,2.6,0.32,0
1,1,1,10,1,1,1,13,28,10,10,0,1,0,1,0,1,20,0,0,6,9,6,11.875,0,0,6,7,6,14.428571428571429,0,16.2,0.3,-0.92,2
1,14,1,12,1,1,1,13,14,5,8,0,0,0,1,0,1,18,0,0,7,11,5,12.16,0,0,7,7,2,13.4,0,16.2,0.3,-0.92,1
1,7,1,5,1,1,1,1,1,4,4,1,0,0,1,0,0,18,0,0,6,6,1,15.0,0,0,6,7,4,12.5,0,9.4,-0.8,-3.12,1
1,1,1,15,1,1,1,22,27,10,10,1,0,0,1,0,0,18,0,0,6,6,6,13.333333333333334,0,0,6,9,5,13.2,0,9.4,-0.8,-3.12,2
1,8,1,6,1,1,1,2,14,3,10,1,0,0,1,0,0,18,0,0,5,12,2,11.5,0,0,5,12,3,11.8,2,10.8,1.4,1.74,1
1,15,1,6,1,14,1,3,3,3,3,1,0,0,1,0,0,22,0,2,6,7,6,14.428571428571429,0,1,6,9,5,13.0,0,13.9,-0.3,0.79,2
1,15,3,6,1,14,1,1,14,5,2,1,0,0,1,0,0,19,0,0,5,10,1,13.0,1,0,5,8,3,15.333333333333334,0,12.7,3.7,-1.7,1
1,8,1,4,1,1,1,13,1,10,3,1,0,0,1,0,1,19,0,0,6,7,6,15.0,0,0,6,8,6,14.333333333333334,0,12.4,0.5,1.79,2
1,1,2,13,1,1,1,13,14,10,10,1,0,0,1,0,0,18,0,0,7,9,7,15.155555555555557,0,0,8,8,8,16.8,0,12.7,3.7,-1.7,2
1,1,1,10,1,1,1,23,28,28,42,1,0,1,1,0,0,20,0,0,6,8,6,10.666666666666666,0,0,6,7,6,11.857142857142858,0,11.1,0.6,2.02,2
1,8,1,16,1,1,1,23,27,6,6,1,0,0,1,0,0,18,0,0,6,9,5,11.0,0,0,6,9,4,11.25,0,10.8,1.4,1.74,0
1,8,2,14,1,1,1,1,14,6,6,1,0,0,1,0,0,21,0,0,6,0,0,0.0,0,0,6,0,0,0.0,0,8.9,1.4,3.51,0
1,1,1,10,1,1,1,1,14,5,5,0,0,0,1,0,0,19,0,0,6,7,6,12.285714285714286,0,0,6,7,6,12.0,0,12.4,0.5,1.79,2
1,1,5,12,1,1,1,23,28,10,10,1,0,0,1,0,0,18,0,0,8,8,8,12.82875,0,0,8,8,8,12.82875,0,9.4,-0.8,-3.12,0
1,1,4,15,1,1,4,10,10,12,5,1,0,0,1,0,0,18,1,0,6,6,6,12.666666666666666,0,0,6,8,5,14.4,0,7.6,2.6,0.32,2
1,8,1,2,1,1,1,1,1,7,8,1,0,0,1,0,0,18,0,0,0,0,0,0.0,0,0,0,0,0,0.0,0,12.4,0.5,1.79,1
1,8,1,6,1,1,1,13,14,5,10,1,0,1,0,0,1,21,0,0,6,16,2,13.0,0,0,6,8,0,0.0,0,15.5,2.8,-4.06,0
1,1,1,9,1,1,1,1,28,6,6,0,0,1,1,0,0,19,0,0,5,10,5,10.875,0,0,5,8,4,12.4,0,13.9,-0.3,0.79,2
1,1,1,9,1,1,1,22,27,10,8,1,0,0,1,0,1,19,0,0,5,5,5,12.8,0,0,5,8,5,11.6,0,9.4,-0.8,-3.12,2
1,8,3,10,1,1,1,1,14,5,11,1,0,0,1,0,0,19,0,0,6,10,5,11.285714285714286,0,0,6,7,0,0.0,0,16.2,0.3,-0.92,0
1,1,1,2,1,1,1,5,3,4,4,0,0,0,1,0,0,18,0,0,0,0,0,0.0,0,0,0,0,0,0.0,0,13.9,-0.3,0.79,2
1,14,1,11,1,1,1,23,28,10,10,0,0,0,1,0,1,19,0,0,6,0,0,0.0,0,0,6,11,1,10.0,0,10.8,1.4,1.74,0
1,8,2,12,1,1,1,23,1,6,8,1,0,0,1,0,1,20,0,0,7,9,6,13.766666666666666,0,0,8,9,8,13.744444444444444,0,16.2,0.3,-0.92,0
1,1,3,12,1,1,1,12,13,2,2,1,0,0,0,0,0,18,0,0,8,9,6,12.758333333333333,1,0,8,9,6,12.758333333333333,1,9.4,-0.8,-3.12,0
1,1,1,2,1,1,1,13,14,9,9,1,0,0,1,0,1,19,0,0,0,0,0,0.0,0,0,0,0,0,0.0,0,11.1,0.6,2.02,0
1,1,1,5,1,1,1,13,1,6,8,1,0,0,1,0,0,18,0,0,6,6,6,12.666666666666666,0,0,6,8,6,13.25,0,10.8,1.4,1.74,2
1,1,1,6,1,1,1,13,27,4,8,0,0,0,1,0,0,18,0,0,6,13,6,12.0,0,0,6,16,4,12.75,0,11.1,0.6,2.02,1
1,1,1,10,1,1,1,1,27,6,8,0,0,0,1,0,1,19,0,0,6,8,6,12.25,0,0,6,8,6,12.0,0,16.2,0.3,-0.92,2
1,1,2,9,1,1,1,13,27,5,6,1,0,0,1,0,0,20,0,0,5,8,3,11.333333333333334,0,0,5,8,5,12.2,0,7.6,2.6,0.32,2
1,8,5,12,1,1,1,1,1,5,6,1,0,0,1,0,1,19,0,0,7,9,7,13.507142857142856,0,0,8,12,8,13.05,0,16.2,0.3,-0.92,2
1,1,3,12,1,1,1,13,28,2,2,1,0,0,1,0,0,18,0,0,8,8,7,13.614285714285714,0,0,8,8,7,13.614285714285714,0,12.7,3.7,-1.7,2
1,12,1,11,1,1,1,13,1,5,2,0,0,1,1,0,0,25,0,0,6,6,0,0.0,0,0,6,6,0,0.0,0,15.5,2.8,-4.06,0
1,8,5,5,1,1,1,22,27,10,10,1,0,0,0,0,0,18,0,0,6,9,4,11.5,1,0,6,6,6,12.166666666666666,0,7.6,2.6,0.32,2
1,1,5,15,1,1,1,23,14,10,10,1,0,0,1,0,0,19,0,0,6,7,6,12.333333333333334,0,0,6,7,6,12.5,0,8.9,1.4,3.51,2
1,8,2,13,1,1,1,13,28,5,9,1,0,0,1,0,1,19,0,0,7,7,7,11.971428571428572,0,0,8,8,8,14.4375,0,15.5,2.8,-4.06,2
1,1,1,9,1,1,1,13,14,6,9,0,0,1,0,0,1,20,0,0,5,12,2,13.0,1,0,5,13,2,11.5,0,9.4,-0.8,-3.12,0
1,8,5,12,1,1,1,1,1,6,5,1,0,0,1,0,0,18,0,0,7,9,7,12.385714285714286,0,0,8,9,7,12.728571428571428,0,13.9,-0.3,0.79,1
1,8,4,6,1,1,1,23,27,5,10,1,0,0,1,0,0,20,0,0,5,12,2,13.5,0,0,5,12,5,11.285714285714286,1,10.8,1.4,1.74,2
1,8,1,10,1,1,1,1,1,10,10,1,0,0,1,0,0,21,0,0,6,8,6,12.166666666666666,0,0,6,7,6,13.285714285714286,0,11.1,0.6,2.02,2
1,1,2,2,1,1,1,3,1,3,4,1,0,0,1,0,0,19,0,0,0,0,0,0.0,0,0,0,0,0,0.0,0,12.7,3.7,-1.7,2
2,12,1,3,0,9,1,22,27,8,10,0,0,0,1,0,0,42,0,0,6,6,6,11.666666666666666,0,0,6,6,6,13.666666666666666,0,10.8,1.4,1.74,2
1,8,1,8,1,1,1,3,3,3,3,1,0,1,0,0,0,18,0,0,6,9,5,12.4,0,0,6,12,5,14.166666666666666,0,8.9,1.4,3.51,1
1,1,1,5,1,1,1,22,27,10,7,0,0,0,1,0,1,19,0,0,6,7,5,13.4,0,0,6,6,6,12.833333333333334,0,15.5,2.8,-4.06,2
1,1,6,11,1,1,1,23,14,10,6,1,0,0,1,0,0,18,0,0,6,11,6,12.0,0,0,6,11,4,12.5,0,8.9,1.4,3.51,2
1,5,1,6,1,1,1,13,14,5,6,1,0,0,1,0,0,21,0,0,5,6,5,14.2,0,0,5,5,5,14.8,0,10.8,1.4,1.74,2
1,1,1,10,1,1,1,23,27,6,6,0,0,0,1,0,1,20,0,0,6,8,6,12.125,0,0,6,7,6,14.428571428571429,0,16.2,0.3,-0.92,2
1,1,1,16,1,1,1,1,14,4,4,1,0,0,1,0,0,20,0,0,7,7,7,13.857142857142858,0,0,7,7,7,13.285714285714286,0,11.1,0.6,2.02,2
1,15,1,6,1,14,1,3,1,3,10,1,0,0,1,0,0,21,0,1,6,13,3,11.75,0,1,6,13,5,12.333333333333334,0,12.4,0.5,1.79,1
1,1,4,12,1,1,1,23,27,8,8,1,0,0,1,0,0,19,0,0,7,9,7,14.283333333333337,0,0,8,9,8,13.125555555555556,0,15.5,2.8,-4.06,2
1,13,1,10,1,1,1,1,14,5,10,0,0,0,1,0,0,21,0,10,13,21,11,13.272727272727272,0,6,11,13,9,13.0,0,7.6,2.6,0.32,2
1,1,1,5,1,1,1,23,14,23,44,1,1,0,1,0,0,19,0,0,6,6,6,14.666666666666666,0,0,6,7,6,15.142857142857142,0,8.9,1.4,3.51,2
1,1,1,12,1,1,1,13,14,10,10,0,0,0,1,0,1,19,0,0,7,10,7,15.114999999999998,0,0,8,10,8,15.092,0,15.5,2.8,-4.06,2
1,8,2,2,1,1,1,1,1,5,2,1,0,0,1,0,0,18,0,0,0,0,0,0.0,0,0,0,0,0,0.0,0,9.4,-0.8,-3.12,1
1,15,1,6,1,14,1,22,14,10,11,1,0,0,1,0,0,22,0,1,6,13,6,15.0,0,1,6,7,6,13.142857142857142,0,16.2,0.3,-0.92,2
1,1,2,16,1,1,1,3,1,4,6,0,0,0,1,0,0,21,0,0,6,8,5,13.2,0,0,6,9,5,14.333333333333334,0,9.4,-0.8,-3.12,2
1,8,4,11,1,1,1,22,27,6,9,1,0,0,1,0,1,18,0,0,6,14,2,11.0,0,0,6,14,3,10.333333333333334,0,7.6,2.6,0.32,0
1,1,4,12,1,1,1,1,3,2,3,0,0,0,1,0,1,20,0,0,8,8,7,14.565714285714288,0,0,8,8,7,14.565714285714288,0,10.8,1.4,1.74,2
1,8,2,14,1,1,1,19,27,1,1,1,0,1,0,0,0,18,0,0,5,8,3,12.0,0,0,5,6,4,10.75,0,7.6,2.6,0.32,0
1,8,1,10,1,1,1,13,27,8,10,0,0,0,1,0,0,20,0,0,6,6,0,0.0,0,0,5,5,0,0.0,0,8.9,1.4,3.51,0
1,8,4,12,1,1,1,1,1,4,4,1,0,0,1,0,0,23,0,0,7,7,6,13.796666666666669,0,0,8,11,7,13.775,0,12.4,0.5,1.79,2
1,1,2,15,1,1,1,1,1,4,4,1,0,0,1,0,0,18,0,0,6,6,6,14.833333333333334,0,0,6,6,6,15.333333333333334,0,12.7,3.7,-1.7,2
1,15,1,10,1,14,1,1,1,10,4,1,0,0,1,0,0,20,0,3,6,6,6,12.833333333333334,0,2,6,6,6,13.833333333333334,0,12.4,0.5,1.79,2
1,8,1,12,1,1,1,23,27,6,10,1,0,0,1,0,1,18,0,0,8,8,7,14.962857142857144,0,0,8,8,7,14.962857142857144,0,10.8,1.4,1.74,2
1,1,6,9,1,1,1,23,28,10,10,1,0,0,1,0,0,20,0,0,5,8,4,12.0,0,0,5,8,5,11.2,0,11.1,0.6,2.02,2
1,9,2,12,1,1,1,1,3,4,3,1,0,0,1,0,0,18,0,0,7,8,7,12.4,0,0,8,9,8,12.8,0,16.2,0.3,-0.92,2
1,8,1,14,1,1,1,3,3,3,2,1,0,0,1,0,0,20,0,0,6,7,6,15.571428571428571,0,0,6,6,6,17.166666666666668,0,16.2,0.3,-0.92,2
1,1,5,12,1,1,1,1,1,6,9,1,0,0,1,0,0,19,0,0,8,8,7,13.714285714285714,0,0,8,8,7,13.714285714285714,0,12.7,3.7,-1.7,2
1,15,1,6,1,14,1,1,14,5,5,0,0,0,1,0,0,21,0,2,6,9,6,13.142857142857142,0,0,6,9,6,12.166666666666666,0,13.9,-0.3,0.79,2
2,4,1,5,1,17,1,22,1,10,8,0,0,0,1,0,0,33,0,0,6,7,6,15.0,0,0,6,8,3,11.0,0,11.1,0.6,2.02,2
1,1,1,6,1,1,1,10,2,5,3,0,0,1,0,0,0,24,0,0,5,6,1,13.0,0,0,5,5,0,0.0,0,7.6,2.6,0.32,0
1,14,1,10,1,1,1,1,28,5,4,0,0,0,1,0,1,20,0,8,11,12,11,12.0,0,6,11,14,11,12.75,0,13.9,-0.3,0.79,2
1,1,1,2,1,1,1,13,28,10,2,1,0,0,1,0,0,18,0,0,0,0,0,0.0,0,0,0,0,0,0.0,0,9.4,-0.8,-3.12,2
1,1,4,5,1,1,1,1,1,8,4,1,0,0,1,0,0,18,0,0,6,6,6,15.166666666666666,0,0,6,6,6,14.166666666666666,0,15.5,2.8,-4.06,2
1,14,1,3,0,6,1,19,24,1,1,0,0,1,1,0,0,29,0,1,6,9,4,12.0,0,1,6,13,2,10.5,0,7.6,2.6,0.32,0
1,8,1,12,1,1,1,1,1,6,6,0,1,0,1,0,0,18,0,0,7,7,7,13.642857142857142,0,0,8,11,8,14.772727272727272,0,16.2,0.3,-0.92,2
1,1,3,15,1,1,1,23,27,6,6,1,0,0,1,0,0,19,0,0,6,8,6,12.666666666666666,0,0,6,7,6,12.714285714285714,0,9.4,-0.8,-3.12,2
1,8,1,2,1,1,1,23,28,8,8,1,0,0,1,0,0,19,0,0,0,0,0,0.0,0,0,0,0,0,0.0,0,15.5,2.8,-4.06,0
1,8,1,10,1,1,1,13,14,6,5,0,0,0,1,0,1,18,0,0,6,8,5,10.8,0,0,6,9,6,10.5,0,12.4,0.5,1.79,2
1,14,1,12,1,1,1,13,14,8,8,0,0,0,1,0,1,19,0,0,7,9,6,14.25,0,0,8,11,8,13.063636363636364,0,16.2,0.3,-0.92,2
1,13,1,16,1,1,1,22,14,10,4,0,0,0,1,0,0,20,0,6,14,22,12,12.153846153846152,0,5,12,18,10,12.9,0,10.8,1.4,1.74,0
1,8,2,10,1,1,1,2,1,4,5,1,0,0,1,0,0,19,0,0,6,14,1,11.5,0,0,6,12,2,10.5,0,7.6,2.6,0.32,1
1,8,1,11,1,1,1,13,14,8,6,1,0,0,1,0,1,19,0,0,6,10,4,12.25,0,0,6,9,3,12.333333333333334,0,9.4,-0.8,-3.12,2
1,1,1,5,1,1,1,13,27,5,5,0,0,0,1,0,1,18,0,1,6,8,6,12.0,1,0,6,12,5,11.142857142857142,0,13.9,-0.3,0.79,1
1,1,6,12,1,1,1,13,28,6,8,1,0,0,1,0,1,18,0,0,8,8,8,13.40375,0,0,8,8,8,13.40375,0,9.4,-0.8,-3.12,2
1,8,1,11,1,1,1,3,1,3,4,0,0,0,1,0,1,19,0,0,6,15,6,11.333333333333334,0,0,6,9,3,12.666666666666666,0,9.4,-0.8,-3.12,2
1,8,4,15,1,1,1,1,1,6,6,0,0,1,1,1,0,20,0,0,6,7,5,12.2,0,0,6,6,6,12.333333333333334,0,12.7,3.7,-1.7,0
1,8,1,2,1,1,1,22,27,10,7,1,0,0,1,1,1,18,0,0,0,0,0,0.0,0,0,0,0,0,0.0,0,7.6,2.6,0.32,1
1,1,6,12,1,1,1,4,14,3,4,1,0,0,1,1,0,18,0,0,7,0,0,0.0,0,0,8,0,0,0.0,0,16.2,0.3,-0.92,0
1,12,1,4,1,1,1,3,1,3,5,0,0,1,0,1,0,35,0,0,6,8,5,16.166666666666668,0,0,6,10,4,16.0,0,8.9,1.4,3.51,0
1,8,1,7,1,1,1,13,28,10,8,0,0,0,1,1,0,18,0,0,5,10,3,11.0,0,0,5,6,3,11.0,1,16.2,0.3,-0.92,1
1,1,1,2,1,1,1,22,14,6,9,1,0,0,1,1,1,19,0,0,0,0,0,0.0,0,0,0,0,0,0.0,0,13.9,-0.3,0.79,2
1,1,2,15,1,1,1,23,14,5,8,1,0,0,1,1,1,19,0,0,6,8,4,12.0,0,0,6,8,6,12.285714285714286,0,15.5,2.8,-4.06,1
1,8,2,9,1,1,1,1,28,6,8,1,0,0,1,1,0,20,0,0,5,8,2,10.5,0,0,5,11,4,12.25,0,10.8,1.4,1.74,1
1,14,1,5,1,1,1,1,1,5,8,1,0,0,1,1,0,19,0,3,6,7,3,11.666666666666666,0,1,6,13,4,10.333333333333334,0,13.9,-0.3,0.79,1
1,1,3,9,1,1,1,23,28,10,10,1,0,0,1,1,0,19,0,0,5,8,3,11.0,0,0,5,7,2,10.0,0,12.7,3.7,-1.7,0
1,12,2,13,1,1,1,1,1,10,11,0,0,0,1,1,0,24,0,0,7,18,0,0.0,0,0,7,13,0,0.0,1,11.1,0.6,2.02,0
1,12,1,3,0,1,1,22,27,10,8,1,0,1,0,1,0,29,0,0,6,11,4,12.5,0,0,6,7,0,0.0,0,12.4,0.5,1.79,0
1,12,1,12,1,1,1,23,3,10,2,0,0,0,1,1,0,24,0,0,7,11,7,11.294444444444444,0,0,8,22,2,12.6,0,15.5,2.8,-4.06,2
1,8,2,11,1,1,1,13,28,7,7,1,0,0,1,1,0,19,0,0,6,8,5,11.2,0,0,6,11,4,12.5,0,15.5,2.8,-4.06,2
2,4,1,2,1,3,1,13,14,10,10,1,0,0,1,1,0,37,0,0,0,0,0,0.0,0,0,0,0,0,0.0,0,7.6,2.6,0.32,0
1,3,2,5,1,1,1,1,1,5,11,1,0,0,1,1,0,18,0,0,6,7,5,13.2,0,0,6,6,5,11.8,0,16.2,0.3,-0.92,2
1,15,1,7,1,14,1,1,1,10,9,0,0,0,1,1,1,20,0,3,7,12,6,14.142857142857142,0,1,6,10,6,14.125,0,12.4,0.5,1.79,1
1,1,5,9,1,1,1,24,29,4,4,1,0,0,0,1,0,18,0,0,5,0,0,0.0,0,0,5,0,0,0.0,0,11.1,0.6,2.02,0
1,14,1,9,1,1,1,22,14,10,9,0,0,0,1,1,0,22,0,0,5,5,0,0.0,0,0,5,9,3,13.333333333333334,2,16.2,0.3,-0.92,1
1,8,2,9,1,1,1,23,28,5,8,1,0,0,1,1,1,22,0,0,5,7,3,12.333333333333334,0,0,5,9,3,10.571428571428571,0,10.8,1.4,1.74,1
1,1,5,15,1,1,1,1,28,10,6,1,0,1,0,1,0,18,0,0,6,6,0,0.0,0,0,6,0,0,0.0,0,11.1,0.6,2.02,0
1,1,3,12,1,1,1,1,1,5,5,1,0,0,1,1,0,18,0,0,8,8,7,13.1,0,0,8,8,7,13.1,0,12.7,3.7,-1.7,2
1,1,1,5,1,1,1,22,27,10,10,1,0,0,1,1,0,19,0,0,6,6,6,13.5,0,0,6,6,6,13.166666666666666,0,9.4,-0.8,-3.12,2
1,1,1,7,1,1,1,23,14,6,6,0,0,0,1,1,0,19,0,0,5,7,5,10.2,0,0,5,8,3,12.0,0,10.8,1.4,1.74,1
1,1,1,10,1,1,1,13,28,10,10,0,0,0,1,1,0,19,0,0,6,10,5,11.571428571428571,0,0,6,10,3,13.0,0,16.2,0.3,-0.92,0
1,15,1,4,1,14,1,13,14,10,8,1,0,1,1,1,0,21,0,0,6,7,6,15.285714285714286,0,0,6,6,6,15.166666666666666,0,12.4,0.5,1.79,2
1,1,2,15,1,1,1,3,1,3,5,0,0,0,1,1,0,19,0,0,6,9,5,12.6,0,6,10,16,8,11.0,1,8.9,1.4,3.51,1
1,9,2,13,1,1,1,3,3,3,3,0,0,0,1,1,0,18,0,0,7,11,6,13.433333333333332,0,0,7,10,4,13.6,0,8.9,1.4,3.51,2
1,7,2,9,1,1,1,13,14,5,10,1,0,0,1,1,0,19,0,0,5,8,5,11.6,0,0,5,9,3,11.0,0,10.8,1.4,1.74,0
1,4,1,15,1,17,1,13,1,5,9,0,0,0,1,1,0,25,0,0,6,6,6,14.666666666666666,0,0,6,6,6,13.5,0,11.1,0.6,2.02,2
1,1,1,5,1,1,1,22,1,10,9,1,0,0,1,1,0,22,0,0,6,9,6,14.666666666666666,0,0,6,12,6,14.666666666666666,0,12.7,3.7,-1.7,2
1,12,1,12,1,1,1,1,1,5,10,0,0,0,1,1,0,24,0,0,8,8,7,12.742857142857144,0,0,8,8,7,12.742857142857144,0,12.7,3.7,-1.7,2
1,1,2,12,1,1,1,1,3,6,11,1,0,0,1,1,0,19,0,0,7,9,7,11.975,0,0,8,9,7,13.12857142857143,0,13.9,-0.3,0.79,2
1,14,1,7,1,1,1,3,1,3,4,0,0,0,1,1,0,18,0,0,5,9,4,12.25,0,0,5,11,3,11.666666666666666,0,13.9,-0.3,0.79,1
1,8,1,2,1,1,1,23,27,5,7,0,0,0,0,1,0,20,0,0,0,0,0,0.0,0,0,0,0,0,0.0,0,9.4,-0.8,-3.12,0
1,1,2,12,1,1,1,13,14,10,8,1,0,0,1,1,1,19,0,0,8,8,7,14.935714285714283,0,0,8,8,7,14.935714285714283,0,10.8,1.4,1.74,2
1,14,3,11,1,1,1,22,27,10,10,1,0,0,1,1,0,19,0,1,6,16,2,10.5,0,0,6,15,4,10.0,0,7.6,2.6,0.32,0
1,1,1,14,1,1,1,3,3,4,4,1,0,0,1,1,0,19,0,0,6,9,5,13.333333333333334,0,0,6,6,5,13.0,0,12.4,0.5,1.79,2
1,14,1,4,1,1,1,22,27,10,7,0,0,1,1,1,0,23,0,0,6,6,0,0.0,0,0,6,8,0,0.0,0,15.5,2.8,-4.06,0
2,12,1,15,1,1,1,22,28,10,4,0,0,0,1,1,0,47,0,0,6,12,5,13.8,0,0,6,13,4,14.0,0,12.7,3.7,-1.7,0
1,1,1,5,1,1,1,1,1,4,10,0,0,0,1,1,0,19,0,0,6,6,6,11.833333333333334,0,0,6,8,4,10.75,2,16.2,0.3,-0.92,2
1,1,4,2,1,1,1,1,28,5,9,1,0,0,1,1,0,19,0,0,0,0,0,0.0,0,0,0,0,0,0.0,0,11.1,0.6,2.02,2
1,1,1,2,1,1,1,3,3,3,3,1,0,0,1,1,0,18,0,0,0,0,0,0.0,0,0,0,0,0,0.0,0,16.2,0.3,-0.92,0
1,14,1,9,1,1,1,1,3,2,2,0,0,0,1,1,0,28,0,0,5,9,2,10.0,0,0,5,9,0,0.0,0,15.5,2.8,-4.06,0
1,14,1,11,1,6,1,19,24,1,1,1,0,0,1,1,0,20,0,0,6,10,4,11.5,0,0,6,11,3,11.666666666666666,0,7.6,2.6,0.32,0
1,8,2,11,1,1,1,13,14,6,8,0,0,0,1,1,1,18,0,0,6,12,3,10.666666666666666,0,0,6,9,4,12.0,0,15.5,2.8,-4.06,1
1,1,1,2,1,1,1,13,14,5,9,1,0,0,1,1,1,21,0,0,0,0,0,0.0,0,0,0,0,0,0.0,0,12.4,0.5,1.79,2
1,1,1,11,1,1,1,23,14,10,5,0,0,0,1,1,0,19,0,0,6,10,4,12.75,0,0,6,12,2,13.0,0,10.8,1.4,1.74,1
1,12,1,11,1,12,1,23,27,5,6,0,0,1,0,1,0,24,0,0,6,7,0,0.0,0,0,6,7,0,0.0,0,16.2,0.3,-0.92,0
1,12,1,8,1,1,1,13,1,29,29,0,0,0,1,1,0,24,0,0,6,11,6,11.333333333333334,0,0,6,12,3,11.333333333333334,0,16.2,0.3,-0.92,1
1,12,1,6,1,9,1,23,14,10,9,1,0,1,0,1,0,25,0,0,6,6,0,0.0,0,0,6,6,0,0.0,0,8.9,1.4,3.51,1
1,12,1,11,1,1,1,3,1,4,5,0,0,0,1,1,0,28,0,0,6,10,6,13.0,0,0,6,8,5,12.2,0,13.9,-0.3,0.79,2
2,12,1,17,0,1,1,22,27,10,10,0,0,0,1,1,0,37,0,0,5,7,4,10.75,0,0,5,7,3,11.333333333333334,0,7.6,2.6,0.32,1
1,14,1,7,1,1,1,1,28,5,8,0,0,0,1,1,0,19,0,0,5,8,5,12.0,0,0,5,12,2,10.5,0,13.9,-0.3,0.79,1
1,8,4,12,1,1,1,23,27,6,8,1,0,0,1,1,1,18,0,0,7,7,7,13.462857142857144,0,0,8,8,8,13.90625,0,11.1,0.6,2.02,2
1,12,1,11,1,12,1,22,27,12,12,0,0,0,1,1,0,48,0,0,6,13,3,10.0,0,0,6,15,1,10.0,0,7.6,2.6,0.32,0
1,8,4,10,1,1,1,22,27,10,9,1,0,0,1,1,0,21,0,0,6,6,6,12.333333333333334,0,0,6,7,6,13.666666666666666,0,8.9,1.4,3.51,2
1,8,1,12,1,1,1,1,1,5,6,0,0,0,1,1,1,19,0,0,7,11,6,12.528571428571428,0,0,7,10,6,12.416666666666666,0,15.5,2.8,-4.06,1
1,14,2,12,1,1,1,13,1,10,11,0,0,0,1,1,1,21,0,0,8,8,0,0.0,8,0,8,8,0,0.0,8,9.4,-0.8,-3.12,1
1,15,1,7,1,1,1,22,10,10,9,1,0,1,0,1,0,23,0,0,5,6,0,0.0,0,0,5,7,0,0.0,0,13.9,-0.3,0.79,0
1,1,1,8,1,1,1,1,1,5,11,1,0,0,1,1,0,18,0,0,5,5,5,13.6,0,0,5,6,4,13.25,1,10.8,1.4,1.74,2
1,15,1,10,1,14,1,1,1,5,4,0,0,0,1,1,0,22,0,3,6,7,6,12.333333333333334,0,2,6,6,2,14.0,0,13.9,-0.3,0.79,0
1,7,1,2,1,1,1,13,27,10,8,1,0,0,1,1,0,25,0,9,13,16,10,11.454545454545457,0,5,11,13,7,12.25,0,12.4,0.5,1.79,0
1,4,1,6,1,15,1,5,3,3,3,0,0,1,1,1,0,27,0,8,13,13,8,13.5,2,5,11,12,5,14.4,0,11.1,0.6,2.02,0
1,12,1,7,1,9,1,19,24,1,1,0,0,0,0,1,0,49,0,0,5,5,0,0.0,0,0,5,6,0,0.0,0,10.8,1.4,1.74,0
1,12,1,17,0,1,1,13,27,6,6,0,0,0,0,1,0,31,0,0,5,5,2,11.0,0,0,5,0,0,0.0,0,12.7,3.7,-1.7,0
1,12,1,11,1,1,1,22,27,10,7,0,0,0,1,1,0,54,0,0,6,9,6,13.714285714285714,0,0,6,13,5,14.333333333333334,0,16.2,0.3,-0.92,0
1,4,1,1,1,15,1,23,27,6,7,1,0,1,0,1,0,25,0,18,21,26,21,12.363636363636363,0,12,16,21,12,12.25,1,11.1,0.6,2.02,0
1,15,1,4,1,14,1,5,3,3,3,0,0,0,1,1,0,20,0,1,7,13,3,10.666666666666666,0,0,6,14,2,11.5,0,15.5,2.8,-4.06,1
1,4,1,5,1,3,1,4,4,3,3,0,0,0,1,1,0,28,0,0,6,9,2,12.0,0,0,6,10,3,12.666666666666666,0,12.7,3.7,-1.7,0
2,12,1,3,0,12,1,22,27,10,7,0,0,0,1,1,0,41,0,1,7,7,7,12.857142857142858,0,0,6,6,6,13.166666666666666,0,12.7,3.7,-1.7,2
1,1,2,14,1,1,1,1,14,5,5,0,0,0,1,1,1,19,0,0,6,10,6,13.125,0,0,6,9,6,12.714285714285714,0,11.1,0.6,2.02,1
1,14,1,9,1,1,1,1,1,5,5,0,0,0,1,1,0,22,0,0,5,6,0,0.0,0,0,5,8,2,11.5,0,15.5,2.8,-4.06,0
1,1,1,11,1,1,1,2,1,3,4,0,0,0,1,1,0,34,0,0,6,13,2,13.5,0,0,6,6,0,0.0,0,15.5,2.8,-4.06,0
1,12,1,4,1,1,1,23,28,10,10,0,0,1,0,1,0,28,0,5,11,14,11,15.090909090909092,0,5,10,11,10,15.0,0,11.1,0.6,2.02,0
1,1,1,16,1,1,1,22,27,10,5,1,0,0,1,1,0,42,0,0,6,9,5,12.4,0,0,6,10,5,11.8,0,7.6,2.6,0.32,1
1,9,1,6,1,1,1,1,14,4,6,0,0,0,0,1,0,21,0,0,6,10,5,14.0,0,0,6,11,4,14.8,0,11.1,0.6,2.02,1
1,4,1,4,1,3,1,24,29,10,5,0,0,0,1,1,0,50,0,2,6,8,2,13.5,0,1,6,9,1,13.0,0,15.5,2.8,-4.06,0
1,1,4,9,1,1,1,3,1,4,5,1,0,0,1,1,0,19,0,0,5,5,0,0.0,0,0,5,5,0,0.0,0,12.4,0.5,1.79,0
1,14,1,12,1,1,1,3,4,3,5,0,0,0,1,1,0,18,0,0,7,12,4,12.65,0,0,7,10,3,10.666666666666666,0,16.2,0.3,-0.92,0
2,12,1,17,0,1,1,22,27,2,2,0,0,0,1,1,0,59,0,0,5,7,0,0.0,0,0,5,7,0,0.0,0,16.2,0.3,-0.92,0
2,4,1,17,0,3,1,19,24,13,13,1,0,0,0,1,0,33,0,0,5,5,0,0.0,0,0,5,5,0,0.0,0,7.6,2.6,0.32,0
1,8,2,5,1,1,1,22,28,10,11,1,0,0,1,1,1,23,0,0,6,8,6,13.333333333333334,0,0,6,7,5,12.8,0,9.4,-0.8,-3.12,2
2,12,1,17,0,12,1,22,1,6,6,0,0,0,1,1,0,44,0,0,5,9,3,11.333333333333334,0,0,5,8,5,11.142857142857142,0,13.9,-0.3,0.79,0
2,1,4,3,0,1,1,19,24,1,1,1,0,0,1,1,0,37,0,0,6,0,0,0.0,0,0,6,0,0,0.0,0,9.4,-0.8,-3.12,0
2,12,1,2,1,12,1,22,27,10,10,0,0,0,1,1,0,36,0,0,0,0,0,0.0,0,0,0,0,0,0.0,0,10.8,1.4,1.74,0
1,1,2,17,0,1,1,1,3,5,3,0,0,0,0,1,0,22,0,0,5,7,3,11.666666666666666,0,0,5,8,2,10.5,2,7.6,2.6,0.32,0
2,12,1,3,0,12,1,22,27,7,7,0,0,0,1,1,0,49,0,0,6,8,6,12.166666666666666,0,0,6,8,6,14.428571428571429,0,12.4,0.5,1.79,2
1,16,1,15,1,1,1,1,32,6,4,1,0,0,1,1,0,23,0,0,6,7,6,13.333333333333334,0,0,6,6,4,12.75,0,11.1,0.6,2.02,2
1,1,1,5,1,1,1,1,1,5,10,1,0,0,1,1,0,19,0,0,6,7,5,11.4,0,0,6,10,3,11.0,3,7.6,2.6,0.32,1
2,14,1,3,0,1,1,22,27,6,6,0,0,0,1,1,0,47,0,0,6,9,6,12.142857142857142,0,0,6,6,0,0.0,0,16.2,0.3,-0.92,0
1,14,1,4,1,1,1,1,2,5,3,0,0,0,1,1,0,28,0,9,18,36,17,13.058823529411764,1,6,12,15,12,12.307692307692308,0,15.5,2.8,-4.06,2
1,15,1,4,1,14,1,1,28,10,7,0,0,0,1,1,0,21,0,0,6,13,4,11.75,0,0,6,15,4,10.5,0,15.5,2.8,-4.06,1
1,1,1,11,1,1,1,23,1,10,10,0,0,1,0,1,0,21,0,0,6,9,5,11.833333333333334,0,0,6,8,5,10.0,0,8.9,1.4,3.51,0
1,14,1,10,1,14,1,2,1,2,3,0,0,0,1,1,0,21,0,9,11,14,10,12.4,0,6,10,13,10,11.8,0,13.9,-0.3,0.79,2
1,1,1,5,1,1,1,13,28,5,5,0,0,0,1,1,0,20,0,1,6,8,6,13.428571428571429,1,0,6,12,4,11.5,0,13.9,-0.3,0.79,1
2,13,1,9,1,1,1,22,27,10,10,0,0,0,0,1,0,49,0,0,5,5,0,0.0,0,0,5,9,0,0.0,0,10.8,1.4,1.74,0
1,12,1,17,0,1,1,13,27,7,9,0,0,0,1,1,0,40,0,0,5,5,5,11.0,0,0,5,5,5,13.4,0,15.5,2.8,-4.06,2
1,8,1,11,1,1,1,1,1,4,4,0,0,0,1,1,1,22,0,0,6,8,6,13.625,0,0,6,8,6,14.428571428571429,0,11.1,0.6,2.02,2
1,13,1,7,1,1,1,1,27,6,6,0,0,0,1,1,0,19,0,2,5,6,4,11.8,0,0,5,7,2,11.5,0,15.5,2.8,-4.06,1
1,12,1,17,0,1,1,3,28,3,8,0,0,0,1,1,0,31,0,0,5,5,0,0.0,0,0,5,7,0,0.0,0,13.9,-0.3,0.79,0
1,13,1,7,1,1,1,5,5,3,3,0,0,0,1,1,0,30,0,1,6,9,2,15.0,0,1,6,7,2,13.5,0,15.5,2.8,-4.06,0
1,1,1,10,1,1,1,22,27,6,11,0,0,0,1,1,0,19,0,0,6,9,5,10.8,0,0,6,11,5,11.0,0,7.6,2.6,0.32,2
1,9,1,9,1,1,1,19,24,12,12,0,0,0,1,1,0,22,0,0,5,11,3,13.666666666666666,0,0,5,10,3,11.333333333333334,0,9.4,-0.8,-3.12,0
1,1,1,15,1,1,1,13,27,10,10,0,0,0,1,1,0,19,0,0,6,8,6,12.833333333333334,0,0,6,8,6,13.333333333333334,0,15.5,2.8,-4.06,2
1,8,1,2,1,1,1,1,27,5,10,0,0,0,0,1,0,21,0,0,0,0,0,0.0,0,0,0,0,0,0.0,0,7.6,2.6,0.32,0
1,8,3,14,1,1,1,1,28,5,8,0,0,0,1,1,0,19,0,0,6,8,6,15.125,0,0,6,7,6,13.428571428571429,0,11.1,0.6,2.02,2
1,14,2,9,1,1,1,1,14,4,4,1,0,0,1,1,0,22,0,0,5,11,0,0.0,0,0,5,7,1,10.0,1,16.2,0.3,-0.92,0
1,1,1,10,1,1,1,4,5,3,3,0,0,0,1,1,0,22,0,0,6,10,5,11.4,0,0,6,8,5,11.0,0,10.8,1.4,1.74,2
1,1,1,10,1,1,1,1,1,5,5,0,0,0,1,1,0,19,0,0,6,12,4,12.25,0,0,6,9,6,11.0,0,9.4,-0.8,-3.12,2
1,12,1,11,1,14,1,1,1,6,11,0,0,0,0,1,0,26,0,0,6,0,0,0.0,0,0,6,0,0,0.0,0,16.2,0.3,-0.92,0
1,15,1,7,1,14,1,5,31,4,3,0,0,0,1,1,0,23,0,3,7,12,3,14.0,0,1,6,12,1,14.0,0,12.4,0.5,1.79,1
1,8,1,5,1,1,1,13,14,8,8,0,0,0,1,1,0,18,0,0,6,7,6,12.333333333333334,0,0,6,10,5,10.8,4,16.2,0.3,-0.92,1
1,1,1,9,1,1,1,22,27,10,10,0,0,1,1,1,1,22,0,0,5,8,5,10.666666666666666,0,0,5,11,2,11.0,0,15.5,2.8,-4.06,1
1,9,5,7,1,1,1,3,2,3,4,1,0,0,1,1,0,19,0,0,5,9,5,11.833333333333334,0,0,5,9,5,14.714285714285714,0,12.4,0.5,1.79,1
1,8,1,9,1,1,1,1,14,5,9,0,0,0,1,1,0,20,0,0,5,14,0,0.0,0,0,5,5,0,0.0,0,11.1,0.6,2.02,0
1,1,3,5,1,1,1,22,27,10,10,1,0,0,1,1,1,22,0,0,6,6,6,11.666666666666666,0,0,6,6,6,12.166666666666666,0,7.6,2.6,0.32,1
1,4,1,8,1,3,1,2,28,3,4,1,0,0,0,1,0,18,0,2,5,7,2,13.0,0,0,5,5,0,0.0,0,12.7,3.7,-1.7,0
4,14,2,17,0,13,1,3,1,3,10,0,0,0,1,1,0,39,0,0,2,5,0,0.0,0,0,4,4,0,0.0,0,10.8,1.4,1.74,0
1,1,1,12,1,1,1,13,1,12,12,0,0,0,1,1,0,18,0,0,8,8,0,0.0,3,0,8,8,0,0.0,3,10.8,1.4,1.74,0
1,8,3,7,1,1,1,1,28,4,4,0,0,0,1,1,1,18,0,0,5,5,5,13.0,0,0,5,5,5,14.2,0,8.9,1.4,3.51,2
1,1,1,10,1,1,1,13,28,10,10,0,0,0,1,1,1,19,0,0,6,7,6,13.857142857142858,0,0,6,6,6,14.0,0,13.9,-0.3,0.79,2
1,1,1,12,1,1,1,1,14,10,10,0,0,0,1,1,0,18,0,0,7,7,6,13.391666666666666,0,0,8,8,8,12.4875,0,12.4,0.5,1.79,2
1,1,1,9,1,1,1,19,14,1,5,1,0,0,1,1,1,18,0,0,5,7,4,12.75,0,0,5,5,0,0.0,0,7.6,2.6,0.32,0
1,15,1,8,1,14,1,22,27,7,7,1,0,0,1,1,0,22,0,0,5,7,4,14.5,0,0,5,5,5,14.6,0,10.8,1.4,1.74,2
1,1,1,10,1,1,1,1,1,4,5,0,0,0,1,1,0,19,0,0,6,7,6,12.166666666666666,0,0,6,6,6,12.166666666666666,0,12.4,0.5,1.79,2
1,1,1,8,1,1,1,13,27,10,9,1,0,0,1,1,0,18,0,0,5,5,5,15.4,0,0,5,5,5,15.6,0,12.7,3.7,-1.7,0
1,12,1,7,1,12,1,1,1,5,4,0,0,1,0,1,0,31,0,0,5,9,2,13.333333333333334,0,0,5,9,2,16.0,4,16.2,0.3,-0.92,0
1,12,1,17,0,1,1,3,1,4,4,0,0,0,1,1,0,28,0,0,5,5,0,0.0,0,0,5,5,0,0.0,0,12.7,3.7,-1.7,0
1,1,1,5,1,1,1,1,1,5,9,0,0,0,1,1,0,19,0,0,6,0,0,0.0,0,0,6,0,0,0.0,0,15.5,2.8,-4.06,0
1,8,1,11,1,1,1,1,1,5,9,0,0,0,1,1,0,20,0,0,6,7,6,13.714285714285714,0,0,6,8,6,14.714285714285714,0,16.2,0.3,-0.92,2
4,12,1,10,1,1,1,13,3,10,3,0,0,0,1,1,0,50,0,0,6,7,4,12.25,0,0,6,7,0,0.0,0,8.9,1.4,3.51,0
1,14,1,5,1,1,1,1,2,5,3,0,0,0,1,1,0,38,0,1,6,9,5,16.0,1,0,6,11,4,16.5,0,13.9,-0.3,0.79,1
2,12,1,17,0,1,1,22,27,10,10,1,0,0,1,1,0,31,0,0,5,8,1,11.0,0,0,5,5,1,13.0,0,9.4,-0.8,-3.12,0
1,12,1,12,1,1,1,1,27,10,10,1,0,0,1,1,0,27,0,0,7,7,7,14.085714285714284,0,0,7,7,7,14.085714285714284,0,7.6,2.6,0.32,1
1,9,1,10,1,1,1,1,3,10,3,1,0,0,1,1,0,21,0,0,6,9,6,10.166666666666666,0,0,6,10,6,10.5,0,12.7,3.7,-1.7,2
2,12,1,7,1,1,1,22,27,10,10,0,0,0,1,1,0,34,0,0,5,8,1,10.0,0,0,5,9,0,0.0,0,8.9,1.4,3.51,0
1,16,1,7,1,1,1,2,27,3,10,1,0,0,1,1,0,19,0,0,5,10,0,0.0,0,0,5,7,1,10.0,0,7.6,2.6,0.32,1
2,12,1,17,0,1,1,22,27,2,5,1,0,0,0,1,0,40,0,0,5,10,2,10.5,0,0,5,5,3,10.666666666666666,0,9.4,-0.8,-3.12,0
1,1,1,2,1,1,1,23,14,10,3,1,0,0,1,1,1,18,0,0,0,0,0,0.0,0,0,0,0,0,0.0,0,12.7,3.7,-1.7,2
2,12,1,5,1,9,1,22,28,6,11,0,0,1,0,1,1,46,0,0,6,6,0,0.0,0,0,6,6,0,0.0,0,15.5,2.8,-4.06,0
1,14,5,3,0,1,1,19,24,1,1,0,0,0,1,1,0,37,0,0,6,12,0,0.0,0,0,5,10,0,0.0,0,7.6,2.6,0.32,0
1,12,1,4,1,1,1,13,27,10,8,1,0,0,1,1,0,31,0,0,6,8,0,0.0,0,0,6,10,0,0.0,0,16.2,0.3,-0.92,0
1,12,1,4,1,1,1,1,14,5,11,0,0,0,1,1,0,34,0,0,6,15,5,13.333333333333334,0,0,6,15,5,12.4,0,12.4,0.5,1.79,2
1,1,6,2,1,1,1,8,8,5,5,1,0,0,1,1,1,18,0,0,0,0,0,0.0,0,0,0,0,0,0.0,0,9.4,-0.8,-3.12,0
1,1,1,14,1,1,1,23,27,10,10,0,0,0,1,1,1,18,0,0,6,7,6,13.571428571428571,0,0,6,6,6,14.333333333333334,0,12.4,0.5,1.79,2
1,8,4,5,1,1,1,1,1,4,4,1,0,0,1,1,1,19,0,0,6,6,6,12.833333333333334,0,0,6,7,6,11.166666666666666,0,11.1,0.6,2.02,2
1,14,1,17,0,1,1,22,14,10,5,0,0,0,1,1,0,40,0,1,5,6,4,10.25,0,3,8,18,5,11.2,5,15.5,2.8,-4.06,0
1,12,1,8,1,1,1,1,28,10,10,0,0,0,1,1,0,25,0,0,6,6,0,0.0,0,0,6,6,0,0.0,0,12.4,0.5,1.79,0
1,8,5,7,1,1,1,23,28,6,10,1,0,1,1,1,0,20,0,0,5,5,4,14.5,0,0,6,8,3,13.333333333333334,0,11.1,0.6,2.02,0
1,8,1,7,1,1,1,13,14,10,10,0,0,0,1,1,0,20,0,0,5,6,5,15.8,0,0,5,8,5,13.714285714285714,0,11.1,0.6,2.02,1
1,12,1,4,1,1,1,22,27,10,11,1,0,0,0,1,0,43,0,0,6,0,0,0.0,0,0,6,0,0,0.0,0,15.5,2.8,-4.06,0
1,8,4,7,1,1,1,22,14,10,5,1,0,0,1,1,0,18,0,0,5,8,4,12.5,0,0,5,7,3,14.666666666666666,1,7.6,2.6,0.32,1
1,14,1,4,1,1,1,2,4,5,2,0,0,0,1,1,0,35,0,16,18,22,18,11.666666666666666,0,12,13,13,12,11.5,1,15.5,2.8,-4.06,2
1,8,2,17,0,1,1,22,14,10,5,0,0,0,1,1,0,23,0,0,5,6,4,13.0,0,0,5,5,5,13.0,0,7.6,2.6,0.32,2
1,8,1,12,1,1,1,3,3,3,3,0,0,0,1,1,0,19,0,0,7,8,7,12.12142857142857,0,0,9,12,8,11.50625,0,12.4,0.5,1.79,2
1,17,1,6,1,16,1,1,14,4,9,1,0,0,1,1,1,21,0,7,11,15,9,14.22222222222222,0,4,9,15,7,13.75,0,8.9,1.4,3.51,2
1,14,1,14,1,1,1,3,14,5,9,0,0,0,1,1,0,19,0,0,6,17,4,12.5,0,0,6,8,4,13.25,0,13.9,-0.3,0.79,1
1,9,1,7,1,1,1,1,1,5,4,1,0,0,1,1,0,20,0,0,5,7,5,12.166666666666666,0,0,5,7,5,15.285714285714286,0,12.4,0.5,1.79,2
1,12,1,14,1,1,1,13,14,4,4,0,1,0,1,1,1,30,0,0,6,0,0,0.0,0,0,6,0,0,0.0,0,12.4,0.5,1.79,0
4,12,1,11,1,1,1,22,14,10,10,1,0,0,1,1,0,44,0,0,6,6,6,12.666666666666666,0,0,6,6,6,11.5,0,12.4,0.5,1.79,2
1,9,1,12,1,1,1,13,3,5,10,0,0,0,1,1,0,19,0,0,8,8,7,13.614285714285714,0,0,8,8,7,13.614285714285714,0,12.7,3.7,-1.7,2
1,15,1,8,1,14,1,2,1,4,7,1,0,0,1,1,0,22,0,11,18,32,12,12.857142857142858,1,8,12,15,10,14.3,0,16.2,0.3,-0.92,2
1,1,1,8,1,1,1,3,3,2,3,0,0,0,1,1,0,18,0,0,5,7,4,14.0,0,0,5,5,5,14.2,0,7.6,2.6,0.32,2
1,8,1,14,1,1,1,22,27,10,10,1,0,0,1,1,1,21,0,0,6,8,4,14.75,0,0,6,6,5,11.8,0,12.7,3.7,-1.7,2
1,1,2,6,1,1,1,22,14,12,12,0,0,0,1,1,0,18,0,0,6,0,0,0.0,0,0,6,0,0,0.0,0,7.6,2.6,0.32,0
1,8,4,14,1,1,1,3,1,3,4,1,0,0,1,1,0,18,0,0,6,8,6,13.625,0,0,6,7,6,14.285714285714286,0,11.1,0.6,2.02,2
1,1,1,2,1,1,1,1,1,5,4,0,0,0,1,1,0,19,0,0,0,0,0,0.0,0,0,0,0,0,0.0,0,7.6,2.6,0.32,2
1,15,1,4,1,14,1,1,28,7,7,1,0,0,1,1,0,21,0,0,6,12,4,11.8,0,0,6,11,4,11.875,0,16.2,0.3,-0.92,0
1,12,1,4,1,1,1,3,3,3,3,0,0,0,1,1,0,31,0,0,6,8,6,15.125,0,0,6,10,6,14.6,0,16.2,0.3,-0.92,2
1,8,5,11,1,1,1,1,1,3,4,1,0,0,1,1,0,21,0,0,6,10,4,11.5,0,0,6,10,2,10.5,0,9.4,-0.8,-3.12,0
1,12,1,7,1,1,1,13,14,10,8,0,0,1,1,1,0,24,0,0,5,12,1,10.0,0,0,5,11,1,11.0,0,8.9,1.4,3.51,1
1,13,1,15,1,1,1,13,6,5,4,0,0,0,1,1,0,27,0,0,4,8,0,0.0,0,0,5,10,0,0.0,0,9.4,-0.8,-3.12,0
1,1,5,9,1,1,1,13,14,10,10,1,0,0,1,1,0,20,0,0,5,9,3,10.333333333333334,0,0,5,6,5,12.8,0,12.4,0.5,1.79,2
1,15,1,7,1,14,1,1,14,5,6,1,0,0,1,1,0,22,0,0,5,9,0,0.0,0,0,5,6,2,11.666666666666666,0,10.8,1.4,1.74,1
1,1,1,4,1,1,1,13,14,10,10,0,0,0,1,1,1,19,0,0,6,9,4,12.0,2,0,6,10,4,12.5,0,15.5,2.8,-4.06,1
1,9,1,15,1,1,1,1,1,5,8,1,0,0,1,1,0,19,0,0,6,6,6,13.833333333333334,0,0,6,6,6,14.5,0,8.9,1.4,3.51,2
1,1,1,2,1,1,1,1,1,8,5,1,0,1,1,1,0,23,0,13,17,19,13,12.153846153846152,0,10,17,28,11,11.909090909090908,1,11.1,0.6,2.02,1
1,8,1,8,1,1,1,10,10,3,9,1,0,0,1,1,0,18,0,0,6,7,6,14.0,0,0,6,8,6,13.666666666666666,0,12.4,0.5,1.79,2
1,1,1,15,1,1,1,3,2,5,7,1,0,0,0,1,0,29,0,0,6,8,6,16.5,0,0,6,6,5,13.8,0,11.1,0.6,2.02,1
1,12,1,8,1,1,1,1,14,5,6,1,0,0,1,1,0,29,0,0,5,11,1,18.0,2,0,5,10,3,13.333333333333334,2,10.8,1.4,1.74,0
1,15,1,4,1,1,1,1,1,5,6,0,0,0,1,1,0,20,0,0,6,11,6,11.285714285714286,0,0,6,12,5,11.77777777777778,0,16.2,0.3,-0.92,1
1,1,5,2,1,1,1,13,3,10,3,1,0,0,1,1,1,19,0,0,0,0,0,0.0,0,0,0,0,0,0.0,0,9.4,-0.8,-3.12,2
1,8,3,2,1,1,1,3,29,3,6,1,1,0,1,1,0,22,0,0,0,0,0,0.0,0,0,0,0,0,0.0,0,10.8,1.4,1.74,1
1,1,2,14,1,1,1,3,1,4,6,1,0,0,1,1,0,20,0,0,6,10,5,14.0,0,0,6,10,6,12.0,0,11.1,0.6,2.02,1
1,12,1,8,1,1,1,13,14,10,6,1,0,0,1,1,0,24,0,0,5,13,4,13.75,1,0,5,9,3,12.0,0,9.4,-0.8,-3.12,1
1,1,1,14,1,1,1,22,27,6,9,0,0,0,0,1,0,21,0,0,6,9,4,13.25,0,0,6,6,5,11.0,0,12.7,3.7,-1.7,0
1,12,1,9,1,1,1,22,1,8,4,0,0,0,1,1,1,25,0,0,5,7,4,14.25,0,0,5,7,4,14.75,0,12.7,3.7,-1.7,2
1,12,1,9,1,1,1,22,27,10,10,0,0,0,0,1,0,32,0,0,5,9,0,0.0,1,0,5,5,0,0.0,0,9.4,-0.8,-3.12,0
1,14,1,17,0,1,1,3,4,3,3,0,0,0,0,1,0,26,0,8,12,12,8,11.25,0,3,8,8,3,11.333333333333334,0,7.6,2.6,0.32,0
1,1,1,8,1,1,1,2,27,10,8,1,0,0,1,1,1,18,0,0,6,7,6,13.5,0,0,6,8,6,12.5,0,12.4,0.5,1.79,2
1,8,1,11,1,1,1,1,14,5,8,0,0,0,1,1,1,19,0,0,6,8,5,12.666666666666666,0,0,6,10,6,12.857142857142858,0,16.2,0.3,-0.92,2
1,1,3,5,1,1,1,13,28,6,8,1,0,0,1,1,1,19,0,0,6,6,6,15.166666666666666,0,0,6,6,6,12.333333333333334,0,12.4,0.5,1.79,2
1,4,1,7,1,15,1,1,1,5,5,0,0,0,1,1,0,27,0,4,6,6,6,13.166666666666666,0,2,5,7,5,15.142857142857142,0,11.1,0.6,2.02,0
1,17,1,4,1,1,1,13,1,10,10,0,0,1,1,1,0,21,0,7,12,20,10,11.8,0,5,12,15,9,11.444444444444445,0,8.9,1.4,3.51,1
1,8,1,7,1,1,1,13,1,5,6,0,0,0,1,1,0,20,0,0,5,10,4,11.5,0,0,5,11,0,0.0,0,13.9,-0.3,0.79,1
1,15,1,5,1,14,1,13,28,5,1,1,0,0,1,1,0,21,0,0,6,6,6,14.5,0,0,6,8,6,11.333333333333334,0,12.4,0.5,1.79,2
1,1,5,15,1,1,1,22,3,6,3,1,0,0,1,1,0,22,0,0,6,10,5,13.4,0,0,6,12,3,10.666666666666666,0,9.4,-0.8,-3.12,1
1,1,1,2,1,1,1,1,28,6,8,1,0,1,0,1,0,19,0,0,0,0,0,0.0,0,0,0,0,0,0.0,0,12.7,3.7,-1.7,2
1,8,4,9,1,1,1,23,14,6,6,1,0,0,1,1,1,18,0,0,5,8,4,10.8,0,0,5,10,2,12.5,0,11.1,0.6,2.02,0
1,12,2,10,1,1,1,13,1,6,6,0,0,0,1,1,0,28,0,0,5,6,0,0.0,0,0,5,5,0,0.0,0,13.9,-0.3,0.79,0
2,12,1,4,1,1,1,1,27,10,2,0,0,1,0,1,0,25,0,3,10,23,6,11.428571428571429,0,2,7,15,4,12.0,1,15.5,2.8,-4.06,0
1,14,1,4,1,1,1,22,1,6,5,0,0,0,1,1,0,25,0,8,14,24,8,12.5,2,6,13,23,10,11.6,0,15.5,2.8,-4.06,0
1,1,1,9,1,1,1,23,14,10,6,0,0,0,1,1,0,18,0,0,5,11,2,13.5,0,0,5,11,3,12.333333333333334,0,8.9,1.4,3.51,1
1,1,1,11,1,1,1,4,14,5,6,0,0,0,1,1,0,26,0,0,6,6,0,0.0,0,0,6,12,0,0.0,0,10.8,1.4,1.74,0
1,8,3,9,1,1,1,22,27,7,6,1,0,0,1,1,1,18,0,0,5,8,5,12.75,0,0,5,7,5,11.5,0,13.9,-0.3,0.79,2
1,14,1,15,1,1,1,13,28,10,8,1,0,0,1,1,0,22,0,0,6,17,3,11.333333333333334,3,0,6,14,3,12.333333333333334,0,15.5,2.8,-4.06,1
1,12,1,4,1,1,1,1,3,5,6,0,0,0,1,1,0,25,0,0,6,8,0,0.0,0,0,6,10,0,0.0,0,16.2,0.3,-0.92,0
1,1,2,15,1,1,1,3,1,5,5,1,0,0,1,1,0,19,0,0,6,9,5,11.4,0,0,6,13,5,12.4,0,8.9,1.4,3.51,1
1,8,2,15,1,1,1,3,14,3,4,1,0,0,1,1,0,19,0,0,6,7,6,14.428571428571429,0,0,6,7,6,14.571428571428571,0,13.9,-0.3,0.79,2
1,8,1,12,1,1,1,1,1,6,6,0,0,0,1,1,0,19,0,0,7,9,7,12.492857142857144,0,0,8,10,8,11.7125,0,16.2,0.3,-0.92,2
4,12,1,3,0,12,1,1,27,10,2,0,0,0,1,1,0,45,0,2,8,10,4,11.5,0,2,8,13,4,11.0,0,10.8,1.4,1.74,0
2,12,1,17,0,1,1,22,27,10,10,0,0,0,1,1,0,52,0,0,5,7,5,11.2,0,0,5,6,5,12.8,1,7.6,2.6,0.32,2
1,1,1,9,1,1,1,13,14,10,4,1,0,0,0,1,0,20,0,0,5,9,3,12.0,1,0,5,7,3,11.0,0,9.4,-0.8,-3.12,0
1,1,1,12,1,1,1,23,27,6,11,1,0,0,1,1,0,19,0,0,8,8,7,15.885714285714286,0,0,8,8,7,15.885714285714286,0,10.8,1.4,1.74,2
1,1,1,12,1,1,1,1,28,10,10,0,0,1,0,1,0,21,0,0,7,12,4,12.94,0,0,7,12,4,11.58,0,12.4,0.5,1.79,0
2,12,1,3,0,1,1,22,27,10,10,0,0,0,0,1,0,35,0,0,6,6,6,14.0,0,0,6,6,6,14.166666666666666,0,9.4,-0.8,-3.12,2
2,12,1,2,1,9,1,22,27,8,8,1,0,0,1,1,0,36,0,0,0,0,0,0.0,0,0,0,0,0,0.0,0,7.6,2.6,0.32,2
4,12,1,12,1,12,1,22,28,6,6,0,0,1,0,1,0,47,0,0,7,7,0,0.0,7,0,8,8,0,0.0,8,15.5,2.8,-4.06,0
1,9,1,17,0,1,1,28,30,3,3,0,0,0,1,1,0,22,0,0,5,0,0,0.0,0,0,5,0,0,0.0,0,8.9,1.4,3.51,0
2,12,1,17,0,1,1,22,27,10,10,1,0,0,1,1,0,41,0,0,5,8,4,11.25,0,0,5,8,3,11.0,1,7.6,2.6,0.32,0
1,4,1,7,1,3,1,19,24,12,12,0,0,0,1,1,0,26,0,0,5,5,0,0.0,0,0,5,6,0,0.0,0,10.8,1.4,1.74,0
2,12,1,3,0,1,1,19,24,12,12,0,0,0,0,0,0,51,0,0,6,13,4,11.25,0,0,6,12,0,0.0,1,10.8,1.4,1.74,0
2,12,2,17,0,1,1,22,27,10,10,0,0,0,1,0,0,43,0,0,5,11,3,10.666666666666666,0,1,5,10,4,12.5,0,9.4,-0.8,-3.12,1
2,12,2,3,0,1,1,19,24,1,1,1,0,0,1,0,0,41,0,0,6,9,5,11.8,0,1,6,10,3,10.666666666666666,1,7.6,2.6,0.32,2
1,14,2,9,1,1,1,19,27,10,10,1,0,0,1,1,0,23,0,5,10,19,8,11.625,1,4,10,16,10,11.181818181818182,3,7.6,2.6,0.32,2
1,14,2,10,1,1,1,19,21,1,6,1,0,0,1,1,0,22,0,0,6,11,0,0.0,0,0,5,10,0,0.0,0,9.4,-0.8,-3.12,0
1,8,2,5,1,1,1,22,27,10,10,1,1,0,1,1,1,25,0,0,6,8,4,10.25,0,0,6,6,4,11.25,0,12.7,3.7,-1.7,0
1,14,1,17,0,1,1,22,27,10,10,1,0,0,1,1,0,25,0,14,15,16,15,10.8,0,13,14,14,14,11.357142857142858,0,9.4,-0.8,-3.12,2
1,17,1,2,1,16,1,1,14,10,10,1,0,0,0,1,1,22,0,5,12,15,11,12.545454545454543,0,4,11,16,11,12.666666666666666,0,8.9,1.4,3.51,2
1,12,1,4,1,1,3,1,1,30,29,0,0,0,1,1,0,24,1,0,7,7,7,13.571428571428571,0,0,6,9,5,13.4,0,8.9,1.4,3.51,1
1,12,1,6,1,2,1,23,28,10,11,0,0,0,1,1,0,47,0,0,6,0,0,0.0,0,0,6,0,0,0.0,0,16.2,0.3,-0.92,0
2,12,1,17,0,12,1,22,27,6,6,1,0,0,1,1,0,41,0,0,5,5,0,0.0,0,0,5,5,0,0.0,0,7.6,2.6,0.32,0
1,12,1,4,1,1,1,22,27,10,10,1,0,0,1,1,0,43,0,0,6,9,6,14.77777777777778,0,0,6,11,5,12.2,0,13.9,-0.3,0.79,2
1,12,1,4,1,1,1,1,27,10,9,0,0,0,1,1,0,29,0,0,3,4,0,0.0,0,0,4,8,0,0.0,0,16.2,0.3,-0.92,0
1,12,2,7,1,1,1,22,27,6,6,0,0,0,1,1,0,30,0,0,2,2,0,0.0,0,0,2,2,0,0.0,0,7.6,2.6,0.32,0
1,12,2,9,1,13,1,13,28,10,10,0,0,0,0,1,0,26,0,0,4,4,0,0.0,0,0,5,0,0,0.0,0,12.7,3.7,-1.7,0
1,12,2,17,0,1,1,13,28,10,10,0,0,0,0,1,0,27,0,0,5,10,0,0.0,0,0,5,5,0,0.0,0,15.5,2.8,-4.06,0
2,12,2,14,1,1,1,22,27,10,10,0,0,0,1,1,1,36,0,0,5,5,5,11.4,0,0,5,7,5,11.6,0,9.4,-0.8,-3.12,2
1,12,1,4,1,12,1,1,14,5,11,0,0,0,1,1,0,29,0,3,9,13,6,11.666666666666666,0,2,7,10,6,10.857142857142858,0,15.5,2.8,-4.06,0
1,13,1,7,1,1,1,19,24,1,1,1,0,0,1,1,0,35,0,6,10,12,7,11.285714285714286,0,2,8,8,5,13.0,0,9.4,-0.8,-3.12,0
1,1,1,15,1,1,1,23,28,7,4,0,0,0,1,1,1,18,0,0,6,12,4,11.5,0,0,6,10,5,12.6,0,10.8,1.4,1.74,2
1,1,1,17,0,1,1,23,27,10,10,0,0,0,1,1,1,24,0,0,5,5,5,16.0,0,0,5,5,5,16.0,0,8.9,1.4,3.51,2
1,1,3,15,1,1,1,23,28,10,8,1,0,0,1,1,1,18,0,0,6,6,6,12.5,0,0,6,7,6,12.666666666666666,0,10.8,1.4,1.74,0
1,8,4,7,1,1,1,23,27,6,8,1,0,0,1,1,0,18,0,0,5,7,4,12.0,0,0,5,10,3,13.0,3,7.6,2.6,0.32,1
2,14,1,6,1,1,1,22,27,10,8,0,0,0,1,1,0,21,0,0,5,11,0,0.0,2,0,5,11,3,11.666666666666666,1,9.4,-0.8,-3.12,1
1,13,1,7,1,1,1,23,27,6,9,1,0,0,1,1,0,21,0,0,5,10,5,13.0,0,0,5,10,5,12.6,0,9.4,-0.8,-3.12,2
1,12,1,4,1,1,1,1,3,3,7,0,0,0,1,1,0,32,0,8,18,27,13,13.714285714285714,1,7,12,18,12,12.083333333333334,0,15.5,2.8,-4.06,2
1,1,4,7,1,1,1,22,27,10,6,1,0,0,1,1,1,22,0,0,5,9,3,12.333333333333334,0,0,6,14,3,12.5,0,11.1,0.6,2.02,0
1,4,1,4,1,3,1,1,28,10,8,1,0,0,0,1,0,32,0,11,17,31,11,12.727272727272728,4,10,12,24,10,12.7,1,15.5,2.8,-4.06,0
1,14,1,14,1,6,1,19,24,1,1,0,0,0,1,1,0,35,0,1,5,5,1,14.0,0,0,5,5,0,0.0,0,9.4,-0.8,-3.12,0
1,9,3,9,1,1,1,1,28,5,8,1,0,0,0,1,0,23,0,0,5,0,0,0.0,0,0,5,0,0,0.0,0,8.9,1.4,3.51,0
1,12,1,3,0,1,1,22,27,7,7,0,0,0,1,1,0,39,0,0,6,8,5,11.4,0,1,6,12,3,11.0,1,7.6,2.6,0.32,1
2,14,1,14,1,1,1,19,24,1,1,0,0,0,1,1,0,35,0,0,5,5,0,0.0,0,0,5,5,1,10.0,0,9.4,-0.8,-3.12,0
2,12,1,4,1,3,1,3,14,5,7,0,0,0,1,1,0,32,0,0,6,8,6,18.875,0,6,12,14,12,17.692307692307693,0,16.2,0.3,-0.92,2
1,1,1,16,1,1,1,19,24,1,1,0,0,0,1,1,0,20,0,0,6,12,0,0.0,0,0,6,12,0,0.0,0,7.6,2.6,0.32,0
1,12,1,12,1,1,1,22,27,10,10,0,0,0,1,1,0,34,0,0,7,15,6,11.333333333333334,0,0,7,16,4,12.6,0,16.2,0.3,-0.92,1
1,4,1,17,0,15,1,22,27,7,7,1,0,0,1,1,0,44,0,3,7,9,7,13.5,0,0,5,6,5,16.2,0,8.9,1.4,3.51,0
2,12,1,11,1,12,1,22,14,10,11,0,0,0,1,1,0,53,0,7,11,12,2,15.0,7,4,9,10,3,10.0,4,16.2,0.3,-0.92,2
1,12,1,7,1,12,1,22,27,10,5,0,0,1,0,1,0,28,0,0,5,10,0,0.0,0,0,5,7,0,0.0,0,12.4,0.5,1.79,0
1,4,1,17,0,3,1,22,27,10,10,0,0,0,1,1,0,31,0,9,9,9,9,14.22222222222222,0,5,5,5,5,12.8,0,12.7,3.7,-1.7,0
1,1,1,2,1,1,1,1,28,6,10,0,0,1,0,1,0,18,0,0,0,0,0,0.0,0,0,0,0,0,0.0,0,9.4,-0.8,-3.12,1
1,12,1,4,1,1,1,1,3,10,11,0,0,1,0,1,0,44,0,2,7,14,4,12.0,2,0,6,16,0,0.0,1,15.5,2.8,-4.06,0
1,1,1,6,1,1,1,1,1,10,10,1,0,0,1,1,0,19,0,0,5,9,5,12.6,1,0,5,8,4,12.0,0,12.7,3.7,-1.7,2
1,6,1,2,1,1,12,1,1,3,10,0,0,0,1,1,0,21,1,6,12,12,12,15.083333333333334,0,4,11,15,11,13.083333333333334,0,8.9,1.4,3.51,1
1,9,1,7,1,1,1,3,14,4,6,0,0,0,1,1,1,18,0,0,5,5,0,0.0,0,0,5,5,0,0.0,0,9.4,-0.8,-3.12,0
1,15,1,4,1,14,1,13,14,6,6,1,0,0,1,1,0,20,0,0,6,8,6,14.5,0,0,6,10,6,15.3,0,16.2,0.3,-0.92,2
1,12,1,5,1,1,1,22,27,8,8,0,0,0,1,1,0,55,0,0,6,6,6,14.5,0,0,6,6,6,13.5,0,11.1,0.6,2.02,2
1,1,1,9,1,1,1,13,27,5,9,0,0,0,1,1,0,27,0,0,5,12,3,10.0,0,0,5,12,1,13.0,0,7.6,2.6,0.32,1
1,8,2,7,1,1,1,10,14,6,6,0,0,0,1,1,0,19,0,0,5,0,0,0.0,0,0,5,0,0,0.0,0,12.4,0.5,1.79,0
1,1,1,9,1,1,1,13,27,10,10,0,0,0,1,1,0,18,0,0,5,5,5,11.6,0,0,5,5,5,13.2,0,12.4,0.5,1.79,2
2,12,1,15,1,1,1,22,27,8,5,0,0,0,1,1,0,43,0,0,6,10,4,11.75,0,0,6,7,0,0.0,0,15.5,2.8,-4.06,0
1,9,3,11,1,1,1,13,14,10,7,1,0,0,1,1,0,18,0,0,6,0,0,0.0,0,0,6,0,0,0.0,0,13.9,-0.3,0.79,0
1,1,1,2,1,1,1,3,3,3,3,1,0,0,1,1,0,18,0,0,0,0,0,0.0,0,0,0,0,0,0.0,0,9.4,-0.8,-3.12,0
1,8,5,11,1,1,1,22,28,10,10,1,0,1,1,1,1,20,0,0,6,7,0,0.0,0,0,6,6,0,0.0,0,8.9,1.4,3.51,0
2,12,1,17,0,1,1,22,14,10,10,0,0,1,0,1,0,29,0,0,5,7,4,11.25,0,0,5,8,4,11.8,0,10.8,1.4,1.74,0
1,12,1,8,1,12,1,22,27,10,11,1,0,1,1,1,0,44,0,0,6,9,5,11.571428571428571,0,0,6,11,0,0.0,0,13.9,-0.3,0.79,0
1,1,1,7,1,1,1,22,27,10,10,1,0,0,1,1,0,18,0,0,5,7,4,10.0,0,0,5,8,1,16.0,0,10.8,1.4,1.74,1
1,15,1,4,1,14,1,22,27,10,2,0,0,0,1,1,1,20,0,0,6,11,5,13.833333333333334,0,0,6,13,6,12.3,0,15.5,2.8,-4.06,1
1,14,1,5,1,1,1,23,27,9,8,1,0,0,1,1,0,20,0,3,6,6,4,12.75,0,3,9,12,3,12.666666666666666,0,12.4,0.5,1.79,0
2,12,2,9,1,1,1,22,27,10,10,1,0,0,1,1,0,36,0,0,4,4,0,0.0,0,0,5,9,0,0.0,0,10.8,1.4,1.74,0
1,15,1,8,1,14,1,5,1,3,6,1,0,0,1,1,0,19,0,1,6,13,5,11.6,0,1,6,12,2,11.0,0,13.9,-0.3,0.79,1
2,12,1,6,1,12,1,22,27,12,12,0,0,0,0,1,0,29,0,0,5,5,0,0.0,0,0,5,5,0,0.0,0,12.7,3.7,-1.7,0
1,1,1,14,1,1,1,1,1,10,10,1,0,0,1,1,0,18,0,0,6,6,4,11.25,0,0,6,10,3,10.333333333333334,0,10.8,1.4,1.74,0
1,12,1,4,1,1,1,1,1,2,7,0,0,0,0,1,0,24,0,0,6,0,0,0.0,0,0,6,0,0,0.0,0,13.9,-0.3,0.79,0
1,1,1,15,1,1,1,3,14,3,6,0,0,0,1,1,0,20,0,0,6,6,6,14.333333333333334,0,0,6,7,6,15.0,0,15.5,2.8,-4.06,2
2,12,1,3,0,12,1,13,27,10,10,0,0,1,0,1,0,45,0,0,6,7,0,0.0,0,0,5,5,0,0.0,0,16.2,0.3,-0.92,0
1,14,2,12,1,1,1,23,27,5,5,1,0,0,1,1,1,28,0,18,23,23,20,13.5,3,18,23,23,20,13.5,3,7.6,2.6,0.32,2
1,1,1,11,1,1,1,13,28,10,10,1,0,0,1,1,0,23,0,0,6,8,6,12.666666666666666,0,0,6,10,5,12.2,0,7.6,2.6,0.32,1
1,1,1,12,1,1,1,1,14,5,8,1,0,0,1,1,0,18,0,0,7,7,7,12.444285714285714,0,0,8,11,7,11.347142857142858,0,12.4,0.5,1.79,2
1,1,2,9,1,1,1,13,14,10,5,1,0,0,1,1,0,23,0,0,5,7,3,10.666666666666666,1,0,5,7,3,11.333333333333334,0,9.4,-0.8,-3.12,0
1,14,1,2,1,1,1,3,3,3,3,1,0,0,1,1,0,22,0,0,0,0,0,0.0,0,0,0,0,0,0.0,0,7.6,2.6,0.32,1
1,1,1,5,1,1,1,13,14,6,6,0,0,0,1,1,1,22,0,1,6,6,6,12.666666666666666,0,1,6,6,5,12.4,0,12.4,0.5,1.79,2
1,12,1,17,0,9,1,22,28,6,6,0,0,0,1,1,0,33,0,0,5,5,5,13.2,0,0,5,6,5,14.833333333333334,0,10.8,1.4,1.74,2
1,17,1,4,1,16,1,1,28,10,7,0,0,0,1,1,0,21,0,7,12,20,10,12.7,0,5,12,14,11,12.181818181818182,0,8.9,1.4,3.51,2
2,12,1,9,1,1,1,22,27,10,6,0,0,0,1,1,0,45,0,0,5,6,5,14.833333333333334,0,0,5,5,5,14.8,0,15.5,2.8,-4.06,2
2,12,1,4,1,1,1,22,27,10,10,0,0,0,0,1,0,44,0,4,10,10,4,11.5,0,1,7,8,1,12.0,0,15.5,2.8,-4.06,0
4,12,1,14,1,1,1,13,14,12,13,0,0,0,1,1,0,42,0,0,6,0,0,0.0,0,0,6,0,0,0.0,0,12.7,3.7,-1.7,0
1,9,1,9,1,1,1,13,1,10,8,1,0,0,1,1,0,20,0,0,5,0,0,0.0,0,0,5,0,0,0.0,0,12.4,0.5,1.79,0
1,8,6,9,1,1,1,13,28,6,7,1,0,0,1,1,0,20,0,0,5,7,3,12.666666666666666,1,0,5,12,2,12.5,0,9.4,-0.8,-3.12,1
1,1,2,11,1,1,1,1,28,3,9,1,0,0,1,1,1,20,0,0,6,7,6,14.714285714285714,0,0,6,6,6,12.5,0,8.9,1.4,3.51,2
1,8,2,15,1,1,1,1,1,5,5,1,0,0,1,1,0,20,0,0,6,11,3,13.666666666666666,0,0,6,13,4,10.25,0,9.4,-0.8,-3.12,1
1,1,2,9,1,1,1,1,1,10,7,0,0,0,1,1,0,19,0,0,5,9,5,10.8,0,0,5,13,2,13.5,0,8.9,1.4,3.51,1
1,16,1,3,0,1,1,1,1,5,5,0,0,1,0,1,0,26,0,2,8,13,4,10.5,0,5,10,16,7,10.428571428571429,0,12.4,0.5,1.79,0
2,12,1,4,1,1,1,22,27,9,8,0,0,0,1,1,0,31,0,0,6,10,6,15.0,0,0,6,11,5,12.5,0,13.9,-0.3,0.79,2
1,1,1,15,1,1,1,1,14,10,10,0,0,1,1,1,1,19,0,0,6,6,6,12.666666666666666,0,0,6,6,6,14.0,0,16.2,0.3,-0.92,2
1,12,1,15,1,12,1,22,27,1,1,1,0,0,1,1,0,28,0,0,6,7,6,13.166666666666666,0,0,6,6,6,13.666666666666666,0,7.6,2.6,0.32,2
1,1,1,2,1,1,1,13,27,10,10,1,0,0,1,1,1,20,0,0,0,0,0,0.0,0,0,0,0,0,0.0,0,10.8,1.4,1.74,2
2,1,2,3,0,1,1,22,1,10,11,1,0,0,1,0,0,43,0,0,6,6,6,13.0,0,0,6,6,6,12.5,0,9.4,-0.8,-3.12,2
1,12,1,2,1,12,17,1,14,3,8,0,0,0,1,1,1,25,1,0,0,0,0,0.0,0,0,0,0,0,0.0,0,15.5,2.8,-4.06,0
1,12,1,10,1,12,1,22,27,10,10,0,1,1,1,0,0,40,0,0,6,13,2,10.0,0,0,6,10,1,15.0,0,16.2,0.3,-0.92,0
1,15,1,6,1,14,3,5,4,2,2,0,0,0,1,0,0,20,1,2,6,7,6,13.333333333333334,0,1,6,16,5,13.375,0,12.4,0.5,1.79,2
2,12,1,3,0,9,1,22,27,10,2,0,0,0,1,0,0,46,0,0,6,13,3,12.333333333333334,0,0,6,6,6,13.333333333333334,0,11.1,0.6,2.02,2
1,16,1,1,1,1,1,13,27,6,8,0,0,0,1,0,0,26,0,14,21,23,20,13.181818181818182,0,10,14,18,14,11.642857142857142,0,8.9,1.4,3.51,2
2,12,1,12,1,1,1,3,1,6,6,0,0,0,1,0,1,34,0,0,7,7,6,12.513333333333334,0,0,8,9,7,13.071428571428571,0,12.4,0.5,1.79,2
1,9,3,16,1,1,1,23,27,10,6,1,0,0,1,0,0,19,0,0,6,0,0,0.0,0,0,6,0,0,0.0,0,10.8,1.4,1.74,0
1,1,6,12,1,1,1,13,14,10,10,1,0,0,1,0,1,18,0,0,8,8,7,13.585714285714284,0,0,8,8,7,13.585714285714284,0,12.7,3.7,-1.7,2
1,1,1,13,1,1,1,13,14,5,10,1,0,0,1,0,0,18,0,0,7,9,7,11.155555555555557,0,0,8,10,8,11.425,0,12.7,3.7,-1.7,2
1,12,1,3,0,1,1,23,27,10,8,0,0,0,1,1,1,37,0,1,7,9,6,11.857142857142858,0,1,6,7,5,12.0,0,13.9,-0.3,0.79,2
1,8,1,2,1,1,1,13,28,10,8,0,0,0,1,1,1,23,0,0,0,0,0,0.0,0,0,0,0,0,0.0,0,9.4,-0.8,-3.12,2
1,14,1,5,1,1,1,13,28,10,8,0,0,0,1,1,0,26,0,9,14,14,14,14.0,0,7,13,13,13,13.615384615384617,0,15.5,2.8,-4.06,2
1,5,2,15,1,1,9,13,28,4,6,1,0,0,0,0,0,18,1,0,6,8,5,12.0,0,0,6,0,0,0.0,0,10.8,1.4,1.74,0
1,6,1,12,1,1,20,3,2,14,5,1,0,0,1,0,0,18,1,0,7,15,4,11.575,0,0,7,10,5,12.419999999999998,0,12.4,0.5,1.79,1
1,8,4,12,1,1,1,3,3,3,3,1,0,0,1,0,0,19,0,0,7,8,7,13.198571428571428,0,0,8,8,8,13.0625,0,11.1,0.6,2.02,2
1,5,2,6,1,1,9,13,1,5,10,0,0,0,1,0,0,18,1,0,6,10,6,13.5,0,0,6,12,6,12.0,0,12.4,0.5,1.79,2
1,1,1,14,1,1,1,1,3,5,4,1,0,0,1,0,0,19,0,0,6,6,6,13.333333333333334,0,0,6,8,5,12.8,0,8.9,1.4,3.51,0
1,8,4,7,1,1,15,1,1,29,36,1,0,0,1,1,0,20,1,0,5,10,4,14.25,0,0,5,14,1,10.0,0,8.9,1.4,3.51,1
1,8,1,5,1,1,1,1,1,2,6,0,0,0,1,0,1,22,0,0,6,7,6,12.166666666666666,0,0,6,9,4,12.0,0,9.4,-0.8,-3.12,2
1,1,3,12,1,1,1,13,1,10,6,1,0,0,1,0,1,18,0,0,8,8,7,12.214285714285714,0,0,8,8,7,12.214285714285714,0,12.7,3.7,-1.7,2
1,8,1,11,1,1,1,13,29,6,5,0,0,0,1,0,1,18,0,0,6,8,6,12.666666666666666,0,0,6,6,6,13.0,0,13.9,-0.3,0.79,2
1,1,3,15,1,1,1,23,28,6,6,1,0,0,1,0,1,18,0,0,6,7,6,12.285714285714286,0,0,6,6,6,13.5,0,8.9,1.4,3.51,2
1,1,6,11,1,1,1,23,27,6,8,1,0,0,1,0,1,18,0,0,6,7,6,13.0,0,0,6,6,6,13.0,0,12.4,0.5,1.79,2
1,1,2,11,1,1,1,4,3,8,5,1,0,0,1,0,0,18,0,0,6,8,6,12.142857142857142,0,0,6,6,6,11.166666666666666,0,8.9,1.4,3.51,2
1,8,6,12,1,1,1,1,14,8,8,1,0,0,1,0,1,19,0,0,7,8,7,13.875714285714285,0,0,8,9,7,13.085714285714284,0,11.1,0.6,2.02,2
1,8,1,16,1,1,1,13,1,6,6,0,0,0,1,0,0,20,0,0,6,0,0,0.0,0,0,6,0,0,0.0,0,15.5,2.8,-4.06,0
1,8,4,10,1,1,1,1,14,10,6,1,0,0,1,0,1,19,0,0,6,12,6,11.666666666666666,0,0,6,7,0,0.0,0,15.5,2.8,-4.06,0
1,1,2,6,1,1,1,3,1,5,8,1,0,0,1,0,0,18,0,0,6,13,6,13.153846153846152,0,0,6,12,3,11.0,0,15.5,2.8,-4.06,2
1,1,4,5,1,1,1,1,1,10,8,1,0,0,1,0,1,18,0,0,6,6,6,14.5,0,0,6,6,6,12.833333333333334,0,12.4,0.5,1.79,0
1,8,6,12,1,1,1,13,14,8,8,1,0,0,1,0,1,18,0,0,7,7,7,14.44142857142857,0,0,8,8,8,13.65625,0,11.1,0.6,2.02,2
1,8,2,15,1,1,1,3,28,3,7,1,0,0,1,0,0,18,0,0,6,6,6,15.166666666666666,0,0,6,7,6,14.285714285714286,0,12.4,0.5,1.79,2
1,8,1,9,1,1,1,13,28,5,9,0,0,0,1,0,1,18,0,0,5,5,5,11.6,0,0,5,12,4,12.625,0,10.8,1.4,1.74,2
1,8,1,15,1,1,1,1,1,5,8,1,0,1,1,0,0,18,0,0,6,6,6,11.666666666666666,0,0,6,6,6,12.333333333333334,0,16.2,0.3,-0.92,2
1,15,1,4,1,14,1,22,28,10,7,0,0,0,1,0,1,20,0,0,6,8,6,12.625,0,0,6,10,6,13.2,0,16.2,0.3,-0.92,2
1,7,2,10,1,1,1,23,27,4,6,1,0,0,1,0,1,19,0,0,6,14,3,12.666666666666666,0,0,6,7,6,11.0,0,9.4,-0.8,-3.12,2
1,8,1,8,1,1,1,2,14,3,7,1,0,0,1,0,1,18,0,0,6,7,6,12.833333333333334,1,0,6,8,6,13.0,0,8.9,1.4,3.51,1
1,1,1,10,1,1,1,23,28,9,8,1,0,0,1,0,1,19,0,0,6,7,6,11.857142857142858,0,0,6,8,6,13.142857142857142,0,12.4,0.5,1.79,2
1,8,2,16,1,1,1,3,1,2,6,1,0,0,1,0,0,19,0,0,6,8,5,11.4,1,0,6,7,4,10.75,0,12.7,3.7,-1.7,1
1,14,1,8,1,1,14,3,4,4,3,0,0,0,1,0,0,19,1,0,5,10,5,14.857142857142858,2,0,5,7,5,15.142857142857142,0,9.4,-0.8,-3.12,1
1,1,1,14,1,1,1,13,14,8,8,0,0,0,1,0,0,19,0,0,6,7,6,14.714285714285714,0,0,6,6,6,15.833333333333334,0,12.4,0.5,1.79,2
1,6,1,14,1,1,12,27,1,3,8,0,1,1,1,0,0,20,1,0,6,6,6,13.5,0,0,6,9,5,13.0,0,8.9,1.4,3.51,2
1,9,1,8,1,1,1,23,14,10,6,1,0,0,1,0,1,18,0,0,5,7,4,11.5,0,0,5,5,5,12.4,0,10.8,1.4,1.74,2
1,4,1,9,1,3,1,1,29,5,8,0,0,0,1,0,0,33,0,2,5,9,2,14.0,0,0,5,5,0,0.0,0,12.4,0.5,1.79,0
1,1,1,16,1,1,1,13,14,5,6,0,0,0,1,0,1,19,0,0,7,8,6,12.833333333333334,0,0,6,6,0,0.0,0,13.9,-0.3,0.79,0
1,8,2,13,1,1,1,1,1,10,10,0,0,0,1,0,1,18,0,0,7,7,7,13.428571428571429,0,0,8,8,8,14.75,0,15.5,2.8,-4.06,2
1,8,1,5,1,1,1,13,1,5,4,0,0,0,1,0,0,19,0,0,6,0,0,0.0,0,0,6,0,0,0.0,0,8.9,1.4,3.51,0
1,15,1,4,1,14,1,23,28,7,4,0,0,0,1,0,0,19,0,0,6,18,3,11.666666666666666,0,0,6,14,4,11.5,0,15.5,2.8,-4.06,1
1,1,3,15,1,1,1,3,1,3,9,1,0,0,1,0,0,18,0,0,6,6,6,16.0,0,0,6,7,6,14.333333333333334,0,12.4,0.5,1.79,2
1,1,1,10,1,1,1,13,14,10,6,1,0,0,1,0,0,20,0,0,6,6,6,13.833333333333334,0,0,6,6,6,11.833333333333334,0,10.8,1.4,1.74,2
1,1,5,12,1,1,1,13,27,8,8,1,0,0,1,0,0,19,0,0,8,9,8,13.2325,1,0,8,9,8,13.2325,1,9.4,-0.8,-3.12,2
1,1,2,15,1,1,1,13,14,10,10,1,0,0,1,1,1,18,0,0,6,6,6,14.0,0,0,6,6,6,14.166666666666666,0,9.4,-0.8,-3.12,2
1,8,2,11,1,1,1,1,2,6,4,1,0,1,1,1,1,19,0,0,6,14,2,10.0,0,0,6,6,0,0.0,0,13.9,-0.3,0.79,0
1,14,1,3,0,1,9,22,27,10,10,1,0,0,1,0,0,25,1,8,16,16,15,13.333333333333334,0,11,13,13,11,12.272727272727272,0,13.9,-0.3,0.79,2
1,8,3,5,1,1,1,3,3,5,5,1,0,0,1,0,1,20,0,0,6,6,6,12.5,0,0,6,6,6,14.333333333333334,0,12.7,3.7,-1.7,1
1,1,1,3,0,1,1,23,27,6,6,0,0,0,1,0,0,19,0,0,6,6,6,12.5,0,0,6,6,6,11.5,0,12.7,3.7,-1.7,2
1,8,1,17,0,1,1,19,24,1,1,1,0,1,1,1,0,33,0,0,5,8,2,10.5,0,0,5,5,0,0.0,0,7.6,2.6,0.32,0
1,9,4,7,1,1,1,13,28,32,39,1,0,1,1,1,0,18,0,0,5,11,3,10.666666666666666,0,0,5,9,3,11.333333333333334,0,8.9,1.4,3.51,1
1,1,1,7,1,1,1,13,27,6,9,1,0,0,1,1,0,18,0,0,5,9,4,10.5,0,0,5,11,2,10.5,3,7.6,2.6,0.32,1
1,6,1,9,1,1,12,1,1,3,4,0,0,0,1,0,0,19,1,0,5,10,4,12.0,0,0,5,6,5,11.4,0,11.1,0.6,2.02,2
1,1,2,2,1,1,1,3,3,3,3,1,0,0,1,0,0,18,0,0,0,0,0,0.0,0,0,0,0,0,0.0,0,12.4,0.5,1.79,1
1,14,1,9,1,1,1,23,14,20,36,0,0,0,1,0,0,19,0,0,5,11,5,11.5,0,0,5,9,2,10.666666666666666,0,13.9,-0.3,0.79,1
1,1,1,15,1,1,1,13,1,6,11,1,0,0,1,0,0,18,0,0,6,6,6,14.0,0,0,6,6,6,13.5,0,11.1,0.6,2.02,0
1,8,5,16,1,1,1,3,14,3,8,1,0,0,1,0,0,18,0,0,6,7,6,13.5,0,0,6,8,5,12.6,0,7.6,2.6,0.32,2
1,1,3,12,1,1,1,13,27,8,8,1,0,0,1,0,0,18,0,0,8,8,8,13.07375,0,0,8,8,8,13.07375,0,9.4,-0.8,-3.12,2
2,12,1,12,1,12,1,23,28,3,11,0,0,0,1,0,0,37,0,0,7,9,2,10.75,0,0,7,9,0,0.0,0,16.2,0.3,-0.92,0
1,1,1,10,1,1,1,23,1,3,5,0,0,0,1,0,0,20,0,0,6,11,1,12.0,0,0,5,10,0,0.0,0,9.4,-0.8,-3.12,1
1,1,1,11,1,1,14,22,27,6,6,1,0,0,1,0,1,20,1,0,6,6,6,14.0,0,0,6,6,6,13.333333333333334,0,10.8,1.4,1.74,2
1,6,1,10,1,1,12,13,14,10,7,0,0,0,1,1,0,21,1,0,6,7,6,12.333333333333334,0,0,6,7,6,13.428571428571429,0,11.1,0.6,2.02,2
1,8,1,12,1,1,1,23,1,6,5,0,0,0,1,0,1,18,0,0,7,7,7,13.464285714285714,0,0,8,9,8,14.788888888888888,0,12.4,0.5,1.79,2
1,12,1,3,0,1,1,13,1,10,9,0,0,0,1,0,0,26,0,0,6,14,3,10.666666666666666,1,0,6,9,5,11.2,0,15.5,2.8,-4.06,1
1,12,1,9,1,9,1,22,27,10,8,0,0,1,1,0,0,41,0,0,5,6,5,11.6,0,0,5,8,5,12.2,0,7.6,2.6,0.32,1
1,1,2,15,1,1,1,13,1,4,10,1,0,0,1,0,1,18,0,0,6,6,6,13.666666666666666,0,0,6,6,6,14.666666666666666,0,16.2,0.3,-0.92,2
1,1,4,12,1,1,1,13,27,10,8,0,0,1,1,0,0,18,0,0,8,9,8,14.4025,1,0,8,9,8,14.4025,1,9.4,-0.8,-3.12,2
1,1,1,12,1,1,1,23,28,10,10,1,0,0,1,0,0,31,0,0,7,9,7,15.46875,0,0,8,8,8,16.3875,0,11.1,0.6,2.02,2
1,1,1,10,1,1,1,1,1,5,11,0,0,1,1,0,0,23,0,0,6,8,6,12.625,0,0,6,6,6,14.166666666666666,0,12.7,3.7,-1.7,2
1,1,4,12,1,1,1,22,14,10,10,1,0,0,1,0,0,19,0,0,7,7,6,14.983333333333334,0,0,7,7,6,14.983333333333334,0,7.6,2.6,0.32,2
1,7,3,15,1,1,1,22,28,5,10,1,0,0,1,0,1,20,0,0,6,6,6,15.0,0,0,6,6,6,13.0,0,11.1,0.6,2.02,2
2,12,1,3,0,1,1,22,27,8,6,0,0,0,1,0,0,40,0,5,9,9,9,15.88888888888889,0,3,7,7,7,14.142857142857142,0,12.7,3.7,-1.7,2
1,15,1,6,1,14,1,22,27,10,10,1,0,1,1,0,0,32,0,0,6,14,4,11.5,0,0,6,14,3,11.0,0,16.2,0.3,-0.92,0
1,1,4,11,1,1,1,22,27,10,8,1,0,0,1,0,0,24,0,0,6,14,2,10.5,0,0,6,11,1,10.0,0,10.8,1.4,1.74,0
1,8,4,12,1,1,1,13,27,6,9,1,0,0,1,0,0,18,0,0,7,7,6,13.983333333333334,0,0,7,7,6,13.983333333333334,0,7.6,2.6,0.32,2
1,1,1,10,1,1,1,22,27,10,10,0,0,0,1,0,0,18,0,0,6,6,6,13.0,0,0,6,6,6,12.833333333333334,0,10.8,1.4,1.74,2
1,1,1,10,1,1,1,13,27,5,8,1,0,0,1,0,1,18,0,0,6,6,6,13.666666666666666,0,0,6,6,6,13.0,0,10.8,1.4,1.74,2
1,12,1,4,1,1,1,23,28,5,8,1,0,0,0,0,0,27,0,0,6,8,0,0.0,0,0,6,8,0,0.0,0,15.5,2.8,-4.06,0
1,1,1,9,1,1,1,23,27,10,6,0,0,0,1,0,0,18,0,0,5,5,5,14.4,0,0,5,5,5,15.4,0,7.6,2.6,0.32,2
1,12,1,17,0,1,1,13,27,10,9,0,0,0,1,0,0,26,0,0,5,10,4,12.0,0,0,5,9,4,11.25,0,12.7,3.7,-1.7,1
1,1,1,16,1,1,1,13,10,10,5,1,0,0,1,0,0,19,0,0,6,6,6,14.166666666666666,0,0,6,7,6,13.666666666666666,0,7.6,2.6,0.32,2
1,8,2,3,0,1,1,22,24,1,1,1,0,0,1,0,0,19,0,0,6,8,5,12.2,0,0,6,7,6,12.0,0,7.6,2.6,0.32,2
1,9,2,9,1,1,1,1,27,6,6,1,0,0,1,0,0,21,0,0,5,8,3,12.0,1,0,5,9,3,12.666666666666666,0,9.4,-0.8,-3.12,1
1,1,4,9,1,1,1,1,14,5,7,1,0,0,1,0,0,24,0,0,5,11,2,10.5,0,0,5,14,1,11.0,0,12.7,3.7,-1.7,1
1,8,1,16,1,1,1,22,27,10,11,0,0,0,1,0,0,20,0,0,6,8,3,12.333333333333334,0,0,6,11,2,10.5,0,12.7,3.7,-1.7,0
1,1,4,16,1,1,1,13,1,6,10,1,0,0,1,0,0,18,0,0,6,7,5,12.2,0,0,6,7,5,12.2,0,10.8,1.4,1.74,1
1,12,1,4,1,1,1,13,14,10,10,0,0,0,1,0,0,30,0,0,6,6,0,0.0,0,0,6,6,0,0.0,0,11.1,0.6,2.02,0
1,1,1,16,1,1,1,13,27,10,10,1,0,1,0,0,0,22,0,0,7,10,6,11.5,0,0,7,8,6,13.166666666666666,0,11.1,0.6,2.02,1
1,4,1,9,1,3,1,22,14,10,9,0,0,0,1,0,0,21,0,4,9,9,9,10.88888888888889,0,3,10,18,10,11.615384615384617,0,10.8,1.4,1.74,2
1,12,1,13,1,1,1,13,14,5,6,0,0,0,1,0,0,26,0,0,7,12,6,12.166666666666666,0,0,8,8,8,11.675,0,13.9,-0.3,0.79,0
1,8,1,9,1,1,1,13,14,8,8,1,0,0,1,0,0,23,0,0,5,7,2,10.0,1,0,5,9,1,12.0,0,9.4,-0.8,-3.12,1
1,8,1,5,1,1,1,13,27,6,10,0,0,0,1,0,1,18,0,0,6,6,6,12.666666666666666,0,0,6,6,6,12.166666666666666,0,16.2,0.3,-0.92,2
1,1,1,5,1,1,1,1,27,6,10,1,0,1,1,0,0,21,0,0,6,9,5,11.4,0,0,6,8,5,12.2,0,12.7,3.7,-1.7,0
1,14,1,2,1,1,1,13,28,10,10,0,0,0,1,0,1,18,0,0,0,0,0,0.0,0,0,0,0,0,0.0,0,13.9,-0.3,0.79,0
1,8,3,6,1,1,1,13,27,6,6,1,0,0,1,0,0,21,0,0,5,14,2,13.0,2,0,5,8,4,12.0,1,9.4,-0.8,-3.12,1
1,8,3,16,1,1,1,23,28,8,8,1,0,0,1,0,0,18,0,0,6,8,5,13.4,0,0,6,7,5,12.0,0,7.6,2.6,0.32,1
1,8,3,16,1,1,1,22,27,6,10,1,1,0,1,0,1,19,0,0,6,6,6,13.5,0,0,6,8,5,12.8,0,12.7,3.7,-1.7,0
1,8,1,11,1,1,1,1,1,5,10,1,0,0,1,0,0,22,0,0,6,14,4,12.25,0,0,6,11,3,11.333333333333334,0,7.6,2.6,0.32,1
1,1,3,10,1,1,1,23,14,6,9,1,0,0,1,0,0,19,0,0,6,7,6,12.285714285714286,0,0,6,7,6,12.833333333333334,0,12.4,0.5,1.79,2
1,1,5,6,1,1,1,23,27,10,9,1,0,0,0,0,0,19,0,0,5,12,0,0.0,4,0,5,8,0,0.0,1,9.4,-0.8,-3.12,0
1,8,1,10,1,1,1,22,27,8,6,1,0,0,1,0,0,19,0,0,6,10,2,10.5,0,0,6,11,1,13.0,0,9.4,-0.8,-3.12,0
2,15,1,6,1,14,1,22,27,30,43,0,0,0,1,0,0,27,0,0,5,12,3,14.0,2,0,5,8,5,12.0,1,9.4,-0.8,-3.12,2
1,5,1,6,1,1,1,22,27,6,6,1,0,0,1,0,0,22,0,2,5,7,5,14.2,0,0,5,10,5,12.2,0,12.7,3.7,-1.7,2
1,1,1,15,1,1,1,22,1,10,8,1,0,0,1,0,0,18,0,0,6,8,5,13.0,0,0,6,7,6,13.142857142857142,0,15.5,2.8,-4.06,0
1,8,4,11,1,1,1,23,28,6,6,1,0,0,1,0,0,20,0,0,6,6,6,11.0,0,0,6,8,4,12.75,0,9.4,-0.8,-3.12,2
2,14,1,17,0,1,1,22,27,10,10,0,0,0,1,0,0,34,0,3,8,9,3,11.0,0,2,7,7,2,10.0,0,9.4,-0.8,-3.12,0
1,8,2,12,1,1,1,1,28,6,9,1,0,0,1,0,0,18,0,0,7,9,6,12.385714285714286,0,0,8,9,8,13.755555555555556,0,13.9,-0.3,0.79,2
1,8,2,15,1,1,1,1,1,6,6,1,0,0,1,1,0,20,0,0,6,12,4,14.75,0,0,6,7,4,12.25,0,9.4,-0.8,-3.12,2
1,1,1,8,1,1,14,1,14,6,6,1,0,0,1,0,0,20,1,0,5,6,5,16.166666666666668,0,0,5,6,5,15.833333333333334,0,12.7,3.7,-1.7,2
1,12,1,17,0,1,1,1,28,5,10,0,0,0,1,1,0,25,0,0,5,7,0,0.0,0,0,5,8,0,0.0,0,16.2,0.3,-0.92,0
1,1,4,7,1,1,1,3,14,3,10,1,0,0,1,1,0,18,0,0,5,6,5,12.4,0,0,5,9,3,13.0,0,8.9,1.4,3.51,0
1,1,1,8,1,1,1,1,1,10,10,0,0,0,0,1,0,18,0,0,6,8,5,11.6,0,0,6,11,4,13.0,0,8.9,1.4,3.51,0
1,8,1,16,1,1,1,13,28,6,8,1,0,0,1,0,1,18,0,0,6,8,5,12.2,0,0,6,13,0,0.0,0,9.4,-0.8,-3.12,0
1,8,1,11,1,1,1,1,14,6,5,0,0,0,1,0,1,19,0,0,6,7,5,11.0,0,0,6,7,5,12.8,0,12.4,0.5,1.79,2
1,8,2,16,1,1,1,23,14,6,6,1,0,0,1,0,1,19,0,0,6,8,6,12.333333333333334,0,0,6,7,5,12.4,0,10.8,1.4,1.74,0
1,15,1,10,1,1,1,1,1,6,6,0,0,0,1,0,1,21,0,3,6,6,6,14.833333333333334,0,2,6,7,6,12.571428571428571,0,13.9,-0.3,0.79,2
1,13,1,5,1,1,1,3,2,3,3,0,0,0,1,0,0,29,0,9,10,15,9,11.555555555555555,0,7,11,17,10,11.9,0,9.4,-0.8,-3.12,1
1,1,1,5,1,1,1,1,27,10,10,1,0,0,1,0,1,20,0,0,6,6,6,12.0,0,0,6,6,6,11.833333333333334,0,12.4,0.5,1.79,2
1,16,1,3,0,16,1,13,27,19,44,1,0,1,1,0,1,21,0,13,13,13,11,12.727272727272728,0,9,11,11,10,12.6,0,8.9,1.4,3.51,2
1,14,1,17,0,1,14,22,27,10,9,0,0,0,1,0,0,34,1,2,2,2,2,10.5,0,1,1,1,1,11.0,0,10.8,1.4,1.74,0
1,1,4,15,1,1,9,1,27,4,10,1,0,0,1,0,0,20,1,0,6,6,6,12.333333333333334,0,0,6,6,6,12.0,0,12.7,3.7,-1.7,2
1,12,1,17,0,1,1,22,27,10,10,0,0,0,1,1,0,24,0,0,5,10,0,0.0,0,0,5,7,1,12.0,0,10.8,1.4,1.74,0
1,1,1,12,1,1,1,1,1,5,4,0,0,0,1,1,0,18,0,0,7,7,7,14.842857142857143,0,0,8,9,8,14.38888888888889,0,16.2,0.3,-0.92,2
1,1,1,12,1,1,1,1,14,5,5,0,0,0,1,1,0,19,0,0,7,7,7,12.2,0,0,7,7,7,12.2,0,7.6,2.6,0.32,1
1,1,1,9,1,1,1,1,14,8,8,0,0,0,1,1,1,18,0,0,5,10,4,10.8,0,0,5,10,4,11.75,0,15.5,2.8,-4.06,1
1,12,9,17,0,1,1,23,28,10,6,0,0,0,1,1,0,28,0,0,5,7,4,12.75,0,0,5,7,5,14.333333333333334,0,10.8,1.4,1.74,1
1,12,1,17,0,1,1,1,1,10,8,0,0,0,1,1,0,28,0,0,5,13,2,11.0,0,0,5,12,1,12.0,0,11.1,0.6,2.02,0
1,8,1,11,1,1,1,23,28,1,6,0,0,0,1,1,0,20,0,0,6,9,4,10.75,0,0,6,12,0,0.0,0,7.6,2.6,0.32,0
1,14,1,12,1,1,1,1,1,8,5,1,0,0,1,1,0,22,0,0,8,9,8,12.55375,1,0,8,9,8,12.55375,1,9.4,-0.8,-3.12,2
1,1,4,12,1,1,1,13,1,5,5,1,0,0,1,1,0,19,0,0,8,8,7,12.665714285714284,0,0,8,8,7,12.665714285714284,0,10.8,1.4,1.74,2
1,1,1,14,1,1,1,1,14,8,6,1,0,0,1,1,0,20,0,0,6,10,6,12.714285714285714,0,0,6,8,4,13.0,0,12.4,0.5,1.79,1
1,12,2,13,1,1,1,3,1,3,5,0,0,0,1,1,0,26,0,0,7,7,2,11.75,0,0,5,10,0,0.0,0,12.4,0.5,1.79,0
1,1,2,11,1,1,1,22,27,10,10,1,0,0,0,1,0,21,0,0,6,11,3,11.0,0,0,6,14,0,0.0,0,9.4,-0.8,-3.12,0
1,7,2,2,1,1,1,3,3,3,3,1,0,0,1,1,0,18,0,0,0,0,0,0.0,0,0,0,0,0,0.0,0,12.4,0.5,1.79,2
1,8,1,9,1,1,1,22,28,10,8,1,0,0,1,1,0,18,0,0,5,5,5,13.4,0,0,5,6,5,12.2,0,11.1,0.6,2.02,2
1,1,2,2,1,1,1,13,14,5,8,1,0,0,1,1,0,22,0,14,17,21,17,12.578947368421051,0,15,17,20,17,12.117647058823527,0,11.1,0.6,2.02,2
2,12,1,7,1,12,1,22,27,10,10,0,0,0,1,1,0,36,0,0,5,0,0,0.0,0,0,5,0,0,0.0,0,16.2,0.3,-0.92,0
1,1,1,15,1,1,1,23,28,10,10,1,0,0,1,1,1,20,0,0,6,8,6,12.0,0,0,6,8,6,11.5,0,13.9,-0.3,0.79,2
1,8,5,14,1,1,1,3,4,3,3,0,0,0,1,1,0,20,0,0,6,6,3,12.333333333333334,0,0,6,9,0,0.0,0,10.8,1.4,1.74,0
1,12,1,17,0,1,1,22,1,6,5,0,0,0,1,1,0,25,0,0,5,11,4,11.5,0,0,5,11,3,13.5,0,12.4,0.5,1.79,0
1,12,1,4,1,1,1,22,14,7,5,0,0,0,1,1,0,35,0,1,6,7,5,12.8,0,1,6,11,5,13.833333333333334,0,15.5,2.8,-4.06,2
1,1,1,2,1,1,1,1,27,8,8,0,0,0,1,1,0,22,0,0,0,0,0,0.0,0,0,0,0,0,0.0,0,11.1,0.6,2.02,0
1,14,1,5,1,1,1,3,29,4,8,0,0,0,1,1,0,26,0,5,7,8,7,13.285714285714286,0,3,8,11,7,12.142857142857142,0,12.4,0.5,1.79,1
1,15,1,4,1,14,1,23,28,10,6,0,0,1,0,1,0,20,0,0,6,16,4,11.8,0,0,6,15,2,12.0,0,16.2,0.3,-0.92,0
1,14,1,3,0,9,1,22,1,10,11,0,0,0,1,1,0,50,0,6,13,13,6,11.333333333333334,0,2,11,11,2,13.5,0,16.2,0.3,-0.92,0
1,1,1,12,1,1,1,13,28,10,9,0,0,0,1,1,0,20,0,0,8,12,5,12.002,1,0,8,12,5,12.002,1,10.8,1.4,1.74,0
1,1,1,12,1,1,1,3,1,3,9,0,0,0,1,1,0,20,0,0,7,10,5,13.976666666666668,0,0,8,9,8,13.22222222222222,0,12.4,0.5,1.79,1
1,4,1,4,1,3,1,3,14,3,11,0,0,0,0,1,0,35,0,0,6,10,5,15.2,0,1,6,9,1,11.0,0,15.5,2.8,-4.06,0
1,1,1,14,1,1,1,3,14,5,6,0,0,0,1,1,1,19,0,0,6,7,6,13.142857142857142,0,0,6,8,6,14.166666666666666,0,15.5,2.8,-4.06,2
2,12,2,9,1,1,1,22,27,6,8,0,0,0,1,1,0,43,0,0,5,14,0,0.0,1,0,5,5,0,0.0,0,9.4,-0.8,-3.12,0
1,8,5,12,1,1,1,3,28,3,2,0,0,0,1,1,0,19,0,0,8,11,7,13.867142857142856,0,0,8,11,7,13.867142857142856,0,10.8,1.4,1.74,2
1,12,1,12,1,1,1,22,27,10,10,0,0,0,1,1,0,25,0,0,8,11,6,12.675,0,0,8,11,6,12.675,0,12.7,3.7,-1.7,2
1,7,1,2,1,1,1,1,3,6,11,1,0,0,1,1,0,19,0,0,0,0,0,0.0,0,0,0,0,0,0.0,0,13.9,-0.3,0.79,2
1,8,2,16,1,1,1,1,14,10,10,1,0,0,1,1,1,20,0,0,6,6,6,12.0,0,0,6,7,6,12.5,0,7.6,2.6,0.32,1
1,1,1,2,1,1,1,23,27,6,6,1,0,0,1,1,0,22,0,0,0,0,0,0.0,0,0,0,0,0,0.0,0,12.7,3.7,-1.7,0
1,1,1,11,1,1,1,22,27,4,4,0,0,0,1,1,1,19,0,0,6,7,6,11.0,0,0,6,6,5,12.2,0,11.1,0.6,2.02,0
2,12,1,17,0,1,1,13,27,4,10,0,0,0,1,1,0,32,0,0,5,11,4,10.75,0,0,5,11,4,11.333333333333334,0,13.9,-0.3,0.79,0
2,12,1,15,1,13,1,22,27,10,8,1,0,0,1,1,0,57,0,0,6,7,5,14.2,0,0,6,6,6,14.166666666666666,0,9.4,-0.8,-3.12,2
1,1,1,12,1,1,1,1,14,4,6,0,0,0,0,1,0,20,0,0,7,11,4,12.6,0,0,7,7,4,11.575,0,16.2,0.3,-0.92,0
1,12,1,17,0,1,1,1,1,6,6,1,0,0,0,1,0,38,0,0,5,5,0,0.0,0,0,5,5,0,0.0,0,8.9,1.4,3.51,0
2,12,1,17,0,1,1,22,3,10,4,0,0,0,1,1,0,45,0,0,5,6,5,14.0,0,0,5,6,5,14.166666666666666,0,12.4,0.5,1.79,2
2,12,1,15,1,1,1,22,27,10,11,0,0,1,0,1,0,43,0,0,6,16,2,10.0,0,0,6,12,4,12.25,0,10.8,1.4,1.74,0
1,8,4,5,1,1,1,23,1,10,10,1,0,0,1,1,0,19,0,0,6,6,6,13.833333333333334,0,0,6,8,6,13.125,0,10.8,1.4,1.74,2
2,12,1,17,0,12,1,13,14,5,5,0,0,0,0,1,0,49,0,0,5,8,2,11.0,0,0,5,5,1,11.0,0,15.5,2.8,-4.06,0
2,12,1,12,1,12,1,22,28,10,8,1,0,0,1,1,0,43,0,0,8,8,7,11.635714285714286,0,0,8,8,7,11.635714285714286,0,10.8,1.4,1.74,1
1,12,1,3,0,1,1,22,28,10,10,0,0,0,1,1,0,34,0,0,6,6,4,12.25,0,0,5,5,0,0.0,0,11.1,0.6,2.02,0
1,8,5,7,1,1,1,13,14,6,6,1,0,1,1,1,0,18,0,0,5,9,4,12.5,0,0,5,11,5,11.285714285714286,0,12.4,0.5,1.79,1
2,12,1,17,0,1,1,23,28,2,5,0,0,0,1,1,0,43,0,0,5,5,5,13.8,0,0,5,6,5,13.666666666666666,0,10.8,1.4,1.74,2
1,1,2,11,1,1,1,13,1,10,9,0,0,0,1,1,0,21,0,0,6,8,3,12.0,0,0,6,9,1,11.0,0,15.5,2.8,-4.06,0
2,12,1,17,0,1,1,19,24,13,13,0,0,0,1,1,0,40,0,0,5,9,3,11.0,0,0,5,8,4,12.5,1,7.6,2.6,0.32,1
1,8,1,14,1,1,1,13,27,6,6,1,0,0,1,1,1,19,0,0,6,7,4,13.75,0,0,6,10,6,11.555555555555555,0,10.8,1.4,1.74,2
1,1,1,11,1,1,1,22,27,2,2,0,0,0,1,1,0,27,0,0,6,6,6,10.666666666666666,0,0,6,8,4,11.25,0,10.8,1.4,1.74,1
2,13,1,13,1,1,1,22,27,10,7,0,0,0,1,1,0,43,0,0,7,7,0,0.0,0,0,8,13,2,13.15,0,16.2,0.3,-0.92,0
1,14,1,17,0,1,1,22,27,10,10,0,0,0,1,1,0,31,0,1,5,6,5,13.833333333333334,0,0,5,7,5,15.4,0,9.4,-0.8,-3.12,2
1,15,1,4,1,14,1,23,1,19,25,1,0,1,1,1,0,26,0,0,6,6,0,0.0,0,0,6,7,0,0.0,0,8.9,1.4,3.51,1
1,12,1,17,0,1,1,22,28,28,16,0,0,0,1,1,0,34,0,0,5,5,5,15.8,0,0,5,5,5,16.8,0,8.9,1.4,3.51,2
4,14,1,12,1,12,1,19,24,1,1,0,0,0,1,1,0,30,0,11,14,26,12,12.52608695652174,1,11,14,26,12,12.52608695652174,1,7.6,2.6,0.32,2
2,12,1,12,1,12,1,23,28,8,9,0,0,0,1,1,0,36,0,0,7,9,6,12.783333333333331,0,0,8,11,0,0.0,0,16.2,0.3,-0.92,0
1,4,1,17,0,3,1,22,27,7,8,0,0,1,0,1,0,46,0,0,5,5,0,0.0,0,0,5,5,1,10.0,0,11.1,0.6,2.02,0
1,8,1,6,1,1,1,1,14,6,10,0,0,0,1,1,0,22,0,0,5,8,3,13.0,0,0,5,8,3,10.666666666666666,0,7.6,2.6,0.32,2
1,4,1,4,1,3,1,1,14,6,10,0,0,0,1,1,0,27,0,0,6,8,0,0.0,0,0,6,10,0,0.0,0,16.2,0.3,-0.92,0
1,1,2,7,1,1,1,1,28,20,43,1,0,0,1,1,0,20,0,0,5,7,5,10.8,0,0,5,9,3,12.0,0,8.9,1.4,3.51,1
1,16,1,9,1,1,1,13,28,10,9,0,0,0,1,1,0,20,0,0,5,7,5,11.0,0,0,5,7,3,10.0,0,8.9,1.4,3.51,1
1,13,1,7,1,1,1,13,14,12,12,0,0,1,0,1,0,31,0,0,4,4,0,0.0,0,0,5,5,0,0.0,0,12.7,3.7,-1.7,0
1,1,1,7,1,1,1,22,14,10,10,1,0,1,1,1,0,20,0,0,5,7,0,0.0,0,0,5,5,0,0.0,0,9.4,-0.8,-3.12,1
1,8,1,15,1,1,1,1,28,12,9,1,0,0,0,1,0,21,0,0,6,10,2,12.0,0,0,6,0,0,0.0,0,10.8,1.4,1.74,0
1,8,1,9,1,1,1,13,14,10,8,0,0,0,1,1,0,21,0,0,5,7,4,10.75,0,0,5,10,2,11.0,3,16.2,0.3,-0.92,0
1,1,1,9,1,1,1,1,4,10,11,0,0,0,1,1,0,19,0,0,5,8,5,11.6,0,0,5,10,4,13.5,3,16.2,0.3,-0.92,2
1,8,4,9,1,1,1,13,14,5,5,1,0,0,1,1,1,20,0,0,5,6,5,11.8,0,0,5,8,4,11.6,0,8.9,1.4,3.51,2
1,1,1,4,1,1,1,23,1,10,5,0,0,0,1,1,0,18,0,0,6,7,6,16.0,0,0,6,6,6,15.166666666666666,0,12.4,0.5,1.79,2
1,1,2,15,1,1,1,1,1,5,4,0,0,0,1,1,1,18,0,0,6,6,6,12.666666666666666,0,0,6,6,6,11.5,0,16.2,0.3,-0.92,2
1,12,1,12,1,1,1,1,2,22,21,0,0,1,1,1,0,30,0,0,7,12,4,14.4,0,0,7,9,6,13.5,0,12.4,0.5,1.79,1
1,12,1,11,1,12,1,13,14,4,2,0,0,1,0,1,0,34,0,0,6,6,0,0.0,0,0,6,6,0,0.0,0,15.5,2.8,-4.06,0
1,8,1,14,1,1,1,13,14,29,36,0,0,1,0,1,0,21,0,0,6,11,4,12.25,0,0,6,9,4,13.4,0,11.1,0.6,2.02,1
1,15,1,5,1,14,1,22,1,10,8,0,0,0,1,1,0,20,0,2,7,9,5,12.6,0,5,9,10,8,12.75,1,16.2,0.3,-0.92,0
1,1,1,12,1,1,1,22,27,10,10,0,0,0,1,1,0,18,0,0,8,8,7,13.4,0,0,8,8,7,13.4,0,12.7,3.7,-1.7,2
1,1,1,2,1,1,1,1,1,5,4,1,0,1,1,1,0,21,0,0,0,0,0,0.0,0,0,0,0,0,0.0,0,16.2,0.3,-0.92,0
2,13,1,4,1,1,1,3,1,3,3,0,0,0,1,1,0,26,0,0,6,9,1,10.0,0,0,6,6,0,0.0,0,12.4,0.5,1.79,0
1,8,1,7,1,1,1,23,14,8,4,1,0,1,1,1,0,20,0,0,5,5,0,0.0,0,0,5,5,0,0.0,5,9.4,-0.8,-3.12,0
1,15,1,4,1,14,1,1,28,2,10,0,0,0,1,1,0,25,0,0,6,16,3,11.25,0,0,6,14,4,11.2,0,15.5,2.8,-4.06,0
1,8,1,14,1,1,1,1,1,5,5,0,0,0,1,1,0,19,0,0,5,10,0,0.0,0,0,5,5,0,0.0,0,7.6,2.6,0.32,1
1,12,2,9,1,1,1,13,5,5,2,1,0,0,1,1,0,24,0,0,5,8,3,10.666666666666666,1,0,5,5,1,14.0,0,9.4,-0.8,-3.12,0
1,1,1,8,1,1,1,3,3,3,3,0,0,0,1,1,0,20,0,0,5,7,4,11.75,0,0,5,5,5,13.4,0,7.6,2.6,0.32,2
1,1,1,9,1,1,1,1,3,10,6,0,0,0,1,1,0,20,0,0,5,5,0,0.0,0,0,5,5,0,0.0,0,12.7,3.7,-1.7,0
1,3,3,5,1,1,1,3,1,10,7,1,0,0,1,0,0,18,0,0,6,6,6,12.666666666666666,0,0,6,8,6,14.125,0,10.8,1.4,1.74,2
4,12,1,13,1,1,1,13,3,10,3,0,0,0,1,0,0,25,0,0,7,14,7,11.95,0,0,8,15,7,12.042857142857144,0,12.7,3.7,-1.7,1
1,8,1,11,1,1,1,23,27,10,7,1,0,0,1,0,0,22,0,0,6,7,5,14.0,0,0,6,6,6,15.666666666666666,0,11.1,0.6,2.02,2
1,14,1,3,0,1,1,22,27,1,7,0,0,0,0,0,0,41,0,0,6,6,0,0.0,6,0,6,12,0,0.0,0,9.4,-0.8,-3.12,0
1,1,2,9,1,1,1,22,28,8,10,0,0,1,1,0,1,19,0,0,5,11,2,11.5,0,0,5,10,0,0.0,0,12.7,3.7,-1.7,0
1,14,1,8,1,1,1,3,3,4,5,1,0,0,1,0,0,21,0,0,6,10,6,12.0,0,0,6,12,5,12.8,0,13.9,-0.3,0.79,2
1,12,1,6,1,1,1,1,1,6,6,1,0,1,1,0,0,30,0,0,6,7,6,16.428571428571427,0,0,6,7,6,16.666666666666668,0,13.9,-0.3,0.79,0
1,1,5,12,1,1,1,23,28,10,10,1,0,0,1,0,1,21,0,0,7,9,5,13.336000000000002,0,0,8,9,7,13.207142857142856,0,11.1,0.6,2.02,2
2,12,2,13,1,1,1,13,28,10,10,0,0,0,1,0,1,26,0,0,7,7,0,0.0,0,0,8,8,0,0.0,6,10.8,1.4,1.74,1
1,6,1,14,1,1,14,1,1,10,5,0,0,0,1,0,0,21,1,2,7,9,7,14.666666666666666,0,1,6,8,6,14.0,0,11.1,0.6,2.02,2
1,1,1,12,1,1,1,1,1,4,5,1,0,0,1,0,0,18,0,0,8,8,7,14.115714285714288,0,0,8,8,7,14.115714285714288,0,10.8,1.4,1.74,2
1,1,4,6,1,1,1,3,1,2,5,1,0,0,1,0,1,19,0,0,6,7,6,14.857142857142858,0,0,6,10,6,13.11111111111111,0,12.4,0.5,1.79,2
1,1,2,6,1,1,1,1,28,10,9,1,0,0,1,0,1,18,0,0,6,7,6,13.833333333333334,0,0,6,10,6,13.714285714285714,0,8.9,1.4,3.51,2
1,8,2,9,1,1,1,2,3,3,3,1,0,0,1,0,0,19,0,0,5,10,3,11.0,0,0,5,9,4,11.75,0,12.7,3.7,-1.7,1
1,14,1,6,1,1,1,3,3,3,6,0,0,0,1,0,0,21,0,0,6,11,4,11.75,0,0,6,12,3,13.666666666666666,0,13.9,-0.3,0.79,1
1,8,2,9,1,1,1,13,1,10,4,1,0,0,1,0,1,18,0,0,5,15,2,10.0,0,0,5,14,2,12.0,0,13.9,-0.3,0.79,0
1,12,1,12,1,1,1,22,27,8,8,1,0,0,1,0,1,24,0,0,8,15,6,12.415,0,0,8,15,6,12.415,0,10.8,1.4,1.74,2
1,1,1,8,1,1,1,4,5,3,3,1,0,0,1,0,0,21,0,0,5,12,1,11.0,0,0,5,9,2,10.5,0,12.7,3.7,-1.7,1
1,15,1,6,1,14,1,13,14,10,10,1,0,0,1,0,0,23,0,1,6,14,5,14.428571428571429,0,1,6,7,6,13.428571428571429,0,16.2,0.3,-0.92,2
1,8,2,12,1,1,1,23,14,6,8,1,0,0,1,0,1,18,0,0,8,8,7,14.312857142857142,0,0,8,8,7,14.312857142857142,0,10.8,1.4,1.74,2
1,12,1,6,1,1,1,4,1,3,10,0,0,0,0,0,0,26,0,0,6,8,6,15.428571428571429,0,0,6,7,5,14.5,0,11.1,0.6,2.02,1
1,1,1,8,1,1,1,23,28,6,9,1,0,0,1,0,0,20,0,0,5,9,4,12.0,1,0,5,6,5,13.4,0,9.4,-0.8,-3.12,2
1,1,1,10,1,1,1,4,1,6,6,0,0,0,1,0,0,18,0,0,6,7,6,13.833333333333334,0,0,6,7,6,13.714285714285714,0,11.1,0.6,2.02,2
1,1,1,10,1,1,1,2,10,4,11,1,0,0,1,0,0,20,0,0,6,6,6,12.166666666666666,0,0,6,7,6,12.142857142857142,0,11.1,0.6,2.02,2
1,1,1,12,1,1,1,13,14,5,5,1,0,0,1,0,0,20,0,0,8,8,7,14.014285714285714,0,0,8,8,7,14.014285714285714,0,12.7,3.7,-1.7,1
1,8,2,10,1,1,1,1,14,5,11,1,1,0,1,0,0,18,0,0,6,15,2,10.333333333333334,3,0,6,13,3,13.333333333333334,0,12.7,3.7,-1.7,1
1,1,4,15,1,1,1,1,10,10,11,1,0,0,1,0,1,22,0,0,6,7,5,13.2,0,0,6,7,5,13.6,0,12.4,0.5,1.79,2
1,1,1,12,1,1,1,22,27,10,10,1,0,1,1,0,0,20,0,0,7,7,6,15.4,0,0,7,7,6,15.4,0,7.6,2.6,0.32,2
1,8,4,12,1,1,1,1,27,10,10,1,0,0,1,0,1,19,0,0,7,7,7,13.385714285714286,0,0,8,8,8,15.925,0,13.9,-0.3,0.79,2
1,1,1,8,1,1,1,3,1,3,5,1,0,1,1,0,0,18,0,0,6,13,6,10.857142857142858,0,0,6,10,4,11.0,0,15.5,2.8,-4.06,0
1,8,2,9,1,1,1,23,27,7,7,0,0,0,1,0,0,18,0,0,5,11,5,11.333333333333334,0,0,5,8,5,12.0,0,13.9,-0.3,0.79,2
1,1,4,6,1,1,1,22,1,10,10,1,0,0,1,0,1,19,0,0,5,7,4,14.5,0,0,5,5,5,13.6,0,10.8,1.4,1.74,2
1,1,2,5,1,1,1,13,28,10,10,1,0,0,1,0,1,19,0,0,6,6,6,14.166666666666666,0,0,6,8,6,12.375,0,10.8,1.4,1.74,2
1,8,1,3,0,1,1,19,24,1,1,0,0,0,1,0,0,24,0,0,6,7,6,12.833333333333334,0,0,6,8,6,12.0,0,7.6,2.6,0.32,2
1,1,1,10,1,1,1,22,27,5,5,0,0,0,1,0,0,21,0,0,6,7,6,13.333333333333334,0,0,6,6,6,14.5,0,10.8,1.4,1.74,2
1,1,1,10,1,1,1,1,1,4,4,1,0,0,1,0,1,20,0,0,6,7,6,13.666666666666666,0,0,6,7,6,14.571428571428571,0,11.1,0.6,2.02,2
1,12,1,11,1,1,1,13,14,5,8,0,0,1,0,0,1,28,0,0,6,6,6,10.833333333333334,0,0,6,7,5,11.0,0,13.9,-0.3,0.79,0
1,1,2,16,1,1,1,22,14,10,9,1,0,0,1,0,0,21,0,0,6,7,6,13.428571428571429,0,0,6,8,6,13.142857142857142,0,7.6,2.6,0.32,2
1,1,1,12,1,1,1,22,28,29,35,1,0,1,1,1,0,20,0,0,7,7,7,12.401428571428571,0,0,8,10,6,11.808333333333332,0,11.1,0.6,2.02,1
1,13,1,4,1,1,1,3,2,3,7,0,0,0,0,1,0,36,0,0,6,8,0,0.0,0,0,6,10,0,0.0,0,16.2,0.3,-0.92,0
2,12,1,17,0,1,1,22,27,10,10,0,0,0,0,1,0,42,0,0,4,4,0,0.0,0,0,5,0,0,0.0,0,12.7,3.7,-1.7,0
2,12,1,17,0,1,1,22,27,10,8,0,0,0,1,1,0,47,0,0,5,9,4,11.5,0,0,5,6,5,11.6,1,7.6,2.6,0.32,0
1,12,1,7,1,1,1,1,28,5,8,0,0,0,0,1,0,25,0,0,5,8,0,0.0,0,0,5,5,0,0.0,0,9.4,-0.8,-3.12,0
1,12,1,14,1,9,1,1,27,4,6,0,0,0,1,1,1,25,0,0,6,8,6,14.142857142857142,0,0,6,6,6,13.5,0,15.5,2.8,-4.06,2
2,12,1,3,0,12,1,13,27,7,9,0,0,0,1,1,0,48,0,0,6,6,0,0.0,0,0,5,6,0,0.0,0,12.4,0.5,1.79,0
1,14,1,17,0,1,1,23,28,10,8,0,0,0,1,1,1,32,0,5,10,12,10,13.8,0,5,10,10,10,12.8,0,10.8,1.4,1.74,2
1,4,1,17,0,15,1,23,28,10,8,0,0,0,1,1,0,38,0,10,10,10,10,13.6,0,5,10,10,5,13.6,0,8.9,1.4,3.51,0
1,4,1,10,1,15,1,22,27,6,6,0,0,0,1,1,0,37,0,11,16,23,15,11.733333333333333,0,6,11,17,9,11.88888888888889,0,15.5,2.8,-4.06,2
1,12,2,9,1,1,1,22,27,10,10,0,0,0,0,1,0,26,0,0,5,8,1,10.0,0,0,5,9,1,10.0,0,10.8,1.4,1.74,0
1,15,1,6,1,14,1,3,5,3,3,0,0,0,1,1,0,23,0,0,6,19,0,0.0,0,0,6,6,0,0.0,0,13.9,-0.3,0.79,0
1,15,1,4,1,14,1,23,14,4,6,0,0,0,1,1,0,23,0,0,6,6,0,0.0,0,0,6,8,0,0.0,0,15.5,2.8,-4.06,1
1,15,1,4,1,14,1,2,3,10,7,0,0,0,1,1,0,20,0,0,6,12,4,10.8,0,0,6,13,4,12.0,0,12.4,0.5,1.79,1
1,12,1,12,1,4,1,3,28,4,8,1,0,0,1,1,0,26,0,2,7,8,6,13.046666666666669,0,2,8,10,7,13.30625,0,11.1,0.6,2.02,0
1,14,1,3,0,1,1,22,27,10,6,0,0,0,1,0,0,45,0,5,9,13,8,11.0,0,3,7,10,6,10.833333333333334,0,12.7,3.7,-1.7,1
1,12,1,3,0,12,1,22,27,6,6,1,0,0,1,0,1,26,0,0,6,10,3,12.333333333333334,0,0,6,14,3,11.666666666666666,0,7.6,2.6,0.32,1
1,14,1,3,0,3,1,7,7,12,12,0,0,0,1,0,0,26,0,8,11,16,10,11.8,0,3,7,7,7,13.285714285714286,0,7.6,2.6,0.32,2
1,12,1,17,0,1,1,22,27,10,10,0,0,0,1,0,0,25,0,0,5,8,3,11.0,0,0,5,8,3,11.25,0,10.8,1.4,1.74,1
1,7,4,12,1,1,1,1,1,5,5,1,0,0,1,0,0,18,0,0,8,8,8,13.11,0,0,8,8,8,13.11,0,9.4,-0.8,-3.12,2
1,4,1,12,1,3,1,22,27,8,8,1,0,0,1,0,0,27,0,0,8,8,7,14.414285714285716,0,0,8,8,7,14.414285714285716,0,12.7,3.7,-1.7,2
6,8,3,3,0,1,1,13,1,6,12,0,0,0,0,0,0,24,0,0,5,5,0,0.0,0,0,5,10,0,0.0,0,10.8,1.4,1.74,0
1,8,1,9,1,1,1,23,14,7,11,1,0,0,1,0,0,20,0,0,5,8,5,12.333333333333334,0,0,5,7,5,12.2,0,15.5,2.8,-4.06,2
1,1,1,12,1,1,1,1,14,10,9,1,0,0,1,0,1,18,0,0,7,9,0,0.0,0,0,7,8,1,10.0,0,15.5,2.8,-4.06,0
1,8,6,13,1,1,1,13,28,8,8,1,0,0,1,0,1,18,0,0,7,9,7,14.1,0,0,8,8,8,13.3125,0,12.7,3.7,-1.7,2
1,1,4,12,1,1,1,22,27,10,10,1,0,0,1,0,0,18,0,0,8,8,8,13.045,0,0,8,8,8,13.045,0,9.4,-0.8,-3.12,2
1,1,1,12,1,1,1,13,27,4,9,1,0,0,1,1,0,19,0,0,8,10,5,12.858,3,0,8,10,5,12.858,3,9.4,-0.8,-3.12,1
1,13,3,12,1,1,1,1,1,5,5,1,0,0,1,0,1,19,0,0,8,8,8,14.2525,0,0,8,8,8,14.2525,0,9.4,-0.8,-3.12,2
1,1,4,12,1,1,1,10,1,6,11,0,0,0,1,0,1,19,0,0,7,9,5,14.06,0,0,7,9,7,11.242857142857142,0,12.4,0.5,1.79,1
1,1,4,12,1,1,1,23,27,10,6,1,0,0,1,0,0,18,0,0,8,8,7,15.075714285714286,0,0,8,8,7,15.075714285714286,0,10.8,1.4,1.74,2
1,8,2,2,1,1,1,13,27,10,10,1,0,0,1,0,1,18,0,0,0,0,0,0.0,0,0,0,0,0,0.0,0,12.7,3.7,-1.7,1
1,14,2,14,1,1,1,3,3,6,6,1,0,0,1,0,0,19,0,0,5,5,4,13.75,0,0,6,9,5,12.6,0,12.7,3.7,-1.7,1
1,4,0,4,1,3,1,1,27,5,10,1,0,0,1,0,0,23,0,10,17,28,17,13.15,2,8,12,22,12,13.214285714285714,0,15.5,2.8,-4.06,2
1,1,2,10,1,1,1,13,14,5,8,1,0,0,1,0,1,21,0,0,6,9,5,12.333333333333334,0,0,6,7,5,11.8,0,13.9,-0.3,0.79,2
1,1,3,12,1,1,1,23,28,6,8,1,0,0,1,0,1,18,0,0,7,8,7,13.778571428571428,0,0,8,10,8,13.122222222222222,0,16.2,0.3,-0.92,2
1,1,1,16,1,1,1,19,27,10,10,1,0,1,0,0,0,20,0,0,6,12,3,10.333333333333334,0,0,6,14,1,11.0,0,10.8,1.4,1.74,0
1,14,1,15,1,1,1,13,27,6,6,1,0,0,1,0,0,23,0,0,6,11,3,11.333333333333334,0,0,6,7,2,11.0,0,16.2,0.3,-0.92,1
1,1,1,10,1,1,1,22,27,10,8,1,0,0,1,0,0,20,0,0,6,7,5,13.2,0,0,6,6,6,12.666666666666666,0,10.8,1.4,1.74,1
1,1,1,5,1,1,1,22,27,6,8,0,0,0,1,0,1,18,0,1,6,8,6,13.571428571428571,1,0,6,11,6,12.375,0,13.9,-0.3,0.79,2
1,1,1,3,0,1,1,22,27,10,8,0,0,0,1,0,0,29,0,8,11,14,11,12.75,0,3,7,7,7,13.428571428571429,0,9.4,-0.8,-3.12,2
1,12,1,15,1,7,1,23,1,6,5,1,0,0,1,1,0,28,0,0,6,11,3,13.0,0,0,6,15,1,12.0,0,7.6,2.6,0.32,0
1,1,3,14,1,1,1,22,27,8,8,1,0,0,1,1,0,19,0,0,5,7,3,11.333333333333334,0,0,5,7,4,11.0,0,9.4,-0.8,-3.12,1
1,12,1,14,1,1,1,13,14,8,8,0,0,1,0,1,0,24,0,0,6,12,0,0.0,0,0,6,9,0,0.0,0,10.8,1.4,1.74,0
1,12,1,2,1,1,1,22,27,10,8,0,0,1,1,1,1,33,0,0,0,0,0,0.0,0,0,0,0,0,0.0,0,15.5,2.8,-4.06,0
1,8,1,9,1,1,1,13,27,6,8,1,0,0,0,1,0,19,0,0,5,7,2,12.5,0,0,5,13,1,11.0,0,9.4,-0.8,-3.12,0
1,1,1,6,1,1,1,23,14,10,4,0,0,0,1,1,0,19,0,0,6,7,6,14.857142857142858,0,0,6,8,6,14.142857142857142,0,11.1,0.6,2.02,2
4,12,1,3,0,1,1,22,27,8,8,0,0,0,1,1,0,37,0,3,9,13,8,12.0,0,2,7,8,7,11.571428571428571,0,12.7,3.7,-1.7,2
1,1,1,2,1,1,1,23,27,10,9,1,0,1,0,1,1,18,0,0,0,0,0,0.0,0,0,0,0,0,0.0,0,12.7,3.7,-1.7,2
4,12,1,17,0,1,1,22,27,10,10,0,0,0,1,1,0,29,0,0,5,5,0,0.0,0,0,5,5,0,0.0,0,7.6,2.6,0.32,1
2,12,1,12,1,13,1,22,27,10,4,0,0,0,1,1,0,37,0,0,7,8,7,12.828571428571427,0,0,8,8,8,12.6875,0,13.9,-0.3,0.79,2
1,12,1,12,1,1,1,22,27,10,10,0,0,0,1,1,0,36,0,0,7,0,0,0.0,0,0,8,0,0,0.0,0,12.4,0.5,1.79,0
1,1,2,14,1,1,1,1,28,8,8,1,0,0,1,1,0,19,0,0,6,6,6,13.333333333333334,0,0,6,8,5,14.0,0,8.9,1.4,3.51,2
1,13,1,12,1,1,1,13,1,10,4,1,0,0,1,1,1,33,0,6,14,20,14,13.072857142857144,6,6,14,20,14,13.072857142857144,6,9.4,-0.8,-3.12,2
1,13,1,7,1,1,1,1,1,6,8,0,0,0,0,1,0,34,0,2,7,13,5,12.0,0,2,7,7,3,11.0,0,15.5,2.8,-4.06,0
1,1,1,11,1,1,1,3,14,4,9,1,0,0,1,0,0,18,0,0,6,6,6,15.5,0,0,6,6,6,16.0,0,12.4,0.5,1.79,2
1,15,1,8,1,14,1,3,1,3,5,1,0,0,1,0,0,20,0,0,6,6,0,0.0,0,0,6,6,0,0.0,0,12.4,0.5,1.79,0
1,1,1,15,1,1,1,13,27,5,8,0,0,0,1,0,1,19,0,0,6,7,6,14.714285714285714,0,0,6,6,6,15.166666666666666,0,13.9,-0.3,0.79,2
1,1,3,6,1,1,1,13,14,10,2,1,0,0,1,0,0,20,0,0,6,7,6,16.714285714285715,0,0,6,6,6,15.333333333333334,0,13.9,-0.3,0.79,2
1,1,1,10,1,1,1,13,14,10,10,1,0,0,1,0,1,19,0,0,6,9,6,10.857142857142858,0,0,6,7,6,11.666666666666666,0,12.4,0.5,1.79,2
1,1,4,12,1,1,1,13,14,10,10,1,0,0,1,0,0,19,0,0,7,8,6,11.658333333333331,0,0,8,11,6,12.416666666666666,0,12.4,0.5,1.79,2
1,9,2,15,1,1,10,22,14,10,8,1,0,0,1,0,1,22,1,0,6,8,5,11.6,0,0,6,7,6,12.0,0,9.4,-0.8,-3.12,2
1,1,1,14,1,1,1,10,10,6,8,1,0,0,1,0,0,18,0,0,6,8,6,14.625,0,0,6,9,6,14.142857142857142,0,11.1,0.6,2.02,1
1,1,1,15,1,1,1,1,28,10,10,0,0,0,1,0,1,18,0,0,6,6,6,12.166666666666666,0,0,6,8,6,12.666666666666666,0,12.4,0.5,1.79,2
1,1,3,12,1,1,1,1,14,17,40,1,0,0,1,0,0,19,0,0,7,12,4,13.375,0,0,7,8,6,12.116666666666667,0,12.4,0.5,1.79,1
1,1,1,16,1,1,1,23,27,10,10,0,0,0,1,0,1,19,0,0,6,6,6,12.5,0,0,6,6,6,12.833333333333334,0,12.7,3.7,-1.7,2
1,12,1,12,1,1,1,13,1,2,12,1,0,1,0,0,0,31,0,0,7,8,5,12.56,0,0,7,8,5,12.56,0,7.6,2.6,0.32,0
1,8,5,12,1,1,1,1,1,5,4,1,0,0,1,0,0,18,0,0,7,7,7,13.19,0,0,8,8,8,14.23125,0,11.1,0.6,2.02,2
1,1,1,10,1,1,1,1,14,10,10,0,0,1,1,0,1,19,0,0,6,11,3,11.0,0,0,6,9,4,11.25,0,10.8,1.4,1.74,2
1,1,1,2,1,1,1,3,28,3,11,1,0,0,1,0,0,18,0,0,0,0,0,0.0,0,0,0,0,0,0.0,0,13.9,-0.3,0.79,2
1,8,1,10,1,1,1,22,28,10,6,0,0,0,1,0,1,19,0,0,6,11,5,11.6,0,0,6,10,6,11.714285714285714,0,15.5,2.8,-4.06,2
1,1,1,12,1,1,1,13,14,10,7,0,0,0,1,0,0,19,0,0,7,7,6,14.266666666666666,0,0,7,7,6,14.266666666666666,0,7.6,2.6,0.32,2
1,1,1,9,1,1,1,22,27,10,8,0,0,0,1,0,1,19,0,0,5,6,4,11.0,0,0,5,9,4,13.857142857142858,0,10.8,1.4,1.74,1
2,4,1,3,0,3,1,22,24,1,1,0,0,0,1,0,0,30,0,8,10,11,9,12.666666666666666,0,3,7,7,7,12.428571428571429,1,7.6,2.6,0.32,2
1,14,1,15,1,1,1,13,1,6,6,1,0,0,1,0,0,18,0,0,6,6,0,0.0,0,0,6,10,3,11.0,0,16.2,0.3,-0.92,1
1,9,6,12,1,1,1,1,1,4,7,1,0,0,1,0,0,18,0,0,8,11,7,12.771428571428572,0,0,8,11,7,12.771428571428572,0,12.7,3.7,-1.7,2
1,9,5,6,1,1,1,5,3,3,4,1,0,0,1,0,0,21,0,0,5,12,0,0.0,3,0,5,5,0,0.0,0,12.7,3.7,-1.7,0
1,15,1,10,1,1,1,1,28,5,10,0,0,0,1,0,1,19,0,3,6,6,6,15.5,0,2,6,7,6,13.571428571428571,0,13.9,-0.3,0.79,2
1,8,1,14,1,1,1,1,1,5,5,1,0,0,1,0,1,19,0,0,6,7,6,13.285714285714286,0,0,6,9,5,14.6,0,12.4,0.5,1.79,1
1,1,5,12,1,1,1,3,14,5,9,1,0,0,1,0,0,19,0,0,7,11,5,11.716666666666669,0,0,7,8,5,13.7,0,13.9,-0.3,0.79,1
1,8,1,8,1,1,1,13,14,5,5,1,0,0,1,0,0,19,0,0,6,8,6,11.333333333333334,0,0,6,12,4,13.75,0,8.9,1.4,3.51,0
1,1,2,14,1,1,1,1,14,5,8,1,0,0,1,0,1,19,0,0,6,6,6,13.333333333333334,0,0,6,10,5,13.4,0,8.9,1.4,3.51,2
2,12,1,17,0,1,1,22,27,10,7,0,0,0,1,0,1,39,0,0,5,13,4,12.333333333333334,0,0,5,14,2,10.0,4,16.2,0.3,-0.92,2
1,1,2,5,1,1,1,3,4,3,3,1,0,0,1,0,0,18,0,0,6,6,6,12.333333333333334,0,0,6,6,6,12.833333333333334,0,7.6,2.6,0.32,1
1,8,1,2,1,1,1,3,1,10,10,1,0,0,1,0,0,20,0,0,0,0,0,0.0,0,0,0,0,0,0.0,0,12.7,3.7,-1.7,0
1,8,5,9,1,1,1,13,28,4,11,1,0,0,1,0,0,19,0,0,5,8,5,12.6,0,0,5,9,4,11.6,0,8.9,1.4,3.51,2
1,8,3,9,1,1,1,1,1,5,8,1,0,0,1,0,0,18,0,0,5,5,5,12.6,0,0,5,5,4,11.0,0,11.1,0.6,2.02,1
2,12,1,4,1,1,1,3,3,3,3,0,0,1,0,0,0,34,0,1,6,10,6,14.333333333333334,0,0,6,9,6,12.833333333333334,0,11.1,0.6,2.02,1
1,1,2,14,1,1,1,22,27,10,10,0,0,0,1,0,0,22,0,0,5,8,3,12.0,0,0,5,9,2,11.0,1,7.6,2.6,0.32,1
1,12,1,6,1,1,1,13,14,8,8,1,0,0,1,0,0,24,0,0,6,7,6,14.857142857142858,0,0,6,10,5,13.6,0,13.9,-0.3,0.79,2
2,14,1,9,1,1,1,13,27,8,11,0,0,0,1,0,0,34,0,12,15,17,12,11.916666666666666,0,11,13,13,11,13.181818181818182,0,7.6,2.6,0.32,2
2,12,1,17,0,1,1,19,24,1,1,1,0,0,1,0,0,46,0,0,5,5,0,0.0,0,0,5,5,0,0.0,0,7.6,2.6,0.32,0
2,12,2,9,1,1,1,22,27,10,9,0,0,0,1,0,0,50,0,0,5,12,3,13.333333333333334,1,0,5,8,5,12.2,0,9.4,-0.8,-3.12,1
1,12,1,17,0,1,1,22,27,10,6,0,0,0,0,0,0,37,0,0,5,5,0,0.0,0,0,5,5,0,0.0,0,15.5,2.8,-4.06,0
1,1,2,6,1,1,1,23,14,5,10,1,0,0,1,0,0,18,0,0,6,6,6,17.0,0,0,6,6,6,15.5,0,8.9,1.4,3.51,2
1,12,1,6,1,1,1,22,27,7,7,0,0,0,1,0,1,25,0,0,6,13,3,11.666666666666666,0,0,6,14,2,11.333333333333334,0,11.1,0.6,2.02,1
2,12,1,4,1,1,1,22,27,10,7,0,0,0,1,0,0,46,0,14,19,24,19,12.210526315789474,0,11,13,13,13,11.384615384615383,0,15.5,2.8,-4.06,2
2,12,1,5,1,1,1,3,1,3,6,0,0,0,1,0,1,30,0,1,6,8,6,13.0,1,0,6,9,5,12.857142857142858,0,13.9,-0.3,0.79,2
4,1,1,17,0,1,1,22,27,10,10,0,0,1,0,0,0,37,0,0,5,0,0,0.0,0,0,5,0,0,0.0,0,12.7,3.7,-1.7,0
2,12,1,17,0,1,1,22,27,10,10,0,0,0,1,0,0,50,0,0,5,9,2,10.5,0,0,5,7,3,11.0,0,12.7,3.7,-1.7,1
1,15,1,4,1,14,1,23,28,10,7,1,0,0,1,0,0,20,0,0,6,7,6,13.571428571428571,0,0,6,9,6,12.714285714285714,0,12.4,0.5,1.79,2
2,12,2,13,1,9,1,19,24,13,13,0,0,0,1,0,0,39,0,0,3,7,1,14.0,0,0,2,4,0,0.0,0,11.1,0.6,2.02,0
2,12,1,15,1,12,1,22,27,10,7,0,0,0,0,0,0,53,0,0,5,5,0,0.0,0,0,4,5,0,0.0,0,15.5,2.8,-4.06,0
2,13,1,9,1,1,1,22,27,10,10,1,0,0,1,0,0,54,0,13,15,20,13,12.461538461538462,1,10,13,13,10,11.1,1,15.5,2.8,-4.06,0
1,15,1,6,1,14,1,3,3,5,3,1,0,0,1,0,0,19,0,0,6,8,4,14.4,0,0,6,6,5,13.0,0,13.9,-0.3,0.79,2
1,9,2,15,1,1,1,1,1,5,5,1,0,0,0,0,0,20,0,0,6,6,0,0.0,0,0,6,0,0,0.0,0,8.9,1.4,3.51,0
1,1,3,15,1,1,1,1,27,5,6,1,0,1,1,0,0,18,0,0,6,6,6,14.333333333333334,0,0,6,6,6,14.166666666666666,0,8.9,1.4,3.51,2
1,17,1,4,1,16,1,1,1,22,29,0,0,1,1,0,0,21,0,7,13,21,11,11.909090909090908,0,5,11,14,11,10.727272727272728,0,8.9,1.4,3.51,2
1,9,3,5,1,1,1,1,1,6,4,1,0,0,1,0,0,18,0,1,6,8,6,13.714285714285714,1,0,6,8,6,14.375,0,13.9,-0.3,0.79,2
1,1,1,12,1,1,1,13,14,10,11,1,0,1,1,0,0,19,0,0,7,0,0,0.0,0,0,8,0,0,0.0,0,11.1,0.6,2.02,0
1,8,1,12,1,1,1,1,1,10,10,1,0,0,1,0,1,18,0,0,7,10,5,13.46,0,0,7,8,7,12.2375,0,11.1,0.6,2.02,0
1,1,1,15,1,1,1,1,3,4,4,1,0,0,1,0,0,19,0,0,6,6,6,15.0,0,0,6,6,6,13.333333333333334,0,11.1,0.6,2.02,2
1,1,1,2,1,1,1,1,1,5,4,1,0,0,1,0,1,18,0,0,0,0,0,0.0,0,0,0,0,0,0.0,0,13.9,-0.3,0.79,0
1,1,2,14,1,1,1,2,1,5,5,1,0,0,1,0,0,19,0,0,6,7,5,13.4,0,0,6,6,5,12.8,0,12.7,3.7,-1.7,2
4,14,1,3,0,9,1,19,24,1,1,1,0,0,1,0,0,48,0,0,6,9,5,13.0,0,0,6,10,4,12.5,0,7.6,2.6,0.32,1
4,14,1,10,1,1,1,22,27,10,10,0,0,1,1,0,0,34,0,0,6,13,4,11.25,0,0,6,8,4,13.75,0,13.9,-0.3,0.79,2
1,1,1,6,1,1,1,3,3,3,3,0,0,0,1,0,0,18,0,0,5,5,5,12.6,0,0,5,7,5,11.6,0,7.6,2.6,0.32,2
2,12,1,3,0,1,1,22,27,10,10,0,0,0,1,0,0,50,0,0,6,8,6,12.666666666666666,0,0,6,6,6,11.833333333333334,0,10.8,1.4,1.74,2
1,14,1,16,1,1,1,22,27,7,7,0,0,1,1,0,0,41,0,20,21,23,21,12.333333333333334,0,19,19,19,19,12.105263157894736,0,12.4,0.5,1.79,2
1,8,2,15,1,1,1,1,1,6,6,1,0,0,1,0,1,22,0,0,6,11,5,12.0,0,0,6,11,5,11.0,0,7.6,2.6,0.32,0
4,12,1,9,1,1,1,22,27,10,10,0,0,0,1,0,0,43,0,0,5,5,5,16.4,0,0,5,5,5,16.6,0,7.6,2.6,0.32,2
2,12,1,3,0,12,1,3,14,12,12,0,0,0,1,0,0,50,0,0,1,1,0,0.0,1,0,6,0,0,0.0,0,10.8,1.4,1.74,0
1,12,1,4,1,12,1,22,27,10,10,0,0,0,1,0,0,60,0,0,6,10,6,12.75,0,0,6,6,4,14.75,0,13.9,-0.3,0.79,2
2,12,1,9,1,1,1,22,27,10,11,0,0,0,1,0,0,41,0,0,5,14,4,14.5,1,0,5,12,5,13.0,0,9.4,-0.8,-3.12,1
2,12,1,17,0,12,1,22,27,10,10,0,0,0,1,0,0,47,0,0,5,5,5,14.8,0,0,5,5,5,14.4,0,7.6,2.6,0.32,2
1,1,1,2,1,3,1,3,3,3,3,0,0,0,1,0,0,22,0,12,17,22,17,10.36842105263158,0,14,17,18,17,11.5,0,11.1,0.6,2.02,2
2,12,1,12,1,1,1,22,27,10,7,0,0,0,1,0,0,41,0,0,7,0,0,0.0,0,0,8,0,0,0.0,0,10.8,1.4,1.74,0
2,14,1,17,0,1,1,23,27,6,7,0,0,0,1,0,0,28,0,6,10,15,6,10.666666666666666,0,5,10,17,9,11.333333333333334,1,7.6,2.6,0.32,1
5,13,1,11,1,2,1,22,27,5,10,0,0,0,1,0,0,32,0,9,15,21,13,12.692307692307692,0,12,15,22,13,12.384615384615383,0,10.8,1.4,1.74,2
2,12,1,17,0,9,1,22,24,12,12,1,0,0,1,0,0,50,0,0,5,0,0,0.0,0,0,5,0,0,0.0,0,7.6,2.6,0.32,0
1,16,1,9,1,1,1,1,27,10,11,0,0,0,1,0,0,53,0,14,15,15,15,11.8,0,12,13,13,12,11.666666666666666,1,8.9,1.4,3.51,1
1,12,1,13,1,1,3,3,3,5,5,0,0,1,0,0,0,54,1,0,7,7,0,0.0,0,0,5,10,0,0.0,0,12.4,0.5,1.79,0
1,12,1,3,0,1,1,22,27,10,8,0,0,0,1,0,0,49,0,0,6,9,5,12.333333333333334,0,0,6,12,4,11.5,0,13.9,-0.3,0.79,1
2,13,1,16,1,1,1,22,27,5,8,0,0,0,1,0,0,34,0,6,12,18,11,13.0,0,4,13,22,8,11.875,0,12.7,3.7,-1.7,0
4,12,1,3,0,1,1,23,27,6,8,0,0,0,1,0,0,45,0,0,6,13,4,12.5,0,0,6,8,3,11.666666666666666,0,16.2,0.3,-0.92,0
4,12,1,3,0,12,1,22,27,10,8,0,0,0,1,0,1,47,0,0,6,8,5,12.2,0,0,6,10,4,11.25,0,12.4,0.5,1.79,2
1,14,1,10,1,1,1,13,14,6,6,1,0,0,1,0,0,22,0,5,10,15,8,11.0,0,2,7,16,5,11.2,0,9.4,-0.8,-3.12,1
2,12,1,17,0,1,1,22,27,10,10,0,0,0,1,0,0,33,0,0,5,14,1,10.0,0,0,5,13,2,12.0,0,12.4,0.5,1.79,0
2,12,1,3,0,1,1,22,27,10,10,0,0,0,1,0,1,43,0,0,6,7,6,12.333333333333334,0,0,6,8,6,11.5,0,8.9,1.4,3.51,2
1,4,1,4,1,3,1,22,27,7,7,0,0,0,1,0,0,54,0,9,13,13,13,14.307692307692308,0,5,12,15,12,15.23076923076923,0,15.5,2.8,-4.06,2
1,12,1,3,0,2,1,22,27,6,8,0,0,0,1,0,0,39,0,7,11,13,11,14.454545454545457,0,6,8,8,8,13.5,0,12.7,3.7,-1.7,2
2,12,1,17,0,1,1,22,27,10,10,0,0,0,1,0,0,39,0,0,5,6,5,11.0,0,0,5,5,5,13.2,0,7.6,2.6,0.32,2
1,1,1,16,1,1,1,13,27,10,10,0,0,0,1,0,1,18,0,0,6,8,6,13.142857142857142,0,0,6,6,6,12.833333333333334,0,15.5,2.8,-4.06,2
1,8,1,10,1,1,1,22,27,10,8,0,0,0,1,0,1,19,0,0,6,8,6,13.75,0,0,6,7,6,11.857142857142858,0,16.2,0.3,-0.92,2
1,8,4,14,1,1,1,23,14,10,7,1,0,0,1,0,1,18,0,0,6,6,6,14.0,0,0,6,9,5,13.8,0,8.9,1.4,3.51,2
2,12,1,3,0,9,1,19,24,1,1,0,0,0,1,0,0,44,0,5,8,13,8,13.75,0,2,6,9,6,12.5,0,7.6,2.6,0.32,2
1,12,1,17,0,1,1,3,1,4,10,0,0,0,1,0,0,27,0,0,5,5,0,0.0,0,0,5,6,0,0.0,0,12.4,0.5,1.79,0
1,1,2,14,1,1,1,1,14,5,8,1,0,0,1,0,1,18,0,0,6,6,6,13.166666666666666,0,0,6,8,6,12.428571428571429,0,8.9,1.4,3.51,2
2,14,1,3,0,1,1,19,24,1,1,0,0,0,1,0,0,45,0,10,12,12,9,12.444444444444445,3,4,7,8,6,12.0,0,9.4,-0.8,-3.12,0
1,8,4,16,1,1,1,23,27,10,10,1,0,0,1,0,0,20,0,0,6,7,6,12.666666666666666,0,0,6,7,5,13.0,0,7.6,2.6,0.32,2
2,1,1,3,0,1,1,22,27,10,10,0,0,0,1,0,0,40,0,0,6,7,6,11.333333333333334,0,0,6,7,6,10.5,0,10.8,1.4,1.74,2
1,12,1,17,0,1,1,22,27,7,7,0,0,0,1,0,0,40,0,0,5,9,4,11.25,0,0,5,6,5,12.0,0,13.9,-0.3,0.79,1
1,14,1,12,1,1,1,3,3,3,3,0,0,0,1,0,0,18,0,0,7,8,7,13.6125,0,0,8,8,8,14.575,0,13.9,-0.3,0.79,2
1,9,6,12,1,1,1,3,14,4,9,1,0,0,1,0,0,21,0,0,8,8,7,12.414285714285716,0,0,8,8,7,12.414285714285716,0,12.7,3.7,-1.7,2
1,8,2,2,1,1,1,2,1,4,4,1,0,0,1,0,0,20,0,0,0,0,0,0.0,0,0,0,0,0,0.0,0,9.4,-0.8,-3.12,2
2,14,1,17,0,2,1,22,27,10,9,0,0,0,1,0,0,36,0,8,12,21,11,11.5,0,7,12,22,12,11.4375,0,9.4,-0.8,-3.12,1
2,4,1,3,0,3,1,13,14,5,5,0,0,0,1,0,0,27,0,0,5,5,0,0.0,0,0,6,0,0,0.0,0,9.4,-0.8,-3.12,0
2,12,1,13,1,1,3,23,28,10,10,0,0,0,1,0,0,32,1,0,7,10,7,11.0,0,0,8,8,8,13.125,0,12.7,3.7,-1.7,2
1,8,1,10,1,1,1,1,1,4,4,1,0,0,1,0,1,18,0,0,6,6,6,14.0,0,0,6,6,6,13.5,0,8.9,1.4,3.51,2
1,12,1,3,0,1,1,22,27,10,8,0,0,0,1,0,0,37,0,0,6,13,4,12.0,0,0,6,10,3,12.0,0,16.2,0.3,-0.92,0
1,8,1,15,1,1,1,3,1,3,4,1,0,0,1,0,0,19,0,0,6,7,6,12.5,0,0,6,7,6,12.5,0,10.8,1.4,1.74,2
4,12,2,3,0,1,1,22,28,8,6,0,0,0,1,0,1,41,0,0,6,8,6,11.333333333333334,0,0,6,9,6,11.333333333333334,0,10.8,1.4,1.74,2
2,1,4,12,1,1,1,1,27,5,10,0,0,0,1,0,1,18,0,0,7,7,6,14.066666666666668,0,0,7,7,6,14.066666666666668,0,7.6,2.6,0.32,2
1,14,1,6,1,1,1,22,27,12,12,0,0,0,1,0,0,21,0,2,9,14,8,13.555555555555555,0,2,7,10,7,13.571428571428571,0,7.6,2.6,0.32,2
1,15,1,4,1,1,1,1,14,4,10,1,0,1,0,0,0,23,0,0,6,13,5,11.6,0,0,6,11,4,12.25,0,12.4,0.5,1.79,0
1,8,2,15,1,1,1,1,1,4,4,1,0,0,1,0,0,18,0,0,6,0,0,0.0,0,0,6,0,0,0.0,0,13.9,-0.3,0.79,0
1,1,6,12,1,1,1,13,14,5,5,1,0,0,1,0,0,18,0,0,8,8,8,13.27625,0,0,8,8,8,13.27625,0,9.4,-0.8,-3.12,2
1,14,4,6,1,1,1,19,24,13,13,0,0,0,1,0,0,21,0,0,6,0,0,0.0,0,0,6,0,0,0.0,0,7.6,2.6,0.32,0
1,1,2,10,1,1,1,14,21,1,9,1,0,0,1,0,0,19,0,0,6,8,6,14.375,0,0,6,8,6,14.75,0,7.6,2.6,0.32,2
6,12,2,9,1,1,1,22,27,10,10,0,0,0,1,0,0,47,0,0,5,0,0,0.0,0,0,5,0,0,0.0,0,9.4,-0.8,-3.12,0
6,12,1,3,0,1,1,22,27,10,10,0,0,0,1,0,1,48,0,0,6,7,6,10.666666666666666,0,0,6,9,5,11.8,0,10.8,1.4,1.74,1
2,4,1,3,0,3,1,22,27,10,10,0,0,0,1,0,0,39,0,9,13,19,12,13.416666666666666,0,4,10,10,10,14.5,0,16.2,0.3,-0.92,2
1,1,1,12,1,1,1,23,28,8,8,1,0,0,1,0,0,19,0,0,7,9,6,12.97166666666667,0,0,8,9,7,12.321428571428571,0,11.1,0.6,2.02,2
1,14,1,17,0,2,1,22,27,10,10,0,0,0,1,0,0,38,0,14,15,16,14,10.928571428571429,0,12,14,16,12,11.833333333333334,0,9.4,-0.8,-3.12,0
5,12,1,4,1,12,1,13,1,10,10,0,0,1,0,0,0,27,0,0,6,6,0,0.0,0,0,6,7,0,0.0,0,8.9,1.4,3.51,0
1,1,1,2,1,1,1,13,14,5,8,1,0,0,1,0,1,18,0,0,0,0,0,0.0,0,0,0,0,0,0.0,0,12.4,0.5,1.79,2
1,12,1,3,0,1,1,13,27,5,6,0,0,0,1,0,0,34,0,0,6,6,4,13.25,0,0,6,6,0,0.0,0,12.7,3.7,-1.7,1
2,12,1,10,1,12,1,22,27,5,5,0,0,0,1,0,0,48,0,0,6,14,6,11.333333333333334,0,0,6,11,5,12.4,0,15.5,2.8,-4.06,0
1,12,1,14,1,1,1,19,24,1,1,0,0,0,1,0,0,25,0,0,5,6,1,11.0,0,0,5,5,0,0.0,0,7.6,2.6,0.32,0
2,12,1,12,1,1,1,13,27,7,7,0,0,0,1,0,1,32,0,0,8,9,7,12.757142857142856,0,0,8,9,7,12.757142857142856,0,12.7,3.7,-1.7,2
1,1,1,15,1,1,1,22,27,10,8,0,0,0,1,0,1,18,0,0,6,6,6,14.5,0,0,6,6,6,14.666666666666666,0,16.2,0.3,-0.92,2
1,15,1,3,0,14,1,1,3,5,7,0,0,1,1,0,0,20,0,3,6,6,6,13.833333333333334,0,2,6,7,6,14.571428571428571,0,12.4,0.5,1.79,2
1,1,1,9,1,1,1,13,27,10,8,1,0,0,1,0,0,20,0,0,5,8,4,11.25,0,0,5,7,5,10.4,0,7.6,2.6,0.32,2
1,1,1,2,1,1,1,22,27,10,4,1,0,0,1,0,0,20,0,0,0,0,0,0.0,0,0,0,0,0,0.0,0,9.4,-0.8,-3.12,0
1,1,3,12,1,1,1,1,1,5,5,1,0,0,1,0,0,19,0,0,8,10,1,13.67,7,0,8,10,1,13.67,7,9.4,-0.8,-3.12,1
1,12,1,17,0,7,1,22,24,12,12,1,0,0,1,0,0,39,0,0,5,9,0,0.0,0,0,5,5,2,12.5,0,7.6,2.6,0.32,0
1,1,1,8,1,1,1,6,6,1,5,1,0,1,1,0,0,29,0,0,5,10,1,13.0,4,0,5,14,0,0.0,8,10.8,1.4,1.74,0
1,12,1,17,0,1,1,22,27,7,7,0,0,1,1,0,0,36,0,0,5,5,0,0.0,0,0,5,5,0,0.0,0,12.7,3.7,-1.7,0
1,1,6,12,1,1,1,13,14,10,10,1,0,0,1,0,0,18,0,0,8,12,7,11.971428571428572,0,0,8,12,7,11.971428571428572,0,12.7,3.7,-1.7,2
2,12,1,3,0,9,1,19,24,1,1,0,0,0,1,0,0,51,0,0,6,12,0,0.0,0,1,6,11,0,0.0,1,7.6,2.6,0.32,0
1,14,1,15,1,1,9,19,24,12,12,0,0,1,1,0,0,23,1,0,6,11,1,16.0,0,0,6,8,4,12.25,0,7.6,2.6,0.32,0
1,15,1,6,1,1,1,17,8,7,7,1,0,0,1,0,0,21,0,0,6,0,0,0.0,0,0,6,0,0,0.0,0,10.8,1.4,1.74,0
1,14,5,16,1,1,1,19,24,1,1,1,0,0,0,0,0,28,0,0,6,9,4,12.75,1,0,5,5,0,0.0,5,9.4,-0.8,-3.12,0
2,12,1,17,0,1,1,22,27,10,4,0,0,0,1,0,0,34,0,0,5,9,4,11.0,0,0,5,10,4,10.75,1,7.6,2.6,0.32,1
1,12,1,3,0,1,1,22,27,7,6,0,0,0,1,0,0,41,0,0,2,2,0,0.0,0,0,6,0,0,0.0,0,12.7,3.7,-1.7,0
4,12,1,3,0,3,1,22,27,10,10,0,0,0,1,0,1,43,0,0,6,7,5,12.2,0,0,6,6,6,12.333333333333334,0,9.4,-0.8,-3.12,2
2,12,2,13,1,1,19,1,3,10,3,1,0,0,1,0,0,28,1,0,7,9,7,12.428571428571429,0,0,8,8,8,12.3,0,12.4,0.5,1.79,1
1,1,1,2,1,1,1,25,1,3,5,0,0,0,1,0,1,19,0,6,12,12,12,14.5,0,4,11,15,11,13.583333333333334,0,8.9,1.4,3.51,2
1,12,1,4,1,1,1,13,14,10,2,0,0,0,1,0,0,26,0,6,12,13,6,13.0,0,4,12,14,11,13.833333333333334,0,15.5,2.8,-4.06,2
1,1,4,12,1,1,1,4,3,3,4,1,0,0,1,0,0,18,0,0,7,7,7,11.714285714285714,0,0,8,8,8,12.75,0,12.4,0.5,1.79,2
2,12,1,16,1,1,1,22,14,10,6,0,0,0,1,0,0,45,0,0,7,12,4,10.25,0,0,7,10,3,13.0,0,11.1,0.6,2.02,0
1,15,1,16,1,14,1,3,27,3,8,0,0,0,1,0,0,19,0,0,6,0,0,0.0,0,0,6,0,0,0.0,0,12.4,0.5,1.79,0
1,8,6,14,1,1,1,4,1,4,11,0,0,0,1,0,0,20,0,0,6,9,6,12.375,0,0,6,7,6,13.142857142857142,0,11.1,0.6,2.02,2
1,1,6,16,1,1,1,1,14,6,6,0,0,0,1,0,0,18,0,0,6,6,6,12.666666666666666,0,0,6,6,6,12.0,0,7.6,2.6,0.32,2
1,12,1,6,1,1,1,3,3,5,3,1,0,0,1,0,0,27,0,0,6,13,3,10.5,0,0,6,19,1,12.0,0,12.4,0.5,1.79,0
2,1,1,4,1,1,1,13,28,6,6,0,0,0,1,0,0,20,0,0,6,11,6,14.125,0,0,6,10,5,12.6,0,13.9,-0.3,0.79,2
1,1,3,6,1,1,1,1,1,5,9,1,0,0,1,0,0,18,0,0,6,7,6,14.666666666666666,0,0,6,12,6,13.833333333333334,0,8.9,1.4,3.51,2
2,12,2,14,1,1,1,22,27,10,10,0,0,0,1,0,0,35,0,0,5,8,5,11.4,0,0,5,7,3,12.333333333333334,0,9.4,-0.8,-3.12,1
1,12,1,2,1,1,1,22,27,10,10,0,1,0,1,0,0,26,0,0,0,0,0,0.0,0,0,0,0,0,0.0,0,16.2,0.3,-0.92,0
4,12,1,10,1,1,1,22,27,10,10,1,0,0,1,0,1,39,0,0,6,7,6,14.0,0,0,6,7,5,14.8,0,12.7,3.7,-1.7,2
1,1,1,2,1,1,1,22,27,10,10,1,0,0,1,0,0,18,0,0,0,0,0,0.0,0,0,0,0,0,0.0,0,7.6,2.6,0.32,2
1,4,1,12,1,3,1,22,27,10,6,0,0,0,1,0,0,36,0,0,7,7,0,0.0,7,0,7,7,0,0.0,7,16.2,0.3,-0.92,0
2,12,1,3,0,3,1,22,27,10,10,0,0,0,1,0,0,38,0,8,11,11,11,12.636363636363637,0,5,8,8,8,11.0,0,13.9,-0.3,0.79,2
2,12,1,16,1,12,1,22,14,4,8,0,0,0,1,0,0,45,0,0,6,11,3,12.333333333333334,0,0,6,13,2,11.0,0,7.6,2.6,0.32,0
5,12,1,11,1,1,1,2,2,3,3,0,0,0,1,0,0,62,0,0,6,7,6,15.0,0,0,6,10,6,12.833333333333334,0,10.8,1.4,1.74,2
1,1,1,14,1,1,1,1,1,10,2,1,0,0,1,0,1,20,0,0,6,8,4,11.75,0,0,6,10,6,12.666666666666666,0,10.8,1.4,1.74,2
1,1,1,12,1,1,1,13,27,10,10,1,0,0,1,0,0,18,0,0,8,8,7,14.13714285714286,0,0,8,8,7,14.13714285714286,0,10.8,1.4,1.74,2
1,9,3,5,1,1,1,1,1,4,5,0,0,0,1,0,0,18,0,0,6,6,2,12.0,0,0,6,6,1,11.0,0,9.4,-0.8,-3.12,0
2,1,1,17,0,3,1,1,3,5,10,0,0,0,1,0,0,23,0,0,5,5,5,10.8,0,0,5,9,4,11.5,0,9.4,-0.8,-3.12,2
1,1,1,5,1,1,1,13,14,10,10,1,0,1,1,0,1,19,0,1,6,8,6,13.285714285714286,1,0,6,8,6,12.5,0,13.9,-0.3,0.79,0
1,8,1,9,1,1,1,1,3,8,4,1,0,1,1,0,1,19,0,0,5,7,5,13.6,0,0,5,5,5,12.6,0,8.9,1.4,3.51,2
1,13,1,12,1,1,1,3,3,4,4,0,0,0,1,0,0,18,0,0,7,8,7,13.55,0,0,8,8,8,14.1875,0,13.9,-0.3,0.79,2
1,8,4,12,1,1,1,4,1,3,2,1,0,0,1,0,0,18,0,0,8,8,0,0.0,5,0,8,8,0,0.0,5,9.4,-0.8,-3.12,1
1,12,2,3,0,1,1,20,27,12,12,0,0,0,1,0,0,41,0,0,6,10,4,13.5,0,1,6,7,6,11.166666666666666,0,7.6,2.6,0.32,2
1,12,1,14,1,1,1,13,3,5,3,0,0,0,1,0,1,51,0,0,6,8,5,11.6,0,0,6,9,5,14.2,0,12.4,0.5,1.79,2
1,14,2,10,1,1,1,13,14,5,6,1,0,0,1,0,0,24,0,6,10,16,10,12.5,0,2,7,9,4,12.6,0,16.2,0.3,-0.92,2
1,12,1,17,0,3,1,13,1,10,6,0,0,0,1,0,0,25,0,0,5,14,1,11.0,0,0,5,11,2,12.666666666666666,4,16.2,0.3,-0.92,0
1,3,1,6,1,1,1,1,1,5,5,0,0,0,1,0,0,18,0,0,5,9,3,12.0,1,0,5,6,4,13.0,0,7.6,2.6,0.32,1
1,7,6,9,1,1,1,22,27,10,10,1,0,0,1,0,0,20,0,0,5,8,4,11.6,0,0,5,10,3,12.333333333333334,0,7.6,2.6,0.32,2
1,1,1,2,1,1,1,1,14,15,16,1,1,0,1,0,0,19,0,0,0,0,0,0.0,0,0,0,0,0,0.0,0,13.9,-0.3,0.79,0
5,14,1,17,0,3,1,3,3,2,2,0,0,0,1,0,0,41,0,5,10,14,10,14.636363636363637,0,5,10,13,10,14.6,0,16.2,0.3,-0.92,2
1,1,2,11,1,1,1,1,14,10,10,1,0,0,1,0,1,19,0,0,6,8,6,13.0,0,0,6,6,6,12.166666666666666,0,8.9,1.4,3.51,2
1,13,1,16,1,9,1,1,3,4,3,0,0,0,1,0,0,28,0,14,18,23,14,12.785714285714286,2,16,17,18,16,13.875,0,16.2,0.3,-0.92,0
1,1,3,5,1,1,1,5,3,6,8,1,0,0,1,0,0,21,0,0,6,6,6,14.5,0,0,6,7,5,12.0,0,12.4,0.5,1.79,2
1,1,1,6,1,1,1,3,2,2,2,1,0,0,0,0,0,22,0,0,5,12,4,14.6,3,0,5,5,4,12.75,1,9.4,-0.8,-3.12,0
1,8,4,15,1,1,1,22,14,6,8,1,0,0,0,0,0,18,0,0,6,7,6,12.5,0,0,6,6,6,12.166666666666666,0,10.8,1.4,1.74,2
1,1,1,5,1,1,1,13,27,10,10,1,0,0,1,0,1,19,0,0,6,6,6,14.0,0,0,6,8,6,13.125,0,10.8,1.4,1.74,2
1,8,6,12,1,1,1,3,14,6,6,1,0,0,1,0,1,19,0,0,7,7,7,13.801428571428572,0,0,8,8,8,14.575,0,11.1,0.6,2.02,2
1,4,1,16,1,3,1,13,14,5,6,0,0,1,0,0,0,25,0,1,6,7,6,14.428571428571429,0,0,6,7,6,13.666666666666666,0,10.8,1.4,1.74,2
1,13,4,12,1,6,1,1,14,3,10,1,0,0,1,0,1,18,0,0,7,7,6,14.35,0,0,7,7,6,14.35,0,7.6,2.6,0.32,2
1,8,1,5,1,1,1,22,14,10,10,1,0,0,1,0,0,19,0,0,6,6,6,14.333333333333334,0,0,6,6,6,13.5,0,12.7,3.7,-1.7,2
1,14,2,16,1,1,1,13,1,6,5,1,0,0,1,0,0,20,0,0,6,10,4,12.25,0,0,6,8,4,11.5,0,10.8,1.4,1.74,1
2,12,1,3,0,12,1,19,24,1,1,0,0,0,1,0,0,46,0,0,6,9,6,13.333333333333334,0,0,6,6,6,11.833333333333334,0,7.6,2.6,0.32,2
1,8,1,2,1,1,1,3,3,4,4,1,0,0,0,0,0,19,0,6,12,12,12,13.0,0,4,11,14,11,13.25,0,8.9,1.4,3.51,2
1,1,2,11,1,1,1,23,14,10,8,1,0,0,1,0,0,18,0,0,6,10,4,11.75,0,0,6,9,5,11.2,0,7.6,2.6,0.32,1
1,1,1,8,1,1,1,13,14,10,10,1,0,0,1,0,1,18,0,0,6,8,6,14.5,0,0,6,11,4,13.0,0,13.9,-0.3,0.79,2
1,9,1,12,1,1,1,22,27,4,4,1,0,0,1,0,1,19,0,0,8,8,7,11.82,0,0,8,8,7,11.82,0,10.8,1.4,1.74,2
1,1,2,15,1,1,1,3,3,4,3,1,0,0,1,0,0,20,0,0,6,0,0,0.0,0,0,6,0,0,0.0,0,16.2,0.3,-0.92,0
2,12,1,3,0,1,1,22,27,6,7,0,0,0,1,0,1,38,0,0,6,6,5,12.4,0,0,6,7,6,12.666666666666666,0,9.4,-0.8,-3.12,2
1,8,1,15,1,1,1,1,28,10,9,1,0,0,1,0,0,18,0,0,6,7,6,12.571428571428571,0,0,6,8,6,11.857142857142858,0,13.9,-0.3,0.79,2
1,8,5,12,1,1,1,1,1,6,6,1,0,0,1,0,1,18,0,0,7,7,7,13.857142857142858,0,0,8,8,8,14.9,0,13.9,-0.3,0.79,2
1,8,1,10,1,1,1,13,1,1,6,1,0,0,1,0,0,18,0,0,6,9,5,11.833333333333334,0,0,6,7,5,13.8,0,13.9,-0.3,0.79,2
1,8,1,9,1,1,1,3,3,3,3,0,0,0,1,0,0,20,0,0,5,10,4,11.0,0,0,5,7,4,11.5,0,15.5,2.8,-4.06,1
1,1,1,8,1,1,1,3,14,5,9,1,0,0,1,0,0,19,0,0,6,6,6,14.666666666666666,0,0,6,8,6,13.666666666666666,0,12.4,0.5,1.79,2
4,12,1,3,0,1,1,13,14,12,12,0,0,0,0,0,0,37,0,0,4,4,0,0.0,0,0,5,10,0,0.0,0,10.8,1.4,1.74,0
1,12,1,12,1,1,1,3,14,3,6,0,0,0,1,0,0,24,0,0,8,12,7,12.714285714285714,0,0,8,12,7,12.714285714285714,0,12.7,3.7,-1.7,1
1,1,2,12,1,1,1,4,1,3,11,1,0,0,1,0,0,19,0,0,7,9,7,13.422222222222224,0,0,8,11,7,12.18888888888889,0,15.5,2.8,-4.06,2
1,1,3,15,1,1,1,3,1,6,4,1,0,0,1,0,1,19,0,0,6,7,6,14.0,0,0,6,8,5,12.2,0,13.9,-0.3,0.79,0
1,8,3,13,1,1,1,13,14,10,5,1,0,0,1,0,1,19,0,0,7,8,7,12.142857142857142,0,0,8,8,8,13.375,0,16.2,0.3,-0.92,0
1,8,1,9,1,1,1,22,28,10,10,1,0,1,1,0,1,18,0,0,5,5,5,12.8,0,0,5,5,5,13.0,0,11.1,0.6,2.02,2
1,1,4,12,1,1,1,13,28,8,8,1,0,0,1,0,1,18,0,0,7,7,7,14.572857142857142,0,0,8,9,8,14.955555555555556,0,12.4,0.5,1.79,2
1,1,4,9,1,1,1,1,14,5,6,0,0,0,1,0,0,18,0,0,5,9,4,11.25,0,0,5,6,4,11.0,0,8.9,1.4,3.51,2
1,8,5,9,1,1,1,1,28,5,6,1,0,0,1,0,1,19,0,0,5,12,2,10.0,0,0,5,11,4,11.75,0,11.1,0.6,2.02,1
1,1,1,8,1,1,1,25,14,3,10,1,0,0,1,0,0,18,0,0,6,8,5,14.4,0,0,6,11,4,14.6,0,8.9,1.4,3.51,0
1,1,4,12,1,1,1,1,10,4,7,1,0,0,1,0,0,20,0,0,7,7,7,12.982857142857142,0,0,8,8,8,14.4625,0,12.4,0.5,1.79,2
1,8,1,6,1,1,1,3,2,3,4,1,0,0,1,0,0,20,0,0,6,14,6,15.75,0,0,6,8,6,13.0,0,15.5,2.8,-4.06,2
1,1,1,6,1,1,1,2,2,7,7,0,0,0,1,0,0,18,0,0,6,11,5,12.285714285714286,0,0,6,19,3,14.0,1,12.4,0.5,1.79,0
1,7,1,12,1,1,1,22,27,10,10,1,0,0,1,0,0,20,0,0,7,7,6,13.755,0,0,8,9,7,13.571428571428571,0,12.4,0.5,1.79,2
1,8,1,14,1,1,1,1,1,4,4,1,0,0,1,0,1,18,0,0,6,7,6,13.833333333333334,0,0,6,11,6,13.5,0,8.9,1.4,3.51,2
1,1,6,12,1,1,1,1,27,8,8,1,0,0,1,0,0,19,0,0,7,0,0,0.0,0,0,8,0,0,0.0,0,12.7,3.7,-1.7,0
1,1,4,12,1,1,1,23,1,6,7,1,0,0,1,0,0,18,0,0,7,9,7,14.711111111111112,0,0,8,9,8,14.627777777777778,0,15.5,2.8,-4.06,2
1,17,1,6,1,16,1,1,14,5,9,1,0,0,1,0,0,20,0,7,11,13,11,14.615384615384617,0,4,9,11,9,13.7,0,8.9,1.4,3.51,2
1,1,1,12,1,1,1,3,3,2,6,0,0,0,1,0,0,18,0,0,7,7,7,13.677142857142858,0,0,8,9,8,14.533333333333331,0,11.1,0.6,2.02,2
1,7,2,6,1,1,1,22,27,10,10,1,0,0,1,0,1,19,0,0,5,8,5,13.166666666666666,2,0,5,5,5,12.8,0,9.4,-0.8,-3.12,2
1,8,6,10,1,1,1,3,3,2,3,1,0,0,1,0,0,19,0,0,6,11,5,10.8,0,0,6,12,5,11.333333333333334,0,15.5,2.8,-4.06,2
1,8,1,8,1,1,1,13,7,6,4,0,0,0,1,0,0,19,0,0,5,8,3,12.0,0,0,5,7,5,12.833333333333334,0,7.6,2.6,0.32,2
1,1,1,12,1,1,1,3,1,3,4,0,0,0,1,0,0,18,0,0,7,8,6,13.958333333333334,0,0,8,8,8,14.71875,0,11.1,0.6,2.02,2
1,8,1,16,1,1,1,23,14,5,11,1,0,0,1,0,0,19,0,0,6,9,4,13.0,0,0,6,9,4,12.25,0,12.7,3.7,-1.7,0
1,1,2,2,1,1,1,23,14,10,10,1,0,0,1,0,1,24,0,0,0,0,0,0.0,0,0,0,0,0,0.0,0,11.1,0.6,2.02,2
1,1,1,2,1,1,1,13,27,10,8,1,0,0,1,0,1,18,0,0,0,0,0,0.0,0,0,0,0,0,0.0,0,12.4,0.5,1.79,2
1,1,6,12,1,1,1,1,1,5,10,1,0,0,1,0,1,18,0,0,8,8,7,14.0,0,0,8,8,7,14.0,0,12.7,3.7,-1.7,2
1,1,4,15,1,1,1,3,14,3,4,1,1,0,1,0,0,18,0,0,6,10,6,12.571428571428571,0,0,6,11,6,12.571428571428571,0,10.8,1.4,1.74,1
1,1,4,15,1,1,1,26,1,5,4,1,0,0,1,0,0,19,0,0,6,6,4,12.0,0,0,6,11,3,11.333333333333334,0,11.1,0.6,2.02,0
1,12,1,3,0,1,1,22,27,10,7,0,0,0,1,0,1,35,0,2,8,8,8,13.625,0,1,7,7,7,14.0,0,8.9,1.4,3.51,2
1,8,6,9,1,1,1,22,27,10,10,1,0,0,1,0,0,19,0,0,5,7,4,12.5,0,0,5,8,4,10.0,1,7.6,2.6,0.32,2
1,4,1,16,1,3,1,22,27,10,10,0,0,0,1,0,0,28,0,14,15,25,14,12.428571428571429,1,8,14,22,11,11.909090909090908,0,7.6,2.6,0.32,0
1,14,1,12,1,1,1,23,3,6,3,0,0,0,1,0,0,21,0,3,7,8,7,13.3875,0,2,8,8,8,15.9,0,13.9,-0.3,0.79,2
1,9,2,12,1,1,1,13,1,6,6,1,0,0,1,0,1,19,0,0,7,8,6,12.648333333333332,0,0,8,9,8,12.205555555555556,0,11.1,0.6,2.02,2
1,3,2,10,1,1,1,25,28,3,10,1,0,0,1,0,0,19,0,0,6,6,6,14.0,0,0,6,6,6,13.333333333333334,0,8.9,1.4,3.51,2
1,1,1,6,1,1,1,3,4,3,3,0,0,0,1,0,0,18,0,0,5,12,5,12.8,2,0,5,10,5,11.857142857142858,1,9.4,-0.8,-3.12,2
1,1,1,11,1,1,1,10,1,5,5,1,0,0,1,0,0,18,0,0,6,8,6,11.333333333333334,0,0,6,11,6,10.833333333333334,0,7.6,2.6,0.32,2
1,1,2,12,1,1,1,3,3,3,3,1,0,0,0,0,0,19,0,0,7,0,0,0.0,0,0,8,0,0,0.0,0,12.7,3.7,-1.7,0
1,1,1,14,1,1,1,1,1,10,11,1,0,0,1,0,1,20,0,0,6,6,6,14.166666666666666,0,0,6,9,6,13.0,0,8.9,1.4,3.51,2
1,1,1,15,1,1,1,23,14,10,10,1,0,0,1,0,0,18,0,0,6,6,6,12.833333333333334,0,0,6,6,6,13.833333333333334,0,8.9,1.4,3.51,2
1,1,1,16,1,1,1,23,28,10,10,0,0,1,0,0,0,19,0,0,7,11,4,12.0,0,0,7,9,6,11.833333333333334,0,16.2,0.3,-0.92,0
1,1,3,15,1,1,1,1,14,10,10,1,0,0,1,0,1,20,0,0,6,6,6,13.0,0,0,6,7,6,13.142857142857142,0,12.4,0.5,1.79,0
1,8,5,12,1,1,1,13,1,10,5,1,0,0,1,0,0,18,0,0,7,8,6,13.39,0,0,8,10,7,12.757142857142856,0,11.1,0.6,2.02,1
1,8,4,14,1,1,1,1,27,8,8,1,0,0,0,0,0,18,0,0,6,6,6,12.333333333333334,0,0,6,8,5,13.6,0,8.9,1.4,3.51,2
1,1,1,5,1,1,1,3,3,4,4,0,0,0,1,0,1,21,0,1,6,8,6,12.571428571428571,1,0,6,8,6,11.625,0,13.9,-0.3,0.79,2
1,3,5,11,1,1,1,1,27,10,8,1,0,0,1,0,1,19,0,0,6,6,6,12.333333333333334,0,0,6,6,6,12.833333333333334,0,12.4,0.5,1.79,2
1,8,2,16,1,1,1,1,1,4,10,1,0,0,1,0,0,19,0,0,6,8,5,13.0,0,0,6,8,4,10.75,0,9.4,-0.8,-3.12,2
1,1,1,6,1,1,1,1,1,10,8,0,0,0,1,0,0,19,0,0,5,7,3,12.333333333333334,0,0,5,7,4,10.25,0,7.6,2.6,0.32,1
1,1,4,15,1,1,1,22,27,1,12,1,0,0,1,0,0,18,0,0,6,6,6,13.166666666666666,0,0,6,8,5,14.2,0,10.8,1.4,1.74,0
1,1,1,9,1,1,1,1,14,4,4,0,0,0,1,0,1,18,0,0,5,7,5,13.333333333333334,0,0,5,6,5,13.6,0,12.7,3.7,-1.7,2
1,1,2,6,1,1,1,23,27,6,8,1,0,0,1,0,0,18,0,0,5,9,4,13.0,0,0,5,8,5,13.142857142857142,0,10.8,1.4,1.74,2
2,12,1,13,1,1,1,22,27,10,7,0,0,0,1,0,0,31,0,0,7,21,5,10.9,3,0,8,21,3,11.7,1,12.7,3.7,-1.7,0
1,13,1,9,1,1,1,3,28,3,6,1,0,0,1,0,0,19,0,0,5,8,2,11.5,0,0,5,10,3,10.857142857142858,0,10.8,1.4,1.74,1
1,7,1,6,1,1,1,22,27,10,10,1,0,0,1,0,1,20,0,0,6,7,6,15.857142857142858,0,0,6,6,6,16.0,0,13.9,-0.3,0.79,2
1,8,1,6,1,1,1,23,14,1,12,0,0,0,1,0,1,19,0,0,5,5,5,12.6,0,0,5,9,3,13.0,0,7.6,2.6,0.32,0
1,8,1,10,1,1,1,23,28,10,7,0,0,0,1,0,1,19,0,0,6,8,6,14.0,0,0,6,7,6,14.571428571428571,0,16.2,0.3,-0.92,2
5,4,1,8,1,3,1,13,28,10,7,0,0,0,0,0,0,27,0,1,5,8,3,14.666666666666666,2,0,5,7,2,13.0,2,10.8,1.4,1.74,0
1,8,2,15,1,1,1,13,14,10,7,1,0,0,1,0,1,18,0,0,6,6,6,13.666666666666666,0,0,6,6,6,14.0,0,8.9,1.4,3.51,2
1,1,1,3,0,1,1,19,24,1,1,0,0,0,1,0,0,32,0,0,6,0,0,0.0,0,0,6,0,0,0.0,0,7.6,2.6,0.32,0
1,1,4,12,1,1,1,23,14,9,8,1,0,0,1,0,0,18,0,0,8,8,7,12.628571428571428,0,0,8,8,7,12.628571428571428,0,12.7,3.7,-1.7,2
1,1,3,12,1,1,1,13,27,10,10,1,0,0,1,0,1,19,0,0,8,8,7,14.232857142857142,0,0,8,8,7,14.232857142857142,0,10.8,1.4,1.74,2
1,1,2,15,1,1,1,13,14,6,7,0,0,0,1,0,0,19,0,0,6,6,6,15.0,0,0,6,7,6,14.0,0,15.5,2.8,-4.06,1
1,8,2,11,1,1,1,10,27,10,10,1,0,0,1,0,0,18,0,0,6,15,2,10.0,0,0,6,12,0,0.0,0,10.8,1.4,1.74,0
1,8,3,14,1,1,1,13,1,5,5,1,0,0,1,0,1,18,0,0,6,11,4,12.25,0,0,6,10,4,11.0,0,12.7,3.7,-1.7,0
1,12,1,15,1,12,1,13,14,26,35,0,0,1,0,0,1,24,0,0,6,6,6,13.5,0,0,6,6,6,13.0,0,11.1,0.6,2.02,2
1,8,2,10,1,1,1,23,1,8,8,1,0,0,1,0,1,19,0,0,6,8,5,12.2,0,0,6,7,6,11.5,0,9.4,-0.8,-3.12,2
1,8,2,11,1,1,1,13,14,10,8,1,0,1,1,0,0,21,0,0,6,0,0,0.0,0,0,6,0,0,0.0,0,11.1,0.6,2.02,0
1,15,1,5,1,14,1,1,1,5,11,1,0,0,1,0,0,19,0,2,7,11,6,12.0,0,5,9,9,8,12.75,0,16.2,0.3,-0.92,2
1,1,3,12,1,1,3,2,3,6,3,1,0,0,1,0,0,19,1,0,7,9,5,12.32,0,0,7,9,5,11.9,0,12.4,0.5,1.79,1
1,12,1,13,1,1,1,22,27,10,9,1,0,0,1,0,1,36,0,0,7,11,6,12.35,0,0,7,12,5,12.5,0,8.9,1.4,3.51,2
1,12,1,6,1,9,1,22,27,11,10,0,0,0,1,1,0,51,0,0,6,0,0,0.0,0,0,6,0,0,0.0,0,12.4,0.5,1.79,0
1,1,3,14,1,1,1,1,14,6,6,1,0,0,1,1,1,20,0,0,6,7,6,11.333333333333334,0,0,6,10,4,10.571428571428571,0,10.8,1.4,1.74,1
1,12,1,3,0,13,1,1,1,5,5,0,0,1,0,1,0,29,0,0,6,6,0,0.0,0,0,5,5,0,0.0,0,8.9,1.4,3.51,0
1,15,1,10,1,14,1,1,14,5,6,0,0,1,0,1,0,27,0,3,6,8,5,11.6,0,2,6,9,5,12.0,0,13.9,-0.3,0.79,0
1,12,1,7,1,1,1,13,27,10,5,1,0,0,1,1,0,33,0,0,5,10,4,12.0,0,0,5,8,3,13.666666666666666,1,7.6,2.6,0.32,1
2,2,1,9,1,2,1,22,27,10,10,0,0,0,0,1,0,57,0,12,15,17,12,11.75,0,9,14,16,9,12.22222222222222,0,9.4,-0.8,-3.12,0
1,1,1,14,1,1,1,4,2,15,17,1,0,0,1,1,0,20,0,0,6,8,5,12.8,0,0,6,10,5,11.6,0,13.9,-0.3,0.79,1
1,12,1,14,1,1,1,1,1,5,5,0,0,0,1,1,0,26,0,0,5,7,3,11.333333333333334,0,0,5,7,3,13.666666666666666,0,9.4,-0.8,-3.12,0
1,14,1,7,1,1,1,1,1,10,3,0,0,1,0,1,0,27,0,0,5,5,0,0.0,0,0,5,7,0,0.0,0,13.9,-0.3,0.79,1
1,1,1,14,1,1,1,1,27,5,10,0,0,0,1,1,0,19,0,0,5,5,5,10.8,0,0,5,5,4,12.25,0,9.4,-0.8,-3.12,2
1,15,1,6,1,14,1,10,28,5,9,1,0,0,1,1,0,23,0,1,6,10,5,12.5,0,1,6,8,2,13.5,0,12.4,0.5,1.79,0
1,12,1,17,0,1,1,13,28,6,6,0,0,0,1,1,0,27,0,0,5,5,5,15.2,0,0,5,6,5,14.166666666666666,0,10.8,1.4,1.74,2
1,1,6,12,1,1,1,13,27,4,6,1,0,1,1,1,1,20,0,0,7,7,7,13.314285714285717,0,0,8,8,8,12.575,0,12.4,0.5,1.79,2
1,9,1,5,1,1,1,23,28,8,6,0,0,0,1,0,1,19,0,6,12,12,11,13.090909090909092,0,5,11,12,11,12.083333333333334,0,10.8,1.4,1.74,2
1,1,1,8,1,1,1,3,14,3,10,1,0,1,0,0,0,19,0,0,6,0,0,0.0,0,0,6,0,0,0.0,0,11.1,0.6,2.02,0
1,1,1,5,1,1,1,22,14,10,4,1,0,0,1,0,0,20,0,0,6,8,5,12.2,0,0,6,6,6,11.5,0,16.2,0.3,-0.92,2
2,4,1,9,1,3,1,13,1,10,10,0,0,0,1,0,0,33,0,5,8,10,6,12.833333333333334,0,2,5,8,4,12.0,0,11.1,0.6,2.02,1
1,14,1,17,0,1,1,22,27,10,10,1,0,0,1,0,0,22,0,9,15,17,15,11.2,0,9,14,15,14,12.428571428571429,0,7.6,2.6,0.32,2
1,1,6,9,1,1,1,13,10,5,5,1,0,0,1,0,0,18,0,0,5,8,3,12.333333333333334,0,0,5,7,4,12.0,0,7.6,2.6,0.32,2
5,12,1,12,1,3,1,22,28,10,10,0,0,0,1,0,0,27,0,0,8,8,7,15.94285714285714,0,0,8,8,7,15.94285714285714,0,12.7,3.7,-1.7,2
1,12,1,17,0,1,1,22,27,10,8,0,0,0,1,0,0,27,0,0,5,0,0,0.0,0,0,5,0,0,0.0,0,15.5,2.8,-4.06,0
1,1,1,10,1,1,1,22,27,10,10,1,0,0,1,0,0,19,0,0,6,10,4,10.25,0,0,6,8,6,10.714285714285714,0,11.1,0.6,2.02,2
1,8,1,16,1,1,1,23,28,10,8,1,0,0,1,0,1,20,0,0,6,10,5,13.2,0,0,6,12,5,12.833333333333334,0,9.4,-0.8,-3.12,1
1,1,1,3,0,1,1,23,14,7,11,0,0,0,1,0,1,23,0,0,6,6,6,14.166666666666666,0,0,6,6,6,12.5,0,12.7,3.7,-1.7,2
1,14,1,12,1,1,1,17,28,12,4,1,0,0,1,0,1,22,0,18,23,23,20,14.575,3,18,23,23,20,14.575,3,7.6,2.6,0.32,2
1,8,2,11,1,1,1,13,14,8,8,1,0,0,1,0,1,18,0,0,6,9,1,10.0,1,0,6,6,0,0.0,0,12.7,3.7,-1.7,0
1,1,4,10,1,1,1,13,28,10,10,0,0,0,1,0,1,18,0,0,6,7,6,12.285714285714286,0,0,6,8,6,11.428571428571429,0,12.4,0.5,1.79,2
1,12,1,3,0,1,1,23,28,10,10,0,0,0,1,0,1,31,0,0,6,6,6,14.0,0,0,6,6,6,12.333333333333334,0,10.8,1.4,1.74,2
1,8,4,15,1,1,1,23,14,10,10,0,0,0,1,0,0,19,0,0,6,8,4,11.25,0,0,6,0,0,0.0,0,15.5,2.8,-4.06,0
1,1,1,10,1,1,1,22,27,10,10,1,0,0,1,0,0,19,0,0,6,11,5,11.6,0,0,6,11,6,11.666666666666666,0,7.6,2.6,0.32,1
1,8,1,3,0,1,1,13,27,5,8,0,0,0,1,0,0,24,0,0,6,12,1,12.0,0,0,6,12,0,0.0,0,10.8,1.4,1.74,0
1,1,1,12,1,1,1,23,14,4,11,0,0,0,1,0,0,19,0,0,7,10,7,13.47,0,0,8,8,8,13.32625,0,15.5,2.8,-4.06,2
1,8,4,9,1,1,1,1,1,5,6,1,0,0,1,0,0,19,0,0,5,6,5,12.4,0,0,5,5,5,12.8,0,7.6,2.6,0.32,2
1,12,1,14,1,1,1,22,27,10,10,1,0,0,0,0,0,26,0,0,6,9,3,11.75,0,0,6,11,4,11.5,3,16.2,0.3,-0.92,0
1,1,1,2,1,1,14,22,27,10,10,1,0,1,0,1,0,27,1,0,0,0,0,0.0,0,0,0,0,0,0.0,0,7.6,2.6,0.32,0
1,8,4,10,1,1,1,13,14,5,8,1,0,0,1,0,0,19,0,0,6,7,6,12.0,0,0,6,7,6,12.428571428571429,0,11.1,0.6,2.02,2
2,12,1,6,1,1,1,13,14,2,5,0,0,0,1,0,0,29,0,0,5,8,5,15.333333333333334,2,0,5,6,5,15.4,0,9.4,-0.8,-3.12,0
1,1,6,12,1,1,1,1,28,5,6,1,0,0,1,0,1,18,0,0,8,8,8,12.32,0,0,8,8,8,12.32,0,9.4,-0.8,-3.12,2
1,1,1,12,1,1,1,1,14,10,11,1,0,0,1,0,0,19,0,0,7,7,7,13.79857142857143,0,0,8,8,8,14.75625,0,11.1,0.6,2.02,2
1,1,5,15,1,1,1,23,1,5,6,1,0,0,1,0,0,18,0,0,6,6,6,13.166666666666666,0,0,6,6,6,12.5,0,15.5,2.8,-4.06,1
1,1,1,9,1,1,1,1,28,4,10,0,0,0,1,0,1,18,0,0,5,6,5,16.333333333333332,0,0,5,5,5,15.4,0,15.5,2.8,-4.06,2
1,13,1,2,1,1,1,1,1,2,5,1,0,0,1,0,0,19,0,0,0,0,0,0.0,0,0,0,0,0,0.0,0,12.7,3.7,-1.7,0
1,8,4,12,1,1,1,4,4,5,5,1,0,0,1,0,0,19,0,0,7,7,7,14.757142857142856,0,0,8,9,8,15.366666666666667,0,12.4,0.5,1.79,2
1,8,4,11,1,1,1,1,1,5,5,1,0,0,1,0,0,19,0,0,6,7,6,11.666666666666666,0,0,6,6,6,12.333333333333334,0,13.9,-0.3,0.79,0
1,1,1,14,1,1,1,3,28,3,10,1,0,0,1,0,0,19,0,0,6,7,5,12.6,0,0,6,10,5,12.375,0,10.8,1.4,1.74,1
1,1,1,15,1,1,1,1,14,10,8,0,0,0,1,0,0,19,0,0,6,6,6,11.666666666666666,0,0,6,6,6,11.5,0,12.7,3.7,-1.7,2
1,1,1,10,1,1,1,13,28,6,9,0,0,0,1,0,1,19,0,0,6,6,6,15.0,0,0,6,6,6,13.333333333333334,0,8.9,1.4,3.51,2
1,1,5,12,1,1,1,22,27,8,10,1,0,1,0,0,0,18,0,0,7,0,0,0.0,0,0,8,0,0,0.0,0,9.4,-0.8,-3.12,0
1,1,4,15,1,1,1,13,14,10,8,1,0,0,1,0,0,20,0,0,6,7,6,13.571428571428571,0,0,6,6,6,13.333333333333334,0,13.9,-0.3,0.79,2
1,8,1,11,1,1,1,13,14,4,11,0,0,0,1,0,0,20,0,0,6,8,5,10.8,0,0,6,9,4,11.5,0,9.4,-0.8,-3.12,2
1,1,1,6,1,1,1,23,27,2,2,1,0,0,1,0,0,21,0,0,5,8,3,11.333333333333334,1,0,5,8,3,13.333333333333334,0,12.7,3.7,-1.7,1
2,1,1,17,0,2,1,22,27,7,4,0,0,0,1,0,0,31,0,4,10,16,5,11.4,0,4,10,10,6,12.833333333333334,0,9.4,-0.8,-3.12,0
1,1,1,13,1,1,1,22,28,8,10,0,0,0,1,0,1,20,0,0,7,14,7,10.642857142857142,0,0,8,8,8,11.55,0,12.7,3.7,-1.7,2
1,8,5,14,1,1,1,13,21,8,8,1,0,0,1,0,1,19,0,0,5,8,3,10.5,0,0,5,6,4,11.75,1,7.6,2.6,0.32,1
1,1,1,12,1,1,1,23,28,10,10,1,0,0,1,0,0,18,0,0,7,7,6,14.65,0,0,7,7,6,14.65,0,7.6,2.6,0.32,2
1,8,3,12,1,1,1,13,27,8,8,1,0,0,1,0,1,19,0,0,7,7,7,13.714285714285714,0,0,8,11,8,14.863636363636363,0,16.2,0.3,-0.92,2
1,14,1,10,1,1,1,19,24,1,1,0,0,0,1,0,0,30,0,9,16,19,15,12.266666666666667,0,11,13,14,13,12.071428571428571,0,9.4,-0.8,-3.12,2
1,8,1,10,1,1,1,22,14,10,9,1,0,0,1,0,0,21,0,0,6,11,6,10.375,0,0,6,12,3,11.666666666666666,0,12.7,3.7,-1.7,1
1,9,1,9,1,1,1,13,14,10,6,1,0,0,1,0,0,19,0,0,5,8,5,11.0,0,0,5,6,5,15.4,0,12.4,0.5,1.79,2
1,1,6,9,1,1,1,1,27,5,10,1,0,1,1,0,0,22,0,0,5,5,5,13.8,0,0,5,5,5,13.0,0,7.6,2.6,0.32,2
1,1,1,15,1,1,1,1,28,5,10,0,0,0,1,0,1,18,0,0,6,6,6,12.666666666666666,0,0,6,6,6,12.833333333333334,0,11.1,0.6,2.02,2
1,8,1,10,1,1,1,3,1,4,5,1,0,0,1,0,0,18,0,0,6,8,6,11.75,0,0,6,10,5,12.0,0,12.7,3.7,-1.7,2
1,1,3,12,1,1,1,23,28,10,9,1,0,0,1,0,1,19,0,0,8,8,7,12.785714285714286,0,0,8,8,7,12.785714285714286,0,12.7,3.7,-1.7,2
1,1,1,8,1,1,1,3,1,3,5,1,0,0,1,0,0,18,0,0,6,11,6,14.444444444444445,0,0,6,6,6,13.333333333333334,0,16.2,0.3,-0.92,2
1,1,6,12,1,1,1,1,1,5,5,1,0,0,1,0,0,21,0,0,7,8,6,13.25,0,0,8,8,8,13.8375,0,13.9,-0.3,0.79,1
1,8,1,12,1,1,1,2,28,3,11,1,0,0,1,0,0,18,0,0,7,9,7,12.50625,0,0,8,15,5,13.2,0,13.9,-0.3,0.79,1
1,1,1,2,1,1,1,1,30,5,4,1,0,0,1,0,0,20,0,0,0,0,0,0.0,0,0,0,0,0,0.0,0,11.1,0.6,2.02,2
1,1,1,6,1,1,1,23,27,10,8,1,0,0,1,0,0,18,0,0,5,8,4,12.75,1,0,5,10,4,11.75,0,12.7,3.7,-1.7,2
1,12,1,6,1,3,1,2,3,5,8,1,0,0,1,0,0,25,0,1,6,7,6,16.857142857142858,0,1,6,6,6,16.5,0,13.9,-0.3,0.79,2
1,1,1,15,1,1,1,13,14,5,4,0,0,0,1,0,0,19,0,0,6,6,6,13.166666666666666,0,0,6,6,6,15.0,0,16.2,0.3,-0.92,2
1,1,1,16,1,1,1,13,28,3,8,1,0,0,1,0,1,19,0,0,6,9,5,12.2,0,0,6,10,4,11.5,0,7.6,2.6,0.32,1
1,12,1,6,1,1,1,13,1,10,11,1,0,0,1,0,0,26,0,0,6,7,6,16.5,0,0,6,8,6,14.285714285714286,0,8.9,1.4,3.51,2
1,8,2,9,1,1,1,1,14,5,6,1,0,0,1,0,0,21,0,0,5,10,4,11.75,0,0,5,6,5,11.6,0,12.4,0.5,1.79,2
1,1,1,9,1,1,1,23,28,3,10,0,0,0,1,0,0,19,0,0,5,14,1,11.0,0,0,5,6,0,0.0,0,13.9,-0.3,0.79,0
1,8,1,12,1,1,1,22,27,10,10,0,0,0,1,0,1,19,0,0,8,8,7,15.114285714285714,0,0,8,8,7,15.114285714285714,0,12.7,3.7,-1.7,2
1,1,1,10,1,1,1,22,28,10,9,1,0,0,1,0,1,18,0,0,6,8,6,15.5,0,0,6,7,6,14.285714285714286,0,16.2,0.3,-0.92,2
2,14,1,17,0,1,1,22,27,10,8,0,0,0,1,0,1,32,0,3,10,12,7,11.142857142857142,0,4,10,10,8,12.0,0,10.8,1.4,1.74,2
1,1,1,10,1,1,1,3,1,6,6,0,0,0,1,0,1,18,0,0,6,6,6,11.333333333333334,0,0,6,8,6,11.333333333333334,0,15.5,2.8,-4.06,2
1,1,5,12,1,1,1,1,1,4,5,0,0,0,1,0,0,20,0,0,7,9,5,12.04,0,0,7,9,6,11.77142857142857,0,12.4,0.5,1.79,1
1,8,3,9,1,1,1,23,14,8,8,0,0,0,1,0,0,20,0,0,5,7,5,11.166666666666666,0,0,5,9,4,10.75,0,15.5,2.8,-4.06,1
4,12,1,14,1,1,1,22,27,5,11,0,0,1,1,0,1,39,0,0,5,6,5,10.6,0,0,5,7,4,10.75,0,9.4,-0.8,-3.12,2
1,1,1,8,1,1,1,1,1,10,10,1,0,0,1,0,0,20,0,0,5,10,4,12.5,0,0,5,12,2,13.0,0,12.7,3.7,-1.7,1
1,1,1,2,1,1,1,3,1,5,5,1,0,1,0,0,0,18,0,0,0,0,0,0.0,0,0,0,0,0,0.0,0,12.4,0.5,1.79,0
1,8,1,15,1,1,1,2,1,15,26,0,0,1,1,0,1,18,0,0,6,6,6,15.666666666666666,0,0,6,6,6,13.833333333333334,0,8.9,1.4,3.51,2
1,1,1,2,1,1,1,3,3,3,3,1,0,0,1,0,0,21,0,6,12,12,12,15.333333333333334,0,4,11,15,11,15.0,0,8.9,1.4,3.51,2
1,1,5,12,1,1,1,1,1,4,9,1,0,0,1,0,0,18,0,0,7,9,6,12.183333333333332,0,0,7,9,6,11.783333333333331,0,16.2,0.3,-0.92,1
1,1,2,9,1,1,1,22,27,10,10,0,0,0,1,0,0,18,0,0,5,8,2,10.0,0,0,5,9,3,11.333333333333334,0,7.6,2.6,0.32,1
1,14,1,4,1,1,1,1,28,5,8,1,0,0,1,0,0,21,0,9,14,23,9,12.0,2,6,12,21,8,11.25,0,15.5,2.8,-4.06,2
1,1,1,9,1,1,1,13,14,6,6,1,0,0,1,0,0,22,0,0,5,8,3,10.333333333333334,0,0,5,11,2,10.0,0,7.6,2.6,0.32,0
1,8,1,11,1,1,1,1,1,5,5,1,0,0,1,1,0,21,0,0,6,11,6,11.166666666666666,0,0,6,14,3,14.666666666666666,0,7.6,2.6,0.32,1
1,14,1,5,1,1,1,13,14,10,10,1,0,0,1,1,1,20,0,0,6,8,3,11.0,0,0,6,8,2,11.333333333333334,0,10.8,1.4,1.74,1
1,1,2,2,1,1,1,23,14,10,10,1,0,0,1,1,1,21,0,0,0,0,0,0.0,0,0,0,0,0,0.0,0,10.8,1.4,1.74,2
1,1,1,11,1,1,14,1,1,10,10,1,0,0,1,0,1,20,1,0,6,7,6,12.857142857142858,0,0,6,8,5,11.8,0,8.9,1.4,3.51,2
1,1,4,12,1,1,1,13,28,10,10,1,0,0,1,0,0,19,0,0,8,8,7,14.328571428571427,0,0,8,8,7,14.328571428571427,0,10.8,1.4,1.74,2
1,1,1,10,1,1,1,1,28,6,8,0,0,0,1,0,1,20,0,0,6,7,6,15.0,0,0,6,6,6,16.333333333333332,0,13.9,-0.3,0.79,2
1,1,1,6,1,1,1,13,27,10,10,1,0,0,1,0,0,19,0,0,5,9,5,13.6,1,0,5,5,5,12.4,0,12.7,3.7,-1.7,2
1,1,1,6,1,1,1,1,1,3,8,1,0,0,1,0,1,18,0,0,5,12,5,12.857142857142858,2,0,5,8,4,13.25,0,9.4,-0.8,-3.12,2
1,8,2,16,1,1,1,3,1,3,4,1,0,0,1,0,0,18,0,0,6,7,2,14.5,0,0,6,6,1,10.0,0,15.5,2.8,-4.06,0
1,12,1,17,0,1,1,13,28,10,9,0,1,0,1,0,0,24,0,0,5,7,3,10.666666666666666,0,0,5,7,3,10.5,0,10.8,1.4,1.74,0
1,1,1,11,1,1,1,1,1,5,3,0,0,1,0,0,1,21,0,0,6,7,6,13.428571428571429,0,0,6,8,6,11.333333333333334,0,8.9,1.4,3.51,0
1,1,3,12,1,1,1,1,27,9,8,1,0,0,1,1,1,18,0,0,7,12,7,11.716666666666663,0,0,8,13,4,10.868,0,15.5,2.8,-4.06,2
1,8,1,9,1,1,1,1,27,5,9,1,0,0,1,1,1,20,0,0,5,11,4,12.0,0,0,5,5,5,12.8,0,11.1,0.6,2.02,2
1,9,2,16,1,1,1,1,3,10,3,1,0,1,0,0,0,20,0,0,6,11,5,13.2,0,0,6,8,4,10.75,0,10.8,1.4,1.74,0
1,8,3,11,1,1,1,10,28,6,8,1,0,1,1,0,0,18,0,0,6,7,5,12.2,0,0,6,10,4,12.25,0,12.4,0.5,1.79,0
1,12,1,13,1,1,1,23,14,10,7,1,0,0,1,0,1,25,0,0,7,11,5,12.58,0,0,7,9,6,12.157142857142857,0,8.9,1.4,3.51,2
1,8,5,10,1,1,1,13,27,6,8,1,0,0,1,0,1,19,0,0,6,9,5,11.333333333333334,0,0,6,6,6,10.833333333333334,0,13.9,-0.3,0.79,1
2,12,1,1,1,1,1,23,1,10,6,0,0,1,1,1,0,35,0,0,7,9,0,0.0,0,0,7,8,0,0.0,0,11.1,0.6,2.02,0
1,1,4,12,1,1,1,13,14,10,6,1,0,0,1,0,1,19,0,0,7,9,6,12.428571428571429,0,0,8,8,8,14.0,0,13.9,-0.3,0.79,2
1,1,1,14,1,1,1,23,28,10,10,1,0,0,1,1,1,18,0,0,6,6,6,13.0,0,0,6,6,6,13.0,0,13.9,-0.3,0.79,0
1,1,1,12,1,1,1,3,14,4,11,0,0,0,1,1,0,19,0,0,8,8,7,14.535714285714286,0,0,8,8,7,14.535714285714286,0,10.8,1.4,1.74,2
1,14,1,12,1,1,1,13,28,10,8,1,0,0,1,1,1,19,0,0,7,8,5,11.2,0,0,7,8,5,11.2,0,7.6,2.6,0.32,1
1,8,1,5,1,1,1,3,3,4,4,0,0,0,1,1,0,18,0,0,6,6,6,16.0,0,0,6,6,6,13.666666666666666,0,12.4,0.5,1.79,2
1,12,1,8,1,12,1,13,3,10,3,1,0,1,1,1,0,24,0,0,6,13,5,13.142857142857142,0,0,6,15,3,12.666666666666666,0,16.2,0.3,-0.92,0
1,14,1,3,0,1,3,19,24,1,1,1,0,0,1,1,0,25,1,8,14,23,11,11.6875,0,6,10,20,8,11.142857142857142,0,9.4,-0.8,-3.12,2
1,12,1,7,1,1,1,22,3,10,4,1,0,0,1,1,0,28,0,0,5,11,4,10.5,0,0,5,12,4,11.0,4,7.6,2.6,0.32,1
1,1,1,6,1,1,1,1,28,6,10,0,0,0,1,1,1,19,0,0,6,9,6,13.833333333333334,0,0,6,12,5,13.666666666666666,0,11.1,0.6,2.02,2
1,8,2,7,1,1,1,13,1,10,8,0,0,0,1,1,0,19,0,0,5,0,0,0.0,0,0,5,0,0,0.0,0,16.2,0.3,-0.92,0
1,12,1,8,1,8,1,10,26,12,12,0,0,0,0,1,1,30,0,0,5,13,0,0.0,3,0,5,5,0,0.0,5,9.4,-0.8,-3.12,0
1,1,1,12,1,1,1,13,14,5,6,1,0,0,1,1,0,19,0,0,7,9,0,0.0,0,0,7,8,0,0.0,0,15.5,2.8,-4.06,0
1,8,1,9,1,1,1,13,28,5,5,1,0,0,1,1,0,21,0,0,5,10,1,10.0,0,0,5,5,0,0.0,0,11.1,0.6,2.02,0
1,1,1,2,1,1,1,22,27,4,6,0,0,0,1,1,0,19,0,0,0,0,0,0.0,0,0,0,0,0,0.0,0,13.9,-0.3,0.79,0
1,12,1,4,1,1,1,13,14,10,6,0,0,0,0,1,0,29,0,0,6,9,0,0.0,0,0,6,6,0,0.0,0,13.9,-0.3,0.79,0
1,1,1,14,1,1,1,13,27,10,10,0,0,0,1,1,0,18,0,0,6,7,4,12.6,0,0,6,6,4,13.0,0,12.4,0.5,1.79,0
1,1,2,9,1,1,1,1,28,5,6,0,0,0,1,1,0,21,0,0,5,10,3,11.25,0,0,5,9,3,11.0,0,15.5,2.8,-4.06,1
1,13,1,5,1,1,1,3,2,4,2,0,0,0,1,1,0,20,0,6,7,13,7,12.375,0,4,7,8,4,11.25,0,13.9,-0.3,0.79,0
1,16,1,17,0,1,1,23,3,6,4,0,0,1,1,1,0,24,0,3,10,15,7,10.714285714285714,0,3,10,11,9,12.555555555555555,0,12.4,0.5,1.79,1
1,8,2,15,1,1,1,1,1,3,6,1,0,0,0,1,0,18,0,0,6,6,0,0.0,0,0,6,0,0,0.0,0,8.9,1.4,3.51,0
1,13,1,4,1,1,1,1,3,5,3,1,0,0,1,1,0,23,0,0,6,14,5,12.0,0,0,6,12,5,12.142857142857142,0,15.5,2.8,-4.06,1
1,1,6,9,1,1,1,1,14,2,7,1,0,0,1,1,0,19,0,0,5,6,5,12.6,0,0,5,8,3,12.666666666666666,0,8.9,1.4,3.51,2
1,4,1,11,1,3,1,13,14,4,4,0,0,0,1,1,0,35,0,0,6,7,0,0.0,0,0,6,6,0,0.0,0,16.2,0.3,-0.92,0
1,1,1,12,1,1,1,1,1,10,10,1,0,0,1,1,0,20,0,0,8,8,7,12.84142857142857,0,0,8,8,7,12.84142857142857,0,10.8,1.4,1.74,2
2,12,1,10,1,16,1,13,28,9,9,0,0,0,1,1,0,33,0,0,6,6,0,0.0,0,0,5,5,0,0.0,0,8.9,1.4,3.51,0
1,1,1,15,1,1,1,1,3,5,2,1,0,0,1,1,0,18,0,0,6,7,6,14.166666666666666,0,0,6,6,6,12.833333333333334,0,9.4,-0.8,-3.12,2
1,1,1,15,1,1,1,5,3,5,5,1,0,0,1,1,0,20,0,0,6,7,6,12.166666666666666,0,0,6,9,3,12.0,0,12.4,0.5,1.79,1
1,8,1,15,1,1,1,3,3,3,4,1,0,0,1,1,0,19,0,0,6,12,4,10.8,0,0,6,14,3,11.0,0,13.9,-0.3,0.79,0
1,8,5,15,1,1,1,23,1,5,5,1,0,0,1,1,0,18,0,0,6,6,6,13.0,0,0,6,12,0,0.0,0,7.6,2.6,0.32,0
1,12,1,17,0,1,1,22,27,8,10,0,0,0,0,1,0,28,0,0,5,0,0,0.0,0,0,5,0,0,0.0,0,8.9,1.4,3.51,0
1,1,1,9,1,1,1,5,1,2,6,0,0,0,1,1,0,18,0,0,5,5,5,13.0,0,0,5,6,5,13.333333333333334,0,16.2,0.3,-0.92,2
1,1,1,15,1,1,1,2,3,4,4,1,0,1,1,1,0,25,0,0,6,8,6,11.571428571428571,0,0,6,9,6,11.571428571428571,0,15.5,2.8,-4.06,0
1,1,1,10,1,1,1,1,28,5,7,0,1,1,0,1,0,19,0,0,6,6,4,11.5,0,0,6,6,5,11.0,0,8.9,1.4,3.51,0
1,9,2,5,1,1,1,23,14,6,6,0,0,0,1,1,0,18,0,0,6,8,5,11.0,0,0,6,6,4,10.75,0,9.4,-0.8,-3.12,2
1,4,1,4,1,3,1,3,3,7,3,1,0,0,1,1,0,29,0,1,6,10,6,17.11111111111111,0,2,6,9,6,15.571428571428571,0,13.9,-0.3,0.79,2
1,1,1,2,1,1,1,2,2,4,3,1,0,0,1,1,0,18,0,0,0,0,0,0.0,0,0,0,0,0,0.0,0,7.6,2.6,0.32,1
1,1,1,11,1,1,1,3,2,5,6,0,0,0,1,1,1,20,0,0,6,9,6,12.571428571428571,0,0,6,6,6,12.166666666666666,0,8.9,1.4,3.51,2
1,15,1,4,1,14,1,3,14,3,7,0,0,0,1,1,0,20,0,0,6,6,0,0.0,0,0,6,8,0,0.0,0,15.5,2.8,-4.06,0
1,1,4,5,1,1,1,3,3,3,3,1,0,0,1,1,0,18,0,0,6,7,6,14.5,0,0,6,6,6,15.166666666666666,0,9.4,-0.8,-3.12,2
1,1,6,11,1,1,1,3,1,3,3,1,0,0,1,1,1,21,0,0,6,6,6,13.5,0,0,6,6,6,12.333333333333334,0,12.4,0.5,1.79,2
1,8,2,11,1,1,1,3,3,3,3,0,0,0,0,1,0,18,0,0,6,9,5,11.2,0,0,6,14,2,10.0,0,9.4,-0.8,-3.12,0
1,1,5,7,1,1,1,22,27,12,12,1,0,0,1,1,0,20,0,0,5,10,3,10.666666666666666,0,0,5,5,4,12.25,0,7.6,2.6,0.32,2
1,14,1,3,0,1,1,22,27,10,10,0,0,0,1,0,0,23,0,9,13,15,9,11.0,0,4,11,12,7,11.571428571428571,0,15.5,2.8,-4.06,1
1,12,1,17,0,1,1,1,27,10,9,0,0,0,1,0,0,26,0,0,1,2,0,0.0,0,0,5,8,0,0.0,0,16.2,0.3,-0.92,0
1,8,3,14,1,1,1,22,27,9,9,0,0,1,1,0,0,19,0,0,5,5,1,10.0,0,0,5,5,0,0.0,0,9.4,-0.8,-3.12,0
1,12,1,13,1,1,1,22,28,10,10,1,0,1,0,0,1,24,0,0,7,14,5,12.36,0,1,8,15,5,12.0,0,8.9,1.4,3.51,0
1,1,1,14,1,1,1,13,28,10,8,1,0,0,1,0,1,20,0,0,6,8,6,15.25,0,0,6,7,6,14.714285714285714,0,11.1,0.6,2.02,2
1,8,1,17,0,1,1,23,3,10,4,1,0,1,0,0,0,26,0,0,5,5,0,0.0,0,0,5,6,0,0.0,0,10.8,1.4,1.74,0
1,12,1,9,1,9,1,13,27,8,10,0,0,0,1,0,0,31,0,0,5,8,1,13.0,2,0,5,9,4,12.25,0,10.8,1.4,1.74,0
2,14,1,12,1,1,1,22,27,10,11,1,0,0,1,0,0,27,0,0,8,8,8,13.81375,0,0,8,8,8,13.81375,0,9.4,-0.8,-3.12,2
1,1,1,6,1,1,1,13,28,10,10,0,0,1,1,0,0,24,0,0,6,8,6,13.285714285714286,0,0,6,13,6,12.875,0,11.1,0.6,2.02,2
1,15,1,6,1,14,1,13,28,32,44,1,0,0,1,0,0,23,0,0,6,11,4,11.5,0,0,6,12,4,12.2,0,8.9,1.4,3.51,1
1,1,2,12,1,1,1,23,28,10,9,1,0,0,1,0,1,20,0,0,7,8,7,11.9625,0,0,8,9,8,13.044444444444444,0,13.9,-0.3,0.79,2
1,1,6,12,1,1,1,23,28,6,6,1,0,0,1,0,0,20,0,0,7,9,6,13.683333333333332,0,0,8,11,6,13.116666666666667,0,11.1,0.6,2.02,2
1,12,1,12,1,1,1,23,1,10,5,1,0,0,1,0,0,24,0,0,8,8,7,14.985714285714286,0,0,8,8,7,14.985714285714286,0,12.7,3.7,-1.7,2
2,12,1,9,1,1,1,22,27,10,10,0,0,0,1,0,0,39,0,0,5,8,4,11.25,0,0,5,8,4,11.5,0,11.1,0.6,2.02,1
1,1,2,15,1,1,1,13,28,4,10,1,0,0,1,0,0,18,0,0,6,8,4,12.5,0,0,6,6,5,12.6,0,12.7,3.7,-1.7,2
1,8,3,6,1,1,1,22,28,10,10,0,0,0,1,0,0,20,0,0,6,0,0,0.0,0,0,6,0,0,0.0,0,11.1,0.6,2.02,0
1,1,2,12,1,1,1,1,1,5,4,1,0,0,1,0,0,18,0,0,7,10,7,13.78,0,0,8,10,8,13.661,0,15.5,2.8,-4.06,2
1,1,2,12,1,1,1,22,27,10,8,1,0,0,1,0,0,19,0,0,7,10,7,13.805,0,0,8,8,8,14.2725,0,15.5,2.8,-4.06,2
1,8,1,6,1,1,1,1,14,5,10,1,0,0,1,0,0,18,0,0,5,7,5,13.8,0,0,5,5,5,12.6,0,10.8,1.4,1.74,2
1,1,1,14,1,1,1,22,14,10,10,1,0,0,1,0,0,22,0,0,5,7,3,12.666666666666666,0,0,5,6,4,12.0,0,7.6,2.6,0.32,1
1,8,4,12,1,1,1,1,1,5,5,1,0,0,1,0,0,18,0,0,7,7,7,14.424285714285714,0,0,8,8,8,13.9375,0,11.1,0.6,2.02,2
1,1,1,10,1,1,1,3,1,5,10,0,0,0,1,0,1,18,0,0,6,7,6,13.166666666666666,0,0,6,6,6,12.5,0,12.4,0.5,1.79,2
4,12,1,17,0,1,1,22,27,10,10,0,0,0,1,0,0,30,0,0,5,10,3,10.666666666666666,0,0,5,8,5,10.4,0,12.7,3.7,-1.7,1
2,14,1,10,1,9,1,22,27,10,10,0,0,0,1,0,0,34,0,9,16,20,14,12.071428571428571,1,11,13,13,11,12.272727272727272,0,7.6,2.6,0.32,2
1,12,1,3,0,12,1,22,27,10,10,0,0,0,1,0,0,38,0,0,6,10,3,10.25,0,0,6,7,1,12.0,0,13.9,-0.3,0.79,0
1,1,1,12,1,1,1,22,14,8,8,1,0,0,1,0,1,19,0,0,8,8,8,14.11,0,0,8,8,8,14.11,0,9.4,-0.8,-3.12,2
1,8,3,16,1,1,1,23,28,6,8,1,0,0,1,0,0,19,0,0,6,9,5,12.4,0,0,6,10,3,10.666666666666666,0,10.8,1.4,1.74,0
1,14,1,15,1,1,1,1,1,5,9,0,0,0,0,0,0,21,0,0,6,7,6,12.0,0,0,6,6,6,12.0,0,10.8,1.4,1.74,0
1,8,1,15,1,1,1,2,3,3,3,1,0,0,1,0,1,18,0,0,6,6,6,14.833333333333334,0,0,6,6,6,13.5,0,11.1,0.6,2.02,2
1,8,5,6,1,1,1,1,28,5,8,1,0,0,1,0,1,20,0,0,6,7,6,15.428571428571429,0,0,6,7,6,13.5,0,13.9,-0.3,0.79,2
1,8,5,9,1,1,1,22,28,6,6,0,0,0,1,0,1,18,0,0,5,7,5,11.6,0,0,5,11,5,11.4,4,16.2,0.3,-0.92,2
1,1,3,5,1,1,1,23,27,6,6,1,0,0,1,0,0,18,0,0,6,6,6,14.166666666666666,0,0,6,6,6,14.0,0,16.2,0.3,-0.92,2
1,4,1,13,1,2,1,22,27,10,10,1,0,0,1,0,1,36,0,0,7,9,1,9.8,0,0,7,7,0,0.0,0,12.7,3.7,-1.7,0
1,8,4,9,1,1,1,23,27,7,8,1,0,0,1,0,1,18,0,0,5,12,4,10.714285714285714,0,0,5,9,4,11.0,0,13.9,-0.3,0.79,2
1,14,1,8,1,6,1,1,20,5,12,1,0,0,1,0,1,21,0,0,5,7,0,0.0,0,0,5,5,0,0.0,0,7.6,2.6,0.32,0
1,15,1,8,1,14,1,1,3,10,3,1,0,1,1,0,1,21,0,1,6,13,3,12.333333333333334,0,1,6,12,1,13.0,0,13.9,-0.3,0.79,0
1,6,1,6,1,1,14,3,3,5,3,0,0,0,1,0,0,18,1,0,6,13,6,13.0,0,0,6,15,6,12.25,0,11.1,0.6,2.02,2
1,8,6,14,1,1,1,1,12,5,6,1,0,0,1,0,0,18,0,0,5,7,4,11.4,0,0,5,5,4,11.25,0,9.4,-0.8,-3.12,2
1,1,2,12,1,1,1,23,28,10,8,1,0,0,1,0,0,19,0,0,7,7,6,12.766666666666666,0,0,7,7,6,12.766666666666666,0,7.6,2.6,0.32,2
2,12,1,4,1,12,1,22,14,10,5,0,0,1,1,0,0,29,0,0,6,11,5,12.6,0,0,6,6,6,12.666666666666666,0,11.1,0.6,2.02,2
1,15,1,9,1,14,1,13,1,10,4,0,0,0,1,0,1,20,0,4,7,8,7,13.0,0,2,5,5,5,13.4,0,11.1,0.6,2.02,2
1,8,2,12,1,1,1,22,27,10,10,1,0,0,1,0,0,18,0,0,7,7,6,14.316666666666668,0,0,7,7,6,14.316666666666668,0,7.6,2.6,0.32,2
1,1,1,6,1,1,1,2,1,5,11,1,0,0,1,0,0,19,0,0,5,7,4,12.75,0,0,5,5,5,12.0,0,10.8,1.4,1.74,2
1,1,3,9,1,1,1,1,28,4,9,1,0,0,1,0,1,19,0,0,5,5,5,13.4,0,0,5,5,5,12.6,0,8.9,1.4,3.51,2
1,12,1,3,0,1,1,10,5,10,5,0,0,1,0,0,0,37,0,0,6,6,0,0.0,0,0,5,5,0,0.0,0,8.9,1.4,3.51,0
1,1,2,6,1,1,1,22,1,10,10,1,0,0,1,0,1,18,0,0,5,6,4,15.75,0,0,5,5,5,13.8,0,10.8,1.4,1.74,2
1,1,1,16,1,1,1,13,14,8,8,1,0,0,1,0,0,21,0,0,6,9,5,12.4,0,0,6,11,1,11.0,0,12.7,3.7,-1.7,0
1,8,1,10,1,1,1,1,28,22,40,0,0,0,1,0,1,19,0,0,6,8,6,11.5,0,0,6,7,6,12.333333333333334,0,12.4,0.5,1.79,2
1,8,2,14,1,1,1,3,1,4,2,0,0,0,1,0,0,19,0,0,5,5,5,13.4,0,0,5,5,5,14.0,0,9.4,-0.8,-3.12,2
2,12,1,17,0,14,1,23,14,10,6,0,0,0,1,0,1,35,0,0,5,9,3,11.666666666666666,0,0,5,7,5,11.8,0,12.7,3.7,-1.7,1
2,12,1,12,1,1,1,22,28,10,9,0,0,0,1,0,0,30,0,0,7,0,0,0.0,0,0,8,0,0,0.0,0,13.9,-0.3,0.79,0
1,14,2,15,1,1,1,19,24,1,1,1,0,0,1,0,0,27,0,4,8,11,7,13.285714285714286,0,4,7,13,5,11.6,0,9.4,-0.8,-3.12,0
2,1,1,11,1,1,1,22,27,10,10,0,0,0,1,0,1,45,0,0,6,10,4,11.5,0,0,6,16,2,10.5,0,7.6,2.6,0.32,0
2,12,1,3,0,1,1,23,28,10,10,0,0,0,1,0,1,50,0,3,9,11,8,13.25,0,2,7,8,7,11.714285714285714,0,12.7,3.7,-1.7,2
4,13,1,9,1,1,1,22,27,10,10,0,0,0,1,0,0,41,0,8,14,24,11,12.25,3,5,10,12,10,13.4,0,9.4,-0.8,-3.12,2
1,14,1,12,1,1,1,22,27,10,7,1,0,0,1,0,0,26,0,0,7,8,6,12.0,0,0,7,8,6,12.0,0,7.6,2.6,0.32,1
1,12,1,4,1,12,1,22,27,10,10,0,0,0,1,0,0,44,0,0,6,10,1,12.0,0,0,6,6,0,0.0,0,11.1,0.6,2.02,0
5,4,1,9,1,15,1,22,27,10,10,0,0,0,1,0,0,23,0,10,15,15,13,10.923076923076923,0,5,10,10,7,11.142857142857142,0,15.5,2.8,-4.06,2
1,16,1,1,1,1,1,13,14,10,10,0,0,0,1,0,0,34,0,10,12,12,10,12.0,0,5,10,11,5,11.0,0,11.1,0.6,2.02,0
1,1,1,9,1,1,1,23,28,10,10,1,0,0,1,0,1,21,0,0,5,10,5,13.714285714285714,0,0,5,7,5,14.4,0,11.1,0.6,2.02,2
1,14,3,9,1,1,8,3,27,4,4,1,0,0,1,0,0,22,1,0,5,8,1,10.0,0,0,5,8,2,13.0,0,7.6,2.6,0.32,0
4,12,1,3,0,1,1,22,27,10,9,0,0,0,1,0,1,32,0,0,6,18,2,10.333333333333334,0,0,6,7,6,11.5,0,16.2,0.3,-0.92,2
1,8,2,13,1,1,14,1,1,8,8,1,0,0,1,0,0,20,1,0,7,8,7,12.728571428571428,0,0,8,8,8,14.625,0,15.5,2.8,-4.06,2
2,4,1,3,0,3,1,20,25,12,12,0,0,0,0,0,0,59,0,10,15,22,12,13.333333333333334,0,8,8,8,8,12.875,0,10.8,1.4,1.74,0
2,17,1,9,1,16,1,13,14,28,31,0,0,0,1,0,0,30,0,6,11,20,9,12.22222222222222,0,3,9,16,9,11.6,0,8.9,1.4,3.51,1
1,1,4,11,1,1,1,23,26,10,10,1,0,0,1,0,1,18,0,0,6,7,6,11.333333333333334,0,0,6,9,6,10.833333333333334,0,9.4,-0.8,-3.12,2
2,12,1,17,0,1,1,22,27,10,7,0,0,1,1,1,0,25,0,0,5,8,4,11.0,0,0,5,7,4,12.0,0,7.6,2.6,0.32,1
4,14,1,17,0,1,1,22,27,6,6,0,0,0,1,1,0,36,0,0,5,5,5,13.8,0,0,5,6,5,13.8,0,12.7,3.7,-1.7,2
1,4,1,13,1,17,1,23,14,10,10,0,0,0,1,1,0,36,0,0,7,16,1,12.0,0,0,7,13,0,0.0,1,11.1,0.6,2.02,0
1,8,6,14,1,1,1,23,14,1,2,0,0,0,0,1,0,19,0,0,6,9,4,11.25,0,0,6,11,3,10.166666666666666,0,10.8,1.4,1.74,0
1,12,1,17,0,1,1,1,27,5,7,0,0,0,1,1,0,25,0,0,5,6,4,10.5,0,0,5,6,5,12.0,0,9.4,-0.8,-3.12,2
1,12,1,4,1,12,1,22,27,10,8,0,0,0,1,1,0,35,0,17,18,20,18,11.555555555555555,0,11,13,13,13,11.615384615384617,0,15.5,2.8,-4.06,2
1,1,1,10,1,1,1,1,1,6,6,0,0,0,1,1,0,20,0,0,6,13,1,14.0,0,0,6,7,0,0.0,0,16.2,0.3,-0.92,0
1,12,1,4,1,1,1,22,27,10,8,1,0,0,0,1,0,35,0,0,6,17,1,13.0,0,0,6,8,0,0.0,0,15.5,2.8,-4.06,0
1,1,1,10,1,1,1,22,27,1,1,1,0,0,1,0,0,27,0,0,6,13,2,11.0,0,0,6,14,1,11.0,0,7.6,2.6,0.32,0
1,8,3,12,1,1,1,13,3,10,6,1,0,0,1,0,0,18,0,0,8,8,7,13.68142857142857,0,0,8,8,7,13.68142857142857,0,10.8,1.4,1.74,1
1,14,1,12,1,1,1,23,14,10,11,0,0,0,1,0,0,23,0,0,7,11,6,12.1,0,0,7,7,6,12.616666666666667,0,16.2,0.3,-0.92,1
1,8,2,3,0,1,1,13,1,6,11,1,0,0,1,0,0,19,0,0,6,8,4,10.5,0,0,6,8,4,11.25,0,10.8,1.4,1.74,2
1,8,2,12,1,1,1,22,27,8,8,1,0,0,1,0,1,18,0,0,7,10,5,11.94,0,0,7,8,6,12.8,0,11.1,0.6,2.02,1
1,12,1,12,1,1,1,13,14,4,8,0,0,1,0,0,0,26,0,0,7,11,4,12.86,0,0,7,10,5,11.566666666666668,0,12.4,0.5,1.79,0
1,8,1,10,1,1,1,1,28,10,8,0,0,0,1,0,0,19,0,0,6,10,6,14.25,0,0,6,7,6,14.0,0,16.2,0.3,-0.92,2
1,1,5,12,1,1,1,23,14,8,8,1,0,0,0,0,0,19,0,0,7,0,0,0.0,0,0,8,0,0,0.0,0,12.7,3.7,-1.7,0
1,1,1,2,1,1,1,13,14,6,2,1,0,0,1,0,0,18,0,0,0,0,0,0.0,0,0,0,0,0,0.0,0,13.9,-0.3,0.79,0
1,8,1,12,1,1,1,13,1,10,8,1,0,0,1,0,1,19,0,0,7,7,7,13.894285714285711,0,0,8,8,8,14.3625,0,11.1,0.6,2.02,2
1,8,1,12,1,1,1,22,27,10,9,1,0,0,1,0,1,19,0,0,7,8,7,13.46875,0,0,8,8,8,13.31375,0,15.5,2.8,-4.06,2
1,1,4,6,1,1,1,23,27,10,10,1,0,0,1,0,1,19,0,0,5,5,5,13.6,0,0,5,5,5,14.6,0,10.8,1.4,1.74,2
1,15,1,3,0,14,1,1,27,10,8,0,0,0,1,0,1,21,0,3,6,6,6,14.666666666666666,0,2,6,6,6,13.833333333333334,0,12.4,0.5,1.79,2
1,1,3,15,1,1,1,1,1,4,6,1,0,0,1,0,0,18,0,0,6,6,6,13.666666666666666,0,0,6,7,6,13.0,0,15.5,2.8,-4.06,2
2,14,1,11,1,3,1,23,27,10,4,1,0,0,1,0,0,33,0,9,12,22,10,13.3,0,9,11,11,11,13.727272727272728,0,9.4,-0.8,-3.12,2
1,4,1,3,0,3,1,13,27,6,4,0,0,0,1,0,0,32,0,7,11,13,11,13.454545454545457,0,5,11,13,7,12.428571428571429,0,12.7,3.7,-1.7,2
1,1,6,12,1,1,1,13,14,2,5,1,0,0,1,0,1,17,0,0,8,8,8,13.41625,0,0,8,8,8,13.41625,0,9.4,-0.8,-3.12,2
2,12,1,12,1,1,1,13,14,10,8,0,0,0,1,0,0,31,0,0,7,0,0,0.0,0,0,8,0,0,0.0,0,12.7,3.7,-1.7,0
2,12,1,3,0,1,1,13,14,10,8,0,0,0,1,0,1,32,0,0,6,6,6,11.333333333333334,0,0,6,8,5,13.0,0,15.5,2.8,-4.06,2
1,1,2,6,1,1,1,25,30,4,8,1,0,0,1,0,0,18,0,0,6,8,6,16.0,0,0,6,10,6,14.625,0,11.1,0.6,2.02,0
1,16,1,5,1,9,1,22,14,4,8,0,0,1,1,0,0,31,0,2,6,8,5,11.0,0,4,6,12,6,10.166666666666666,0,8.9,1.4,3.51,1
1,1,1,11,1,1,1,1,1,10,11,0,0,0,1,1,0,20,0,0,6,8,6,12.857142857142858,0,0,6,9,5,12.4,0,8.9,1.4,3.51,1
1,14,1,17,0,1,1,3,14,2,2,0,0,0,0,1,0,40,0,0,5,5,0,0.0,0,0,5,6,0,0.0,0,10.8,1.4,1.74,0
2,1,1,17,0,1,1,22,14,10,10,1,0,0,1,1,0,32,0,0,5,5,5,14.8,0,0,5,5,5,14.2,0,7.6,2.6,0.32,2
1,4,1,7,1,3,1,13,14,2,2,0,0,0,0,1,0,40,0,1,5,7,1,13.0,0,2,5,5,2,14.0,0,12.7,3.7,-1.7,0
1,1,1,2,1,1,1,1,1,5,10,0,0,0,1,1,1,18,0,0,0,0,0,0.0,0,0,0,0,0,0.0,0,16.2,0.3,-0.92,2
1,14,1,17,0,1,1,22,27,10,10,0,0,1,0,1,0,28,0,4,9,14,4,10.0,0,1,6,6,1,10.0,0,12.7,3.7,-1.7,0
1,7,2,5,1,1,1,1,1,4,2,1,0,1,1,1,0,19,0,0,6,11,5,11.2,0,0,6,7,6,12.0,0,9.4,-0.8,-3.12,2
1,1,1,15,1,1,1,1,27,6,10,0,0,0,1,1,1,19,0,0,6,8,6,11.833333333333334,0,0,6,11,3,13.0,0,15.5,2.8,-4.06,2
1,1,6,9,1,1,1,23,27,8,8,0,1,0,1,1,0,21,0,0,5,0,0,0.0,0,0,5,0,0,0.0,0,10.8,1.4,1.74,0
1,8,4,9,1,1,1,13,1,1,5,1,0,0,1,1,0,22,0,0,5,8,2,10.5,0,0,5,10,0,0.0,0,7.6,2.6,0.32,0
1,8,3,7,1,1,1,3,1,4,4,1,0,0,0,1,0,18,0,0,5,8,5,12.5,0,0,5,7,5,13.571428571428571,0,12.4,0.5,1.79,0
1,12,1,2,1,1,1,10,3,6,3,1,0,0,1,1,0,27,0,0,0,0,0,0.0,0,0,0,0,0,0.0,0,9.4,-0.8,-3.12,0
1,1,1,2,1,1,1,1,3,3,3,0,0,0,1,1,0,19,0,4,10,10,5,11.0,0,2,7,8,2,10.0,0,8.9,1.4,3.51,1
2,14,1,17,0,1,1,22,27,10,10,1,0,0,1,1,0,30,0,6,10,14,9,12.333333333333334,0,7,10,12,8,12.0,0,9.4,-0.8,-3.12,2
1,12,1,8,1,14,1,1,3,5,2,0,0,0,1,1,0,28,0,0,6,9,0,0.0,0,0,6,8,1,10.0,1,16.2,0.3,-0.92,0
5,12,1,7,1,1,1,22,27,10,10,0,0,1,1,1,1,34,0,0,5,14,1,17.0,0,0,5,10,2,11.0,0,9.4,-0.8,-3.12,1
1,8,1,9,1,1,1,1,1,5,5,0,0,0,1,1,0,21,0,0,5,5,5,11.0,0,0,5,11,3,11.428571428571429,0,10.8,1.4,1.74,1
1,1,1,10,1,1,1,1,14,10,10,0,0,0,1,1,1,20,0,0,6,11,5,11.142857142857142,0,0,6,9,6,11.571428571428571,0,16.2,0.3,-0.92,2
1,14,1,11,1,1,1,10,14,10,10,0,0,0,0,1,0,31,0,3,8,19,5,12.166666666666666,0,3,7,12,5,12.0,0,7.6,2.6,0.32,0
1,8,1,7,1,1,1,1,1,10,10,0,0,1,0,1,0,21,0,0,5,9,2,11.0,0,0,5,8,2,11.5,2,7.6,2.6,0.32,0
1,12,2,14,1,12,1,19,24,1,1,1,0,0,0,1,0,27,0,0,5,8,1,11.0,0,0,5,6,3,10.666666666666666,1,7.6,2.6,0.32,0
1,1,6,15,1,1,1,23,28,10,10,1,0,0,1,1,0,19,0,0,6,10,4,13.25,0,0,6,13,5,11.8,0,7.6,2.6,0.32,2
1,8,4,15,1,1,1,3,1,3,8,1,0,0,1,1,0,21,0,0,6,7,0,0.0,0,0,6,11,1,10.0,0,10.8,1.4,1.74,1
1,15,1,4,1,14,1,13,14,5,5,1,0,0,0,1,0,21,0,0,6,17,2,12.5,0,0,6,10,0,0.0,0,16.2,0.3,-0.92,0
1,14,1,14,1,1,1,19,24,13,13,0,0,0,0,1,0,35,0,6,10,10,7,12.142857142857142,0,4,9,9,4,12.25,0,7.6,2.6,0.32,0
1,12,1,6,1,1,1,22,26,12,8,0,0,0,1,1,0,28,0,0,5,8,3,12.0,0,0,5,10,3,11.333333333333334,0,7.6,2.6,0.32,0
1,8,1,14,1,1,1,1,1,5,4,0,0,0,1,1,0,24,0,0,6,6,4,11.25,0,0,6,9,4,10.428571428571429,0,10.8,1.4,1.74,1
1,1,3,15,1,1,1,19,1,6,11,1,0,0,0,1,0,19,0,0,4,8,0,0.0,1,0,6,0,0,0.0,0,9.4,-0.8,-3.12,0
1,8,1,14,1,1,1,1,1,5,9,0,0,1,0,1,0,20,0,0,6,7,5,12.4,0,0,6,8,4,13.0,0,13.9,-0.3,0.79,1
1,1,1,5,1,1,1,3,14,5,5,1,0,0,1,1,1,20,0,0,6,6,6,12.833333333333334,0,0,6,8,6,12.666666666666666,2,16.2,0.3,-0.92,2
1,1,1,7,1,1,1,22,27,10,7,0,0,0,1,1,0,19,0,0,5,7,1,13.0,0,0,5,7,2,10.0,0,9.4,-0.8,-3.12,1
1,12,1,6,1,1,1,25,1,6,7,0,0,1,0,1,0,37,0,5,7,7,5,12.0,0,3,7,7,3,11.666666666666666,0,8.9,1.4,3.51,0
1,1,1,11,1,1,1,22,28,10,9,1,0,0,1,1,0,19,0,0,6,13,2,12.0,0,0,6,12,1,13.0,0,7.6,2.6,0.32,0
1,12,1,12,1,1,1,22,27,10,9,0,0,0,1,1,0,36,0,0,7,18,0,0.0,0,0,7,7,0,0.0,0,13.9,-0.3,0.79,0
1,12,1,9,1,9,1,22,27,10,10,0,0,0,1,1,0,29,0,0,5,0,0,0.0,0,0,5,0,0,0.0,0,9.4,-0.8,-3.12,0
1,12,1,4,1,1,1,23,27,10,5,0,0,0,1,1,0,30,0,0,6,10,6,11.375,0,0,6,10,5,11.6,0,13.9,-0.3,0.79,2
1,16,1,14,1,12,1,2,1,4,11,0,0,1,1,1,0,32,0,1,6,15,2,12.0,0,0,6,7,0,0.0,0,11.1,0.6,2.02,0
1,1,1,3,0,1,1,3,1,3,10,1,0,0,1,1,0,26,0,0,6,6,6,11.833333333333334,0,0,6,6,6,11.666666666666666,0,10.8,1.4,1.74,1
2,15,1,4,1,14,1,22,27,5,8,0,0,0,1,1,0,37,0,0,6,17,1,12.0,0,0,6,23,2,10.5,1,16.2,0.3,-0.92,0
1,12,1,7,1,1,1,1,10,5,4,0,0,0,1,1,0,27,0,1,6,7,3,12.0,0,2,6,7,2,11.0,0,13.9,-0.3,0.79,0
1,1,1,15,1,1,1,23,1,6,8,1,0,0,1,1,1,18,0,0,6,7,6,12.714285714285714,0,0,6,8,5,11.833333333333334,0,13.9,-0.3,0.79,2
1,1,1,12,1,1,1,23,27,10,10,0,0,0,1,1,1,18,0,0,8,8,8,15.3,0,0,8,8,8,15.3,0,9.4,-0.8,-3.12,2
2,12,2,4,1,12,1,23,14,5,2,0,0,0,0,1,0,32,0,2,8,12,2,11.5,2,0,7,9,0,0.0,0,15.5,2.8,-4.06,0
1,15,1,7,1,14,1,3,14,4,5,0,0,0,1,1,0,20,0,0,5,12,1,13.0,0,0,5,8,3,12.6,0,12.4,0.5,1.79,1
1,14,1,4,1,1,1,3,3,2,3,0,0,0,1,1,0,22,0,0,6,12,0,0.0,0,0,6,10,0,0.0,0,16.2,0.3,-0.92,0
4,12,1,12,1,1,1,1,14,4,4,0,0,0,1,0,0,32,0,0,7,0,0,0.0,0,0,8,0,0,0.0,0,12.4,0.5,1.79,0
1,1,1,9,1,1,1,1,27,10,10,1,0,0,1,0,0,21,0,0,5,8,4,11.0,0,0,5,8,5,12.0,0,7.6,2.6,0.32,1
1,8,4,14,1,1,1,1,1,5,8,0,0,0,0,0,0,19,0,0,6,7,3,12.666666666666666,0,0,6,10,5,13.125,0,10.8,1.4,1.74,0
1,1,1,15,1,1,1,13,1,10,10,1,0,0,1,0,1,18,0,0,6,6,6,13.5,0,0,6,6,6,14.0,0,8.9,1.4,3.51,2
1,1,4,9,1,1,1,1,1,10,8,1,0,0,1,0,1,18,0,0,5,7,5,12.0,0,0,5,10,5,11.4,0,8.9,1.4,3.51,2
1,4,1,9,1,2,1,3,27,3,6,1,0,1,0,0,0,38,0,0,5,6,0,0.0,0,0,5,5,0,0.0,0,15.5,2.8,-4.06,0
1,8,3,16,1,1,1,19,24,1,1,1,0,0,1,0,0,21,0,0,6,8,5,11.8,0,0,6,8,4,10.5,0,7.6,2.6,0.32,0
1,1,1,10,1,1,1,19,27,6,6,0,0,0,0,0,0,21,0,0,6,12,2,11.5,0,0,6,13,1,13.0,0,9.4,-0.8,-3.12,0
1,1,1,17,0,1,1,22,27,10,4,0,0,0,1,1,0,26,0,0,5,11,2,11.5,0,0,5,10,3,12.0,0,7.6,2.6,0.32,1
1,1,4,12,1,1,1,13,28,10,4,1,0,0,1,0,0,19,0,0,7,7,6,14.616666666666667,0,0,7,7,6,14.616666666666667,0,7.6,2.6,0.32,2
1,1,6,12,1,1,1,13,27,10,10,1,0,0,1,0,1,19,0,0,8,8,7,14.06,0,0,8,8,7,14.06,0,10.8,1.4,1.74,1
1,8,1,11,1,1,1,1,1,10,11,0,0,1,1,0,0,18,0,0,6,9,4,11.0,0,0,6,12,3,11.333333333333334,0,7.6,2.6,0.32,0
1,4,1,9,1,3,1,22,27,10,10,0,0,0,1,0,0,25,0,0,5,0,0,0.0,0,0,5,0,0,0.0,0,12.7,3.7,-1.7,0
1,1,6,12,1,1,1,22,1,6,5,1,0,0,1,0,0,19,0,6,14,22,7,12.192307692307692,5,6,14,22,7,12.192307692307692,5,7.6,2.6,0.32,2
1,8,2,11,1,1,1,1,14,10,10,1,0,0,1,0,1,18,0,0,6,6,6,12.833333333333334,0,0,6,7,6,12.333333333333334,0,13.9,-0.3,0.79,2
1,8,1,9,1,1,1,22,27,10,8,0,0,0,1,0,1,19,0,0,5,8,5,12.875,0,0,5,6,5,11.833333333333334,0,13.9,-0.3,0.79,2
1,1,1,10,1,1,1,13,28,10,8,1,0,0,1,0,1,22,0,0,6,6,6,12.166666666666666,0,0,6,6,6,12.5,0,12.4,0.5,1.79,2
1,15,1,4,1,14,1,23,28,7,7,1,0,0,1,0,0,21,0,0,6,11,6,13.428571428571429,0,0,6,12,6,12.857142857142858,0,15.5,2.8,-4.06,2
1,8,1,6,1,1,1,13,27,10,10,1,0,0,1,0,1,21,0,0,6,6,6,14.5,0,0,6,8,6,14.666666666666666,0,8.9,1.4,3.51,2
1,1,1,16,1,1,1,23,28,4,8,0,0,0,1,0,1,20,0,0,7,7,7,12.142857142857142,0,0,7,7,7,12.857142857142858,0,11.1,0.6,2.02,2
2,1,1,9,1,1,1,13,27,10,10,0,0,0,1,0,0,19,0,0,5,6,4,11.25,0,0,5,10,3,11.714285714285714,0,10.8,1.4,1.74,1
1,1,4,12,1,1,1,13,14,10,4,1,0,0,1,0,0,18,0,0,7,7,6,13.9,0,0,7,7,6,13.9,0,7.6,2.6,0.32,2
1,12,1,12,1,1,1,13,14,10,9,0,0,0,1,0,0,26,0,0,7,12,3,13.766666666666666,0,0,7,11,3,12.066666666666668,0,13.9,-0.3,0.79,0
1,10,1,9,1,2,1,19,24,1,1,1,0,0,1,0,0,31,0,13,15,17,13,11.615384615384617,0,11,14,14,11,12.545454545454543,0,7.6,2.6,0.32,0
1,8,1,10,1,1,1,22,28,10,9,1,0,0,1,0,1,18,0,0,6,6,6,15.166666666666666,0,0,6,7,6,14.142857142857142,0,11.1,0.6,2.02,2
4,4,1,9,1,3,1,13,1,6,6,0,0,0,1,0,0,35,0,0,5,5,0,0.0,0,0,5,5,0,0.0,0,11.1,0.6,2.02,0
1,1,1,6,1,1,1,22,27,10,10,1,0,0,1,0,0,19,0,0,5,10,2,14.5,1,0,5,9,3,11.333333333333334,0,12.7,3.7,-1.7,1
1,1,1,10,1,1,1,13,28,8,8,0,0,0,1,0,1,19,0,0,6,9,5,10.8,0,0,6,8,6,10.714285714285714,0,15.5,2.8,-4.06,2
1,1,2,12,1,1,1,3,1,5,4,0,0,0,1,0,0,18,0,0,7,7,7,13.995714285714287,0,0,8,9,8,14.955555555555556,0,11.1,0.6,2.02,2
1,8,1,6,1,1,1,23,28,5,10,0,0,0,1,0,0,20,0,0,6,8,6,13.285714285714286,0,0,6,16,6,11.8,0,12.4,0.5,1.79,2
1,1,4,2,1,1,1,1,1,10,6,1,0,0,1,0,1,19,0,6,12,12,12,12.75,0,4,11,16,11,13.25,0,8.9,1.4,3.51,2
1,14,1,10,1,1,1,13,27,6,6,0,0,0,1,0,1,21,0,0,6,15,2,10.5,0,0,6,8,5,12.4,0,10.8,1.4,1.74,1
1,8,1,16,1,1,1,23,28,10,10,0,0,1,1,0,1,18,0,0,7,7,7,12.714285714285714,0,0,7,7,7,12.285714285714286,0,16.2,0.3,-0.92,2
1,13,1,12,1,1,1,13,14,5,10,0,0,0,1,0,0,23,0,0,8,8,8,12.88625,0,0,8,8,8,12.88625,0,9.4,-0.8,-3.12,2
1,1,1,5,1,1,1,1,1,10,10,0,0,0,1,0,1,21,0,0,6,7,5,13.0,0,0,6,6,6,12.666666666666666,0,16.2,0.3,-0.92,2
1,1,1,9,1,1,1,22,28,10,10,0,0,0,1,0,1,19,0,0,5,7,5,12.2,0,0,5,6,5,11.2,0,11.1,0.6,2.02,2
1,1,2,9,1,1,1,23,14,4,8,1,0,0,1,0,0,19,0,0,5,8,4,12.8,0,0,5,10,3,14.5,0,10.8,1.4,1.74,1
1,17,1,6,1,16,1,13,27,5,10,1,0,0,1,0,0,20,0,7,11,15,11,13.785714285714286,0,4,9,9,9,13.88888888888889,0,8.9,1.4,3.51,2
1,14,1,9,1,1,1,3,14,3,10,0,0,0,1,0,0,18,0,0,5,5,0,0.0,0,0,5,9,4,13.25,2,16.2,0.3,-0.92,1
1,1,1,12,1,1,1,22,27,10,8,1,0,0,1,0,1,18,0,0,8,8,8,14.50125,0,0,8,8,8,14.50125,0,9.4,-0.8,-3.12,2
2,1,5,12,1,1,1,1,14,5,5,0,0,0,1,0,0,19,0,0,7,7,6,14.35,0,0,7,7,6,14.35,0,7.6,2.6,0.32,2
1,8,1,5,1,1,1,23,14,6,6,0,0,0,1,0,1,21,0,0,6,6,6,11.5,0,0,6,6,6,12.333333333333334,0,9.4,-0.8,-3.12,2
1,1,1,10,1,1,1,23,28,10,10,1,1,0,1,0,1,18,0,0,6,8,6,11.714285714285714,0,0,6,6,6,14.666666666666666,0,12.7,3.7,-1.7,2
1,1,1,14,1,1,1,22,14,8,8,0,0,0,1,0,0,20,0,0,6,9,6,13.571428571428571,0,0,6,10,5,13.6,0,15.5,2.8,-4.06,1
1,1,1,15,1,1,1,13,28,10,6,0,0,0,1,0,0,18,0,0,6,6,5,13.0,0,0,6,6,6,13.666666666666666,0,12.7,3.7,-1.7,2
1,8,5,12,1,1,1,13,14,10,8,1,0,0,1,0,1,18,0,0,7,8,7,13.56875,0,0,8,8,8,14.02625,0,15.5,2.8,-4.06,2
2,14,1,17,0,1,1,22,27,10,10,0,0,0,1,0,0,32,0,1,5,5,5,10.2,0,0,5,9,4,11.25,0,9.4,-0.8,-3.12,1
1,8,2,2,1,1,1,3,3,4,4,1,0,0,1,0,0,18,0,0,0,0,0,0.0,0,0,0,0,0,0.0,0,13.9,-0.3,0.79,2
1,7,3,16,1,1,1,13,27,10,10,1,0,0,1,0,0,19,0,0,6,8,5,12.2,0,0,6,8,5,11.8,0,10.8,1.4,1.74,1
1,1,3,12,1,1,1,1,14,10,4,1,0,0,1,0,1,18,0,0,8,8,8,14.15375,0,0,8,8,8,14.15375,0,9.4,-0.8,-3.12,2
1,1,6,12,1,1,1,1,1,5,6,0,0,0,0,0,0,18,0,0,8,8,0,0.0,8,0,8,8,0,0.0,8,9.4,-0.8,-3.12,0
1,1,5,15,1,1,1,13,28,4,6,1,0,0,1,0,0,20,0,0,6,7,6,13.833333333333334,0,0,6,6,6,12.833333333333334,0,11.1,0.6,2.02,2
1,3,1,14,1,1,1,1,10,5,5,1,0,0,1,0,0,19,0,0,6,7,6,13.428571428571429,0,0,6,6,4,14.0,0,12.4,0.5,1.79,1
1,8,4,12,1,1,1,23,27,10,6,1,0,0,1,0,0,19,0,0,8,8,7,12.454285714285716,0,0,8,8,7,12.454285714285716,0,10.8,1.4,1.74,2
1,8,1,9,1,1,1,23,28,8,6,0,0,0,1,0,0,18,0,0,5,9,1,11.0,1,0,5,10,0,0.0,0,9.4,-0.8,-3.12,1
1,1,4,12,1,1,1,1,14,5,8,1,0,0,1,0,0,18,0,0,7,0,0,0.0,0,0,8,0,0,0.0,0,15.5,2.8,-4.06,0
1,8,3,12,1,1,1,1,14,8,9,1,0,0,1,0,1,18,0,0,7,8,6,13.271666666666668,0,0,8,11,7,12.94375,0,12.4,0.5,1.79,2
1,8,6,12,1,1,1,3,28,3,10,1,0,0,1,0,0,20,0,0,7,8,6,13.548333333333334,0,0,8,11,6,14.775,0,11.1,0.6,2.02,1
1,1,1,15,1,1,1,3,3,3,6,0,0,0,1,0,0,19,0,0,6,6,6,12.166666666666666,0,0,6,6,6,12.5,0,16.2,0.3,-0.92,1
1,1,1,11,1,1,1,23,14,4,4,0,0,0,1,0,0,21,0,0,6,16,2,11.0,0,0,6,12,0,0.0,0,12.7,3.7,-1.7,0
1,1,1,16,1,1,1,23,27,10,10,1,0,0,1,0,1,19,0,0,7,7,7,13.285714285714286,0,0,7,7,7,14.428571428571429,0,11.1,0.6,2.02,2
1,8,1,10,1,1,1,13,28,5,10,1,0,0,1,0,1,20,0,0,6,6,6,13.333333333333334,0,0,6,7,6,14.0,0,15.5,2.8,-4.06,2
1,1,1,12,1,1,1,1,1,10,5,0,0,0,1,0,1,21,0,0,8,8,8,13.2575,0,0,8,8,8,13.2575,0,9.4,-0.8,-3.12,2
1,15,1,6,1,14,1,22,28,10,7,1,0,0,1,0,0,23,0,0,6,7,0,0.0,0,0,6,7,0,0.0,0,11.1,0.6,2.02,0
1,8,1,10,1,1,1,1,28,6,9,0,0,0,0,0,1,18,0,0,6,10,6,12.666666666666666,0,0,6,6,2,11.5,0,12.7,3.7,-1.7,0
2,12,1,17,0,3,1,3,1,2,11,0,0,0,1,0,0,30,0,0,5,5,5,14.6,0,0,5,5,5,15.4,0,12.7,3.7,-1.7,0
1,1,1,6,1,1,1,7,14,5,2,1,0,0,1,0,0,20,0,0,5,13,0,0.0,5,0,5,5,0,0.0,5,9.4,-0.8,-3.12,0
2,14,2,9,1,1,1,22,27,10,10,0,0,0,0,0,0,29,0,3,5,7,3,12.333333333333334,0,0,5,8,0,0.0,0,10.8,1.4,1.74,0
1,9,1,9,1,1,1,23,28,6,6,1,0,0,1,0,0,24,0,0,5,5,5,10.8,0,0,5,11,2,11.0,0,10.8,1.4,1.74,1
1,1,1,10,1,1,1,13,1,5,4,1,0,0,1,0,0,20,0,0,6,7,6,11.666666666666666,0,0,6,10,6,11.333333333333334,0,7.6,2.6,0.32,2
1,14,1,3,0,1,1,22,27,10,10,0,0,0,1,0,0,27,0,0,6,6,4,12.5,0,0,6,6,6,14.333333333333334,0,13.9,-0.3,0.79,0
2,4,1,9,1,3,1,22,27,10,10,0,0,0,1,0,0,23,0,0,5,0,0,0.0,0,0,5,0,0,0.0,0,7.6,2.6,0.32,0
1,16,1,5,1,1,1,13,14,25,32,0,0,0,1,0,1,23,0,0,6,6,6,15.333333333333334,0,0,6,6,6,14.166666666666666,0,11.1,0.6,2.02,2
1,1,3,12,1,1,1,1,1,5,5,1,0,0,1,0,0,18,0,0,8,8,7,14.2,0,0,8,8,7,14.2,0,12.7,3.7,-1.7,2
1,1,1,15,1,1,1,23,28,10,8,1,0,0,1,0,1,19,0,0,6,6,6,14.833333333333334,0,0,6,6,6,14.666666666666666,0,12.7,3.7,-1.7,2
1,8,6,12,1,1,1,13,27,5,10,1,0,0,1,0,0,19,0,0,7,7,7,13.642857142857142,0,0,8,8,8,14.3875,0,13.9,-0.3,0.79,0
1,1,1,15,1,1,1,1,28,9,9,1,0,0,1,0,1,18,0,0,6,6,6,13.833333333333334,0,0,6,6,6,14.0,0,11.1,0.6,2.02,0
1,1,2,5,1,1,1,1,1,5,8,1,0,0,1,0,0,19,0,0,6,6,6,11.833333333333334,0,0,6,7,6,13.0,0,9.4,-0.8,-3.12,2
1,1,1,15,1,1,1,1,28,5,8,0,0,0,1,0,1,18,0,0,6,7,6,13.428571428571429,0,0,6,10,6,13.5,0,13.9,-0.3,0.79,2
1,14,1,17,0,1,1,22,27,10,9,1,0,0,1,0,0,29,0,8,13,16,8,10.5,0,8,12,19,9,10.333333333333334,0,9.4,-0.8,-3.12,1
1,12,2,13,1,12,1,22,27,4,8,0,0,0,1,0,0,24,0,0,7,10,6,11.416666666666666,0,0,8,9,8,11.9625,0,13.9,-0.3,0.79,2
1,8,2,13,1,1,1,22,28,10,9,1,0,0,1,0,0,19,0,0,7,16,2,12.75,0,0,7,12,2,11.0,0,8.9,1.4,3.51,0
1,8,1,13,1,1,1,1,28,5,10,0,0,0,1,0,0,19,0,0,7,10,6,11.15,0,0,7,7,7,12.814285714285717,0,12.7,3.7,-1.7,1
1,1,1,14,1,1,1,23,14,5,9,0,0,0,1,0,0,19,0,0,6,8,3,11.666666666666666,0,0,6,11,5,13.625,0,10.8,1.4,1.74,1
1,8,4,11,1,1,1,22,14,10,8,1,0,0,1,0,0,20,0,0,6,7,6,11.5,0,0,6,8,5,12.4,0,11.1,0.6,2.02,2
1,1,2,15,1,1,1,1,14,10,10,0,0,0,1,0,0,18,0,0,6,6,6,13.833333333333334,0,0,6,6,6,12.666666666666666,0,10.8,1.4,1.74,2
1,1,2,5,1,1,1,1,14,4,4,1,0,0,0,0,0,18,0,1,6,8,6,11.714285714285714,1,0,6,11,4,11.333333333333334,0,13.9,-0.3,0.79,0
1,1,5,12,1,1,1,13,1,10,6,1,0,0,1,0,1,19,0,0,7,8,7,11.678571428571429,0,0,8,10,7,13.0375,0,12.4,0.5,1.79,2
1,7,1,6,1,1,1,3,3,3,2,1,0,0,1,0,0,19,0,0,6,7,6,15.714285714285714,0,0,6,6,6,14.666666666666666,0,13.9,-0.3,0.79,0
1,1,1,2,1,1,1,1,14,6,9,1,0,0,1,0,1,18,0,0,0,0,0,0.0,0,0,0,0,0,0.0,0,13.9,-0.3,0.79,2
1,1,1,15,1,1,1,13,27,10,7,1,0,0,1,0,1,19,0,0,6,6,6,13.0,0,0,6,7,6,13.0,0,10.8,1.4,1.74,2
1,1,2,12,1,1,1,3,3,3,3,1,0,0,1,0,1,18,0,0,7,7,7,14.485714285714286,0,0,8,9,8,14.58888888888889,0,16.2,0.3,-0.92,2
1,12,1,17,0,1,1,22,27,10,10,0,0,0,1,0,0,24,0,0,5,9,5,12.285714285714286,0,0,5,8,5,12.125,0,16.2,0.3,-0.92,1
1,12,1,12,1,1,1,13,14,6,7,0,0,1,1,0,0,28,0,0,7,12,4,13.375,0,0,7,7,5,13.5,0,13.9,-0.3,0.79,1
1,13,1,12,1,1,1,1,1,5,5,0,0,0,1,0,0,20,0,1,8,8,7,11.571428571428571,0,1,8,8,7,11.571428571428571,0,12.7,3.7,-1.7,2
1,1,6,12,1,1,1,22,28,10,10,1,0,0,1,0,1,19,0,0,8,8,7,12.657142857142857,0,0,8,8,7,12.657142857142857,0,12.7,3.7,-1.7,2
1,8,1,9,1,1,1,22,27,10,10,0,0,0,0,0,0,22,0,0,5,9,2,10.0,1,0,5,11,1,10.0,0,9.4,-0.8,-3.12,0
1,1,1,10,1,1,1,13,1,7,6,1,0,0,1,0,0,19,0,0,6,7,6,13.714285714285714,0,0,6,6,6,13.166666666666666,0,12.7,3.7,-1.7,2
1,4,1,10,1,3,1,22,27,10,10,1,0,0,1,0,0,36,0,10,14,21,13,13.071428571428571,0,4,11,16,11,13.0,0,16.2,0.3,-0.92,2
1,15,1,4,1,14,1,22,28,10,8,0,0,0,1,0,1,19,0,0,6,7,6,15.333333333333334,0,0,6,9,6,14.0,0,15.5,2.8,-4.06,2
1,8,1,10,1,1,1,4,3,2,2,0,0,0,1,0,0,18,0,0,6,9,5,11.571428571428571,0,0,6,8,6,12.142857142857142,0,16.2,0.3,-0.92,2
4,14,4,17,0,9,1,22,27,10,10,0,0,0,0,0,0,40,0,0,5,10,0,0.0,0,0,5,5,0,0.0,0,7.6,2.6,0.32,0
1,1,2,12,1,1,1,23,27,10,8,1,0,0,1,0,1,19,0,0,7,7,6,12.9,0,0,7,7,6,12.9,0,7.6,2.6,0.32,2
4,14,1,12,1,1,1,22,27,10,10,0,0,0,1,0,0,38,0,1,8,12,5,13.126,1,1,8,12,5,13.126,1,10.8,1.4,1.74,1
1,4,1,6,1,3,1,22,27,8,8,0,0,0,1,0,0,32,0,4,10,20,4,11.5,2,3,9,13,3,11.666666666666666,2,15.5,2.8,-4.06,0
1,1,1,16,1,1,1,1,27,10,10,1,0,0,1,0,0,19,0,0,6,11,3,10.333333333333334,0,0,6,10,5,11.8,0,9.4,-0.8,-3.12,1
1,8,3,5,1,1,1,3,1,5,5,1,0,0,1,0,0,19,0,0,6,6,6,13.5,0,0,6,7,6,13.428571428571429,0,8.9,1.4,3.51,2
2,12,1,9,1,1,1,22,27,10,10,0,0,0,1,0,0,35,0,0,1,1,0,0.0,1,0,5,0,0,0.0,0,10.8,1.4,1.74,0
1,1,1,9,1,1,1,23,14,4,11,1,0,0,1,0,0,20,0,0,5,5,4,12.0,0,0,4,4,2,11.5,0,7.6,2.6,0.32,1
1,8,1,16,1,1,1,13,14,4,5,0,0,0,1,0,0,29,0,2,8,10,7,11.142857142857142,0,2,8,11,8,11.375,0,12.7,3.7,-1.7,2
1,1,1,17,0,1,1,22,27,10,10,0,0,0,1,0,0,29,0,0,5,11,5,11.4,0,0,5,10,4,10.25,0,15.5,2.8,-4.06,1
1,1,5,12,1,1,1,22,27,8,8,1,0,0,1,0,1,19,0,0,8,8,7,12.771428571428572,1,0,8,8,7,12.771428571428572,1,9.4,-0.8,-3.12,1
1,1,6,12,1,1,1,23,14,8,10,1,0,0,1,0,1,18,0,0,8,8,7,13.79857142857143,0,0,8,8,7,13.79857142857143,0,10.8,1.4,1.74,2
2,12,1,3,0,12,1,23,14,1,11,0,0,1,0,0,0,25,0,0,6,7,6,13.333333333333334,0,0,6,6,6,13.5,0,7.6,2.6,0.32,2
4,12,1,3,0,12,1,22,27,10,10,0,0,1,0,0,0,50,0,0,6,11,0,0.0,0,0,5,6,0,0.0,0,8.9,1.4,3.51,0
2,1,1,9,1,1,1,19,24,1,1,0,0,0,1,0,0,24,0,14,15,17,14,11.357142857142858,0,13,14,15,13,12.846153846153848,0,7.6,2.6,0.32,0
1,1,5,7,1,1,1,23,14,6,4,0,0,0,1,0,0,18,0,0,5,11,0,0.0,0,0,5,8,0,0.0,0,9.4,-0.8,-3.12,0
1,8,1,6,1,1,1,23,28,29,38,1,0,0,1,0,0,20,0,0,6,13,6,15.692307692307692,0,0,6,13,5,14.428571428571429,0,15.5,2.8,-4.06,2
1,7,1,4,1,1,1,1,27,5,10,1,0,1,1,0,1,20,0,13,18,19,18,15.052631578947368,0,11,13,13,13,14.538461538461538,0,15.5,2.8,-4.06,2
1,14,1,17,0,1,1,22,27,10,10,0,0,0,1,0,0,21,0,6,10,20,6,11.5,0,5,10,17,5,12.4,0,9.4,-0.8,-3.12,0
1,12,1,10,1,1,1,23,1,10,4,0,0,1,1,1,0,28,0,2,8,15,7,11.0,0,0,6,17,1,10.0,0,10.8,1.4,1.74,1
1,1,1,11,1,1,1,23,27,10,8,0,0,0,1,1,1,19,0,0,6,6,6,13.0,0,0,6,6,6,13.166666666666666,0,12.4,0.5,1.79,2
1,1,1,12,1,1,1,22,27,10,8,0,0,0,1,1,1,18,0,0,8,8,8,12.93875,0,0,8,8,8,12.93875,0,9.4,-0.8,-3.12,2
1,8,1,2,1,1,1,22,27,10,10,0,0,0,1,1,0,22,0,0,0,0,0,0.0,0,0,0,0,0,0.0,0,12.7,3.7,-1.7,2
1,15,1,4,1,14,1,22,27,10,11,0,0,0,1,1,0,25,0,0,6,6,0,0.0,0,0,6,8,0,0.0,0,15.5,2.8,-4.06,0
2,12,1,12,1,1,1,22,27,10,10,0,0,0,0,1,0,37,0,0,7,10,5,13.0,0,0,7,9,5,12.88,0,11.1,0.6,2.02,0
1,12,1,12,1,1,1,22,27,8,8,0,0,0,0,1,0,38,0,0,7,11,5,12.18,0,0,7,11,4,11.8125,0,11.1,0.6,2.02,0
2,12,1,14,1,1,1,13,28,10,10,0,0,0,1,1,0,36,0,0,6,13,3,11.333333333333334,0,0,6,12,5,11.4,0,13.9,-0.3,0.79,0
1,1,2,12,1,1,1,13,1,10,10,1,0,0,1,1,0,18,0,0,8,8,7,13.0,0,0,8,8,7,13.0,0,12.7,3.7,-1.7,2
1,1,1,14,1,1,1,1,1,1,1,0,0,0,0,1,0,19,0,0,5,5,0,0.0,0,0,6,0,0,0.0,0,9.4,-0.8,-3.12,0
1,12,1,8,1,1,1,1,1,5,11,0,0,1,1,1,0,24,0,0,5,13,2,12.5,2,0,5,8,3,12.333333333333334,0,9.4,-0.8,-3.12,0
1,1,1,10,1,1,1,1,1,4,4,0,0,0,1,1,0,20,0,0,6,9,5,11.0,0,0,6,9,5,12.166666666666666,0,11.1,0.6,2.02,2
1,1,1,2,1,1,1,22,27,10,10,1,0,0,1,1,0,21,0,0,0,0,0,0.0,0,0,0,0,0,0.0,0,12.7,3.7,-1.7,0
2,14,3,17,0,1,1,22,27,10,10,1,0,0,1,1,0,32,0,0,5,5,0,0.0,0,0,5,5,0,0.0,0,7.6,2.6,0.32,0
2,12,1,17,0,12,1,23,28,8,9,0,0,0,1,1,0,39,0,0,5,9,0,0.0,0,0,5,5,1,10.0,0,12.7,3.7,-1.7,0
1,4,1,7,1,3,1,22,27,10,10,0,0,0,0,1,0,33,0,0,5,6,0,0.0,0,0,5,5,0,0.0,0,12.7,3.7,-1.7,0
1,8,2,14,1,1,1,22,28,6,9,0,0,0,1,1,1,20,0,0,5,5,5,12.4,0,0,5,5,4,10.75,0,9.4,-0.8,-3.12,2
1,1,1,4,1,1,1,23,14,10,8,0,0,0,1,1,0,19,0,0,6,8,6,15.5,0,0,6,10,6,14.1,0,16.2,0.3,-0.92,2
2,12,1,17,0,1,1,22,27,6,9,0,0,0,0,1,0,43,0,0,5,13,2,11.5,0,0,5,12,3,10.8,0,13.9,-0.3,0.79,0
2,14,1,17,0,1,1,22,27,8,9,0,0,0,1,1,0,49,0,0,5,7,4,13.333333333333334,0,0,5,9,4,11.6,1,16.2,0.3,-0.92,0
1,1,2,15,1,1,1,23,28,6,8,1,0,0,1,1,1,18,0,0,6,8,6,12.666666666666666,0,0,6,6,6,13.5,0,12.7,3.7,-1.7,2
1,12,1,4,1,1,1,1,27,29,44,0,0,0,1,1,0,27,0,0,6,6,0,0.0,0,0,6,6,0,0.0,0,11.1,0.6,2.02,1
1,1,1,9,1,1,1,1,14,10,10,1,0,0,1,1,1,19,0,0,5,8,5,12.6,0,0,5,9,5,13.6,0,8.9,1.4,3.51,0
1,12,1,5,1,1,1,22,27,10,11,0,0,1,1,1,1,45,0,0,6,6,6,13.5,0,0,6,6,0,0.0,0,16.2,0.3,-0.92,0
1,6,1,14,1,1,1,22,10,10,10,1,0,0,0,1,0,19,0,0,6,6,6,13.0,0,0,6,8,6,13.0,0,13.9,-0.3,0.79,2
1,15,1,4,1,14,1,1,3,10,7,0,0,0,1,1,1,21,0,0,6,15,6,11.714285714285714,0,0,6,8,4,11.75,0,13.9,-0.3,0.79,2
1,1,1,14,1,1,1,1,1,6,10,0,0,0,1,1,1,18,0,0,6,8,6,12.166666666666666,0,0,6,7,5,13.0,0,13.9,-0.3,0.79,2
1,8,3,9,1,1,1,22,27,6,8,0,0,0,1,1,0,18,0,0,5,10,0,0.0,1,0,5,13,0,0.0,0,9.4,-0.8,-3.12,0
1,8,1,11,1,1,1,22,27,6,2,0,0,0,0,1,0,29,0,0,6,12,0,0.0,0,0,6,6,0,0.0,6,9.4,-0.8,-3.12,0
1,1,1,14,1,1,1,1,1,5,10,0,0,0,1,1,0,19,0,0,5,6,5,11.5,0,0,5,5,5,11.6,0,9.4,-0.8,-3.12,2
1,1,1,9,1,1,1,13,14,10,8,1,0,0,1,1,1,18,0,0,5,7,4,11.25,0,0,5,6,4,12.25,0,12.4,0.5,1.79,1
1,15,1,5,1,14,1,1,1,10,10,0,0,0,1,1,1,22,0,2,7,7,7,12.285714285714286,0,5,9,10,8,12.375,0,12.4,0.5,1.79,2
1,8,6,12,1,1,1,1,1,5,4,1,0,0,1,1,1,18,0,0,7,7,7,12.718571428571428,0,0,8,11,8,12.805555555555555,0,11.1,0.6,2.02,0
1,15,1,8,1,14,1,1,14,5,8,0,0,0,1,1,0,20,0,2,6,12,5,12.4,0,1,6,11,2,15.0,0,13.9,-0.3,0.79,1
1,1,1,2,1,1,1,13,14,2,2,1,0,0,1,1,0,20,0,0,0,0,0,0.0,0,0,0,0,0,0.0,0,10.8,1.4,1.74,0
4,12,1,14,1,12,1,22,27,10,8,0,0,1,1,1,1,29,0,0,6,16,1,14.0,0,0,6,7,0,0.0,0,11.1,0.6,2.02,0
1,12,1,14,1,1,1,9,9,12,5,1,0,0,1,1,0,29,0,0,5,10,3,11.666666666666666,0,0,5,8,4,11.25,0,7.6,2.6,0.32,0
1,14,1,15,1,1,1,1,1,5,6,1,0,0,1,1,0,23,0,0,6,15,1,13.0,0,0,6,8,4,11.25,0,9.4,-0.8,-3.12,1
1,8,1,2,1,1,1,3,10,3,10,1,0,1,1,1,0,19,0,0,0,0,0,0.0,0,0,0,0,0,0.0,0,10.8,1.4,1.74,0
1,1,1,7,1,1,1,23,28,10,10,1,0,0,1,1,0,18,0,0,5,10,0,0.0,0,0,5,11,1,12.0,3,7.6,2.6,0.32,0
2,13,1,11,1,1,1,2,2,19,17,1,0,0,1,1,0,22,0,2,6,13,4,11.5,0,2,6,12,2,12.5,0,7.6,2.6,0.32,0
1,14,1,17,0,1,1,22,27,10,10,1,0,1,1,1,0,34,0,6,10,10,7,11.714285714285714,0,4,10,10,6,11.5,0,10.8,1.4,1.74,0
1,14,1,17,0,4,1,3,3,3,2,0,0,0,1,1,0,26,0,0,5,7,5,12.6,0,0,5,7,5,13.714285714285714,0,13.9,-0.3,0.79,2
1,8,1,2,1,1,1,22,27,8,10,1,0,0,1,1,0,24,0,12,17,19,13,11.642857142857142,0,12,17,25,12,11.25,0,11.1,0.6,2.02,0
1,1,1,14,1,1,1,1,1,10,9,1,0,0,1,1,1,17,0,0,6,8,6,14.875,0,0,6,8,6,13.428571428571429,0,11.1,0.6,2.02,2
1,14,4,14,1,1,1,3,3,5,5,0,0,0,1,1,0,21,0,0,5,11,2,10.0,0,0,5,10,3,10.333333333333334,0,9.4,-0.8,-3.12,1
2,12,1,17,0,1,1,1,4,5,3,0,0,0,1,1,0,34,0,0,5,5,5,14.2,0,0,5,5,5,14.6,0,12.7,3.7,-1.7,1
1,15,1,4,1,14,1,13,28,7,8,1,0,0,1,1,0,19,0,0,6,8,6,12.714285714285714,0,0,6,9,6,13.5,0,12.4,0.5,1.79,2
2,12,1,4,1,1,1,1,3,5,3,0,0,1,0,1,0,49,0,4,12,16,5,11.6,0,2,7,7,5,11.2,0,8.9,1.4,3.51,0
1,14,1,12,1,1,1,2,4,5,6,0,0,0,1,1,0,23,0,0,7,14,5,11.94,0,0,7,14,6,12.2,0,13.9,-0.3,0.79,0
1,9,3,7,1,1,1,1,14,10,9,1,0,0,1,1,0,18,0,0,5,10,4,11.6,0,0,5,9,3,14.2,0,12.4,0.5,1.79,0
1,1,1,12,1,1,1,10,1,5,11,0,0,0,1,1,0,20,0,0,7,9,5,12.7,0,0,8,9,7,13.475,0,13.9,-0.3,0.79,1
1,1,3,14,1,1,1,3,1,3,4,1,0,0,1,1,0,19,0,0,6,6,6,13.333333333333334,0,0,6,9,5,13.8,0,8.9,1.4,3.51,2
1,13,1,4,1,14,1,3,1,3,7,1,0,0,1,1,0,24,0,4,9,13,8,13.333333333333334,0,5,10,12,9,13.11111111111111,0,16.2,0.3,-0.92,1
1,1,1,9,1,1,1,1,28,5,8,1,0,0,1,1,0,18,0,0,5,5,5,13.4,0,0,5,5,5,15.0,0,8.9,1.4,3.51,2
2,12,1,11,1,12,1,19,24,1,1,0,0,1,0,1,0,45,0,0,6,12,0,0.0,0,0,6,12,0,0.0,0,9.4,-0.8,-3.12,0
1,12,1,17,0,1,1,19,24,1,1,1,0,0,1,1,0,30,0,0,5,5,2,11.0,0,0,5,5,0,0.0,0,7.6,2.6,0.32,0
1,16,1,17,0,14,1,1,4,5,11,0,0,0,1,1,0,28,0,13,15,17,13,12.0,0,9,13,13,9,11.333333333333334,0,8.9,1.4,3.51,0
1,12,1,17,0,1,1,22,27,10,10,0,0,0,1,1,0,40,0,0,5,0,0,0.0,0,0,5,0,0,0.0,0,12.7,3.7,-1.7,0
1,12,2,9,1,12,1,23,14,5,11,0,0,0,0,1,0,32,0,0,5,5,0,0.0,0,0,5,9,0,0.0,0,10.8,1.4,1.74,0
1,8,5,11,1,1,1,13,27,6,6,1,0,0,1,1,0,19,0,0,6,12,4,12.5,0,0,6,12,4,10.25,0,7.6,2.6,0.32,0
1,1,1,5,1,1,1,1,14,4,10,1,0,0,1,1,0,20,0,0,6,7,6,13.666666666666666,0,0,6,7,6,12.166666666666666,1,16.2,0.3,-0.92,2
1,8,1,7,1,1,1,1,3,5,3,0,0,0,1,1,0,18,0,0,5,10,1,10.0,0,0,5,7,0,0.0,0,9.4,-0.8,-3.12,0
1,8,1,14,1,1,1,23,27,10,10,0,0,0,0,1,0,20,0,0,6,6,6,11.5,0,0,6,9,2,13.0,0,10.8,1.4,1.74,0
1,12,1,17,0,1,1,22,28,10,5,0,0,0,1,1,0,39,0,0,5,7,4,12.25,0,0,5,7,4,12.75,0,15.5,2.8,-4.06,1
1,8,1,6,1,1,1,13,28,5,9,0,0,0,0,1,0,19,0,0,6,11,5,13.6,0,0,6,11,5,13.666666666666666,0,11.1,0.6,2.02,1
1,12,1,17,0,9,1,22,27,10,10,0,0,0,1,1,0,38,0,0,5,11,2,10.5,0,0,5,9,3,11.333333333333334,1,7.6,2.6,0.32,1
1,8,3,12,1,1,1,13,27,5,10,1,0,0,1,1,1,18,0,0,7,7,6,13.266666666666666,0,0,7,7,6,13.266666666666666,0,7.6,2.6,0.32,2
1,8,4,12,1,1,1,13,28,10,7,1,0,0,1,1,1,18,0,0,7,8,7,12.5125,0,0,8,8,8,14.1875,0,13.9,-0.3,0.79,2
2,14,1,8,1,7,1,19,24,1,1,0,0,0,1,1,0,28,0,0,5,9,0,0.0,0,0,5,5,0,0.0,0,7.6,2.6,0.32,0
1,12,1,14,1,1,1,22,27,10,10,1,0,0,0,1,0,31,0,0,6,14,0,0.0,0,0,6,6,0,0.0,0,12.7,3.7,-1.7,0
1,1,1,12,1,1,1,2,14,4,10,0,0,0,1,1,0,23,0,0,7,7,6,13.483333333333334,0,0,7,7,6,13.483333333333334,0,7.6,2.6,0.32,2
1,1,1,12,1,1,1,23,14,32,44,1,0,0,1,1,0,21,0,0,7,9,6,12.565,0,0,8,12,5,12.16,0,11.1,0.6,2.02,1
1,12,1,10,1,12,1,22,27,10,10,0,0,1,0,1,0,33,0,0,6,8,0,0.0,0,0,5,6,0,0.0,0,16.2,0.3,-0.92,0
1,14,1,9,1,1,1,22,27,6,4,0,0,0,1,1,0,22,0,0,5,9,3,13.0,0,0,5,9,3,11.666666666666666,0,12.7,3.7,-1.7,0
1,15,1,7,1,14,1,13,27,10,10,1,0,1,1,1,0,20,0,0,5,6,5,16.5,0,0,5,7,5,17.714285714285715,0,12.4,0.5,1.79,0
1,8,1,14,1,1,1,22,28,4,4,0,0,1,1,1,0,19,0,0,6,7,6,13.166666666666666,0,0,6,9,5,13.2,0,8.9,1.4,3.51,1
1,15,1,6,1,14,1,23,28,5,2,1,0,0,1,1,0,20,0,1,6,11,6,13.8,0,1,6,7,6,13.142857142857142,0,16.2,0.3,-0.92,2
1,12,1,11,1,9,1,22,27,6,8,1,0,0,1,1,0,25,0,0,6,7,6,11.166666666666666,0,0,6,11,4,11.8,0,9.4,-0.8,-3.12,1
1,12,1,4,1,1,1,1,1,10,5,0,0,0,0,1,0,25,0,0,6,0,0,0.0,0,0,6,0,0,0.0,0,13.9,-0.3,0.79,0
1,1,4,5,1,1,1,4,14,3,11,1,0,0,1,1,0,19,0,0,6,7,6,12.666666666666666,0,0,6,8,6,12.142857142857142,0,9.4,-0.8,-3.12,1
1,1,1,14,1,1,1,2,1,3,5,1,0,0,1,1,0,20,0,0,5,5,5,12.6,0,0,5,6,4,14.5,1,7.6,2.6,0.32,2
2,12,1,12,1,12,1,13,14,5,5,0,0,0,1,1,0,33,0,0,7,7,5,13.06,0,0,7,9,0,0.0,0,16.2,0.3,-0.92,1
1,8,5,15,1,1,1,1,27,6,6,1,0,0,1,1,0,19,0,0,6,7,6,13.833333333333334,0,0,6,8,6,13.625,0,7.6,2.6,0.32,2
1,12,1,8,1,12,1,19,24,13,13,0,0,0,1,1,0,31,0,0,5,5,0,0.0,0,0,5,5,0,0.0,0,7.6,2.6,0.32,0
1,15,1,7,1,14,1,3,28,3,4,0,0,1,0,1,0,24,0,2,6,6,2,16.0,0,2,7,7,2,16.0,0,8.9,1.4,3.51,0
1,15,1,7,1,14,1,13,3,4,5,0,0,1,0,1,0,23,0,0,5,5,0,0.0,0,0,5,5,0,0.0,0,15.5,2.8,-4.06,0
2,12,1,17,0,1,1,1,3,2,3,0,0,0,0,1,1,26,0,0,5,12,3,10.666666666666666,0,0,5,11,3,10.666666666666666,0,9.4,-0.8,-3.12,0
2,14,1,5,1,2,1,22,27,7,7,1,0,0,1,1,0,38,0,14,18,18,18,14.5,0,13,18,18,18,14.5,0,16.2,0.3,-0.92,2
1,1,6,7,1,1,1,13,14,8,4,1,0,0,1,1,1,20,0,0,5,6,5,14.0,0,0,5,7,5,13.8,0,8.9,1.4,3.51,2
1,8,5,7,1,1,1,1,14,10,10,1,0,0,1,1,0,20,0,0,5,10,3,13.333333333333334,0,0,5,11,5,13.571428571428571,0,12.4,0.5,1.79,2
1,12,1,6,1,12,1,3,1,3,6,0,0,0,1,1,0,25,0,0,6,0,0,0.0,0,0,6,0,0,0.0,0,10.8,1.4,1.74,0
1,8,2,5,1,1,1,1,14,22,29,1,0,0,1,1,0,19,0,0,6,9,5,12.0,0,0,6,10,4,11.2,0,8.9,1.4,3.51,2
1,8,1,7,1,1,1,1,28,5,6,0,0,0,1,1,0,18,0,0,5,6,5,16.2,0,0,5,8,5,16.0,0,8.9,1.4,3.51,2
1,14,1,17,0,9,1,10,10,10,10,0,0,0,1,1,0,28,0,7,13,13,7,10.285714285714286,0,5,11,13,5,10.6,0,10.8,1.4,1.74,0
1,1,2,7,1,1,1,13,14,10,10,1,0,0,1,1,0,18,0,0,5,5,0,0.0,0,0,5,5,0,0.0,0,9.4,-0.8,-3.12,1
1,1,1,11,1,1,1,1,28,10,10,1,0,0,1,1,1,20,0,0,6,7,6,13.571428571428571,0,0,6,8,6,13.166666666666666,0,8.9,1.4,3.51,2
1,1,1,8,1,1,1,4,3,4,4,0,0,0,1,1,0,18,0,0,6,7,6,14.285714285714286,0,0,6,9,6,14.857142857142858,0,11.1,0.6,2.02,2
1,8,3,9,1,1,1,1,1,4,4,1,0,0,1,1,0,19,0,0,5,7,5,10.2,0,0,5,6,4,10.5,0,12.4,0.5,1.79,2
1,13,1,12,1,1,1,13,14,10,10,0,0,1,1,1,0,24,0,0,8,16,2,10.25,1,0,8,16,2,10.25,1,12.7,3.7,-1.7,0
1,8,4,6,1,1,1,1,3,6,6,1,0,0,1,1,0,21,0,0,6,0,0,0.0,0,0,6,0,0,0.0,0,10.8,1.4,1.74,0
1,1,1,14,1,1,1,3,27,5,8,0,0,0,1,1,1,20,0,0,6,7,6,14.833333333333334,0,0,6,6,6,14.833333333333334,0,12.7,3.7,-1.7,2
1,15,1,4,1,14,1,13,1,10,9,1,0,0,1,1,0,21,0,0,6,12,5,13.625,0,0,6,6,5,12.6,0,13.9,-0.3,0.79,2
2,1,1,13,1,1,1,13,14,31,29,0,0,1,1,1,0,24,0,0,7,7,7,12.271428571428572,0,0,8,10,7,13.657142857142857,0,10.8,1.4,1.74,2
1,12,1,17,0,1,1,23,27,10,10,0,0,0,1,1,0,27,0,0,5,0,0,0.0,0,0,5,0,0,0.0,0,10.8,1.4,1.74,0
1,8,6,9,1,1,1,22,28,10,10,1,0,1,0,1,0,19,0,0,5,8,4,12.5,0,0,5,9,5,10.5,0,8.9,1.4,3.51,1
1,12,1,3,0,1,1,3,14,5,8,0,0,0,1,1,0,39,0,3,9,10,9,13.22222222222222,0,2,7,8,7,13.142857142857142,0,8.9,1.4,3.51,2
1,12,1,1,1,1,1,13,27,10,10,0,0,0,1,1,0,25,0,0,7,13,2,15.0,0,0,7,12,2,11.5,0,12.4,0.5,1.79,0
1,4,1,2,1,3,1,1,2,10,3,0,0,0,0,1,0,18,0,0,0,0,0,0.0,0,0,0,0,0,0.0,0,9.4,-0.8,-3.12,0
1,14,1,5,1,1,1,1,2,10,3,0,0,0,1,1,0,19,0,6,12,12,12,13.166666666666666,0,6,12,12,12,13.0,0,10.8,1.4,1.74,2
1,9,1,15,1,1,1,23,27,10,9,0,0,0,1,1,1,21,0,0,6,8,5,13.833333333333334,0,0,6,6,4,14.0,0,13.9,-0.3,0.79,2
1,4,1,17,0,15,1,1,3,5,3,0,0,0,1,1,0,27,0,0,5,0,0,0.0,0,0,5,0,0,0.0,0,8.9,1.4,3.51,0
1,1,3,9,1,1,1,1,1,6,4,1,0,0,1,1,0,19,0,0,5,6,0,0.0,0,0,5,6,0,0.0,0,7.6,2.6,0.32,1
1,8,3,12,1,1,1,3,1,3,8,1,0,0,1,1,0,18,0,0,8,8,7,13.154285714285717,0,0,8,8,7,13.154285714285717,0,10.8,1.4,1.74,1
1,4,1,14,1,3,1,16,27,4,4,1,0,0,1,1,0,27,0,7,12,12,9,12.333333333333334,0,6,11,11,6,13.166666666666666,0,9.4,-0.8,-3.12,0
1,1,3,15,1,1,1,13,28,9,4,1,0,1,1,1,0,18,0,0,6,6,6,13.0,0,0,6,7,5,11.8,0,12.7,3.7,-1.7,0
1,1,1,8,1,1,1,2,3,10,2,0,0,0,1,1,0,19,0,0,5,14,2,11.5,2,0,5,8,5,11.4,3,9.4,-0.8,-3.12,1
1,15,1,4,1,14,1,13,28,10,11,0,0,0,1,1,0,19,0,0,6,15,3,13.25,0,0,6,9,1,12.0,0,13.9,-0.3,0.79,0
1,15,1,4,1,14,1,13,1,2,2,0,0,0,1,1,0,22,0,0,6,12,3,13.333333333333334,0,0,6,12,3,12.75,0,15.5,2.8,-4.06,1
1,7,2,10,1,1,1,13,28,5,6,1,0,0,1,0,0,18,0,0,6,6,6,13.5,0,0,6,6,6,12.166666666666666,0,10.8,1.4,1.74,2
1,7,4,15,1,1,1,22,27,10,4,1,0,0,1,0,1,18,0,0,6,7,6,12.666666666666666,0,0,6,8,5,12.8,0,10.8,1.4,1.74,2
1,14,1,9,1,1,1,4,14,3,2,0,0,0,1,0,0,23,0,7,11,18,11,15.090909090909092,1,2,6,7,6,14.5,0,9.4,-0.8,-3.12,0
1,9,4,2,1,1,1,1,4,10,6,1,0,1,0,1,0,20,0,0,0,0,0,0.0,0,0,0,0,0,0.0,0,9.4,-0.8,-3.12,0
1,8,3,15,1,1,1,2,1,4,4,1,0,0,1,1,0,18,0,0,6,7,6,13.166666666666666,0,0,6,7,6,12.666666666666666,0,16.2,0.3,-0.92,2
1,1,4,15,1,1,1,13,14,10,8,1,0,0,1,1,0,18,0,0,6,6,6,12.833333333333334,0,0,6,8,6,12.833333333333334,0,12.4,0.5,1.79,2
1,8,3,7,1,1,1,1,14,20,44,1,0,0,1,1,0,18,0,0,5,7,5,11.8,0,0,5,9,3,12.0,0,8.9,1.4,3.51,1
1,8,2,15,1,1,1,13,1,10,10,1,0,0,1,1,0,20,0,0,6,6,6,11.833333333333334,0,0,6,6,6,12.166666666666666,0,12.7,3.7,-1.7,2
1,1,3,15,1,1,1,3,1,3,5,1,0,0,1,1,0,20,0,0,6,6,5,12.8,0,0,6,11,3,12.75,0,15.5,2.8,-4.06,2
1,15,1,5,1,14,1,1,1,5,5,0,0,0,1,1,0,21,0,2,7,7,5,11.8,0,5,9,9,5,11.0,0,12.4,0.5,1.79,0
1,14,1,2,1,1,1,13,14,10,5,0,0,0,1,1,0,22,0,0,0,0,0,0.0,0,0,0,0,0,0.0,0,13.9,-0.3,0.79,1
1,8,1,7,1,1,1,13,1,6,5,1,0,0,1,1,0,20,0,0,5,7,5,15.8,0,0,5,7,5,14.571428571428571,0,11.1,0.6,2.02,0
1,1,1,2,1,1,1,1,27,10,10,0,0,1,1,1,0,19,0,0,0,0,0,0.0,0,0,0,0,0,0.0,0,15.5,2.8,-4.06,1
1,15,1,7,1,14,1,23,14,10,6,1,0,0,1,1,0,19,0,0,5,9,2,12.5,0,0,5,10,3,11.6,0,12.4,0.5,1.79,1
1,8,1,14,1,1,1,1,1,5,5,1,0,0,1,1,0,20,0,0,6,9,6,14.666666666666666,0,0,6,7,6,13.857142857142858,0,8.9,1.4,3.51,2
1,15,1,6,1,14,1,13,27,6,8,1,0,0,1,1,0,19,0,2,6,10,4,12.5,0,1,6,16,2,12.0,0,12.4,0.5,1.79,0
1,1,1,7,1,1,1,1,10,4,4,1,0,0,1,1,0,19,0,0,5,7,3,12.0,0,0,6,10,2,10.5,0,11.1,0.6,2.02,0
1,6,1,7,1,1,14,2,2,3,3,0,0,1,1,1,0,24,1,2,8,8,7,13.142857142857142,0,1,6,8,6,11.833333333333334,0,8.9,1.4,3.51,1
1,8,1,14,1,1,1,13,1,6,5,0,0,1,1,1,0,18,0,0,6,6,3,12.666666666666666,0,0,6,11,4,11.142857142857142,0,10.8,1.4,1.74,0
1,1,1,7,1,1,1,13,14,10,9,0,0,0,0,1,1,18,0,0,5,6,5,15.0,0,0,5,6,5,14.2,0,8.9,1.4,3.51,1
1,1,1,10,1,1,1,13,28,10,8,1,0,1,1,0,0,18,0,0,6,7,5,13.6,0,0,6,7,5,11.8,0,8.9,1.4,3.51,0
1,8,5,15,1,1,1,1,1,8,8,1,0,0,1,0,0,18,0,0,6,6,6,12.5,0,0,6,6,6,13.833333333333334,0,8.9,1.4,3.51,2
1,8,1,10,1,1,1,13,27,10,10,1,0,0,1,0,1,21,0,0,6,7,6,13.333333333333334,0,0,6,7,6,13.5,0,12.4,0.5,1.79,2
1,6,1,6,1,1,14,22,27,10,10,0,0,0,1,0,0,18,1,0,6,13,4,12.25,0,0,6,15,5,11.0,0,11.1,0.6,2.02,0
1,1,1,12,1,1,1,1,14,4,4,1,0,0,1,0,1,18,0,0,7,7,7,15.101428571428572,0,0,8,8,8,16.09375,0,11.1,0.6,2.02,2
1,1,2,10,1,1,1,13,27,10,10,1,0,0,1,0,1,18,0,0,6,6,6,13.166666666666666,0,0,6,6,6,16.0,0,10.8,1.4,1.74,2
1,9,6,3,0,1,1,3,14,3,5,1,0,0,1,0,0,23,0,0,6,8,4,11.0,0,0,6,6,0,0.0,0,13.9,-0.3,0.79,0
1,1,2,9,1,1,1,3,14,3,5,1,0,0,1,0,0,21,0,0,5,9,3,11.666666666666666,0,0,5,9,4,11.75,0,8.9,1.4,3.51,2
1,1,1,10,1,1,1,13,28,8,6,0,0,0,1,0,0,20,0,0,6,13,1,10.0,0,0,6,13,1,13.0,0,9.4,-0.8,-3.12,1
1,8,1,3,0,1,1,19,24,1,1,1,0,0,1,0,0,26,0,4,7,15,7,11.571428571428571,0,2,6,14,2,11.0,0,7.6,2.6,0.32,0
1,1,6,15,1,1,1,1,14,5,5,1,0,0,1,0,1,18,0,0,6,6,6,12.166666666666666,0,0,6,10,5,11.2,0,7.6,2.6,0.32,1
1,1,1,2,1,1,1,3,27,10,10,1,0,0,1,0,0,18,0,0,0,0,0,0.0,0,0,0,0,0,0.0,0,16.2,0.3,-0.92,0
1,1,1,14,1,1,1,13,14,10,9,0,0,0,0,0,1,19,0,0,6,6,6,13.833333333333334,0,0,6,7,6,14.285714285714286,0,8.9,1.4,3.51,2
1,1,3,12,1,1,1,13,1,10,4,1,0,0,1,0,1,20,0,0,7,10,6,12.357142857142858,0,0,8,9,7,13.0,0,13.9,-0.3,0.79,2
1,1,3,15,1,1,1,23,14,8,8,1,0,1,0,0,0,19,0,0,6,7,6,12.166666666666666,0,0,6,10,2,10.333333333333334,0,16.2,0.3,-0.92,0
1,15,1,10,1,14,1,22,14,29,15,1,0,1,1,0,0,21,0,3,6,8,3,12.0,0,2,6,6,2,12.5,0,12.4,0.5,1.79,1
1,12,1,11,1,1,1,22,27,5,7,0,0,0,1,0,0,33,0,5,10,14,9,12.416666666666666,0,5,9,14,7,13.0,0,10.8,1.4,1.74,2
1,1,2,6,1,1,1,3,28,5,7,0,0,0,1,0,0,18,0,0,5,7,4,12.75,0,0,5,6,4,12.75,0,7.6,2.6,0.32,2
1,13,1,12,1,6,1,22,1,10,5,0,0,0,1,0,0,21,0,12,21,33,18,14.933333333333334,12,12,21,33,18,14.933333333333334,12,7.6,2.6,0.32,2
1,1,1,15,1,1,1,3,14,3,4,1,0,0,1,0,0,19,0,0,6,6,6,13.0,0,0,6,7,6,11.666666666666666,0,8.9,1.4,3.51,2
4,12,1,16,1,12,1,23,14,10,10,0,0,1,0,0,0,33,0,0,7,7,7,12.857142857142858,0,0,7,8,6,12.666666666666666,0,8.9,1.4,3.51,1
2,1,4,12,1,1,1,23,28,6,6,1,0,0,1,0,0,18,0,0,7,10,7,14.455000000000002,0,0,8,8,8,13.91,0,15.5,2.8,-4.06,2
1,1,1,14,1,1,1,1,14,5,5,0,0,0,1,0,1,18,0,0,6,8,6,14.0,0,0,6,7,6,13.285714285714286,0,11.1,0.6,2.02,2
1,1,3,15,1,1,1,13,28,5,5,1,0,0,1,0,1,20,0,0,6,6,6,13.5,0,0,6,7,6,12.666666666666666,0,11.1,0.6,2.02,2
1,1,2,11,1,1,1,22,27,7,7,1,0,0,0,0,0,20,0,0,6,0,0,0.0,0,0,6,0,0,0.0,0,11.1,0.6,2.02,0
1,8,2,3,0,1,1,13,1,2,2,0,0,0,1,0,1,20,0,0,6,6,6,11.666666666666666,0,0,6,12,5,14.0,0,10.8,1.4,1.74,2
1,8,1,6,1,1,1,1,27,5,10,1,0,0,1,0,1,19,0,0,5,6,4,12.0,0,0,5,8,5,13.333333333333334,1,10.8,1.4,1.74,2
1,1,3,10,1,1,1,23,27,9,9,1,0,0,1,0,1,19,0,0,6,7,6,11.714285714285714,0,0,6,6,6,11.833333333333334,0,13.9,-0.3,0.79,2
1,8,3,10,1,1,1,26,1,3,4,1,0,0,1,0,0,21,0,0,6,8,6,12.666666666666666,0,0,6,7,6,12.428571428571429,0,11.1,0.6,2.02,2
1,12,1,6,1,1,1,3,3,5,3,1,0,0,1,0,0,26,0,0,6,11,3,11.75,0,0,6,19,4,12.8,0,12.4,0.5,1.79,1
1,8,1,10,1,1,1,22,27,9,7,0,0,0,1,0,0,21,0,0,6,0,0,0.0,0,0,6,0,0,0.0,0,16.2,0.3,-0.92,0
1,1,4,12,1,1,1,13,28,6,6,1,0,0,1,0,0,18,0,0,8,8,7,12.328571428571427,0,0,8,8,7,12.328571428571427,0,12.7,3.7,-1.7,2
5,12,1,16,1,12,1,22,27,10,9,0,0,0,1,0,0,27,0,0,7,14,6,11.666666666666666,0,0,7,10,1,10.0,0,12.4,0.5,1.79,0
1,14,1,5,1,1,1,1,28,4,10,1,0,0,1,0,1,20,0,5,12,12,12,13.25,0,5,12,12,11,12.727272727272728,0,15.5,2.8,-4.06,2
1,14,1,14,1,14,1,13,3,8,11,0,0,0,1,0,0,21,0,0,6,8,5,11.833333333333334,0,0,6,8,4,13.25,2,16.2,0.3,-0.92,1
1,8,1,13,1,1,1,23,27,10,10,1,0,0,1,0,1,18,0,0,7,7,7,13.3,0,0,8,8,8,15.125,0,15.5,2.8,-4.06,2
1,15,1,6,1,14,1,1,14,10,10,1,0,0,1,0,0,20,0,1,6,13,6,12.555555555555555,0,1,6,11,5,11.8,0,16.2,0.3,-0.92,1
1,1,1,15,1,1,1,1,14,5,11,1,0,0,1,0,0,18,0,0,6,6,6,12.833333333333334,0,0,6,7,6,12.166666666666666,0,11.1,0.6,2.02,2
1,15,1,10,1,14,1,1,1,4,6,0,0,0,1,0,1,20,0,3,6,6,6,12.833333333333334,0,2,6,6,6,12.833333333333334,0,13.9,-0.3,0.79,2
1,1,2,6,1,1,1,1,14,5,11,1,0,0,1,0,1,19,0,0,5,10,3,12.666666666666666,1,0,5,7,3,13.0,0,12.7,3.7,-1.7,2
1,1,5,12,1,1,1,22,3,10,3,1,0,0,1,0,0,20,0,0,7,8,6,13.271428571428572,0,0,8,8,7,14.471428571428572,0,13.9,-0.3,0.79,2
1,1,1,17,0,1,1,13,27,6,9,0,0,0,1,0,1,20,0,0,5,5,5,12.4,0,0,5,6,5,12.833333333333334,0,10.8,1.4,1.74,2
1,15,1,6,1,14,1,23,1,6,6,0,0,0,1,0,0,20,0,0,5,10,2,14.5,1,0,5,7,4,11.25,0,12.7,3.7,-1.7,1
1,1,3,10,1,1,1,13,1,8,11,1,0,1,1,0,0,19,0,0,6,7,0,0.0,0,0,5,5,0,0.0,0,13.9,-0.3,0.79,0
1,1,1,15,1,1,1,3,3,15,20,0,0,0,1,0,0,18,0,0,6,7,6,14.285714285714286,0,0,6,8,6,13.25,0,8.9,1.4,3.51,2
1,1,1,6,1,1,1,23,28,10,11,1,0,0,1,0,0,18,0,0,5,7,3,12.333333333333334,0,0,5,9,5,12.6,0,10.8,1.4,1.74,2
1,8,1,12,1,1,1,23,27,10,9,1,0,0,1,0,1,19,0,0,7,10,6,12.583333333333334,0,0,8,8,7,12.671428571428573,0,13.9,-0.3,0.79,2
1,1,6,12,1,1,1,10,27,6,10,1,0,0,1,0,0,19,0,0,7,8,6,13.731666666666667,0,0,8,10,7,13.771428571428572,0,12.4,0.5,1.79,0
1,12,1,4,1,12,1,22,27,10,5,0,0,0,1,1,0,43,0,0,6,8,6,12.875,0,0,6,14,5,12.142857142857142,0,16.2,0.3,-0.92,1
2,13,1,5,1,1,1,22,17,1,5,0,0,0,1,1,0,47,0,8,10,14,8,14.625,0,5,7,7,5,13.4,0,9.4,-0.8,-3.12,0
1,13,1,9,1,1,1,19,24,13,13,1,0,0,0,1,0,23,0,0,3,3,0,0.0,0,0,2,2,0,0.0,0,7.6,2.6,0.32,0
1,1,1,10,1,1,14,13,14,10,10,1,0,1,1,0,1,19,1,0,6,8,6,12.666666666666666,0,0,6,7,6,12.666666666666666,0,8.9,1.4,3.51,2
1,13,1,12,1,1,1,3,3,3,3,1,0,0,1,0,0,20,0,0,8,11,6,12.491666666666667,0,0,8,11,6,12.491666666666667,0,12.7,3.7,-1.7,2
1,1,1,2,1,1,1,1,3,5,5,1,0,0,1,0,1,19,0,6,12,12,12,13.666666666666666,0,4,11,12,11,14.166666666666666,0,8.9,1.4,3.51,2
1,8,1,6,1,1,6,22,27,10,10,1,0,0,1,0,0,19,1,0,6,13,6,16.0,0,0,6,8,6,14.5,0,15.5,2.8,-4.06,2
1,15,1,6,1,14,1,13,27,5,8,1,0,0,1,0,0,19,0,2,6,8,6,14.142857142857142,0,1,6,7,6,13.0,0,13.9,-0.3,0.79,2
1,12,1,3,0,12,1,13,14,22,27,0,0,1,1,0,1,39,0,0,6,9,6,11.833333333333334,0,0,6,9,4,13.75,0,11.1,0.6,2.02,2
1,1,1,5,1,1,1,1,1,4,6,1,0,0,1,0,1,20,0,0,6,6,6,12.666666666666666,0,0,6,8,6,13.0,0,10.8,1.4,1.74,2
1,8,1,5,1,1,1,23,14,10,4,1,0,0,1,0,0,21,0,0,6,6,6,12.5,0,0,6,6,6,12.666666666666666,0,7.6,2.6,0.32,2
1,14,5,10,1,1,10,22,14,10,8,1,0,1,0,0,0,22,1,5,11,16,9,10.88888888888889,0,2,10,20,4,11.25,1,9.4,-0.8,-3.12,2
1,1,2,15,1,1,1,13,28,6,1,1,0,0,1,0,0,19,0,0,6,11,1,13.0,0,0,5,10,0,0.0,0,7.6,2.6,0.32,0
1,8,1,14,1,1,1,1,14,20,18,1,0,0,1,0,0,22,0,0,6,6,6,15.166666666666666,0,0,6,6,6,16.0,0,13.9,-0.3,0.79,2
1,3,2,16,1,1,1,13,14,4,4,1,0,0,1,0,1,19,0,0,6,8,6,12.666666666666666,0,0,6,7,6,12.0,0,12.7,3.7,-1.7,2
1,1,1,2,1,1,1,22,28,10,10,1,0,1,1,1,0,18,0,0,0,0,0,0.0,0,0,0,0,0,0.0,0,7.6,2.6,0.32,0
5,12,1,9,1,1,1,13,14,10,10,0,0,0,1,1,0,26,0,0,5,9,5,12.0,0,0,5,5,5,10.2,0,11.1,0.6,2.02,1
1,12,1,17,0,1,1,22,27,10,10,0,0,0,0,1,0,36,0,0,5,5,0,0.0,0,0,5,5,0,0.0,0,12.7,3.7,-1.7,0
1,9,1,2,1,1,1,13,2,6,6,1,0,1,1,1,1,20,0,0,0,0,0,0.0,0,0,0,0,0,0.0,0,12.4,0.5,1.79,2
2,12,1,9,1,1,1,22,27,10,8,0,0,0,1,1,0,30,0,0,5,8,2,11.0,0,0,5,6,4,11.5,0,15.5,2.8,-4.06,0
1,14,1,4,1,1,1,1,1,5,11,0,0,0,1,1,0,24,0,0,6,7,6,15.714285714285714,0,0,6,10,6,15.9,0,15.5,2.8,-4.06,0
1,1,1,9,1,1,1,19,24,1,1,0,0,0,1,1,0,26,0,11,15,15,11,10.818181818181818,0,12,14,15,11,11.636363636363637,1,7.6,2.6,0.32,0
1,1,1,9,1,1,1,13,28,10,8,0,0,0,0,1,0,19,0,0,5,16,1,12.0,0,0,5,6,0,0.0,0,13.9,-0.3,0.79,0
5,12,1,10,1,1,1,13,28,10,11,0,0,0,1,1,0,34,0,0,6,8,5,12.6,0,0,6,11,4,11.25,0,12.4,0.5,1.79,2
1,14,1,8,1,1,1,1,1,2,2,1,0,0,1,1,0,33,0,0,5,12,1,13.0,2,0,5,7,3,14.0,0,9.4,-0.8,-3.12,1
1,8,6,9,1,1,1,13,1,10,5,1,0,0,1,1,0,19,0,0,5,8,5,11.6,1,0,5,10,4,10.75,0,9.4,-0.8,-3.12,2
1,8,5,7,1,1,1,13,1,5,6,1,0,1,0,1,0,26,0,0,5,11,1,10.0,0,0,5,14,1,11.0,0,8.9,1.4,3.51,0
1,12,1,14,1,1,1,23,27,8,8,0,0,0,1,1,0,29,0,0,6,7,1,14.0,0,0,6,6,0,0.0,0,16.2,0.3,-0.92,0
1,8,5,7,1,1,1,13,27,10,8,1,0,0,1,1,1,19,0,0,5,9,5,12.6,0,0,5,8,2,12.5,0,8.9,1.4,3.51,0
1,8,1,2,1,1,1,1,1,10,10,1,0,0,1,1,0,18,0,0,0,0,0,0.0,0,0,0,0,0,0.0,0,12.7,3.7,-1.7,0
1,12,1,17,0,12,1,13,27,10,10,0,0,0,0,1,0,29,0,0,5,11,2,11.333333333333334,0,0,5,9,1,12.0,0,11.1,0.6,2.02,0
1,14,1,11,1,1,1,22,27,10,10,0,0,0,1,1,0,21,0,0,6,6,6,12.666666666666666,0,0,6,7,5,11.4,0,9.4,-0.8,-3.12,2
1,8,1,11,1,1,1,1,1,5,11,0,0,0,1,1,0,19,0,0,6,7,5,10.8,0,0,6,10,2,10.5,0,10.8,1.4,1.74,1
1,1,1,12,1,1,1,23,28,6,11,0,0,0,1,1,0,20,0,0,7,14,5,12.87857142857143,0,0,8,15,7,11.85625,0,15.5,2.8,-4.06,2
1,1,1,6,1,1,1,3,1,3,6,0,0,0,1,1,0,18,0,0,5,5,0,0.0,0,0,5,5,0,0.0,0,7.6,2.6,0.32,0
1,8,3,5,1,1,1,23,27,6,6,1,0,0,1,1,0,18,0,0,6,6,6,12.833333333333334,0,0,6,8,5,11.4,0,15.5,2.8,-4.06,1
1,1,1,9,1,1,1,19,24,13,13,0,0,1,1,1,1,21,0,0,5,5,5,12.6,0,0,5,9,3,12.833333333333334,0,10.8,1.4,1.74,1
1,1,1,9,1,1,1,1,1,5,3,1,0,0,1,1,0,20,0,0,5,0,0,0.0,0,0,5,0,0,0.0,0,8.9,1.4,3.51,0
1,12,1,7,1,1,1,22,27,10,10,0,0,0,1,1,1,30,0,0,5,11,0,0.0,0,0,5,5,0,0.0,0,12.7,3.7,-1.7,0
1,9,2,14,1,1,1,22,28,5,2,1,0,0,1,1,0,19,0,0,6,6,6,14.166666666666666,0,0,6,6,6,14.0,0,13.9,-0.3,0.79,2
1,16,1,9,1,1,1,1,14,10,7,1,0,0,1,1,0,30,0,0,5,7,5,13.4,0,0,5,7,4,13.25,0,8.9,1.4,3.51,0
1,1,1,9,1,1,1,23,1,6,6,1,0,0,1,1,1,22,0,0,5,8,5,11.2,0,0,5,13,4,11.25,0,12.7,3.7,-1.7,2
1,8,3,2,1,1,1,22,27,6,11,1,0,0,1,1,0,22,0,0,0,0,0,0.0,0,0,0,0,0,0.0,0,12.4,0.5,1.79,2
1,8,4,5,1,1,1,1,1,10,11,1,0,1,0,1,0,19,0,0,6,6,6,12.666666666666666,0,0,6,8,5,11.8,0,11.1,0.6,2.02,0
1,8,2,14,1,1,1,1,14,6,4,1,0,0,1,1,0,21,0,0,5,7,3,12.333333333333334,0,0,5,5,4,11.25,0,7.6,2.6,0.32,0
1,8,4,6,1,1,1,23,28,23,30,0,0,0,1,1,0,21,0,0,5,7,4,12.25,0,0,5,7,5,12.0,0,7.6,2.6,0.32,2
1,15,1,2,1,14,1,13,28,10,10,1,0,1,1,1,1,21,0,0,0,0,0,0.0,0,0,0,0,0,0.0,0,15.5,2.8,-4.06,0
1,12,1,9,1,1,1,1,14,5,8,0,0,0,1,1,0,27,0,0,5,13,3,10.75,0,0,5,9,3,10.333333333333334,0,15.5,2.8,-4.06,0
1,14,1,1,1,1,1,22,27,2,2,1,0,0,1,1,0,32,0,0,7,7,0,0.0,0,0,7,8,0,0.0,0,13.9,-0.3,0.79,0
1,12,1,14,1,9,1,22,1,10,4,0,0,1,0,1,0,40,0,0,6,13,0,0.0,0,0,6,6,0,0.0,0,15.5,2.8,-4.06,0
1,1,2,9,1,1,1,22,1,6,4,1,0,0,1,1,0,20,0,0,5,9,2,14.333333333333334,0,0,5,10,2,12.5,0,7.6,2.6,0.32,1
1,15,1,8,1,14,1,4,4,3,11,1,0,0,1,1,0,20,0,1,5,8,2,11.5,0,1,5,13,2,11.5,0,12.7,3.7,-1.7,0
1,1,3,2,1,1,1,22,27,10,10,1,0,0,1,1,0,18,0,0,0,0,0,0.0,0,0,0,0,0,0.0,0,7.6,2.6,0.32,2
1,14,1,9,1,1,1,1,28,2,8,0,0,0,1,1,0,21,0,0,5,11,2,10.5,0,0,5,13,0,0.0,0,12.7,3.7,-1.7,0
1,8,1,14,1,1,1,13,27,6,9,0,0,0,1,1,0,18,0,0,6,6,6,13.5,0,0,6,0,0,0.0,0,12.7,3.7,-1.7,0
1,15,1,4,1,1,1,1,3,22,21,0,0,0,1,1,0,19,0,0,6,17,1,11.0,0,0,6,19,0,0.0,0,16.2,0.3,-0.92,1
5,4,1,5,1,3,1,22,27,8,8,0,0,0,0,1,0,30,0,0,6,6,1,10.0,0,0,6,6,0,0.0,0,15.5,2.8,-4.06,0
1,12,1,4,1,9,1,13,1,10,2,0,0,0,1,1,0,29,0,0,6,17,0,0.0,2,0,6,8,0,0.0,0,15.5,2.8,-4.06,0
1,8,2,7,1,1,1,1,1,5,5,1,0,1,1,1,0,18,0,0,5,10,1,12.0,0,0,5,7,3,10.666666666666666,2,7.6,2.6,0.32,0
1,1,2,14,1,1,1,1,1,10,10,1,0,0,1,1,1,18,0,0,5,6,4,12.25,0,0,5,5,5,12.2,0,9.4,-0.8,-3.12,0
1,15,1,4,1,14,1,1,1,4,11,0,0,0,1,1,0,22,0,4,10,21,5,11.4,1,2,7,13,6,11.666666666666666,0,15.5,2.8,-4.06,0
1,14,2,17,0,1,1,22,27,6,6,1,0,0,0,1,0,27,0,0,5,5,0,0.0,0,0,5,5,0,0.0,0,12.7,3.7,-1.7,0
1,8,6,14,1,1,1,23,1,10,8,1,0,0,1,1,0,20,0,0,6,8,4,14.25,0,0,6,10,5,14.0,0,10.8,1.4,1.74,2
1,16,1,3,0,2,1,13,28,10,11,0,0,0,1,1,0,42,0,8,12,12,11,14.454545454545457,0,7,11,11,10,14.2,0,11.1,0.6,2.02,2
1,1,1,4,1,1,1,23,28,5,9,0,0,1,1,1,0,21,0,8,12,13,12,14.538461538461538,0,4,12,14,12,14.461538461538462,0,15.5,2.8,-4.06,2
1,14,1,12,1,1,1,1,28,8,8,0,1,0,1,1,0,23,0,0,7,10,6,12.733333333333334,0,0,8,10,7,11.95,0,16.2,0.3,-0.92,2
1,16,1,5,1,1,1,23,28,10,10,1,0,0,1,1,0,21,0,4,12,13,5,13.2,0,4,12,12,4,13.5,0,8.9,1.4,3.51,0
1,1,3,2,1,1,1,4,3,2,2,1,0,0,1,1,0,19,0,0,0,0,0,0.0,0,0,0,0,0,0.0,0,12.7,3.7,-1.7,2
2,12,1,10,1,1,1,22,27,8,8,0,0,0,1,1,1,40,0,0,6,7,6,12.333333333333334,0,0,6,10,4,12.75,0,8.9,1.4,3.51,0
1,14,1,9,1,1,1,13,1,10,6,0,0,0,1,1,0,22,0,5,9,9,5,11.2,0,5,9,14,7,11.25,2,12.7,3.7,-1.7,0
1,1,2,12,1,1,1,23,27,10,10,1,0,0,1,1,0,19,0,0,7,7,6,13.2,0,0,7,7,6,13.2,0,7.6,2.6,0.32,2
1,12,1,7,1,1,1,13,27,10,10,0,0,0,1,1,1,24,0,0,5,8,5,11.833333333333334,0,0,5,8,4,14.0,0,12.7,3.7,-1.7,1
1,1,1,11,1,1,1,3,1,3,5,0,0,0,1,1,0,21,0,0,6,10,5,11.333333333333334,0,0,6,14,2,11.5,0,12.7,3.7,-1.7,1
1,8,4,7,1,1,1,3,1,10,4,1,0,0,1,1,0,18,0,0,5,5,5,13.6,0,0,5,6,5,14.6,0,8.9,1.4,3.51,2
1,8,3,7,1,1,1,22,27,10,8,0,0,0,1,1,0,18,0,0,5,10,0,0.0,0,0,5,10,2,11.5,4,7.6,2.6,0.32,0
1,16,1,14,1,1,1,3,1,4,11,0,0,0,1,1,0,24,0,0,6,11,5,12.857142857142858,0,0,6,12,5,13.666666666666666,0,11.1,0.6,2.02,0
1,12,1,7,1,1,1,22,14,10,4,0,0,0,1,1,1,28,0,0,5,16,3,14.333333333333334,0,0,5,9,5,12.428571428571429,0,9.4,-0.8,-3.12,1
1,8,1,14,1,1,1,13,28,8,10,1,0,0,1,0,1,19,0,0,6,9,5,13.5,0,0,6,6,6,14.0,0,12.4,0.5,1.79,2
1,16,1,6,1,15,1,3,3,5,3,0,0,0,1,0,0,28,0,0,6,8,6,14.428571428571429,0,0,6,12,4,15.6,0,11.1,0.6,2.02,1
1,8,3,16,1,1,1,10,1,5,1,1,0,0,1,0,0,18,0,0,6,12,0,0.0,0,0,6,12,0,0.0,0,7.6,2.6,0.32,0
1,1,1,2,1,1,1,3,1,5,4,1,0,0,0,0,0,19,0,0,0,0,0,0.0,0,0,0,0,0,0.0,0,16.2,0.3,-0.92,2
1,1,1,12,1,1,1,1,1,5,5,1,0,0,1,0,1,19,0,0,8,8,8,12.82875,0,0,8,8,8,12.82875,0,9.4,-0.8,-3.12,2
1,14,1,8,1,1,1,24,3,4,3,1,0,0,1,0,0,21,0,0,5,6,0,0.0,5,0,5,6,4,13.75,1,10.8,1.4,1.74,2
1,1,3,12,1,1,1,1,14,5,6,1,0,1,1,0,0,18,0,0,7,0,0,0.0,0,0,8,0,0,0.0,0,13.9,-0.3,0.79,0
1,1,4,5,1,1,1,3,14,2,6,1,0,0,1,0,0,19,0,0,6,6,6,14.666666666666666,0,0,6,6,6,13.166666666666666,0,9.4,-0.8,-3.12,2
1,8,2,12,1,1,1,23,28,8,8,1,0,0,1,0,0,19,0,0,8,8,7,13.937142857142858,0,0,8,8,7,13.937142857142858,0,10.8,1.4,1.74,2
1,1,1,5,1,1,1,3,1,3,11,1,0,0,1,0,0,20,0,7,12,12,10,14.7,0,8,12,12,12,14.583333333333334,0,15.5,2.8,-4.06,2
1,1,2,15,1,1,1,1,1,10,5,1,0,0,1,0,0,18,0,0,6,6,6,11.666666666666666,0,0,6,6,5,12.2,0,12.7,3.7,-1.7,2
1,14,4,12,1,6,1,22,27,10,10,1,0,0,1,0,0,20,0,0,7,7,6,14.85,0,0,7,7,6,14.85,0,7.6,2.6,0.32,2
1,12,1,6,1,12,1,13,27,8,12,0,0,0,1,0,0,26,0,0,5,11,1,12.0,1,0,5,12,0,0.0,4,10.8,1.4,1.74,0
1,9,4,12,1,1,1,3,1,4,5,1,0,0,1,0,0,18,0,0,7,8,7,13.6875,0,0,8,9,8,15.622222222222222,0,13.9,-0.3,0.79,0
1,12,1,3,0,1,1,22,27,10,10,0,0,0,1,0,0,58,0,0,6,14,5,12.4,0,0,6,10,5,11.6,0,9.4,-0.8,-3.12,2
1,1,2,12,1,1,1,1,3,5,4,0,0,0,1,0,0,18,0,0,7,10,7,13.398,0,0,8,8,8,13.5425,0,15.5,2.8,-4.06,2
1,15,1,6,1,1,1,1,1,5,4,1,0,0,1,0,0,20,0,0,6,13,5,11.8,0,0,6,19,4,12.0,0,12.4,0.5,1.79,1
1,8,1,17,0,1,1,23,27,7,8,0,0,0,1,0,0,20,0,0,5,0,0,0.0,0,0,5,0,0,0.0,0,11.1,0.6,2.02,0
1,2,1,9,1,1,1,22,27,10,10,1,0,0,1,0,0,29,0,13,15,19,13,11.76923076923077,0,12,14,17,14,11.928571428571429,0,9.4,-0.8,-3.12,2
1,4,1,10,1,3,1,1,1,5,11,0,0,1,0,0,0,27,0,0,6,8,0,0.0,0,0,5,6,0,0.0,0,16.2,0.3,-0.92,0
1,1,1,6,1,1,1,13,28,6,8,1,0,0,1,0,1,21,0,0,6,8,6,13.285714285714286,0,0,6,11,6,13.0,0,11.1,0.6,2.02,2
1,1,1,10,1,1,1,1,14,5,10,0,0,0,1,0,1,20,0,0,6,6,6,11.666666666666666,0,0,6,8,6,11.166666666666666,0,15.5,2.8,-4.06,2
1,8,1,10,1,1,1,13,28,4,8,0,0,0,1,0,1,19,0,0,6,13,6,11.5,0,0,6,9,5,12.2,0,11.1,0.6,2.02,2
1,1,1,12,1,1,1,22,28,7,7,1,0,0,1,0,1,22,0,0,7,9,6,13.081666666666669,0,0,8,12,6,13.15,0,11.1,0.6,2.02,2
1,9,3,5,1,1,1,23,27,10,8,1,0,0,1,0,1,19,0,0,6,6,6,12.666666666666666,0,0,6,6,6,13.0,0,15.5,2.8,-4.06,2
1,8,1,15,1,1,1,22,1,10,9,1,0,1,0,0,0,19,0,0,6,6,3,11.333333333333334,0,0,6,6,0,0.0,0,12.4,0.5,1.79,0
1,1,3,16,1,1,1,3,3,3,3,1,0,0,1,0,0,23,0,0,6,8,5,13.6,0,0,6,8,5,11.6,0,7.6,2.6,0.32,1
1,1,3,15,1,1,1,1,1,5,5,1,0,0,1,0,1,18,0,0,6,6,6,13.166666666666666,0,0,6,7,5,13.2,0,12.4,0.5,1.79,0
1,15,1,8,1,14,1,1,14,5,9,0,0,0,1,0,0,19,0,0,6,0,0,0.0,0,0,6,0,0,0.0,0,12.7,3.7,-1.7,0
1,15,1,4,1,14,1,1,1,5,4,1,0,0,1,0,0,20,0,0,6,10,5,11.666666666666666,0,0,6,7,5,12.6,0,12.4,0.5,1.79,2
1,1,4,10,1,1,1,1,28,10,8,1,0,0,1,0,1,19,0,0,6,6,6,13.5,0,0,6,7,6,13.428571428571429,0,11.1,0.6,2.02,2
1,12,1,6,1,12,1,22,27,10,10,1,0,1,0,0,1,26,0,0,6,7,0,0.0,0,0,6,6,0,0.0,0,13.9,-0.3,0.79,0
1,1,1,10,1,1,1,1,14,5,8,1,0,0,1,0,1,18,0,0,6,6,6,13.166666666666666,0,0,6,7,6,14.142857142857142,0,11.1,0.6,2.02,2
1,1,1,6,1,1,1,22,27,5,10,1,0,1,1,0,0,29,0,4,5,11,4,12.5,2,1,5,11,2,12.5,0,12.7,3.7,-1.7,0
1,15,1,4,1,14,1,3,1,3,7,1,0,0,0,0,0,20,0,0,6,10,6,13.375,0,0,6,10,6,13.0,0,16.2,0.3,-0.92,2
1,1,1,5,1,1,1,13,2,8,4,1,0,0,1,0,0,19,0,0,6,6,6,13.166666666666666,0,0,6,6,6,12.666666666666666,0,15.5,2.8,-4.06,2
1,15,1,6,1,14,1,1,1,5,5,1,0,0,1,0,0,23,0,1,6,12,4,13.4,0,1,6,17,2,13.5,0,12.4,0.5,1.79,1
1,14,1,13,1,1,1,2,3,4,3,0,0,0,1,0,0,25,0,2,7,10,3,13.0,0,1,8,10,3,11.666666666666666,4,10.8,1.4,1.74,1
1,9,1,12,1,1,1,3,3,2,2,1,0,0,1,0,0,18,0,0,8,8,7,13.154285714285717,0,0,8,8,7,13.154285714285717,0,10.8,1.4,1.74,2
1,1,3,5,1,1,1,1,28,5,8,1,0,0,1,0,1,19,0,0,6,6,6,12.833333333333334,0,0,6,6,6,12.833333333333334,0,9.4,-0.8,-3.12,2
1,8,2,16,1,1,1,1,14,6,6,1,0,0,1,0,0,18,0,0,7,10,7,12.142857142857142,0,0,7,7,7,13.142857142857142,0,12.4,0.5,1.79,2
1,1,2,12,1,1,1,1,14,5,5,1,0,0,1,0,1,19,0,0,7,9,5,13.34,0,0,7,9,6,12.385714285714286,0,12.4,0.5,1.79,1
1,4,1,3,0,15,1,22,14,10,4,0,0,0,1,0,0,36,0,6,10,15,4,13.0,0,5,9,10,4,13.75,0,8.9,1.4,3.51,0
1,15,1,4,1,14,1,1,28,5,10,0,0,0,1,1,1,20,0,0,6,18,3,12.0,0,0,6,17,3,11.666666666666666,0,15.5,2.8,-4.06,1
1,8,2,2,1,1,14,1,1,3,4,1,0,0,1,1,0,20,1,0,0,0,0,0.0,0,0,0,0,0,0.0,0,11.1,0.6,2.02,0
1,1,1,10,1,1,1,23,28,10,9,1,0,0,1,1,0,18,0,0,6,9,5,11.0,0,0,6,12,0,0.0,0,11.1,0.6,2.02,0
1,15,1,4,1,14,1,3,1,5,7,0,0,0,1,1,0,19,0,0,6,8,5,11.5,0,0,6,11,6,11.333333333333334,0,12.4,0.5,1.79,1
1,8,1,10,1,1,1,1,34,5,3,1,0,1,0,1,0,20,0,3,9,9,3,13.333333333333334,0,2,6,6,2,12.5,0,8.9,1.4,3.51,0
1,1,2,12,1,1,1,13,14,5,8,1,0,0,1,1,0,18,0,0,7,9,7,14.594444444444443,0,0,8,10,8,13.472,0,15.5,2.8,-4.06,2
1,15,1,8,1,14,1,3,1,4,7,1,0,1,1,1,0,20,0,2,6,9,4,11.0,0,1,6,13,3,10.666666666666666,0,12.4,0.5,1.79,0
1,9,1,7,1,1,1,13,1,12,4,1,0,1,0,1,0,24,0,0,5,8,0,0.0,0,0,5,5,0,0.0,0,9.4,-0.8,-3.12,0
1,8,1,15,1,1,1,13,28,6,8,1,0,0,1,1,0,19,0,0,6,6,0,0.0,0,0,6,0,0,0.0,0,8.9,1.4,3.51,0
1,8,1,7,1,1,1,13,14,8,10,1,0,0,1,1,0,18,0,0,5,9,1,12.0,0,0,5,10,2,12.0,3,7.6,2.6,0.32,0
1,1,3,7,1,1,1,4,28,3,8,1,0,0,1,1,0,18,0,0,5,8,5,14.0,0,0,5,6,5,13.2,0,8.9,1.4,3.51,2
1,1,1,11,1,1,1,1,14,5,5,0,0,0,1,1,0,18,0,0,6,8,6,13.571428571428571,0,0,6,7,5,11.8,0,8.9,1.4,3.51,2
1,14,2,14,1,1,1,3,14,2,8,1,0,0,1,1,0,22,0,0,6,12,0,0.0,0,0,6,6,0,0.0,0,16.2,0.3,-0.92,0
1,1,1,14,1,1,1,13,28,10,10,0,0,0,1,1,0,19,0,0,6,8,6,14.25,0,0,6,7,6,13.857142857142858,0,11.1,0.6,2.02,2
2,12,1,6,1,9,1,1,29,6,4,1,0,1,0,0,0,32,0,0,6,7,0,0.0,0,0,6,6,0,0.0,0,13.9,-0.3,0.79,0
1,8,1,16,1,1,1,19,14,1,4,1,0,0,1,0,1,21,0,0,6,12,0,0.0,0,0,6,12,0,0.0,0,7.6,2.6,0.32,0
1,9,1,12,1,1,1,22,27,7,7,1,0,0,1,0,1,19,0,0,8,8,7,13.542857142857144,0,0,8,8,7,13.542857142857144,0,12.7,3.7,-1.7,2
4,14,1,3,0,1,1,23,27,10,10,0,0,0,1,0,1,39,0,3,9,9,9,13.11111111111111,0,2,7,10,7,11.714285714285714,0,12.7,3.7,-1.7,2
1,14,1,3,0,8,1,19,24,1,1,1,0,0,1,0,0,30,0,3,9,11,9,12.666666666666666,0,2,7,7,7,12.142857142857142,0,7.6,2.6,0.32,2
1,1,1,9,1,1,1,1,14,6,6,1,0,0,1,0,0,18,0,0,5,10,4,10.75,1,0,5,13,2,10.0,0,9.4,-0.8,-3.12,0
2,14,1,17,0,1,1,22,27,10,10,1,0,0,1,0,0,38,0,4,10,14,4,10.75,0,2,10,10,2,10.0,0,7.6,2.6,0.32,0
1,1,3,5,1,1,1,19,27,6,8,1,0,0,1,0,0,20,0,0,6,6,6,13.666666666666666,0,0,6,6,6,13.333333333333334,0,9.4,-0.8,-3.12,2
1,12,1,3,0,12,1,19,24,1,1,0,0,0,1,0,0,55,0,0,6,6,6,13.833333333333334,0,1,6,6,6,12.833333333333334,0,7.6,2.6,0.32,2
4,11,1,5,1,2,1,19,24,1,1,0,0,0,1,0,0,53,0,15,18,18,17,13.176470588235292,0,13,18,18,16,13.0,0,7.6,2.6,0.32,0
2,12,1,3,0,1,1,19,24,1,1,0,0,0,1,0,0,54,0,0,6,8,4,12.75,0,0,6,12,5,12.6,0,7.6,2.6,0.32,0
1,14,1,12,1,1,1,22,27,10,8,1,0,0,1,0,1,18,0,0,7,8,5,12.86,0,0,7,8,5,12.86,0,7.6,2.6,0.32,1
1,12,1,3,0,1,1,22,27,10,9,0,0,1,0,0,0,44,0,2,8,12,4,12.0,2,2,7,9,4,12.0,2,8.9,1.4,3.51,0
1,14,1,10,1,1,1,22,27,10,7,1,0,0,1,0,0,28,0,8,11,11,9,11.666666666666666,0,8,11,13,9,12.555555555555555,0,10.8,1.4,1.74,2
1,4,1,3,0,17,1,13,14,10,5,0,0,0,1,0,0,37,0,12,14,14,14,16.5,0,8,11,11,11,16.90909090909091,0,8.9,1.4,3.51,2
1,14,1,10,1,1,1,11,12,12,12,1,0,0,1,0,0,20,0,8,10,14,9,12.333333333333334,0,3,7,10,7,11.77777777777778,0,7.6,2.6,0.32,2
1,1,3,12,1,1,1,13,3,4,3,1,0,0,1,0,0,18,0,0,7,8,7,12.59125,0,0,8,11,7,12.820000000000002,0,15.5,2.8,-4.06,1
1,1,1,10,1,1,1,13,14,10,10,1,0,0,1,1,0,19,0,0,6,9,4,11.5,0,0,6,12,3,11.0,0,8.9,1.4,3.51,0
1,8,1,4,1,1,1,23,27,6,10,1,0,0,1,1,1,23,0,17,18,19,18,11.894736842105264,0,12,13,13,13,12.923076923076923,0,15.5,2.8,-4.06,2
1,8,1,10,1,1,1,13,27,7,7,0,0,0,1,1,0,22,0,0,6,0,0,0.0,0,0,6,0,0,0.0,0,13.9,-0.3,0.79,0
1,12,1,11,1,1,1,3,14,4,6,0,0,0,0,1,0,24,0,0,6,0,0,0.0,0,0,6,0,0,0.0,0,11.1,0.6,2.02,0
1,15,1,4,1,14,1,4,4,5,3,1,0,0,1,1,0,22,0,0,6,13,5,13.0,0,0,6,13,2,11.5,0,12.4,0.5,1.79,1
1,12,1,4,1,1,1,1,28,6,7,0,0,0,1,1,0,26,0,0,6,9,0,0.0,0,0,6,6,0,0.0,0,13.9,-0.3,0.79,0
1,8,6,15,1,1,1,22,27,6,6,1,0,0,1,1,0,18,0,0,6,6,6,15.166666666666666,0,0,6,6,6,14.833333333333334,0,9.4,-0.8,-3.12,2
1,15,1,8,1,14,1,23,14,10,10,0,0,0,1,1,0,24,0,2,6,8,4,11.75,0,1,6,8,2,13.5,0,11.1,0.6,2.02,0
1,1,1,7,1,1,1,1,28,5,4,1,0,0,1,1,0,18,0,0,5,5,0,0.0,0,0,5,6,1,15.0,0,10.8,1.4,1.74,1
1,1,1,2,1,1,1,1,28,8,9,1,0,0,1,1,0,26,0,0,0,0,0,0.0,0,0,0,0,0,0.0,0,11.1,0.6,2.02,0
1,12,1,11,1,12,1,22,27,10,5,0,0,0,1,1,0,27,0,0,6,11,3,11.333333333333334,0,0,6,10,3,14.75,0,16.2,0.3,-0.92,0
1,15,1,4,1,14,1,22,27,10,7,1,0,0,1,1,1,20,0,0,6,10,5,12.6,0,0,6,6,5,13.2,0,12.4,0.5,1.79,2
1,1,1,7,1,1,1,10,1,5,11,1,0,0,1,1,0,19,0,0,5,10,0,0.0,0,0,5,10,1,14.0,3,7.6,2.6,0.32,0
1,1,1,6,1,1,1,23,28,5,10,0,0,0,1,1,1,18,0,0,6,8,6,15.5,0,0,6,9,4,15.5,0,11.1,0.6,2.02,0
1,1,3,12,1,1,1,1,1,5,5,1,0,0,1,1,0,18,0,0,8,8,7,12.365714285714288,0,0,8,8,7,12.365714285714288,0,10.8,1.4,1.74,2
1,8,1,14,1,1,1,22,27,10,10,1,0,0,1,1,0,19,0,0,6,7,5,13.2,0,0,6,10,5,13.25,0,10.8,1.4,1.74,1
1,14,1,5,1,1,1,22,27,10,10,1,0,0,1,1,0,34,0,7,12,12,7,11.428571428571429,0,4,12,12,7,11.857142857142858,0,7.6,2.6,0.32,1
1,1,1,10,1,1,1,23,14,9,11,1,0,0,1,1,0,19,0,0,6,0,0,0.0,0,0,6,0,0,0.0,0,16.2,0.3,-0.92,0
1,1,1,15,1,1,1,1,14,5,5,0,0,0,1,1,1,19,0,0,6,10,4,14.0,0,0,6,9,6,12.333333333333334,0,9.4,-0.8,-3.12,2
2,12,1,4,1,1,1,2,2,2,5,0,0,0,1,1,0,30,0,3,12,12,3,12.0,0,5,12,16,5,11.8,0,15.5,2.8,-4.06,0
1,14,1,15,1,1,1,1,3,10,4,0,0,0,0,1,0,22,0,0,4,4,0,0.0,4,0,5,8,3,12.0,0,10.8,1.4,1.74,0
1,8,1,9,1,1,1,3,28,2,10,0,0,0,0,1,0,19,0,0,5,13,4,10.0,0,0,5,7,3,11.333333333333334,0,15.5,2.8,-4.06,0
1,1,1,9,1,1,1,23,1,10,9,0,0,0,1,1,0,21,0,0,5,9,1,10.0,0,0,5,10,1,10.0,0,7.6,2.6,0.32,0
1,1,2,2,1,1,1,22,27,10,10,1,0,0,0,1,0,22,0,0,0,0,0,0.0,0,0,0,0,0,0.0,0,7.6,2.6,0.32,0
1,1,1,11,1,1,1,22,27,10,10,0,0,0,1,1,1,19,0,0,6,7,6,11.166666666666666,0,0,6,12,3,11.666666666666666,0,10.8,1.4,1.74,1
1,1,1,10,1,1,1,13,28,8,8,0,0,0,1,1,0,20,0,0,6,12,4,11.75,0,0,6,13,3,11.333333333333334,0,15.5,2.8,-4.06,1
1,12,1,4,1,12,1,3,1,3,9,1,0,0,1,1,0,35,0,0,6,13,3,11.75,0,0,6,10,0,0.0,0,13.9,-0.3,0.79,0
1,7,2,9,1,1,1,22,27,10,10,1,0,0,1,1,0,20,0,0,5,8,1,10.0,0,0,5,7,1,11.0,0,7.6,2.6,0.32,0
1,1,1,8,1,1,1,6,9,5,6,0,0,0,1,1,0,21,0,0,5,8,3,14.0,0,0,5,5,5,12.8,0,7.6,2.6,0.32,2
1,12,1,6,1,9,1,19,24,13,13,0,0,1,0,1,0,27,0,0,5,5,0,0.0,0,0,5,5,0,0.0,0,7.6,2.6,0.32,0
1,14,1,15,1,1,1,22,28,10,6,1,0,0,0,1,0,26,0,0,6,12,3,12.0,0,0,6,15,0,0.0,0,9.4,-0.8,-3.12,0
1,8,1,15,1,1,1,1,23,4,4,0,0,0,0,1,0,20,0,0,6,10,0,0.0,0,0,5,10,0,0.0,0,10.8,1.4,1.74,0
1,12,1,4,1,1,1,22,27,7,7,0,0,1,0,1,0,28,0,4,10,19,8,11.88888888888889,0,2,8,17,5,11.6,1,15.5,2.8,-4.06,0
1,1,3,15,1,1,1,13,28,10,8,1,0,0,1,1,0,19,0,0,6,6,6,13.833333333333334,0,0,6,6,6,13.666666666666666,0,11.1,0.6,2.02,2
1,14,1,17,0,1,1,22,14,10,10,0,0,0,0,1,0,47,0,0,5,5,0,0.0,0,0,5,5,0,0.0,0,12.7,3.7,-1.7,0
4,12,1,15,1,9,1,22,27,5,10,0,0,0,0,1,0,55,0,0,6,8,5,11.4,0,0,6,9,5,12.4,0,10.8,1.4,1.74,0
1,14,1,4,1,1,1,22,27,6,10,1,0,0,1,1,0,39,0,0,6,8,0,0.0,0,1,6,8,2,11.0,0,16.2,0.3,-0.92,0
2,1,1,4,1,1,1,22,27,10,10,1,0,1,1,1,0,35,0,14,17,17,14,10.642857142857142,1,12,12,12,12,10.666666666666666,0,15.5,2.8,-4.06,0
1,12,1,10,1,1,1,22,20,1,5,0,0,0,0,1,0,32,0,0,6,10,2,11.0,0,0,6,12,0,0.0,0,7.6,2.6,0.32,0
1,1,4,15,1,1,1,3,10,3,10,1,0,0,1,1,0,20,0,0,6,6,6,16.833333333333332,0,0,6,6,6,16.666666666666668,0,8.9,1.4,3.51,2
1,12,1,11,1,1,1,22,27,10,10,0,0,0,1,1,0,36,0,0,6,8,6,13.571428571428571,0,0,6,9,5,13.2,0,12.7,3.7,-1.7,2
1,12,1,17,0,12,1,23,14,10,11,0,0,1,1,1,1,34,0,0,5,11,5,14.714285714285714,0,0,5,14,5,14.375,5,16.2,0.3,-0.92,2
1,1,1,14,1,1,1,23,14,1,3,1,0,0,1,1,0,21,0,0,5,8,0,0.0,0,0,5,5,0,0.0,0,9.4,-0.8,-3.12,0
1,14,1,17,0,1,1,22,14,4,11,0,0,0,1,1,1,42,0,0,5,14,1,10.0,0,0,5,14,1,11.0,0,13.9,-0.3,0.79,0
1,12,1,4,1,12,1,22,14,10,8,0,0,0,1,1,0,25,0,0,6,15,1,11.0,0,0,6,13,4,11.75,0,12.4,0.5,1.79,0
1,9,1,15,1,1,1,23,28,7,8,1,0,0,1,1,1,18,0,0,6,6,1,11.0,0,0,6,0,0,0.0,0,8.9,1.4,3.51,0
1,1,1,15,1,1,1,13,28,10,10,0,0,0,1,1,1,18,0,0,6,6,5,12.0,0,0,6,6,6,12.833333333333334,0,12.7,3.7,-1.7,2
1,1,2,10,1,1,1,23,14,10,8,1,0,0,1,1,0,19,0,0,6,10,6,11.125,0,0,6,7,6,11.857142857142858,0,7.6,2.6,0.32,2
1,14,1,6,1,1,1,3,14,5,7,0,0,1,0,1,0,34,0,2,6,13,3,11.333333333333334,0,0,6,8,2,11.5,0,13.9,-0.3,0.79,0
1,8,2,15,1,1,1,1,1,5,6,0,0,0,1,1,0,20,0,0,6,15,2,12.0,0,0,6,12,0,0.0,0,10.8,1.4,1.74,0
1,1,1,12,1,1,1,22,27,8,8,0,0,0,1,1,0,20,0,0,7,8,0,0.0,1,0,7,7,0,0.0,0,13.9,-0.3,0.79,0
1,8,1,12,1,1,1,13,14,5,10,0,0,0,1,1,0,21,0,0,8,8,7,14.54,0,0,8,8,7,14.54,0,10.8,1.4,1.74,2
1,15,1,4,1,14,1,1,14,4,11,1,0,0,1,1,0,19,0,0,6,9,6,12.166666666666666,0,0,6,14,4,13.0,0,12.4,0.5,1.79,2
1,12,1,6,1,1,1,1,1,5,5,0,0,1,0,1,0,31,0,0,5,13,4,13.5,1,0,5,12,3,11.666666666666666,1,9.4,-0.8,-3.12,0
1,8,1,14,1,1,1,1,27,5,6,0,0,0,1,1,0,21,0,0,6,8,6,14.75,0,0,6,9,5,14.333333333333334,0,11.1,0.6,2.02,2
1,1,1,9,1,1,1,23,28,10,10,0,0,0,1,1,1,20,0,0,5,8,5,12.375,0,0,5,7,5,11.666666666666666,0,13.9,-0.3,0.79,2
1,14,2,12,1,6,1,1,14,5,11,0,0,0,1,1,0,22,0,0,7,7,6,12.733333333333334,0,0,7,7,6,12.733333333333334,0,7.6,2.6,0.32,2
1,1,2,5,1,1,1,13,14,4,4,1,1,0,0,1,0,19,0,0,6,9,4,12.5,0,0,6,6,0,0.0,0,9.4,-0.8,-3.12,0
1,12,1,8,1,1,1,1,1,12,2,1,0,1,0,1,0,41,0,0,5,5,0,0.0,1,0,5,5,0,0.0,5,12.7,3.7,-1.7,0
1,14,1,12,1,12,1,19,24,1,1,1,0,0,1,1,0,27,0,0,7,7,0,0.0,6,0,7,7,0,0.0,6,7.6,2.6,0.32,0
1,8,1,12,1,1,1,1,1,5,11,0,0,0,1,0,0,19,0,0,7,7,7,13.44285714285714,0,0,8,8,7,13.771428571428572,0,13.9,-0.3,0.79,0
1,9,2,12,1,1,10,1,1,5,4,1,0,0,1,0,1,20,1,0,8,8,8,14.2,0,0,8,8,8,14.2,0,9.4,-0.8,-3.12,2
1,14,4,12,1,6,1,23,27,6,10,1,0,0,1,0,1,19,0,0,7,7,6,13.55,0,0,7,7,6,13.55,0,7.6,2.6,0.32,2
2,12,1,17,0,1,1,22,27,10,10,0,0,0,1,0,0,35,0,0,5,5,5,11.6,0,0,5,6,5,11.166666666666666,0,15.5,2.8,-4.06,2
1,8,5,15,1,1,1,13,10,8,4,1,0,0,1,0,0,22,0,0,6,7,6,13.571428571428571,0,0,6,7,6,15.285714285714286,0,13.9,-0.3,0.79,2
1,1,2,11,1,1,1,1,14,6,8,1,0,0,1,0,1,20,0,0,6,6,6,13.833333333333334,0,0,6,6,6,15.0,0,11.1,0.6,2.02,2
1,1,1,14,1,1,1,22,28,10,10,1,0,1,0,0,0,18,0,0,6,7,4,11.25,0,0,6,9,4,10.857142857142858,0,10.8,1.4,1.74,0
1,1,1,10,1,1,1,22,27,10,10,1,0,0,1,0,1,18,0,0,6,7,5,10.2,0,0,6,9,4,11.25,0,12.4,0.5,1.79,2
1,4,1,12,1,3,1,1,27,10,6,0,0,0,1,0,0,30,0,0,8,8,7,15.675714285714283,0,0,8,8,7,15.675714285714283,0,10.8,1.4,1.74,2
1,9,1,10,1,1,1,23,28,10,8,0,0,1,1,0,1,18,0,0,6,9,6,10.833333333333334,0,0,6,8,6,12.0,0,11.1,0.6,2.02,2
1,1,1,11,1,1,1,13,14,8,9,1,0,0,1,0,1,20,0,0,6,6,6,14.5,0,0,6,7,5,15.0,0,12.4,0.5,1.79,1
1,1,1,10,1,1,1,13,28,10,10,0,1,0,1,0,1,19,0,0,6,12,4,10.4,0,0,6,11,4,10.75,0,12.4,0.5,1.79,1
1,8,1,6,1,1,1,23,28,6,4,0,0,0,1,0,0,19,0,0,5,7,5,13.0,1,0,5,7,5,13.333333333333334,0,7.6,2.6,0.32,2
1,1,2,13,1,1,1,1,28,4,9,1,0,0,1,0,1,21,0,0,7,7,7,12.242857142857144,0,0,8,8,8,14.125,0,15.5,2.8,-4.06,2
1,9,1,16,1,1,1,1,14,20,41,1,0,1,1,0,0,21,0,0,7,7,7,13.0,0,0,7,8,6,12.5,0,8.9,1.4,3.51,1
1,1,4,14,1,1,1,1,1,10,10,1,0,0,1,0,0,18,0,0,6,6,6,14.166666666666666,0,0,6,7,6,13.428571428571429,0,8.9,1.4,3.51,1
1,1,3,9,1,1,1,1,1,6,8,1,0,0,1,0,1,18,0,0,5,11,4,14.25,0,0,5,7,4,12.5,0,12.7,3.7,-1.7,2
4,12,1,6,1,1,1,22,27,12,12,0,0,0,0,0,0,35,0,0,5,14,1,12.0,2,0,5,11,2,10.5,1,9.4,-0.8,-3.12,0
1,1,6,12,1,1,14,1,1,10,7,1,0,0,1,0,0,21,1,0,7,11,4,13.25,0,0,7,9,5,13.82,0,11.1,0.6,2.02,1
1,1,1,12,1,1,1,23,27,10,8,1,0,0,1,1,1,18,0,0,7,7,6,13.183333333333332,0,0,7,7,6,13.183333333333332,0,7.6,2.6,0.32,2
1,8,5,5,1,1,1,13,1,6,6,1,0,0,1,1,0,22,0,0,6,6,1,11.0,0,0,6,6,0,0.0,0,9.4,-0.8,-3.12,1
1,8,1,12,1,1,1,23,1,10,7,1,0,0,1,1,1,20,0,0,7,8,7,11.9725,0,0,8,8,8,12.65125,0,15.5,2.8,-4.06,2
2,12,1,11,1,1,1,22,27,5,8,1,0,0,1,0,0,34,0,0,6,7,5,12.4,0,0,6,8,5,12.8,0,9.4,-0.8,-3.12,2
2,4,1,9,1,3,1,22,27,10,10,0,0,0,1,0,0,33,0,3,8,9,5,12.6,2,2,7,13,5,11.25,0,10.8,1.4,1.74,1
1,1,3,12,1,1,1,22,28,10,10,1,0,0,1,0,1,22,0,0,7,7,6,13.9,0,0,7,7,6,13.9,0,7.6,2.6,0.32,2
1,8,3,11,1,1,1,22,27,10,7,1,0,0,1,0,1,20,0,0,6,11,4,11.5,0,0,6,12,3,11.0,0,7.6,2.6,0.32,1
2,12,1,9,1,1,1,22,27,7,11,0,0,0,1,0,0,35,0,0,5,6,4,14.2,0,0,5,10,4,11.857142857142858,0,10.8,1.4,1.74,1
2,12,1,9,1,1,1,23,27,5,8,1,0,0,0,0,0,39,0,0,5,12,3,10.666666666666666,2,0,5,15,3,10.666666666666666,0,9.4,-0.8,-3.12,0
1,9,6,12,1,1,1,23,27,10,6,1,0,0,0,0,0,19,0,0,7,14,0,0.0,0,0,8,0,0,0.0,0,11.1,0.6,2.02,0
4,12,1,11,1,1,1,22,27,10,9,0,0,0,1,0,1,36,0,0,6,10,6,11.0,0,0,6,14,3,11.333333333333334,0,10.8,1.4,1.74,2
1,1,2,12,1,1,1,22,27,10,10,1,0,0,1,0,1,21,0,0,8,8,7,13.957142857142856,0,0,8,8,7,13.957142857142856,0,12.7,3.7,-1.7,2
1,1,1,10,1,1,1,3,28,2,6,1,0,0,1,0,0,22,0,0,6,11,4,12.5,1,0,6,13,3,13.666666666666666,0,9.4,-0.8,-3.12,1
2,12,1,10,1,1,1,23,28,10,8,0,0,1,1,0,1,42,0,0,6,8,6,13.333333333333334,0,0,6,7,6,15.285714285714286,0,11.1,0.6,2.02,2
1,12,1,7,1,1,1,22,27,12,12,1,0,0,1,0,0,34,0,0,5,5,0,0.0,0,0,5,6,0,0.0,0,10.8,1.4,1.74,0
1,8,1,15,1,1,1,13,14,5,5,1,0,0,1,0,0,20,0,0,6,9,6,11.666666666666666,0,0,6,8,5,11.6,0,7.6,2.6,0.32,1
2,15,1,3,0,14,1,22,14,10,11,0,0,0,1,0,0,33,0,3,6,7,6,15.714285714285714,0,2,6,7,6,15.5,0,13.9,-0.3,0.79,2
1,1,4,11,1,1,1,1,14,10,7,1,0,0,1,0,0,20,0,0,6,8,5,11.0,0,0,6,9,5,11.4,0,13.9,-0.3,0.79,2
1,1,2,14,1,1,1,15,21,1,6,1,0,1,1,0,0,19,0,0,5,8,4,12.25,0,0,5,7,4,12.75,2,7.6,2.6,0.32,2
2,14,1,17,0,3,1,22,14,10,5,0,0,1,1,0,0,34,0,4,10,25,5,12.2,0,3,9,18,8,12.22222222222222,0,16.2,0.3,-0.92,0
1,1,1,9,1,1,1,22,27,10,7,1,0,0,1,0,0,18,0,0,5,6,5,13.0,0,0,5,5,5,14.0,0,7.6,2.6,0.32,2
1,8,1,3,0,1,1,23,27,7,7,0,0,0,1,0,1,24,0,0,6,11,4,12.0,0,0,6,7,6,13.0,0,10.8,1.4,1.74,2
1,1,1,16,1,1,1,13,10,10,8,1,0,0,1,0,0,18,0,0,6,6,6,13.333333333333334,0,0,6,7,6,12.333333333333334,0,7.6,2.6,0.32,2
1,1,1,14,1,1,1,22,27,11,7,1,0,0,1,0,0,20,0,0,5,6,3,13.0,0,0,5,7,3,13.0,1,7.6,2.6,0.32,1
1,8,1,12,1,1,1,1,1,5,4,1,0,0,1,0,0,21,0,0,8,8,7,12.91,0,0,8,8,7,12.91,0,10.8,1.4,1.74,2
1,1,5,10,1,1,1,23,1,10,6,1,0,0,1,0,1,19,0,0,6,8,6,11.0,0,0,6,13,3,11.0,0,9.4,-0.8,-3.12,2
1,8,4,12,1,1,1,23,14,6,8,0,0,0,1,0,1,19,0,0,7,8,6,13.579999999999998,0,0,8,8,8,12.93625,0,15.5,2.8,-4.06,2
1,1,1,10,1,1,1,13,14,6,6,1,0,0,1,0,1,18,0,0,6,10,4,12.4,0,0,6,8,6,12.5,0,12.4,0.5,1.79,2
4,12,1,3,0,1,1,22,27,6,6,0,0,0,1,0,1,38,0,4,9,13,8,12.88888888888889,0,2,7,9,7,13.0,0,13.9,-0.3,0.79,2
1,1,1,2,1,1,1,13,14,6,5,1,0,1,1,1,0,21,0,6,12,12,11,11.545454545454543,0,4,11,18,9,11.7,1,8.9,1.4,3.51,1
1,14,1,9,1,1,11,1,5,10,11,1,0,0,1,1,0,23,1,0,5,6,1,10.0,0,0,5,5,0,0.0,0,15.5,2.8,-4.06,1
1,8,5,12,1,1,1,13,1,5,4,1,0,0,1,0,0,19,0,0,8,8,8,14.34125,0,0,8,8,8,14.34125,0,9.4,-0.8,-3.12,2
1,1,2,15,1,1,1,23,27,6,4,1,0,1,0,0,0,18,0,0,6,8,6,14.142857142857142,0,0,6,6,5,12.0,0,13.9,-0.3,0.79,0
1,1,6,2,1,1,1,13,27,6,6,1,0,0,1,0,1,18,0,0,0,0,0,0.0,0,0,0,0,0,0.0,0,9.4,-0.8,-3.12,2
1,12,1,4,1,1,1,13,14,10,7,1,0,0,1,0,0,24,0,0,6,10,5,11.8,0,0,6,13,4,11.25,0,12.4,0.5,1.79,1
1,1,1,15,1,1,2,1,1,6,10,0,0,0,1,0,1,18,1,0,6,6,6,13.333333333333334,0,0,6,6,6,14.166666666666666,0,12.7,3.7,-1.7,2
1,1,1,8,1,1,1,3,1,5,10,1,0,0,1,0,0,18,0,0,6,8,6,14.5,0,0,6,9,6,12.857142857142858,0,13.9,-0.3,0.79,2
1,4,1,17,0,15,1,13,14,8,4,0,0,0,1,0,0,26,0,5,10,13,8,12.666666666666666,0,5,10,12,10,13.4,0,11.1,0.6,2.02,2
1,1,1,9,1,1,1,13,14,10,10,0,0,1,1,0,0,19,0,0,5,13,1,10.0,0,0,5,8,2,10.0,0,12.4,0.5,1.79,1
1,9,3,14,1,1,1,23,28,10,10,1,0,0,1,0,1,19,0,0,6,10,0,0.0,0,0,6,6,0,0.0,0,12.7,3.7,-1.7,0
1,1,1,11,1,1,1,23,27,6,6,0,0,0,1,0,0,19,0,0,6,12,4,11.0,0,0,6,6,4,12.5,0,16.2,0.3,-0.92,1
1,1,1,8,1,1,1,22,27,10,10,1,0,1,1,0,0,20,0,0,5,10,2,12.0,2,0,5,9,4,11.0,0,9.4,-0.8,-3.12,0
1,1,3,11,1,1,1,13,14,10,10,1,0,0,1,0,0,22,0,0,6,10,4,10.0,0,0,6,12,2,13.5,0,9.4,-0.8,-3.12,1
1,1,2,12,1,1,1,13,1,6,6,1,0,0,1,0,0,19,0,0,7,7,7,14.20857142857143,0,0,8,9,8,15.127777777777778,0,11.1,0.6,2.02,2
1,1,5,12,1,1,1,3,1,6,11,1,0,0,1,0,0,20,0,0,7,7,7,14.30714285714286,0,0,8,8,8,15.0125,0,12.4,0.5,1.79,2
2,12,1,9,1,1,1,22,27,6,6,0,0,0,1,0,0,36,0,0,5,8,3,11.0,0,0,5,12,4,13.375,0,10.8,1.4,1.74,1
1,12,1,16,1,12,1,13,4,10,5,1,0,0,1,0,0,29,0,0,7,14,0,0.0,0,0,6,6,0,0.0,0,11.1,0.6,2.02,0
1,8,3,10,1,1,1,3,3,3,3,1,0,0,1,0,0,19,0,0,6,10,6,12.0,0,0,6,12,4,11.0,0,12.7,3.7,-1.7,2
5,12,1,9,1,1,1,1,1,5,9,0,0,1,0,0,0,24,0,0,5,0,0,0.0,0,0,5,0,0,0.0,0,13.9,-0.3,0.79,0
5,12,1,4,1,1,1,1,1,5,9,0,0,1,0,0,0,27,0,0,6,6,0,0.0,0,0,6,7,0,0.0,0,8.9,1.4,3.51,0
1,8,1,15,1,1,1,22,27,10,9,1,0,0,1,0,1,18,0,0,6,7,6,13.857142857142858,0,0,6,7,6,14.285714285714286,0,13.9,-0.3,0.79,2
1,8,2,2,1,1,1,3,1,3,7,1,0,0,1,0,1,18,0,0,0,0,0,0.0,0,0,0,0,0,0.0,0,15.5,2.8,-4.06,2
1,8,4,13,1,1,1,23,27,4,8,1,0,0,1,0,0,21,0,0,7,0,0,0.0,0,0,7,0,0,0.0,0,12.7,3.7,-1.7,0
2,12,1,14,1,1,1,22,14,10,5,0,0,0,1,0,1,43,0,0,6,8,5,11.0,0,0,6,9,5,13.0,0,12.4,0.5,1.79,2
1,14,1,9,1,1,1,1,14,10,11,0,0,0,1,0,1,18,0,0,5,9,5,13.2,0,0,5,13,5,14.4,5,16.2,0.3,-0.92,2
1,9,1,6,1,1,1,22,27,10,10,1,0,0,1,0,1,21,0,0,6,7,6,13.5,0,0,6,6,3,15.333333333333334,0,8.9,1.4,3.51,0
1,4,1,9,1,3,1,6,19,2,8,0,0,0,1,0,0,26,0,0,5,5,0,0.0,0,0,5,0,0,0.0,0,9.4,-0.8,-3.12,0
1,1,6,12,1,1,1,1,14,10,5,1,0,0,1,0,1,19,0,0,8,8,7,14.214285714285714,0,0,8,8,7,14.214285714285714,0,12.7,3.7,-1.7,2
1,1,1,6,1,1,1,22,9,12,12,0,0,0,1,0,0,18,0,0,5,5,5,13.0,0,0,5,5,5,12.4,0,7.6,2.6,0.32,2
1,1,1,15,1,1,1,3,2,3,2,1,0,0,1,0,0,22,0,0,6,13,2,12.0,0,0,6,14,1,10.0,0,9.4,-0.8,-3.12,0
1,12,1,12,1,12,1,1,14,5,11,1,0,0,1,0,0,27,0,0,7,0,0,0.0,0,0,8,0,0,0.0,0,11.1,0.6,2.02,0
1,1,3,9,1,1,1,23,14,10,11,1,0,0,1,0,0,18,0,0,5,6,5,12.8,1,0,5,6,5,12.6,0,9.4,-0.8,-3.12,2
1,8,1,6,1,1,1,22,28,8,10,0,0,0,1,0,0,19,0,0,5,11,4,13.6,2,0,5,9,4,12.2,0,9.4,-0.8,-3.12,2
1,8,4,12,1,1,1,13,14,4,11,1,0,0,1,0,0,18,0,0,7,7,7,13.971428571428572,0,0,8,8,8,15.75,0,13.9,-0.3,0.79,2
1,1,1,6,1,1,1,23,27,5,5,0,0,0,1,0,1,19,0,0,6,8,6,15.0,0,0,6,9,6,14.857142857142858,0,11.1,0.6,2.02,2
1,12,1,6,1,1,1,22,27,10,10,0,0,0,0,0,0,32,0,0,6,0,0,0.0,0,0,6,0,0,0.0,0,11.1,0.6,2.02,0
1,13,1,12,1,1,1,22,1,10,5,1,0,0,1,0,0,23,0,20,26,27,26,15.07777777777778,0,14,17,17,17,15.023529411764704,0,15.5,2.8,-4.06,2
1,8,3,12,1,1,1,22,27,5,4,1,0,0,1,0,0,20,0,0,7,7,6,13.383333333333333,0,0,7,7,6,13.383333333333333,0,7.6,2.6,0.32,2
1,1,1,2,1,1,1,13,28,6,6,1,0,1,1,0,0,20,0,6,12,12,12,13.25,0,4,11,16,10,13.090909090909092,0,8.9,1.4,3.51,2
1,8,1,10,1,1,1,13,14,5,6,1,0,1,0,0,0,19,0,0,6,10,5,11.714285714285714,0,0,6,13,2,10.666666666666666,0,16.2,0.3,-0.92,0
1,1,3,12,1,1,1,13,14,6,6,1,0,0,1,0,1,18,0,0,8,8,8,13.01125,0,0,8,8,8,13.01125,0,9.4,-0.8,-3.12,2
1,15,1,4,1,14,1,13,14,10,5,0,0,0,1,0,0,21,0,0,6,12,3,10.666666666666666,2,0,6,12,4,12.0,0,15.5,2.8,-4.06,0
1,1,1,12,1,1,1,1,14,10,10,0,0,0,1,0,1,20,0,0,7,14,0,0.0,0,0,7,15,0,0.0,0,11.1,0.6,2.02,1
1,15,1,6,1,14,1,3,14,3,5,1,0,0,1,0,0,22,0,1,6,9,6,13.0,0,1,6,18,3,12.666666666666666,0,12.4,0.5,1.79,2
1,15,1,17,0,14,1,22,27,10,10,0,0,0,1,0,0,26,0,0,5,5,5,12.0,0,0,5,7,5,11.4,0,12.7,3.7,-1.7,2
1,1,1,5,1,1,1,22,27,4,4,1,0,0,1,0,0,20,0,0,6,6,6,12.166666666666666,0,0,6,7,5,13.8,0,12.7,3.7,-1.7,2
1,1,1,12,1,1,1,13,28,6,4,1,0,0,1,0,0,19,0,0,7,10,6,11.85,0,0,8,10,7,13.65,0,16.2,0.3,-0.92,2
1,12,1,17,0,1,1,22,27,10,10,0,0,0,1,0,0,31,0,0,5,8,4,11.0,0,0,5,6,5,11.2,0,7.6,2.6,0.32,2
1,14,3,12,1,1,1,1,14,10,8,1,0,1,1,0,1,20,0,0,7,9,7,12.327777777777778,0,0,8,10,8,11.736,0,15.5,2.8,-4.06,2
1,14,1,6,1,1,1,13,28,8,8,1,0,0,1,0,0,20,0,0,5,9,4,12.0,0,0,5,10,5,13.428571428571429,1,10.8,1.4,1.74,2
1,8,4,12,1,1,1,22,27,6,6,1,0,0,1,0,0,21,0,0,7,7,7,14.428571428571429,0,0,8,9,8,14.511111111111113,0,16.2,0.3,-0.92,2
1,1,4,12,1,1,1,13,14,10,8,1,0,0,1,0,0,18,0,0,7,7,7,13.78,0,0,8,8,8,12.6125,0,12.4,0.5,1.79,2
1,8,2,12,1,1,1,22,1,10,5,1,0,0,1,0,1,19,0,0,7,7,6,13.8,0,0,7,7,6,13.8,0,7.6,2.6,0.32,2
1,1,1,16,1,1,1,13,14,4,8,1,0,0,1,0,1,18,0,0,7,7,7,14.857142857142858,0,0,7,7,7,15.142857142857142,0,13.9,-0.3,0.79,2
4,12,1,15,1,13,1,13,14,8,10,0,0,0,1,0,0,40,0,0,6,8,5,13.0,0,0,6,7,5,12.6,0,16.2,0.3,-0.92,1
1,8,6,10,1,1,1,1,28,5,8,0,0,0,1,0,1,18,0,0,6,7,6,12.142857142857142,0,0,6,6,6,13.333333333333334,0,13.9,-0.3,0.79,2
1,1,2,6,1,1,1,25,4,3,3,1,0,0,1,0,0,18,0,0,6,7,6,15.666666666666666,0,0,6,6,6,14.833333333333334,0,8.9,1.4,3.51,2
1,8,1,12,1,1,1,1,14,5,4,1,0,0,1,0,0,19,0,0,7,13,5,12.5,0,0,8,14,7,12.166666666666666,0,15.5,2.8,-4.06,2
1,8,1,10,1,1,1,23,28,10,8,0,0,0,1,0,1,19,0,0,6,7,6,12.833333333333334,0,0,6,6,6,13.166666666666666,0,12.4,0.5,1.79,2
1,12,1,4,1,1,1,23,28,10,7,0,0,1,0,0,0,28,0,0,6,6,0,0.0,0,0,6,7,0,0.0,0,8.9,1.4,3.51,0
1,8,1,5,1,1,1,22,28,10,9,1,0,0,1,0,0,20,0,0,6,6,6,12.5,0,0,6,6,6,12.666666666666666,0,7.6,2.6,0.32,2
1,1,2,15,1,1,1,22,27,10,10,1,0,0,1,0,0,18,0,0,6,14,4,11.25,0,0,6,9,5,13.0,0,9.4,-0.8,-3.12,2
1,1,2,12,1,1,1,1,1,5,4,1,0,0,1,0,0,18,0,0,7,7,6,15.25,0,0,7,7,6,15.25,0,7.6,2.6,0.32,2
1,1,1,6,1,1,1,13,27,10,10,1,0,0,1,0,1,20,0,0,5,13,5,14.0,2,0,5,10,3,12.0,1,9.4,-0.8,-3.12,2
1,14,1,10,1,1,1,23,14,10,5,0,0,1,1,0,0,28,0,15,16,16,13,12.076923076923077,0,13,13,13,11,12.090909090909092,0,16.2,0.3,-0.92,2
1,6,1,16,1,1,14,28,1,25,26,0,0,0,1,0,0,23,1,11,16,17,16,14.625,0,6,10,12,9,14.88888888888889,0,8.9,1.4,3.51,2
1,1,1,16,1,1,1,13,27,6,6,1,0,0,1,0,0,19,0,0,7,10,4,10.5,0,0,7,7,2,10.5,0,16.2,0.3,-0.92,0
1,8,1,10,1,1,1,23,14,24,36,1,0,0,1,0,1,18,0,0,6,8,6,12.833333333333334,0,0,6,6,6,12.166666666666666,0,8.9,1.4,3.51,2
1,1,3,15,1,1,9,22,27,10,10,0,0,1,0,0,1,20,1,0,6,6,6,12.5,0,0,6,7,5,11.8,0,10.8,1.4,1.74,2
1,1,1,2,1,1,1,3,1,3,5,1,0,0,1,0,0,20,0,5,12,13,12,11.23076923076923,0,3,11,18,9,12.77777777777778,0,11.1,0.6,2.02,2
2,12,1,17,0,1,1,22,27,10,10,0,0,0,1,0,0,27,0,0,5,5,2,10.5,0,0,5,5,0,0.0,0,7.6,2.6,0.32,0
1,1,1,16,1,1,1,1,1,10,10,1,0,0,1,0,0,18,0,0,6,11,3,12.0,0,0,6,13,2,12.0,0,12.7,3.7,-1.7,0
4,12,2,13,1,12,1,13,14,5,7,0,0,0,1,0,1,37,0,0,7,10,7,10.985714285714286,0,0,8,11,8,12.3,0,10.8,1.4,1.74,2
4,4,1,12,1,15,1,13,14,5,7,0,0,0,0,0,0,42,0,2,7,10,5,12.62,0,3,7,11,3,14.166666666666666,0,12.4,0.5,1.79,0
1,8,6,12,1,1,1,1,28,5,9,1,0,0,1,0,0,20,0,0,7,9,6,13.0,0,0,8,8,8,14.2125,0,13.9,-0.3,0.79,0
2,12,1,7,1,1,1,19,24,10,10,0,0,0,0,1,0,34,0,0,5,5,0,0.0,0,0,5,5,0,0.0,0,15.5,2.8,-4.06,0
1,13,1,7,1,1,1,3,3,4,3,1,0,0,1,1,0,22,0,0,5,0,0,0.0,0,0,5,0,0,0.0,0,10.8,1.4,1.74,0
2,12,2,11,1,12,1,13,14,10,6,0,0,0,1,1,0,39,0,0,6,6,6,13.5,0,0,6,6,6,13.333333333333334,0,12.4,0.5,1.79,2
1,1,1,12,1,1,1,22,27,10,10,1,0,0,1,1,1,18,0,0,7,7,6,13.516666666666666,0,0,7,7,6,13.516666666666666,0,7.6,2.6,0.32,2
1,1,2,5,1,1,1,22,27,10,10,1,0,0,1,1,1,21,0,0,6,6,6,13.166666666666666,0,0,6,8,6,13.285714285714286,0,8.9,1.4,3.51,2
2,12,1,6,1,1,1,22,27,12,11,0,0,0,1,1,0,34,0,0,6,0,0,0.0,0,0,6,0,0,0.0,0,10.8,1.4,1.74,0
1,15,1,4,1,14,1,22,27,10,10,0,0,0,1,1,1,22,0,0,6,8,6,13.125,0,0,6,10,6,13.0,0,16.2,0.3,-0.92,2
1,12,1,4,1,1,1,1,27,5,8,0,0,0,1,1,0,31,0,0,6,15,3,14.4,0,0,6,20,0,0.0,0,16.2,0.3,-0.92,0
1,9,3,16,1,1,1,23,27,6,10,1,0,0,0,1,0,19,0,0,6,10,4,12.0,0,0,6,12,0,0.0,0,10.8,1.4,1.74,0
1,8,5,11,1,1,1,23,1,6,10,0,0,0,1,1,0,19,0,0,5,5,0,0.0,0,0,5,10,0,0.0,0,10.8,1.4,1.74,0
1,12,1,13,1,12,1,22,27,10,11,0,0,0,1,1,0,31,0,0,7,7,0,0.0,0,0,7,7,0,0.0,0,15.5,2.8,-4.06,0
1,3,1,9,1,1,1,13,28,6,7,1,0,0,1,0,0,19,0,0,5,15,3,10.8,0,0,5,6,3,10.5,0,13.9,-0.3,0.79,1
2,12,2,14,1,1,14,22,14,10,10,0,0,0,1,0,0,30,1,0,6,0,0,0.0,0,0,6,0,0,0.0,0,9.4,-0.8,-3.12,0
1,16,1,12,1,1,1,22,28,4,4,1,0,0,1,0,1,20,0,2,7,7,7,16.13142857142857,0,0,8,9,8,15.52222222222222,0,11.1,0.6,2.02,2
1,8,1,12,1,1,1,13,28,8,8,1,0,0,1,0,1,18,0,0,7,7,7,14.838571428571427,0,0,8,9,8,14.8,0,12.4,0.5,1.79,2
4,12,1,17,0,1,1,22,27,6,6,0,0,0,1,0,0,31,0,0,5,7,3,10.333333333333334,0,0,5,6,3,12.0,0,10.8,1.4,1.74,0
1,8,1,11,1,1,1,13,1,10,5,1,0,0,1,0,0,19,0,0,6,11,3,12.0,0,0,6,11,4,11.25,0,7.6,2.6,0.32,0
4,12,1,3,0,1,1,22,27,10,8,0,0,0,1,0,1,43,0,0,6,6,0,0.0,0,0,5,5,0,0.0,0,8.9,1.4,3.51,0
1,8,2,11,1,1,1,23,28,10,9,1,0,0,1,0,1,20,0,0,6,6,6,13.166666666666666,0,0,6,6,6,14.0,0,13.9,-0.3,0.79,2
1,1,2,12,1,1,1,1,1,6,10,1,0,0,1,0,1,19,0,0,8,8,8,13.9475,0,0,8,8,8,13.9475,0,9.4,-0.8,-3.12,2
1,1,1,14,1,1,1,3,1,2,8,0,0,0,1,0,0,22,0,0,5,6,3,11.333333333333334,0,0,5,5,0,0.0,0,9.4,-0.8,-3.12,0
1,1,1,3,0,1,1,3,1,2,8,0,0,0,1,0,0,26,0,2,8,11,7,12.75,0,2,7,7,7,12.285714285714286,0,16.2,0.3,-0.92,2
1,9,1,9,1,1,1,13,14,6,9,1,0,0,1,0,1,19,0,0,5,6,5,12.6,0,0,5,8,5,11.25,0,10.8,1.4,1.74,2
1,4,1,12,1,3,1,13,3,5,3,1,0,0,1,0,0,29,0,0,8,8,6,12.25,1,0,8,8,6,12.25,1,12.7,3.7,-1.7,0
1,6,1,13,1,1,12,3,14,14,29,0,0,0,1,0,0,20,1,0,7,14,0,0.0,6,0,7,12,2,11.666666666666666,0,8.9,1.4,3.51,1
4,1,1,17,0,1,1,22,27,10,8,0,0,0,1,0,1,38,0,0,5,8,5,11.0,0,0,5,7,5,11.4,0,9.4,-0.8,-3.12,1
1,12,1,4,1,1,1,22,27,10,6,0,0,0,1,0,0,41,0,8,12,17,12,11.833333333333334,0,3,12,22,9,12.7,0,15.5,2.8,-4.06,2
1,1,6,12,1,1,1,13,28,5,10,1,0,0,1,0,0,19,0,0,8,10,6,13.066666666666668,0,0,8,10,6,13.066666666666668,0,12.7,3.7,-1.7,0
1,1,1,5,1,1,1,1,28,5,6,0,0,1,1,0,0,19,0,0,6,6,6,13.833333333333334,0,0,6,8,6,13.875,0,10.8,1.4,1.74,2
4,4,1,12,1,3,1,3,14,3,4,0,0,0,1,0,0,43,0,0,7,7,3,13.833333333333334,1,0,7,7,0,0.0,0,16.2,0.3,-0.92,0
1,8,1,8,1,1,1,23,27,10,8,1,0,0,1,0,0,19,0,0,5,5,5,11.8,0,0,5,5,5,13.2,0,10.8,1.4,1.74,2
1,1,1,2,1,1,1,13,28,10,9,1,0,0,1,1,1,19,0,6,12,12,12,13.333333333333334,0,4,11,15,10,12.818181818181818,0,8.9,1.4,3.51,1
1,1,6,12,1,1,1,2,14,4,10,1,0,0,1,1,0,18,0,0,8,8,8,13.74625,0,0,8,8,8,13.74625,0,9.4,-0.8,-3.12,2
1,1,1,2,1,1,1,3,3,3,3,1,0,0,1,1,0,19,0,0,0,0,0,0.0,0,0,0,0,0,0.0,0,16.2,0.3,-0.92,0
2,12,1,3,0,12,1,19,24,1,1,0,0,0,1,1,0,38,0,0,6,0,0,0.0,0,0,6,0,0,0.0,0,9.4,-0.8,-3.12,0
2,4,1,8,1,2,1,13,14,5,9,1,0,0,1,1,0,37,0,0,6,9,0,0.0,0,0,6,6,0,0.0,0,16.2,0.3,-0.92,0
1,12,1,14,1,1,1,1,14,5,11,1,0,0,1,0,1,26,0,0,6,6,6,13.333333333333334,0,0,6,10,5,14.5,0,10.8,1.4,1.74,2
1,8,1,10,1,1,1,22,27,10,10,1,0,0,1,0,1,21,0,0,6,8,1,10.0,0,0,6,13,5,11.4,0,12.7,3.7,-1.7,1
1,1,3,6,1,1,1,1,14,10,10,1,0,0,1,0,1,18,0,0,6,7,6,15.666666666666666,0,0,6,8,6,15.285714285714286,0,8.9,1.4,3.51,2
1,1,1,16,1,1,1,3,14,3,4,0,0,0,1,0,0,18,0,0,7,9,7,11.857142857142858,0,0,7,7,7,11.857142857142858,0,16.2,0.3,-0.92,2
1,1,1,6,1,1,1,3,1,3,5,0,0,0,1,0,0,18,0,0,5,12,5,14.5,2,0,5,5,5,13.6,0,9.4,-0.8,-3.12,2
1,8,1,10,1,1,1,23,1,10,5,0,0,0,1,0,0,19,0,0,6,6,6,12.166666666666666,0,0,6,7,6,13.714285714285714,0,15.5,2.8,-4.06,2
1,1,1,15,1,1,1,13,14,10,10,1,0,0,1,0,0,18,0,0,6,6,5,12.6,0,0,6,8,6,12.0,0,11.1,0.6,2.02,2
1,8,2,12,1,1,1,2,28,4,9,1,0,0,1,0,0,18,0,0,8,12,7,12.285714285714286,0,0,8,12,7,12.285714285714286,0,12.7,3.7,-1.7,1
1,8,1,10,1,1,1,23,28,29,44,0,0,1,1,0,1,19,0,0,6,6,6,12.666666666666666,0,0,6,7,6,13.0,0,8.9,1.4,3.51,2
1,1,1,12,1,1,1,13,28,8,9,0,0,0,1,0,0,19,0,0,7,0,0,0.0,0,0,8,0,0,0.0,0,16.2,0.3,-0.92,0
1,1,1,11,1,1,1,13,1,10,9,1,0,0,1,0,1,18,0,0,6,7,6,12.857142857142858,0,0,6,10,4,13.0,0,12.7,3.7,-1.7,2
2,1,1,12,1,1,1,1,1,10,11,0,0,0,1,0,0,18,0,0,8,8,7,13.9,0,0,8,8,7,13.9,0,12.7,3.7,-1.7,2
1,1,1,12,1,1,1,23,27,10,8,1,0,0,1,0,1,20,0,0,8,8,7,13.817142857142857,0,0,8,8,7,13.817142857142857,0,10.8,1.4,1.74,2
1,17,1,13,1,16,1,1,14,5,6,0,0,0,1,0,1,22,0,1,7,10,6,13.314285714285717,0,2,8,10,7,12.875,0,8.9,1.4,3.51,2
1,1,1,8,1,1,1,19,1,1,1,0,0,0,1,0,0,18,0,0,6,0,0,0.0,0,0,6,0,0,0.0,0,7.6,2.6,0.32,0
1,8,4,11,1,1,1,23,14,8,8,1,0,0,1,0,1,19,0,0,6,6,6,12.166666666666666,0,0,6,6,6,12.166666666666666,0,12.4,0.5,1.79,2
1,1,1,11,1,1,1,22,27,10,10,1,0,0,0,0,1,20,0,0,6,12,4,11.25,0,0,6,12,3,11.333333333333334,0,7.6,2.6,0.32,0
1,14,1,5,1,1,1,2,3,4,3,0,0,0,1,0,0,19,0,1,6,6,5,12.4,0,0,6,8,6,12.75,0,10.8,1.4,1.74,1
1,1,2,15,1,1,1,22,27,6,6,1,1,0,1,0,1,20,0,0,6,6,6,14.666666666666666,0,0,6,7,6,14.571428571428571,0,8.9,1.4,3.51,2
1,12,1,6,1,1,1,3,14,3,10,0,0,0,1,0,0,28,0,0,6,15,4,12.0,0,0,6,14,4,12.0,0,11.1,0.6,2.02,0
1,1,2,6,1,1,1,1,1,31,14,0,0,0,1,0,0,19,0,0,6,8,6,14.0,0,0,6,18,3,12.666666666666666,0,12.4,0.5,1.79,2
1,13,1,4,1,14,1,13,1,6,6,0,0,0,1,0,0,22,0,0,6,10,6,12.571428571428571,0,0,6,12,4,13.666666666666666,0,15.5,2.8,-4.06,1
1,1,1,6,1,1,1,1,3,10,2,1,0,0,1,0,0,19,0,1,6,14,6,15.538461538461538,0,0,6,9,6,12.625,0,15.5,2.8,-4.06,2
1,1,3,15,1,1,1,13,14,6,6,1,0,0,0,0,0,18,0,0,6,0,0,0.0,0,0,6,0,0,0.0,0,13.9,-0.3,0.79,0
1,3,1,8,1,1,1,5,33,3,3,1,0,0,1,0,0,18,0,0,6,6,6,15.0,0,0,6,6,6,14.833333333333334,0,8.9,1.4,3.51,2
1,14,1,8,1,1,1,2,1,3,4,1,0,0,1,0,0,22,0,0,5,11,4,12.25,0,0,5,9,5,13.285714285714286,0,12.7,3.7,-1.7,2
1,17,1,6,1,16,1,1,14,5,8,0,0,0,1,0,0,20,0,7,11,13,11,15.692307692307692,0,4,9,9,9,15.555555555555555,0,8.9,1.4,3.51,2
1,12,1,17,0,1,1,1,27,10,8,0,0,0,1,0,1,24,0,0,5,7,5,12.285714285714286,0,0,5,9,5,12.75,1,16.2,0.3,-0.92,2
1,8,1,2,1,1,1,1,28,10,10,1,0,1,1,0,0,22,0,12,17,19,12,11.833333333333334,0,10,17,22,11,11.25,0,11.1,0.6,2.02,1
1,14,1,3,0,1,1,23,14,6,5,0,0,0,1,0,0,20,0,2,6,6,6,12.166666666666666,0,0,6,7,5,14.0,0,12.7,3.7,-1.7,1
1,1,1,13,1,1,1,13,28,10,10,1,0,0,1,0,1,20,0,0,7,10,7,11.88888888888889,0,0,8,10,8,11.95625,0,12.7,3.7,-1.7,2
2,4,1,3,0,3,1,23,1,10,10,0,0,0,0,0,0,35,0,0,6,0,0,0.0,0,0,6,0,0,0.0,0,10.8,1.4,1.74,0
1,1,1,14,1,1,1,1,1,6,8,0,0,0,1,0,1,18,0,0,5,6,5,11.8,0,0,5,5,5,12.6,0,9.4,-0.8,-3.12,2
1,8,2,10,1,1,1,2,3,4,4,1,0,0,1,0,0,19,0,0,6,7,6,11.166666666666666,0,0,6,9,6,11.666666666666666,0,9.4,-0.8,-3.12,2
1,9,1,12,1,1,1,3,3,4,4,0,0,0,1,0,0,18,0,0,7,7,7,14.05714285714286,0,0,8,9,8,14.6,0,16.2,0.3,-0.92,2
1,1,2,11,1,1,1,1,28,5,10,1,0,0,1,0,0,18,0,0,6,10,4,11.75,0,0,6,13,4,10.0,0,7.6,2.6,0.32,0
2,12,1,10,1,12,1,1,2,5,7,0,0,0,1,0,0,31,0,0,6,6,6,13.166666666666666,0,0,6,8,6,13.0,0,9.4,-0.8,-3.12,1
1,8,1,10,1,1,1,13,14,6,8,0,0,0,1,0,1,19,0,0,6,7,6,13.5,0,0,6,7,6,14.0,0,15.5,2.8,-4.06,2
1,9,1,12,1,1,1,23,27,5,10,1,0,0,1,0,1,20,0,0,7,10,7,12.625,0,0,8,8,8,13.0625,0,15.5,2.8,-4.06,2
1,8,3,6,1,1,1,13,28,6,8,0,0,0,1,0,0,21,0,0,6,0,0,0.0,0,0,6,0,0,0.0,0,15.5,2.8,-4.06,0
1,1,3,12,1,1,1,13,28,10,8,1,0,0,1,0,1,18,0,0,8,8,7,13.971428571428572,0,0,8,8,7,13.971428571428572,0,12.7,3.7,-1.7,2
1,1,5,5,1,1,1,19,1,6,8,1,0,0,1,0,0,18,0,0,6,7,2,11.0,0,0,6,0,0,0.0,0,9.4,-0.8,-3.12,0
2,12,1,17,0,1,1,23,14,5,9,0,0,0,1,0,0,33,0,0,5,5,5,12.8,0,0,5,6,5,15.333333333333334,0,10.8,1.4,1.74,2
1,1,2,14,1,1,1,22,27,10,8,1,0,0,1,0,1,18,0,0,6,8,6,13.571428571428571,0,0,6,6,5,12.8,0,12.4,0.5,1.79,1
1,1,1,2,1,1,1,22,27,8,10,1,0,0,0,0,1,18,0,0,0,0,0,0.0,0,0,0,0,0,0.0,0,12.7,3.7,-1.7,0
1,1,1,6,1,1,1,22,27,10,7,0,0,1,1,0,0,21,0,0,5,9,2,11.5,0,0,5,13,4,11.0,1,10.8,1.4,1.74,1
1,8,3,11,1,1,1,22,14,6,6,1,0,0,1,0,0,19,0,0,6,8,4,11.25,0,0,6,8,4,12.0,0,10.8,1.4,1.74,1
1,4,1,17,0,3,1,3,14,3,4,0,0,0,1,0,0,28,0,0,5,7,5,13.714285714285714,0,0,5,7,5,13.142857142857142,0,16.2,0.3,-0.92,2
2,12,1,9,1,1,1,1,14,10,10,0,0,0,0,0,0,29,0,0,4,4,0,0.0,0,0,5,0,0,0.0,0,12.7,3.7,-1.7,0
1,15,1,8,1,14,1,1,27,4,4,1,0,1,0,0,0,36,0,2,6,9,6,12.0,0,1,6,8,3,14.666666666666666,0,12.4,0.5,1.79,0
1,12,1,3,0,12,1,22,27,10,8,0,0,0,1,0,1,32,0,0,6,7,6,12.666666666666666,0,0,6,7,6,13.333333333333334,0,12.7,3.7,-1.7,2
1,12,1,12,1,1,1,23,27,6,8,1,0,0,1,0,1,25,0,0,8,11,7,13.29,3,0,8,11,7,13.29,3,9.4,-0.8,-3.12,1
2,14,1,17,0,1,1,22,27,4,11,0,0,0,1,0,0,33,0,8,10,15,8,10.375,0,7,10,13,9,10.444444444444445,0,7.6,2.6,0.32,1
2,14,1,3,0,10,1,19,24,1,1,0,0,0,0,0,0,34,0,3,7,13,3,12.0,0,2,7,15,1,13.0,1,9.4,-0.8,-3.12,0
2,12,1,3,0,1,1,19,24,1,1,0,0,0,1,0,0,33,0,0,6,10,5,11.4,0,1,6,7,6,11.166666666666666,0,7.6,2.6,0.32,2
1,14,1,17,0,1,1,22,28,10,9,0,0,1,0,0,0,29,0,0,5,15,2,13.25,0,0,5,12,3,12.6,3,16.2,0.3,-0.92,0
1,1,1,12,1,1,1,1,1,5,11,0,0,0,1,0,0,18,0,0,7,7,6,13.861666666666666,0,0,8,16,0,0.0,1,12.4,0.5,1.79,0
1,1,1,15,1,1,1,22,28,8,8,0,0,0,1,0,1,18,0,0,6,6,6,12.166666666666666,0,0,6,7,6,12.142857142857142,0,15.5,2.8,-4.06,2
2,4,1,10,1,3,1,22,14,5,6,0,0,0,1,0,0,38,0,0,6,17,4,13.75,0,0,6,15,6,14.5,0,16.2,0.3,-0.92,2
1,1,4,12,1,1,1,23,27,10,9,1,0,0,1,0,1,19,0,0,7,7,6,15.433333333333332,0,0,7,7,6,15.433333333333332,0,7.6,2.6,0.32,2
4,12,1,3,0,12,1,22,27,10,10,0,0,0,1,0,1,39,0,0,6,6,6,13.833333333333334,0,0,6,6,6,15.5,0,11.1,0.6,2.02,2
1,14,1,17,0,3,1,22,27,10,10,0,0,0,1,0,0,37,0,7,14,21,12,11.833333333333334,0,11,12,15,11,11.363636363636363,0,12.7,3.7,-1.7,2
1,8,2,13,1,1,1,22,27,6,6,1,0,0,1,0,0,32,0,0,7,7,0,0.0,0,0,8,8,0,0.0,0,16.2,0.3,-0.92,0
1,9,1,10,1,1,1,23,24,5,1,0,0,0,1,0,0,18,0,0,1,1,0,0.0,1,0,6,0,0,0.0,0,10.8,1.4,1.74,0
1,14,1,13,1,1,1,1,1,5,9,1,1,0,1,0,0,20,0,1,7,9,7,12.333333333333334,0,0,8,8,8,12.625,0,12.7,3.7,-1.7,1
1,1,5,5,1,1,1,22,27,10,10,1,0,0,1,0,0,20,0,0,6,6,6,11.166666666666666,0,0,6,6,6,12.166666666666666,0,7.6,2.6,0.32,2
1,8,1,6,1,1,1,22,27,10,10,1,0,0,1,0,1,23,0,0,6,6,6,14.666666666666666,0,0,6,8,6,12.428571428571429,0,8.9,1.4,3.51,2
1,1,2,9,1,1,1,1,14,5,10,1,0,0,1,0,0,19,0,0,5,5,5,11.2,0,0,5,11,4,11.75,0,10.8,1.4,1.74,1
1,1,1,10,1,1,1,22,28,10,11,0,0,0,1,0,0,18,0,0,6,9,6,13.714285714285714,0,0,6,6,6,14.166666666666666,0,13.9,-0.3,0.79,2
1,1,1,9,1,1,1,23,14,10,10,1,0,0,1,1,0,19,0,0,5,5,5,12.8,0,0,5,10,5,11.444444444444445,0,10.8,1.4,1.74,2
1,8,4,15,1,1,1,1,28,6,8,1,0,0,1,0,0,20,0,0,6,9,4,13.25,0,0,6,11,5,11.8,0,12.4,0.5,1.79,2
1,1,6,12,1,1,1,22,14,10,8,1,0,0,1,0,0,19,0,0,8,10,6,13.78,1,0,8,10,6,13.78,1,9.4,-0.8,-3.12,0
1,8,3,12,1,1,1,22,28,5,6,1,0,0,1,0,0,19,0,0,8,8,7,15.11,0,0,8,8,7,15.11,0,10.8,1.4,1.74,2
1,1,2,10,1,1,1,1,14,5,6,0,0,0,1,0,0,18,0,0,6,10,4,11.0,0,0,6,8,5,11.2,0,10.8,1.4,1.74,2
1,1,1,12,1,1,1,23,14,10,6,1,0,0,1,0,1,20,0,0,8,8,7,15.798571428571426,0,0,8,8,7,15.798571428571426,0,10.8,1.4,1.74,2
1,1,3,12,1,1,1,13,27,10,10,1,0,0,1,0,0,20,0,0,7,7,7,13.775714285714288,0,0,8,8,8,15.599999999999998,0,12.4,0.5,1.79,2
4,12,1,12,1,1,1,23,27,8,8,1,0,0,1,0,0,24,0,0,8,11,7,12.16,0,0,8,11,7,12.16,0,10.8,1.4,1.74,2
4,12,2,13,1,1,1,23,27,8,8,1,0,0,1,0,0,24,0,0,7,0,0,0.0,0,0,7,0,0,0.0,0,10.8,1.4,1.74,0
1,8,2,15,1,1,1,2,1,3,8,1,0,0,1,0,0,20,0,0,6,6,6,14.333333333333334,0,0,6,6,6,15.5,0,12.4,0.5,1.79,2
1,1,3,5,1,1,1,13,14,4,4,1,0,0,1,0,0,20,0,0,6,6,6,11.833333333333334,0,0,6,6,3,13.333333333333334,0,9.4,-0.8,-3.12,1
1,1,1,6,1,1,1,23,27,4,10,1,0,0,0,0,0,18,0,0,6,7,6,14.833333333333334,0,0,6,8,6,12.5,0,8.9,1.4,3.51,1
1,1,1,12,1,1,1,1,27,10,10,0,0,0,1,0,0,18,0,0,8,8,7,14.2,0,0,8,8,7,14.2,0,12.7,3.7,-1.7,2
1,1,1,6,1,1,1,2,1,5,4,1,0,0,1,0,0,21,0,0,5,6,5,12.2,0,0,5,5,5,13.2,0,10.8,1.4,1.74,2
1,8,1,16,1,1,1,1,28,5,11,1,0,0,1,0,0,18,0,0,6,10,4,13.0,0,0,6,9,5,13.666666666666666,0,9.4,-0.8,-3.12,2
1,8,5,12,1,1,1,13,1,6,4,1,0,0,1,0,1,19,0,0,8,8,7,12.485714285714286,0,0,8,8,7,12.485714285714286,0,12.7,3.7,-1.7,2
1,4,1,6,1,15,1,1,1,5,5,1,0,0,1,0,0,22,0,0,6,7,6,17.0,0,0,6,7,6,16.285714285714285,0,11.1,0.6,2.02,2
1,8,3,10,1,1,1,13,14,8,8,1,0,0,1,0,0,19,0,0,6,7,5,10.8,0,0,6,9,6,10.166666666666666,0,8.9,1.4,3.51,2
1,1,3,12,1,1,3,22,27,10,10,1,0,0,1,0,0,18,1,0,7,7,6,14.716666666666669,0,0,7,7,6,14.716666666666669,0,7.6,2.6,0.32,2
1,1,1,6,1,1,1,22,14,10,6,1,0,0,1,0,1,19,0,0,5,10,2,13.5,0,0,5,11,5,11.4,1,10.8,1.4,1.74,1
1,14,1,12,1,1,1,23,14,6,6,1,0,0,1,0,1,24,0,0,8,8,7,11.971428571428572,0,0,8,8,7,11.971428571428572,0,12.7,3.7,-1.7,1
1,1,3,6,1,1,1,23,14,10,6,0,0,0,1,0,0,19,0,0,5,7,3,12.0,0,0,5,7,4,13.5,0,7.6,2.6,0.32,1
1,1,1,3,0,1,1,23,28,6,3,0,0,0,1,0,0,34,0,0,6,7,6,12.333333333333334,0,0,6,6,6,11.666666666666666,0,10.8,1.4,1.74,2
1,8,5,6,1,1,1,23,28,10,10,1,0,0,1,0,0,19,0,0,12,22,6,15.307692307692308,0,0,10,13,6,13.875,0,15.5,2.8,-4.06,2
1,1,1,12,1,1,1,22,27,8,10,1,0,0,1,0,1,18,0,0,7,7,6,12.666666666666666,0,0,7,7,6,12.666666666666666,0,7.6,2.6,0.32,2
1,1,5,12,1,1,1,22,27,10,6,1,0,0,1,0,1,19,0,0,7,10,7,14.368,0,0,8,8,8,14.44875,0,15.5,2.8,-4.06,2
1,12,1,12,1,1,1,13,1,2,2,0,0,0,1,0,0,25,0,0,8,8,7,12.084285714285716,0,0,8,8,7,12.084285714285716,0,10.8,1.4,1.74,2
1,15,1,6,1,14,1,3,28,3,10,1,0,0,1,0,0,21,0,7,12,18,8,12.25,0,4,12,27,8,12.2,0,12.4,0.5,1.79,1
1,1,1,11,1,1,1,22,27,8,8,0,0,0,1,0,0,18,0,0,6,10,5,12.2,0,0,6,10,5,11.6,0,16.2,0.3,-0.92,1
1,1,1,10,1,1,1,19,28,5,8,0,0,0,1,0,1,18,0,0,6,12,4,11.0,0,0,6,9,6,11.5,0,9.4,-0.8,-3.12,2
1,1,1,3,0,1,1,23,28,10,8,1,0,0,1,0,0,28,0,0,6,8,5,12.8,0,0,6,8,5,11.0,0,9.4,-0.8,-3.12,2
5,14,1,12,1,1,1,1,28,6,6,0,0,0,1,0,1,18,0,0,8,8,7,11.857142857142858,0,0,8,8,7,11.857142857142858,0,12.7,3.7,-1.7,2
2,12,1,11,1,1,1,22,27,10,10,0,0,0,1,0,0,41,0,0,6,8,6,12.285714285714286,0,0,6,10,5,13.0,0,8.9,1.4,3.51,2
1,8,2,16,1,1,1,22,27,6,1,0,0,0,1,0,0,18,0,0,6,11,3,12.333333333333334,0,0,6,11,4,13.5,0,7.6,2.6,0.32,0
1,8,1,10,1,1,1,23,14,8,8,0,0,0,1,0,1,21,0,0,6,11,4,11.25,0,0,6,12,4,11.4,0,15.5,2.8,-4.06,2
4,4,1,10,1,15,1,19,24,13,13,0,0,1,1,0,0,41,0,0,6,0,0,0.0,0,0,6,0,0,0.0,0,11.1,0.6,2.02,0
1,4,1,5,1,3,1,3,5,3,3,1,0,0,1,0,0,32,0,0,3,3,2,16.0,0,0,3,3,1,16.0,0,7.6,2.6,0.32,0
1,14,1,3,0,9,1,19,24,1,13,0,0,0,1,0,0,29,0,0,6,10,6,11.666666666666666,0,0,6,7,6,11.0,0,7.6,2.6,0.32,2
1,12,1,13,1,1,1,13,28,10,9,0,0,0,1,0,0,24,0,0,7,15,5,12.4,0,0,8,14,7,12.15,0,12.4,0.5,1.79,1
1,14,1,13,1,1,1,23,28,8,9,1,0,0,1,0,0,22,0,0,7,14,6,10.744444444444444,1,0,8,10,8,11.8375,0,12.7,3.7,-1.7,1
1,1,1,10,1,1,1,13,1,2,4,0,0,0,1,0,0,21,0,0,6,0,0,0.0,0,0,6,0,0,0.0,0,15.5,2.8,-4.06,0
2,12,1,12,1,12,1,22,28,10,11,1,0,0,1,0,0,39,0,0,7,12,4,12.0,0,0,7,13,4,12.5625,0,11.1,0.6,2.02,0
4,12,1,6,1,1,1,22,27,10,10,0,0,0,0,0,1,44,0,0,6,12,4,12.75,0,0,6,15,2,10.0,0,8.9,1.4,3.51,1
1,1,1,9,1,1,1,22,27,10,10,1,0,0,1,0,0,20,0,0,5,9,2,10.0,0,0,5,10,2,11.0,0,7.6,2.6,0.32,1
1,14,3,12,1,1,1,23,27,10,9,0,0,0,1,0,0,21,0,11,14,26,12,13.417391304347827,1,11,14,26,12,13.417391304347827,1,7.6,2.6,0.32,2
1,1,1,15,1,1,1,19,18,1,7,1,0,0,1,0,0,18,0,0,6,6,6,15.166666666666666,0,0,6,7,6,14.857142857142858,0,7.6,2.6,0.32,2
1,12,1,4,1,1,1,22,27,6,6,0,0,1,1,0,0,34,0,0,6,10,5,13.833333333333334,0,0,6,13,5,12.5,0,16.2,0.3,-0.92,2
1,1,3,6,1,1,1,8,14,12,12,1,0,0,1,0,0,18,0,0,5,6,5,13.333333333333334,0,0,5,7,4,14.8,0,7.6,2.6,0.32,2
1,1,1,2,1,1,1,13,4,10,3,1,0,1,1,0,0,19,0,0,0,0,0,0.0,0,0,0,0,0,0.0,0,12.7,3.7,-1.7,1
1,1,1,16,1,1,1,22,14,7,8,1,0,0,1,0,0,18,0,0,6,11,3,11.666666666666666,0,0,6,11,3,10.666666666666666,0,9.4,-0.8,-3.12,0
1,1,5,6,1,1,1,3,14,3,4,1,0,0,1,0,0,19,0,0,6,12,5,15.0,0,0,6,9,6,13.428571428571429,0,16.2,0.3,-0.92,2
1,1,3,12,1,1,1,22,27,10,10,1,0,0,1,0,1,18,0,0,8,8,7,13.242857142857144,0,0,8,8,7,13.242857142857144,0,12.7,3.7,-1.7,1
1,1,5,8,1,1,1,3,1,3,10,1,0,0,1,0,0,19,0,0,5,13,1,13.0,0,0,5,7,2,12.5,0,12.7,3.7,-1.7,0
1,1,2,12,1,1,1,3,27,5,8,1,0,0,1,0,1,19,0,0,7,8,6,13.075,0,0,8,10,7,12.05,0,12.4,0.5,1.79,2
1,1,1,14,1,1,1,13,14,6,10,1,0,0,1,0,1,18,0,0,6,6,6,13.5,0,0,6,9,6,13.666666666666666,0,10.8,1.4,1.74,2
1,15,1,17,0,14,1,22,27,8,8,1,0,0,1,0,1,23,0,2,6,8,5,11.8,0,2,6,8,6,12.333333333333334,0,9.4,-0.8,-3.12,2
1,8,2,11,1,1,9,13,27,10,10,1,0,0,0,0,0,18,1,0,6,7,5,12.6,0,0,6,6,5,11.8,0,11.1,0.6,2.02,1
4,14,1,16,1,1,16,13,16,12,12,0,0,0,1,0,0,33,1,0,6,6,6,12.166666666666666,0,0,6,9,3,11.0,0,7.6,2.6,0.32,0
1,8,2,10,1,1,1,13,28,10,10,1,0,0,1,0,0,19,0,0,6,9,6,12.166666666666666,0,0,6,9,6,11.0,0,8.9,1.4,3.51,2
1,14,3,2,1,1,1,22,28,8,8,1,0,0,1,0,0,21,0,0,0,0,0,0.0,0,0,0,0,0,0.0,0,9.4,-0.8,-3.12,0
1,1,6,12,1,1,1,13,14,10,10,0,0,0,1,0,0,18,0,0,7,7,7,13.557142857142855,0,0,8,9,8,13.2,0,12.4,0.5,1.79,2
1,9,1,17,0,1,1,23,28,6,6,0,0,0,1,0,1,21,0,0,5,6,4,12.25,0,0,5,8,4,11.8,0,10.8,1.4,1.74,1
1,8,2,5,1,1,1,13,28,5,8,1,0,0,1,0,0,19,0,0,6,6,6,14.333333333333334,0,0,6,6,6,13.5,0,9.4,-0.8,-3.12,2
1,1,2,15,1,1,1,19,28,1,6,1,0,0,1,0,0,20,0,0,6,10,4,10.5,0,0,6,8,4,11.75,0,7.6,2.6,0.32,2
1,1,1,15,1,1,1,22,27,1,6,1,0,0,1,0,0,20,0,0,4,8,0,0.0,0,0,4,8,0,0.0,0,7.6,2.6,0.32,0
1,9,5,16,1,1,1,13,27,8,8,1,0,0,1,0,0,20,0,0,6,10,4,12.75,0,0,6,14,3,11.333333333333334,0,10.8,1.4,1.74,1
1,1,1,10,1,1,1,23,28,5,8,1,0,0,1,0,1,18,0,0,6,14,0,0.0,0,0,6,9,4,11.0,0,7.6,2.6,0.32,1
1,14,2,9,1,1,1,13,27,6,10,1,0,0,1,0,0,18,0,0,5,10,1,14.0,0,0,5,10,1,14.0,0,7.6,2.6,0.32,1
1,1,2,12,1,1,1,22,27,8,8,1,0,0,1,0,1,20,0,0,7,9,7,14.093333333333332,0,0,8,8,8,15.0,0,11.1,0.6,2.02,2
1,1,1,10,1,1,1,22,27,6,7,0,0,0,1,0,1,21,0,0,6,6,6,13.333333333333334,0,0,6,8,6,13.166666666666666,0,9.4,-0.8,-3.12,2
1,14,1,12,1,1,1,23,14,10,6,1,0,0,1,0,0,19,0,0,8,12,7,12.071428571428571,0,0,8,12,7,12.071428571428571,0,12.7,3.7,-1.7,2
1,1,3,11,1,1,1,13,1,8,10,1,0,0,1,0,1,18,0,0,6,6,6,12.666666666666666,0,0,6,6,6,12.5,0,12.4,0.5,1.79,2
1,12,1,6,1,1,1,22,27,10,10,1,0,1,1,0,0,27,0,0,6,11,6,12.125,0,0,6,16,5,12.0,0,12.4,0.5,1.79,1
1,1,2,12,1,1,1,13,28,8,10,1,0,0,1,0,1,21,0,0,7,9,7,13.2,0,0,8,9,7,13.2575,0,15.5,2.8,-4.06,2
1,8,4,12,1,1,1,3,14,5,8,1,0,0,1,0,1,18,0,0,7,8,7,14.15,0,0,8,8,8,14.51125,0,15.5,2.8,-4.06,2
1,8,1,16,1,1,1,23,27,6,8,1,0,1,1,0,0,18,0,0,6,12,4,13.5,0,0,6,14,3,10.666666666666666,0,10.8,1.4,1.74,1
1,14,1,16,1,1,1,22,27,10,10,0,0,1,0,0,0,28,0,0,6,0,0,0.0,0,0,5,10,0,0.0,0,10.8,1.4,1.74,0
1,12,1,13,1,1,1,29,30,3,3,0,0,0,1,0,0,36,0,0,7,13,5,12.2,0,0,7,14,3,11.4,0,11.1,0.6,2.02,0
1,1,1,6,1,1,1,23,28,10,11,1,0,0,1,0,0,20,0,0,5,6,5,14.8,1,0,5,6,5,14.0,0,12.7,3.7,-1.7,2
1,1,1,10,1,1,1,23,28,1,8,1,0,0,1,0,0,19,0,0,6,8,5,11.0,0,0,6,13,5,11.4,0,7.6,2.6,0.32,2
1,1,1,17,0,1,1,13,27,10,10,1,0,0,1,0,0,20,0,0,5,10,0,0.0,0,0,5,10,0,0.0,3,7.6,2.6,0.32,1
1,8,2,6,1,1,1,22,27,10,8,1,0,0,1,0,0,19,0,0,5,15,3,14.0,3,0,5,10,4,11.75,1,9.4,-0.8,-3.12,1
2,12,1,3,0,1,1,22,28,4,8,0,0,0,1,0,0,28,0,0,6,8,5,11.833333333333334,0,0,6,6,6,13.0,0,16.2,0.3,-0.92,2
1,1,1,14,1,1,1,22,1,8,1,0,0,0,1,0,0,20,0,0,5,7,4,11.75,0,0,5,7,5,11.8,1,7.6,2.6,0.32,2
1,13,1,11,1,1,1,23,27,2,2,1,0,0,1,0,0,28,0,8,14,22,12,12.333333333333334,0,3,12,20,8,12.0,0,9.4,-0.8,-3.12,2
1,14,1,17,0,14,1,22,27,10,10,0,0,0,1,0,0,24,0,3,10,16,3,11.666666666666666,0,3,10,24,6,11.833333333333334,0,9.4,-0.8,-3.12,0
1,15,1,6,1,14,1,1,29,4,10,1,0,0,1,0,0,20,0,1,6,9,6,12.666666666666666,0,1,6,10,4,11.5,0,13.9,-0.3,0.79,1
1,8,2,16,1,1,1,22,27,6,7,1,0,0,1,0,0,22,0,0,6,9,4,12.25,0,0,6,8,5,11.6,0,10.8,1.4,1.74,1
1,8,2,11,1,1,1,1,4,5,5,0,0,0,1,0,1,18,0,0,6,7,6,11.285714285714286,0,0,6,9,4,13.5,0,16.2,0.3,-0.92,2
1,1,5,9,1,1,1,23,28,10,10,1,0,1,0,0,0,22,0,0,5,12,2,11.5,0,0,5,12,0,0.0,0,12.7,3.7,-1.7,0
1,1,5,11,1,1,1,22,27,10,8,1,0,0,1,0,1,18,0,0,6,10,6,11.666666666666666,0,0,6,10,4,12.25,0,9.4,-0.8,-3.12,2
1,1,1,12,1,1,1,13,27,6,6,0,0,0,1,0,1,21,0,0,8,8,7,13.514285714285714,0,0,8,8,7,13.514285714285714,0,12.7,3.7,-1.7,2
1,8,6,15,1,1,1,1,1,5,3,1,0,0,1,0,0,19,0,0,6,7,6,13.0,0,0,6,9,6,13.714285714285714,0,7.6,2.6,0.32,2
1,3,1,16,1,1,1,1,28,6,9,1,0,0,1,0,0,22,0,0,6,11,3,15.0,0,0,6,11,4,10.25,0,9.4,-0.8,-3.12,1
1,1,1,12,1,1,1,23,28,6,6,1,0,0,1,0,1,20,0,0,8,8,7,12.744285714285716,0,0,8,8,7,12.744285714285716,0,10.8,1.4,1.74,2
1,1,1,9,1,1,1,22,27,29,33,0,0,0,1,0,0,20,0,0,5,10,4,11.75,0,0,5,8,5,11.8,0,11.1,0.6,2.02,2
1,8,1,3,0,1,1,22,27,6,7,1,0,1,1,0,0,19,0,0,6,6,6,12.166666666666666,0,0,6,7,6,11.666666666666666,0,10.8,1.4,1.74,2
1,8,1,2,1,1,1,1,1,8,4,1,0,0,1,0,0,20,0,0,0,0,0,0.0,0,0,0,0,0,0.0,0,15.5,2.8,-4.06,1
1,1,2,5,1,1,1,13,28,10,10,1,0,0,1,0,1,20,0,1,6,9,5,13.4,1,0,6,9,6,12.375,0,13.9,-0.3,0.79,2
1,1,1,10,1,1,1,19,28,1,8,1,0,0,1,0,0,20,0,0,6,9,5,11.8,0,0,6,10,4,11.5,0,7.6,2.6,0.32,0
1,1,3,12,1,1,1,1,27,5,10,1,0,0,1,0,0,19,0,0,7,7,6,13.533333333333331,0,0,7,7,6,13.533333333333331,0,7.6,2.6,0.32,2
1,1,1,11,1,1,1,13,14,10,10,1,0,0,1,0,1,18,0,0,6,7,6,14.166666666666666,0,0,6,10,4,14.0,0,15.5,2.8,-4.06,2
1,1,1,12,1,1,1,23,27,8,9,0,0,0,1,0,1,18,0,0,7,7,7,14.652857142857142,0,0,8,9,8,14.755555555555556,0,12.4,0.5,1.79,2
1,1,1,2,1,1,1,1,28,5,10,1,0,0,0,0,0,19,0,0,0,0,0,0.0,0,0,0,0,0,0.0,0,7.6,2.6,0.32,0
1,1,1,9,1,1,18,22,27,10,10,0,0,0,1,1,0,20,1,0,5,5,5,13.6,0,0,5,7,5,13.0,0,9.4,-0.8,-3.12,2
1,1,1,11,1,1,1,13,1,4,8,0,0,0,1,0,1,22,0,0,6,9,6,12.833333333333334,0,0,6,6,4,13.25,0,16.2,0.3,-0.92,2
1,1,1,10,1,1,1,13,27,6,5,1,0,0,1,0,1,18,0,0,6,6,6,14.666666666666666,0,0,6,6,6,15.166666666666666,0,9.4,-0.8,-3.12,2
1,8,2,15,1,1,1,1,1,5,9,1,0,0,1,0,0,19,0,0,6,6,6,13.333333333333334,0,0,6,6,6,14.666666666666666,0,12.4,0.5,1.79,2
1,1,1,10,1,1,1,13,27,10,10,0,0,0,0,0,1,20,0,0,6,10,5,13.4,0,0,6,9,5,11.4,0,10.8,1.4,1.74,2
1,1,2,12,1,1,1,23,27,6,7,1,0,0,1,0,1,19,0,0,7,9,7,13.3125,0,0,8,8,8,15.6375,0,13.9,-0.3,0.79,2
1,1,1,2,1,1,1,13,27,6,7,1,0,1,0,0,0,18,0,0,0,0,0,0.0,0,0,0,0,0,0.0,0,8.9,1.4,3.51,0
1,1,6,15,1,1,1,1,27,4,4,1,0,1,0,0,0,20,0,0,4,4,0,0.0,0,0,5,5,0,0.0,0,12.4,0.5,1.79,0
1,1,2,15,1,1,1,1,2,10,4,1,0,0,1,0,1,19,0,0,6,7,6,12.333333333333334,0,0,6,6,6,13.5,0,9.4,-0.8,-3.12,2
1,8,3,15,1,1,1,1,14,6,8,0,0,0,1,0,0,18,0,0,6,6,6,13.5,0,0,6,6,6,13.333333333333334,0,12.4,0.5,1.79,1
1,7,4,10,1,1,1,22,27,10,10,1,0,0,1,0,0,18,0,0,6,8,5,13.0,0,0,6,7,6,11.833333333333334,0,10.8,1.4,1.74,2
1,1,1,14,1,1,1,19,28,1,5,0,0,0,1,0,0,22,0,0,5,6,2,12.5,0,0,5,5,0,0.0,0,9.4,-0.8,-3.12,0
1,1,1,10,1,1,1,22,27,10,10,0,0,0,1,0,0,18,0,0,6,10,6,17.0,0,0,6,11,6,16.0,0,12.4,0.5,1.79,2
1,1,1,10,1,1,1,13,1,10,10,1,0,0,1,0,0,20,0,0,6,7,6,13.5,0,0,6,6,6,13.0,0,10.8,1.4,1.74,2
1,8,2,11,1,1,1,13,28,6,6,1,0,0,1,0,0,19,0,0,6,7,6,12.714285714285714,0,0,6,6,6,11.833333333333334,0,8.9,1.4,3.51,2
1,14,1,12,1,1,1,23,14,6,9,0,0,0,1,0,1,19,0,0,7,9,6,13.0,0,0,8,11,8,13.927272727272726,0,16.2,0.3,-0.92,2
1,15,1,10,1,14,1,23,14,6,1,0,0,0,1,0,0,21,0,3,6,7,6,12.571428571428571,0,2,6,6,6,13.5,0,12.4,0.5,1.79,2
1,8,2,3,0,1,1,13,1,6,6,1,0,0,1,0,1,19,0,0,6,10,4,11.5,0,0,6,11,6,11.5,0,9.4,-0.8,-3.12,0
1,1,6,10,1,1,1,23,1,8,5,1,0,0,1,0,1,19,0,0,6,6,6,13.5,0,0,6,7,6,13.285714285714286,0,11.1,0.6,2.02,2
2,12,1,3,0,1,1,22,27,6,5,0,0,0,1,0,0,45,0,0,6,8,5,13.6,0,0,6,7,5,13.0,0,15.5,2.8,-4.06,1
2,12,1,6,1,1,1,21,26,13,6,0,0,0,0,0,1,28,0,0,5,14,1,12.0,3,0,5,5,0,0.0,5,9.4,-0.8,-3.12,0
2,14,1,12,1,1,1,3,3,3,3,0,0,0,1,0,0,28,0,0,7,8,7,14.95,0,0,8,8,8,14.7375,0,13.9,-0.3,0.79,2
1,12,1,17,0,1,1,23,14,10,6,0,0,1,1,0,0,25,0,0,5,10,4,11.25,0,0,5,9,4,12.0,0,12.7,3.7,-1.7,1
1,14,1,14,1,1,1,1,28,5,5,0,0,1,0,0,0,19,0,0,6,13,3,10.666666666666666,0,0,6,6,4,12.25,0,15.5,2.8,-4.06,0
1,1,5,12,1,1,1,23,28,10,6,1,0,0,1,0,0,19,0,0,8,8,7,14.992857142857142,0,0,8,8,7,14.992857142857142,0,10.8,1.4,1.74,2
1,1,2,9,1,1,1,23,28,10,6,1,0,0,1,1,0,20,0,0,5,12,3,10.5,0,0,5,10,4,11.25,0,12.4,0.5,1.79,1
1,1,3,10,1,1,1,1,1,10,10,1,0,0,1,1,0,22,0,0,6,6,4,11.25,0,0,6,7,3,11.0,0,8.9,1.4,3.51,1
1,14,1,15,1,1,1,23,14,10,10,1,0,0,1,1,1,20,0,0,6,6,6,12.333333333333334,0,0,6,7,6,14.0,0,12.4,0.5,1.79,2
1,1,4,12,1,1,1,13,27,8,8,1,0,0,1,1,0,20,0,0,7,7,6,13.016666666666666,0,0,7,7,6,13.016666666666666,0,7.6,2.6,0.32,1
1,1,1,6,1,1,1,23,14,5,12,0,0,1,0,1,0,20,0,0,5,7,3,11.333333333333334,0,0,5,8,2,11.5,0,7.6,2.6,0.32,0
1,12,1,6,1,15,1,3,2,4,3,1,0,0,1,0,0,27,0,0,6,7,6,16.142857142857142,0,0,6,7,6,14.666666666666666,0,13.9,-0.3,0.79,2
1,16,1,6,1,1,1,1,1,10,5,0,0,0,1,0,0,22,0,0,6,8,6,14.833333333333334,0,0,6,10,5,13.833333333333334,0,11.1,0.6,2.02,2
1,1,3,12,1,1,1,22,27,10,10,1,0,1,0,0,0,19,0,0,8,8,7,13.327142857142857,0,0,8,8,7,13.327142857142857,0,10.8,1.4,1.74,0
1,8,1,10,1,1,1,13,28,4,4,1,0,0,0,0,0,19,0,0,6,13,4,11.0,0,0,6,13,2,11.5,0,12.7,3.7,-1.7,0
1,1,1,5,1,1,1,4,29,3,3,1,0,0,1,0,0,18,0,1,6,10,6,11.714285714285714,1,0,6,15,6,10.375,0,13.9,-0.3,0.79,1
1,1,1,2,1,1,1,3,3,3,6,1,0,0,1,0,0,19,0,6,12,13,12,12.333333333333334,0,4,11,12,10,12.727272727272728,0,8.9,1.4,3.51,0
1,9,4,16,1,1,1,13,27,10,7,1,0,1,0,0,0,20,0,0,7,9,0,0.0,0,0,6,6,0,0.0,0,11.1,0.6,2.02,0
2,14,1,17,0,1,1,23,14,4,4,0,0,0,0,0,0,39,0,11,15,15,12,11.916666666666666,0,8,13,14,8,11.25,0,10.8,1.4,1.74,0
2,12,2,3,0,12,1,22,27,5,8,0,0,1,1,0,0,37,0,0,6,9,6,11.833333333333334,0,0,6,7,6,11.0,0,7.6,2.6,0.32,2
2,12,1,12,1,3,1,1,1,5,7,0,0,1,0,0,0,30,0,3,7,11,3,12.333333333333334,0,3,7,9,3,11.666666666666666,0,13.9,-0.3,0.79,0
2,14,1,17,0,3,1,22,27,10,10,0,0,0,1,0,0,41,0,5,10,11,10,14.3,0,5,10,10,10,14.2,0,12.7,3.7,-1.7,2
4,12,1,12,1,12,1,22,27,6,8,0,0,0,0,0,0,40,0,0,8,11,5,11.832,4,0,8,11,5,11.832,4,9.4,-0.8,-3.12,0
1,1,1,9,1,1,1,7,16,5,4,0,0,0,1,0,0,20,0,0,5,13,2,10.0,1,0,5,10,0,0.0,0,9.4,-0.8,-3.12,0
2,1,1,17,0,1,1,13,14,10,10,0,0,0,1,0,0,28,0,0,5,5,5,12.0,0,0,5,6,5,11.6,0,7.6,2.6,0.32,2
1,9,2,16,1,1,1,13,27,10,5,1,0,1,0,0,0,19,0,0,7,11,5,12.2,0,0,7,13,0,0.0,0,12.4,0.5,1.79,0
1,1,1,14,1,1,1,22,27,6,10,1,0,0,1,0,0,23,0,0,5,7,3,11.333333333333334,0,0,5,5,4,11.25,0,7.6,2.6,0.32,0
1,4,1,3,0,4,1,2,3,3,3,0,0,0,1,0,0,18,0,10,16,24,13,13.846153846153848,0,7,11,15,9,12.555555555555555,0,15.5,2.8,-4.06,0
1,12,1,12,1,1,1,1,14,5,9,0,0,0,1,0,0,24,0,0,8,8,7,12.412857142857144,0,0,8,8,7,12.412857142857144,0,10.8,1.4,1.74,2
1,8,5,14,1,1,1,1,14,6,6,0,0,0,1,0,0,21,0,0,5,7,3,12.666666666666666,0,0,5,6,4,12.75,1,7.6,2.6,0.32,1
1,1,2,12,1,1,1,13,14,8,8,1,0,0,1,0,0,19,0,0,8,11,7,12.545714285714286,0,0,8,11,7,12.545714285714286,0,10.8,1.4,1.74,2
1,1,1,15,1,1,1,22,14,10,11,1,0,0,1,0,0,19,0,0,6,12,3,13.0,0,0,6,13,2,14.0,0,9.4,-0.8,-3.12,0
1,12,1,4,1,1,1,22,27,10,10,0,0,1,0,0,0,48,0,0,6,6,0,0.0,0,0,6,6,0,0.0,0,11.1,0.6,2.02,0
2,14,1,17,0,2,1,22,27,10,10,0,0,0,0,0,0,38,0,9,12,12,9,12.22222222222222,2,9,12,12,9,13.0,0,9.4,-0.8,-3.12,0
1,8,1,9,1,1,1,1,27,4,8,0,0,0,1,0,0,19,0,0,5,10,5,13.285714285714286,0,0,5,8,5,13.0,0,12.7,3.7,-1.7,2
2,12,1,17,0,9,1,22,1,10,5,0,0,0,1,1,0,30,0,0,5,7,3,11.666666666666666,0,0,5,8,1,11.0,0,7.6,2.6,0.32,0
1,15,1,4,1,14,1,22,14,10,10,0,0,0,1,1,1,24,0,0,6,9,6,13.555555555555555,0,0,6,7,6,12.666666666666666,0,13.9,-0.3,0.79,2
1,8,5,15,1,1,1,1,14,10,6,1,0,0,1,1,0,19,0,0,6,6,6,13.166666666666666,0,0,6,8,6,12.428571428571429,0,16.2,0.3,-0.92,2
1,15,1,2,1,14,1,1,1,10,10,0,0,0,1,1,0,21,0,0,0,0,0,0.0,0,0,0,0,0,0.0,0,15.5,2.8,-4.06,1
1,1,1,11,1,1,1,1,1,6,6,1,0,0,1,1,1,21,0,0,6,6,6,11.666666666666666,0,0,6,7,5,12.2,0,10.8,1.4,1.74,2
1,1,2,17,0,1,1,5,1,5,5,0,0,0,1,1,0,19,0,0,5,11,4,11.0,0,0,5,8,4,12.25,0,15.5,2.8,-4.06,0
1,8,2,5,1,1,1,3,1,3,5,1,0,0,1,1,0,18,0,0,6,6,6,13.0,0,0,6,8,1,10.0,0,10.8,1.4,1.74,1
1,8,1,5,1,1,1,22,28,10,8,0,0,0,1,1,1,18,0,0,6,6,6,13.666666666666666,0,0,6,6,6,12.0,0,12.4,0.5,1.79,2
1,8,4,7,1,1,1,1,3,2,5,1,0,0,1,1,0,19,0,0,5,6,5,14.6,0,0,5,5,5,15.2,0,8.9,1.4,3.51,0
1,1,1,12,1,1,1,1,14,10,10,0,0,0,1,1,1,19,0,0,8,8,7,12.514285714285714,0,0,8,8,7,12.514285714285714,0,12.7,3.7,-1.7,2
1,8,2,6,1,1,1,3,14,3,10,0,0,0,1,1,0,18,0,0,5,5,3,14.0,0,0,5,7,3,12.666666666666666,0,7.6,2.6,0.32,1
1,1,1,11,1,1,1,22,14,10,10,1,0,0,1,1,0,25,0,0,6,8,6,13.166666666666666,0,0,6,8,5,12.6,0,7.6,2.6,0.32,1
1,8,1,7,1,1,1,22,1,10,3,1,0,0,1,1,0,18,0,0,5,10,4,13.0,0,0,5,10,3,12.333333333333334,3,7.6,2.6,0.32,1
5,12,1,9,1,1,1,1,14,5,8,0,0,0,0,1,0,29,0,0,5,5,1,13.0,0,0,5,5,0,0.0,0,8.9,1.4,3.51,0
1,8,1,7,1,1,1,13,27,12,6,1,0,0,1,1,0,21,0,0,5,10,1,10.0,0,0,5,8,3,13.666666666666666,3,7.6,2.6,0.32,0
1,1,3,15,1,1,1,1,1,5,8,1,0,1,1,1,1,18,0,0,6,6,6,14.333333333333334,0,0,6,6,6,15.333333333333334,0,11.1,0.6,2.02,2
1,8,1,11,1,1,1,13,1,10,10,0,0,0,1,1,1,20,0,0,6,6,0,0.0,0,0,6,12,0,0.0,0,10.8,1.4,1.74,0
1,12,1,17,0,1,1,13,27,10,8,0,0,0,1,1,0,27,0,0,5,7,1,11.0,0,0,5,7,0,0.0,0,13.9,-0.3,0.79,0
1,1,1,6,1,1,1,3,1,5,10,1,0,0,1,1,0,21,0,0,6,15,3,11.25,0,0,6,9,0,0.0,0,12.4,0.5,1.79,1
1,9,2,9,1,1,1,22,27,6,10,1,0,0,1,1,0,20,0,0,5,7,4,10.75,0,0,5,12,3,10.571428571428571,0,10.8,1.4,1.74,0
1,12,1,9,1,12,1,23,14,8,10,0,0,1,0,1,0,28,0,0,5,7,1,11.0,0,0,5,9,0,0.0,0,10.8,1.4,1.74,0
1,12,2,13,1,1,1,22,14,10,9,0,0,0,1,1,1,24,0,0,7,13,6,10.857142857142858,0,0,7,7,7,11.857142857142858,0,12.7,3.7,-1.7,1
1,1,5,9,1,1,1,3,2,3,3,0,0,0,1,1,0,22,0,1,5,10,4,11.75,0,0,5,10,3,11.0,0,7.6,2.6,0.32,1
1,1,1,6,1,1,1,22,14,10,10,1,0,0,1,1,0,20,0,0,5,8,5,12.8,0,0,5,9,4,13.666666666666666,1,10.8,1.4,1.74,2
1,15,1,6,1,14,1,1,1,5,5,0,0,0,1,1,0,21,0,1,5,15,3,12.333333333333334,2,0,5,7,5,11.4,0,9.4,-0.8,-3.12,2
1,15,1,4,1,14,1,1,3,10,3,1,0,1,0,1,0,23,0,0,6,12,2,11.333333333333334,0,0,6,8,2,13.0,0,13.9,-0.3,0.79,0
1,1,1,10,1,1,1,13,1,8,4,1,0,0,1,1,0,18,0,0,6,10,5,11.6,0,0,6,6,6,11.166666666666666,0,10.8,1.4,1.74,2
1,1,1,2,1,1,1,1,10,5,5,1,0,0,1,1,1,20,0,8,14,15,12,10.923076923076923,0,7,13,14,11,12.181818181818182,0,11.1,0.6,2.02,2
1,1,1,2,1,1,1,1,28,5,6,1,0,0,1,1,0,19,0,0,0,0,0,0.0,0,0,0,0,0,0.0,0,15.5,2.8,-4.06,2
2,12,1,12,1,3,1,1,1,5,7,0,0,0,1,1,0,32,0,0,7,7,7,13.62857142857143,0,0,8,8,8,13.9125,0,13.9,-0.3,0.79,2
1,1,6,11,1,1,1,13,14,10,10,1,0,0,1,1,0,20,0,0,6,16,3,10.333333333333334,0,0,6,16,1,11.0,0,10.8,1.4,1.74,0
1,12,1,4,1,1,1,23,27,8,8,0,0,0,1,1,0,32,0,12,18,25,18,13.736842105263158,0,10,13,15,12,13.75,1,15.5,2.8,-4.06,2
1,12,1,4,1,1,1,23,14,10,7,1,0,0,1,1,0,28,0,7,13,19,8,11.625,0,5,10,17,6,11.0,0,15.5,2.8,-4.06,1
1,15,1,5,1,14,1,1,28,6,6,1,1,0,1,1,1,21,0,2,7,7,4,11.5,0,5,9,10,7,12.142857142857142,0,12.4,0.5,1.79,2
1,1,1,15,1,1,1,23,27,10,7,0,0,0,1,1,1,19,0,0,6,8,5,14.0,0,0,6,8,6,13.0,0,10.8,1.4,1.74,2
1,12,1,17,0,14,1,13,14,10,10,0,0,0,1,1,0,24,0,0,5,7,3,11.333333333333334,0,0,5,6,0,0.0,0,10.8,1.4,1.74,0
1,8,1,9,1,1,1,23,28,10,9,0,0,0,1,1,0,18,0,0,5,13,1,10.0,0,0,5,5,1,10.0,0,12.7,3.7,-1.7,0
1,15,1,4,1,14,1,1,27,7,7,1,0,0,1,1,0,20,0,0,6,14,5,11.714285714285714,0,0,6,15,5,12.0,0,16.2,0.3,-0.92,2
1,14,1,2,1,14,1,23,27,10,8,0,0,0,0,1,0,25,0,0,0,0,0,0.0,0,0,0,0,0,0.0,0,15.5,2.8,-4.06,0
1,8,6,9,1,1,1,22,27,10,10,1,0,0,1,1,0,25,0,13,15,15,13,10.76923076923077,0,11,14,15,12,11.833333333333334,0,7.6,2.6,0.32,0
1,8,4,15,1,1,1,1,1,5,6,1,0,0,1,1,0,18,0,0,6,10,5,11.6,0,0,6,6,6,12.0,0,9.4,-0.8,-3.12,0
1,1,1,9,1,1,1,13,1,8,6,1,0,0,1,1,0,19,0,0,5,6,4,13.75,0,0,5,5,0,0.0,0,12.4,0.5,1.79,0
1,1,5,9,1,1,1,13,3,10,10,1,0,0,1,1,0,18,0,0,5,14,4,11.0,0,0,5,9,5,10.5,0,13.9,-0.3,0.79,0
1,13,1,9,1,1,1,13,1,5,5,0,0,0,0,1,0,25,0,0,5,6,0,0.0,0,0,5,5,0,0.0,0,15.5,2.8,-4.06,0
1,12,1,2,1,1,1,19,24,1,1,1,0,0,1,1,0,38,0,0,0,0,0,0.0,0,0,0,0,0,0.0,0,7.6,2.6,0.32,0
1,15,1,2,1,14,1,1,1,2,8,0,0,0,1,1,0,19,0,0,0,0,0,0.0,0,0,0,0,0,0.0,0,12.4,0.5,1.79,0
1,1,4,15,1,1,1,1,14,10,10,1,0,0,1,1,0,19,0,0,6,7,6,12.333333333333334,0,0,6,10,5,13.2,0,16.2,0.3,-0.92,2
1,15,1,6,1,14,1,23,27,10,5,1,0,0,1,1,1,22,0,0,6,9,6,13.428571428571429,0,1,6,12,6,13.625,0,12.4,0.5,1.79,2
1,1,6,7,1,1,1,2,1,4,6,1,0,0,1,1,0,18,0,0,5,10,0,0.0,0,0,5,10,1,10.0,3,7.6,2.6,0.32,1
1,4,1,17,0,3,1,13,14,4,10,0,0,0,0,1,0,32,0,0,5,12,4,14.75,0,0,5,9,2,15.0,0,16.2,0.3,-0.92,0
1,14,1,16,1,1,1,2,29,3,6,0,0,0,1,1,0,37,0,19,21,21,21,12.476190476190476,0,13,19,19,19,12.210526315789474,0,12.4,0.5,1.79,2
1,8,1,7,1,1,1,22,27,10,7,1,0,0,1,1,0,21,0,0,5,8,0,0.0,0,0,5,5,0,0.0,0,7.6,2.6,0.32,0
1,1,1,11,1,1,1,1,3,5,2,1,0,0,1,1,0,18,0,0,6,15,3,11.666666666666666,0,0,6,14,2,12.5,0,10.8,1.4,1.74,0
1,1,3,5,1,1,1,28,3,15,21,1,0,1,1,1,0,19,0,0,6,6,6,12.0,0,0,6,7,6,13.571428571428571,0,8.9,1.4,3.51,2
1,8,1,14,1,1,1,1,14,5,9,0,0,0,1,1,1,19,0,0,6,7,6,12.0,0,0,6,6,6,14.0,0,12.4,0.5,1.79,2
1,1,1,2,1,1,14,1,1,10,8,1,0,0,0,0,0,19,1,6,12,12,12,15.25,0,4,11,12,11,15.0,0,8.9,1.4,3.51,2
1,8,1,15,1,1,1,13,28,10,10,1,0,0,1,1,1,19,0,0,6,9,5,12.4,0,0,6,6,6,13.166666666666666,0,12.7,3.7,-1.7,2
1,6,1,9,1,1,12,1,1,10,8,0,0,1,1,1,0,21,1,0,5,9,3,12.333333333333334,0,0,5,8,4,11.25,0,8.9,1.4,3.51,1
4,12,1,17,0,1,1,13,14,8,9,0,0,0,1,0,0,28,0,0,5,8,4,11.5,0,0,5,7,4,12.0,0,10.8,1.4,1.74,1
1,1,1,15,1,1,7,1,1,4,6,1,0,1,0,0,0,19,1,0,6,8,5,12.2,0,0,6,6,4,11.75,0,16.2,0.3,-0.92,0
1,12,1,17,0,12,1,22,27,10,7,0,0,1,1,0,0,28,0,0,5,14,2,10.5,0,0,5,6,0,0.0,0,12.4,0.5,1.79,0
1,1,1,12,1,1,1,13,14,8,10,0,0,0,1,0,1,19,0,0,8,8,7,14.4,0,0,8,8,7,14.4,0,12.7,3.7,-1.7,2
2,4,1,3,0,3,1,13,28,4,8,0,0,0,1,0,0,32,0,8,14,18,13,12.846153846153848,0,7,11,19,10,12.8,0,10.8,1.4,1.74,2
1,12,1,3,0,14,1,13,27,10,9,0,0,1,0,0,0,26,0,0,6,13,4,12.0,0,0,6,7,5,13.2,0,16.2,0.3,-0.92,0
2,12,1,9,1,9,1,22,27,10,10,0,0,0,1,0,0,25,0,0,5,0,0,0.0,0,0,5,0,0,0.0,0,9.4,-0.8,-3.12,0
2,14,2,16,1,1,1,23,22,5,2,0,0,0,1,0,0,31,0,3,7,8,6,13.666666666666666,0,1,6,8,5,13.5,0,9.4,-0.8,-3.12,0
1,8,1,10,1,1,1,22,1,10,6,1,0,0,1,0,1,20,0,0,6,10,5,11.857142857142858,0,0,6,8,6,11.666666666666666,0,12.7,3.7,-1.7,2
1,1,4,10,1,1,1,1,27,9,10,1,0,0,1,0,0,19,0,0,6,0,0,0.0,0,0,6,0,0,0.0,0,12.7,3.7,-1.7,0
1,8,1,2,1,1,1,22,14,6,10,1,0,0,1,0,0,23,0,0,0,0,0,0.0,0,0,0,0,0,0.0,0,11.1,0.6,2.02,0
1,1,1,10,1,1,1,22,1,10,10,1,0,0,1,0,0,18,0,0,6,8,5,13.2,0,0,6,6,6,11.333333333333334,0,9.4,-0.8,-3.12,2
1,1,2,10,1,1,1,13,28,10,9,1,0,0,1,0,1,19,0,0,6,8,6,12.714285714285714,0,0,6,12,5,11.0,0,13.9,-0.3,0.79,0
1,1,1,11,1,1,1,23,14,10,11,0,0,0,1,0,0,18,0,0,6,6,6,12.5,0,0,6,6,6,12.666666666666666,0,15.5,2.8,-4.06,2
1,1,1,9,1,1,1,1,1,5,7,1,0,0,1,0,0,21,0,0,5,9,3,10.666666666666666,0,0,5,13,2,12.5,0,7.6,2.6,0.32,1
1,1,2,15,1,1,1,22,27,10,8,1,0,0,1,0,0,20,0,0,6,12,1,17.0,0,0,6,12,1,17.0,0,9.4,-0.8,-3.12,1
1,1,1,6,1,1,1,1,14,5,10,1,0,0,1,0,0,24,0,0,5,6,5,13.0,1,0,5,9,4,13.25,0,12.7,3.7,-1.7,2
1,1,1,14,1,1,1,22,27,10,7,0,0,0,1,0,1,18,0,0,5,7,3,12.666666666666666,0,0,5,5,4,12.5,0,9.4,-0.8,-3.12,1
1,13,1,12,1,1,1,3,27,3,7,1,0,0,1,0,0,25,0,0,14,14,12,13.291666666666666,1,0,14,14,12,13.291666666666666,1,7.6,2.6,0.32,2
1,8,1,6,1,1,1,2,3,3,3,0,0,0,1,0,0,20,0,0,5,12,3,11.666666666666666,2,0,5,11,4,11.5,1,9.4,-0.8,-3.12,2
1,8,2,12,1,1,1,13,27,6,10,1,0,0,1,0,0,18,0,0,8,8,7,14.24,0,0,8,8,7,14.24,0,10.8,1.4,1.74,2
1,12,1,14,1,1,1,19,24,1,1,1,0,0,1,0,0,24,0,0,5,10,3,13.0,0,0,5,11,3,11.333333333333334,0,7.6,2.6,0.32,0
1,8,2,12,1,1,1,1,1,6,11,1,0,0,1,0,0,18,0,0,7,9,5,14.06,0,0,7,9,6,12.571428571428571,0,12.4,0.5,1.79,1
1,8,5,10,1,1,1,23,27,10,10,0,0,1,0,0,0,21,0,0,6,10,5,11.833333333333334,0,0,6,10,5,13.2,0,13.9,-0.3,0.79,0
1,1,1,15,1,1,1,1,14,6,11,1,0,0,1,0,0,18,0,0,6,6,6,12.833333333333334,0,0,6,6,6,13.333333333333334,0,9.4,-0.8,-3.12,2
1,8,2,11,1,1,1,10,14,6,6,1,0,0,1,0,0,20,0,0,6,16,1,10.0,0,0,6,12,0,0.0,0,10.8,1.4,1.74,0
1,8,5,9,1,1,1,1,1,5,5,1,0,0,1,0,0,19,0,0,5,9,2,11.0,0,0,5,12,2,10.0,0,7.6,2.6,0.32,0
1,1,1,12,1,1,1,3,1,3,10,1,0,0,1,0,0,20,0,0,7,7,7,14.105714285714289,0,0,8,8,8,13.6625,0,11.1,0.6,2.02,2
1,1,5,12,1,1,1,23,14,10,7,1,0,0,1,0,0,20,0,0,8,12,7,12.471428571428572,0,0,8,12,7,12.471428571428572,0,12.7,3.7,-1.7,2
1,15,1,6,1,14,1,3,1,5,4,1,0,0,1,0,1,20,0,2,6,11,6,11.833333333333334,0,1,6,17,5,11.857142857142858,0,12.4,0.5,1.79,2
1,1,3,5,1,1,1,1,1,5,9,1,0,0,1,0,0,20,0,0,6,6,6,12.5,0,0,6,6,6,12.833333333333334,0,7.6,2.6,0.32,2
1,1,6,16,1,1,1,23,28,10,8,1,0,0,1,0,0,18,0,0,6,7,6,11.666666666666666,0,0,6,7,6,12.333333333333334,0,10.8,1.4,1.74,0
1,1,1,2,1,1,1,3,1,5,5,1,0,0,1,0,0,18,0,0,0,0,0,0.0,0,0,0,0,0,0.0,0,12.4,0.5,1.79,2
4,12,1,17,0,1,1,22,28,10,10,0,0,0,1,0,0,30,0,0,5,11,3,10.333333333333334,0,0,5,10,4,12.8,0,12.4,0.5,1.79,1
1,1,2,6,1,1,1,4,14,3,6,1,0,0,1,0,0,18,0,0,5,8,5,16.166666666666668,2,0,5,9,5,14.285714285714286,1,9.4,-0.8,-3.12,2
1,12,1,6,1,12,1,22,27,5,9,0,0,0,1,0,0,35,0,0,6,11,3,12.666666666666666,0,0,6,7,0,0.0,0,11.1,0.6,2.02,0
1,12,1,3,0,1,1,13,27,8,9,0,0,1,0,0,0,31,0,0,6,14,2,10.5,0,0,6,6,3,12.333333333333334,0,11.1,0.6,2.02,0
1,14,1,11,1,1,1,22,27,10,10,1,0,1,1,0,0,19,0,0,6,13,2,11.5,0,0,6,13,1,11.0,0,7.6,2.6,0.32,0
1,1,4,10,1,1,1,1,14,5,6,1,0,0,1,0,0,19,0,0,6,6,6,13.0,0,0,6,8,5,13.4,0,8.9,1.4,3.51,2
1,8,4,12,1,1,1,13,27,5,9,1,0,0,1,0,0,19,0,0,7,7,6,11.966666666666669,0,0,7,7,6,11.966666666666669,0,7.6,2.6,0.32,2
1,8,1,12,1,1,1,3,3,3,4,0,0,0,1,0,0,19,0,0,8,8,8,13.3475,0,0,8,8,8,13.3475,0,9.4,-0.8,-3.12,2
1,1,3,6,1,1,1,1,28,10,12,0,0,0,1,0,0,21,0,0,5,7,5,12.0,0,0,5,7,4,12.5,0,7.6,2.6,0.32,2
1,8,3,16,1,1,1,19,24,1,1,0,0,0,1,0,0,18,0,0,6,10,2,10.5,0,0,6,13,0,0.0,0,7.6,2.6,0.32,0
1,8,1,10,1,1,1,22,27,10,10,1,0,0,1,0,0,18,0,0,6,9,4,11.5,0,0,6,10,4,10.75,0,7.6,2.6,0.32,1
1,1,2,2,1,1,1,23,28,5,10,1,0,0,1,1,0,19,0,0,0,0,0,0.0,0,0,0,0,0,0.0,0,7.6,2.6,0.32,2
1,1,1,14,1,1,1,3,14,4,10,1,0,0,1,1,0,18,0,0,6,9,6,13.571428571428571,0,0,6,11,4,14.0,0,12.4,0.5,1.79,2
1,8,1,6,1,1,1,13,14,2,2,1,0,0,1,1,0,18,0,0,6,10,6,14.7,0,0,6,10,6,12.0,0,16.2,0.3,-0.92,2
1,12,1,17,0,1,1,22,27,10,10,1,0,0,0,1,0,25,0,0,5,5,0,0.0,0,0,5,5,0,0.0,0,9.4,-0.8,-3.12,0
1,1,1,12,1,1,1,2,2,4,4,1,0,0,1,1,0,18,0,0,7,8,6,11.833333333333334,0,0,7,8,6,11.833333333333334,0,7.6,2.6,0.32,1
1,1,3,2,1,1,1,1,3,6,3,1,0,0,1,1,0,19,0,0,0,0,0,0.0,0,0,0,0,0,0.0,0,12.7,3.7,-1.7,2
1,1,6,12,1,1,1,23,14,4,4,1,0,0,1,1,0,18,0,0,7,7,7,13.175714285714289,0,0,8,8,8,14.925,0,12.4,0.5,1.79,2
1,12,1,4,1,1,1,10,10,10,10,0,0,0,1,1,0,24,0,0,6,7,0,0.0,0,0,6,10,0,0.0,0,12.4,0.5,1.79,0
1,1,1,10,1,1,1,22,27,8,10,0,0,0,1,0,0,19,0,0,6,12,2,13.0,0,0,6,9,6,10.833333333333334,0,7.6,2.6,0.32,1
5,4,1,12,1,15,1,22,27,5,10,0,0,0,1,0,0,29,0,1,8,11,7,13.742857142857144,0,1,8,11,7,13.742857142857144,0,12.7,3.7,-1.7,2
1,14,1,17,0,1,1,22,27,10,10,1,0,0,1,0,0,27,0,0,5,5,0,0.0,0,0,5,5,0,0.0,0,7.6,2.6,0.32,0
1,8,6,12,1,1,1,23,1,10,11,1,0,0,1,0,0,18,0,0,7,8,7,12.217142857142855,0,0,8,11,7,12.11875,0,11.1,0.6,2.02,2
2,14,1,17,0,1,1,22,27,10,10,0,0,0,1,0,0,28,0,14,15,15,14,11.071428571428571,0,12,14,16,12,11.333333333333334,1,9.4,-0.8,-3.12,0
2,12,1,16,1,12,1,22,27,10,10,0,0,0,1,0,1,32,0,0,7,10,7,13.428571428571429,0,2,8,8,8,13.25,0,13.9,-0.3,0.79,2
1,12,1,17,0,1,1,22,27,8,8,0,0,0,1,0,0,30,0,0,5,7,5,11.4,0,0,5,6,5,13.666666666666666,0,10.8,1.4,1.74,0
1,4,1,12,1,2,1,23,27,8,9,0,0,0,1,0,0,29,0,0,8,14,4,11.325,1,0,8,14,4,11.325,1,12.7,3.7,-1.7,0
1,1,2,10,1,1,1,1,14,5,9,0,0,0,1,0,0,20,0,0,6,13,0,0.0,0,0,5,11,0,0.0,0,9.4,-0.8,-3.12,1
1,1,1,12,1,1,1,1,1,10,10,0,0,0,1,0,0,19,0,0,8,8,7,15.0,0,0,8,8,7,15.0,0,12.7,3.7,-1.7,2
1,12,2,3,0,1,1,22,27,10,10,0,0,0,1,0,0,29,0,0,6,7,6,13.166666666666666,0,0,6,8,6,15.625,0,12.4,0.5,1.79,2
2,1,1,10,1,1,1,22,24,10,8,0,0,0,0,0,0,27,0,0,6,12,2,11.0,0,0,6,14,4,10.5,0,9.4,-0.8,-3.12,0
1,1,1,10,1,1,1,13,14,31,45,0,0,0,1,0,0,19,0,0,6,0,0,0.0,0,0,6,0,0,0.0,0,12.4,0.5,1.79,0
1,8,1,14,1,1,1,22,28,9,8,1,0,0,1,0,1,21,0,0,5,7,3,12.333333333333334,0,0,5,5,2,12.5,0,7.6,2.6,0.32,0
2,1,1,17,0,1,1,22,27,10,10,0,0,0,0,0,0,29,0,0,5,6,4,12.25,0,0,5,6,5,10.166666666666666,0,10.8,1.4,1.74,0
2,14,1,9,1,2,1,22,27,10,10,0,0,1,0,0,0,42,0,13,13,13,13,11.923076923076923,0,12,12,12,12,12.5,0,15.5,2.8,-4.06,0
1,1,1,10,1,1,1,13,14,10,8,0,0,0,1,0,1,18,0,0,6,6,6,14.333333333333334,0,0,6,7,6,14.142857142857142,0,15.5,2.8,-4.06,2
1,12,1,6,1,1,1,23,28,10,10,1,0,0,1,0,0,24,0,0,5,6,5,12.0,0,0,5,5,5,13.0,0,10.8,1.4,1.74,2
2,4,1,12,1,3,1,22,27,10,6,0,0,0,1,0,0,32,0,0,7,9,7,13.761111111111113,0,1,8,11,7,12.06375,0,15.5,2.8,-4.06,1
1,1,1,9,1,1,1,22,1,5,11,0,0,0,1,0,0,18,0,0,5,6,4,11.25,0,0,5,8,5,11.0,0,10.8,1.4,1.74,1
1,12,1,17,0,1,1,23,28,6,8,0,0,0,1,0,0,27,0,0,5,10,3,12.333333333333334,0,0,5,10,3,10.666666666666666,0,11.1,0.6,2.02,2
1,1,4,12,1,1,1,23,1,10,11,1,0,0,1,0,0,18,0,0,8,8,8,14.88875,0,0,8,8,8,14.88875,0,9.4,-0.8,-3.12,2
1,8,3,15,1,1,1,19,24,13,13,1,0,1,1,0,1,19,0,0,6,8,6,12.166666666666666,0,0,6,8,5,12.4,0,9.4,-0.8,-3.12,0
1,1,2,15,1,1,1,13,27,10,11,1,0,0,1,0,1,18,0,0,6,7,6,12.666666666666666,0,0,6,6,6,13.333333333333334,0,11.1,0.6,2.02,2
1,3,4,16,1,1,1,3,28,4,9,1,0,0,1,0,0,21,0,0,6,9,5,12.6,0,0,6,9,3,11.666666666666666,0,9.4,-0.8,-3.12,1
1,12,1,9,1,1,1,23,28,8,10,0,1,0,1,0,1,26,0,0,5,8,4,13.0,0,0,5,10,4,12.25,2,16.2,0.3,-0.92,2
1,1,1,11,1,1,1,22,14,10,10,1,0,0,1,0,1,22,0,0,6,9,6,13.875,0,0,6,6,6,14.333333333333334,0,9.4,-0.8,-3.12,2
2,12,1,17,0,1,1,22,27,7,4,0,0,1,1,1,0,37,0,0,5,10,4,10.75,0,0,5,12,3,13.333333333333334,0,9.4,-0.8,-3.12,0
1,4,1,6,1,3,1,13,27,12,12,0,0,0,1,1,0,24,0,3,5,10,3,14.666666666666666,1,0,5,5,0,0.0,0,7.6,2.6,0.32,0
1,9,2,16,1,1,1,1,14,4,10,1,0,0,1,1,0,18,0,0,6,7,5,12.6,0,0,6,6,6,13.0,0,10.8,1.4,1.74,1
1,8,3,12,1,1,1,1,1,5,11,1,0,0,1,1,1,19,0,0,7,11,6,12.4125,0,0,8,12,7,11.2625,0,15.5,2.8,-4.06,2
2,12,1,8,1,12,1,2,1,9,9,1,0,1,0,1,0,28,0,0,6,12,1,11.0,0,0,6,9,2,10.5,0,16.2,0.3,-0.92,0
1,1,4,12,1,1,1,22,27,8,8,1,0,0,1,1,1,18,0,0,8,8,7,14.314285714285717,0,0,8,8,7,14.314285714285717,0,12.7,3.7,-1.7,2
1,1,1,5,1,1,1,1,28,6,8,1,0,0,1,1,0,20,0,0,6,6,4,12.0,0,0,6,8,2,11.333333333333334,0,10.8,1.4,1.74,1
1,1,1,15,1,1,1,1,14,5,5,1,0,0,1,1,0,18,0,0,6,6,6,12.833333333333334,0,0,6,7,6,13.285714285714286,0,15.5,2.8,-4.06,2
2,12,1,15,1,1,1,22,27,10,10,0,0,0,1,1,0,47,0,0,6,8,5,11.4,0,0,6,10,6,11.666666666666666,0,12.7,3.7,-1.7,0
2,14,1,17,0,1,1,22,27,5,2,0,0,0,1,1,0,38,0,0,5,5,5,14.6,0,0,5,6,5,14.333333333333334,0,13.9,-0.3,0.79,2
1,1,1,5,1,1,1,22,14,10,5,0,0,0,1,1,1,20,0,1,6,7,6,13.5,0,1,6,9,5,12.5,0,10.8,1.4,1.74,2
1,15,1,8,1,14,1,22,27,10,4,1,0,0,1,1,0,21,0,1,6,8,6,12.5,0,0,6,11,3,13.333333333333334,0,13.9,-0.3,0.79,0
1,14,1,5,1,1,1,13,14,8,9,1,0,0,1,1,1,19,0,4,6,6,4,13.0,0,2,6,7,5,12.2,0,13.9,-0.3,0.79,1
1,14,1,1,1,1,1,22,1,10,11,1,0,0,1,1,0,25,0,5,10,13,5,11.6,0,2,8,10,2,13.0,0,12.4,0.5,1.79,1
1,1,1,8,1,1,1,3,28,4,6,1,0,0,1,0,0,18,0,0,5,6,5,11.8,1,0,5,8,5,11.6,0,9.4,-0.8,-3.12,2
4,12,1,12,1,12,1,22,27,7,7,0,0,1,0,0,0,46,0,0,7,14,3,12.333333333333334,0,0,7,12,3,11.083333333333334,0,11.1,0.6,2.02,0
1,14,2,12,1,1,1,23,28,10,6,0,0,0,1,0,0,23,0,11,14,15,12,12.625,1,11,14,15,12,12.625,1,7.6,2.6,0.32,2
1,1,1,5,1,1,1,1,1,10,10,1,0,0,1,0,1,20,0,0,6,6,6,13.833333333333334,0,0,6,6,6,13.5,0,16.2,0.3,-0.92,2
1,15,1,5,1,14,1,3,28,4,10,0,0,0,1,1,0,20,0,2,7,7,6,12.5,0,5,9,10,7,13.142857142857142,1,16.2,0.3,-0.92,2
1,1,6,15,1,1,1,1,1,6,5,0,0,0,1,1,0,19,0,0,6,7,5,13.6,0,0,6,8,5,12.666666666666666,0,15.5,2.8,-4.06,2
1,1,2,15,1,1,19,1,1,10,10,1,0,1,0,0,0,18,1,0,6,6,6,12.0,0,0,6,6,2,11.0,0,11.1,0.6,2.02,0
1,1,1,12,1,1,1,22,27,10,10,1,0,0,1,0,1,30,0,0,7,8,7,14.9125,0,0,8,9,1,13.5,0,13.9,-0.3,0.79,0
1,1,1,9,1,1,1,22,27,8,5,1,0,0,1,0,1,20,0,0,5,5,5,13.8,0,0,5,6,5,12.0,0,9.4,-0.8,-3.12,2
1,5,1,15,1,1,9,23,27,6,10,1,0,0,1,0,0,22,1,0,6,8,6,11.666666666666666,0,0,6,6,6,13.0,0,12.7,3.7,-1.7,2
1,1,2,14,1,1,1,22,27,7,7,1,0,0,0,0,0,20,0,0,6,0,0,0.0,0,0,6,0,0,0.0,0,9.023867206500043,1.35495737945453,3.4261081192340623,0
3,12,1,3,0,12,1,22,27,10,9,0,0,0,0,0,0,50,0,0,6,10,0,0.0,0,0,5,6,0,0.0,0,9.16139941578976,1.3049456669855424,3.332961304760573,0
1,15,1,4,1,14,1,22,27,5,8,0,0,0,1,0,0,36,0,0,6,16,1,11.941236876611448,0,0,6,21,2,10.558763123388552,0,16.2,0.3,-0.92,0
1,12,1,7,1,1,1,22,26,10,9,0,0,0,0,1,0,26,0,0,5,8,1,10.701579395767872,0,0,5,9,1,10.467719597178583,0,9.677472966771404,1.8209476374607236,1.2418786290048103,0
1,12,1,6,1,2,1,2,1,11,11,0,0,0,0,0,0,36,0,1,5,8,1,11.253955120734577,0,0,5,7,0,0.0,0,13.411074338056814,3.471440391338881,-2.299334084933601,0
1,4,1,12,1,3,1,1,1,6,8,0,0,0,0,0,0,24,0,0,7,0,0,0.0,0,0,8,0,0,0.0,0,13.19995748188341,2.0334750603886387,-0.6625882250919275,0
1,1,1,10,1,1,1,10,28,5,9,1,0,0,1,0,0,18,0,0,6,10,5,10.713482354576374,0,0,6,9,5,11.71752806727361,0,11.016779606643992,0.6302619612203665,2.0763629027729325,0
1,8,2,13,1,1,1,1,1,5,5,0,0,0,1,1,0,19,0,0,6,14,2,11.250258840952592,0,0,6,9,0,0.0,0,11.962098796523483,0.762720014809703,1.383872949452481,0
1,1,1,12,1,1,1,13,14,10,9,1,0,0,1,0,0,23,0,0,6,8,4,12.428572748230883,0,0,6,6,4,11.300001539602698,0,12.7,3.7,-1.7,0
1,12,1,13,1,1,1,22,27,8,8,0,0,0,0,0,0,29,0,0,5,7,1,13.780998546982435,0,0,5,6,0,0.0,0,15.490435292223085,0.44454095899159374,-0.5704736809839643,0
1,8,2,14,1,1,1,1,1,5,6,0,0,0,0,0,0,21,0,0,6,10,4,12.149063892346302,0,0,6,10,5,11.475141156853837,0,8.315506683262248,2.331684993776657,0.6375060906976228,0
1,8,5,15,1,1,1,13,27,5,8,1,0,0,1,0,0,18,0,0,6,8,5,11.697314550466157,0,0,6,9,4,11.93563944402107,0,10.682312126209958,1.4441329526712663,1.6877760060056681,0
1,1,1,4,1,1,1,22,27,10,10,1,0,0,1,1,0,34,0,13,16,16,13,10.644393147900361,0,11,12,12,12,10.680846887138118,0,15.40397964995045,2.7975691050620366,-4.006763400858604,0
1,12,1,4,1,12,1,3,1,3,5,0,0,0,0,1,0,25,0,0,3,3,0,0.0,0,0,3,4,0,0.0,0,16.2,0.3,-0.92,0
1,8,1,10,1,1,1,13,27,7,9,0,0,0,1,0,0,19,0,0,6,6,0,0.0,0,0,5,4,0,0.0,0,8.9,1.4,3.51,0
1,1,5,9,1,1,1,23,27,7,8,0,0,0,1,0,0,20,0,0,5,0,0,0.0,0,0,5,0,0,0.0,0,10.83265706589058,1.3129144909584567,1.77047992816454,0
1,6,1,7,1,1,14,1,2,5,7,0,0,0,1,0,0,23,1,0,5,5,0,5.667586690964402,0,0,6,7,0,0.0,0,10.06094243998986,0.97783911273096,2.7237253474614134,0
1,7,1,9,1,1,1,22,27,10,9,1,0,0,1,0,0,20,0,0,5,8,1,10.0,0,0,5,7,1,11.0,0,7.6,2.6,0.32,0
1,8,4,7,1,1,1,18,26,1,6,1,0,0,1,1,0,18,0,0,5,9,3,11.728163803946165,0,0,5,10,3,11.253387054869986,3,7.6,2.6,0.32,0
1,1,1,14,1,1,1,13,1,6,3,0,0,0,0,1,0,20,0,0,5,6,4,11.5384547629989,0,0,5,5,4,11.780755002297688,0,8.596937711922378,0.7168954330355093,-1.5852587383405434,0
1,15,1,4,1,14,1,13,27,10,10,0,0,0,1,1,0,19,0,0,5,14,3,13.349766759237928,0,0,5,8,1,12.175414082176577,0,13.853953803428649,-0.2754420284952792,0.8206974643809011,0
1,5,3,7,1,1,1,1,27,6,8,1,0,0,0,0,0,19,0,0,6,0,0,0.0,0,0,6,0,0,0.0,0,12.7,3.7,-1.7,0
1,15,1,4,1,14,1,1,28,3,8,0,0,0,0,0,0,23,0,0,6,13,3,11.379710476652658,0,1,7,12,4,10.755278365762315,0,14.351135778219314,1.9476168677111036,-1.8919820330912858,0
1,12,1,6,1,12,1,22,27,10,5,0,0,0,0,0,0,26,0,0,5,9,0,0.0,0,0,5,7,0,0.0,0,12.004473295680002,0.5304251311015382,1.859977801533538,0
2,5,1,11,1,1,1,22,27,10,10,0,0,0,1,0,0,45,0,0,6,12,4,11.96103450855017,0,0,6,15,2,11.068176330959716,0,9.918159430315644,3.099995171244551,-0.5981729508309019,0
2,9,1,14,1,13,1,18,14,4,7,0,0,0,0,0,0,43,0,0,6,10,3,12.44010001704257,0,1,6,12,2,12.179399413067133,0,9.387721215596496,1.8178719681765332,0.8674896222764268,0
1,7,1,3,0,5,1,22,1,10,10,0,0,0,0,0,0,32,0,0,6,2,0,0.0,0,0,6,2,0,0.0,0,10.92470570642307,1.0674514495384801,1.856391992661532,0
1,9,1,8,1,1,1,13,1,9,7,1,0,0,1,0,0,20,0,0,5,0,0,0.0,0,0,5,0,0,0.0,0,12.241852816785583,0.5889577905581099,1.7850579005245495,0
1,1,3,3,0,1,1,19,24,1,1,0,0,0,1,0,0,36,0,0,6,0,0,0.0,0,0,6,0,0,0.0,0,9.318196515385376,-0.6454823068390433,-2.963664451625385,0
1,1,1,10,1,1,1,21,27,3,5,0,0,0,1,0,0,19,0,0,6,7,5,11.224770551673785,0,0,6,7,4,12.003325767285439,0,10.116628836427193,1.1619263791844605,1.5423625776932086,0
1,12,1,5,1,12,1,13,14,10,5,0,0,0,1,0,0,25,0,0,6,20,3,12.567489634819783,0,0,6,14,2,11.04958851592344,0,15.5,2.8,-4.06,0
1,8,2,15,1,1,1,3,1,3,7,1,0,0,1,0,0,19,0,0,6,6,5,14.054868108054542,0,0,6,6,5,13.43387459500782,0,15.5,2.8,-4.06,0
1,8,1,14,1,1,1,1,28,8,8,0,0,0,0,0,0,19,0,0,6,8,1,13.088686494428574,0,0,6,3,0,0.0,0,13.358413261907149,2.1620805461000017,-1.4171908338428647,0
1,5,4,2,1,1,1,1,2,10,6,1,0,0,0,0,0,19,0,0,0,0,0,0.0,0,0,0,0,0,0.0,0,9.4,-0.8,-3.12,0
1,1,1,3,1,1,1,3,2,4,2,0,0,0,0,0,0,23,0,6,11,13,7,13.231629756140984,1,4,9,12,7,12.838690591490566,1,8.539404462124528,1.7328574195773592,2.6251540262901867,0
1,2,1,8,1,1,1,1,1,10,10,0,0,0,0,0,0,20,0,0,5,7,2,10.90593942013812,0,0,5,8,2,11.598776287369118,0,10.198012288883964,1.6257453916685134,1.4728679531922588,0
1,1,2,11,1,1,1,2,14,5,4,1,0,0,0,0,0,18,0,0,5,3,0,0.0,0,0,6,2,0,0.0,0,13.256438085927979,1.8452063802400716,-0.5453909716994443,0
1,12,1,11,1,1,1,1,1,5,4,0,0,0,1,0,0,25,0,0,6,12,2,11.25442240063627,0,0,6,19,1,11.03002834203908,3,14.857261533501,0.37067044560521056,0.037584537950603125,0
4,12,1,11,1,1,1,8,2,7,5,0,0,0,0,1,0,51,0,0,6,8,3,13.117383100310683,0,0,6,6,0,0.0,0,10.482106774966686,2.357590942742994,1.3408483427430433,0
2,1,1,9,1,1,1,22,27,10,9,1,0,0,1,0,0,33,0,0,5,7,2,10.077734636964985,0,0,5,6,3,11.961132681517508,0,7.6,2.6,0.32,0
1,1,3,2,1,1,1,1,14,4,6,0,0,0,0,0,0,19,0,0,0,0,0,0.0,0,0,0,0,0,0.0,0,15.379655596030982,2.764152730732633,-3.911489884463765,0
1,1,1,16,0,1,1,22,27,10,10,0,0,0,0,0,0,29,0,0,5,6,4,12.286713892823057,0,0,5,6,4,10.212630851734657,0,10.84274669211323,1.3765582656153248,1.7269002072556228,0
1,3,1,7,1,1,1,1,27,5,9,1,0,0,1,1,0,19,0,0,5,5,0,0.0,0,0,5,5,0,0.0,0,10.586874913833567,0.17742639962764306,0.46855121006149014,0
1,12,1,12,1,1,1,13,1,7,5,0,0,0,0,0,0,28,0,0,5,3,0,0.0,0,0,5,2,0,0.0,0,13.343315639612944,1.5556145346235186,-0.36512004780314,0
1,1,1,6,1,1,1,1,1,7,7,0,0,0,0,0,0,18,0,0,6,10,5,12.073466777403661,0,0,6,16,3,13.690472383713672,0,11.316653342997853,0.7785748546576949,2.322387500012484,0
1,8,2,6,1,1,1,2,1,4,4,1,0,0,0,0,0,18,0,0,5,7,5,12.375863346471299,0,0,5,7,5,13.092615764960724,0,12.455861494087916,1.095855936937764,1.1401446187772513,0
1,1,1,5,0,1,1,22,12,10,5,0,0,0,0,0,0,21,0,0,5,6,0,0.0,0,0,5,3,0,0.0,0,9.4,-0.8,-3.12,0
1,8,4,8,1,1,1,1,1,5,5,1,0,0,1,0,0,18,0,0,5,9,1,11.162616939344892,0,0,5,11,2,10.108411292896594,0,7.6,2.6,0.32,0
1,12,1,14,1,11,1,1,2,4,7,0,0,1,0,0,0,25,0,0,5,5,5,11.2,0,0,5,5,4,12.479751699066687,0,9.4,-0.8,-3.12,0
1,1,4,12,1,1,1,1,14,4,7,1,0,0,1,0,0,18,0,0,7,0,0,0.0,0,0,8,0,0,0.0,0,15.624223929953782,2.3563431073079224,-3.5027669427787504,0
1,1,1,9,1,1,1,22,14,9,11,0,0,0,1,1,0,18,0,0,6,0,0,0.0,0,0,6,0,0,0.0,0,15.768279254310546,0.4154601994285745,-0.8577518924819858,0
1,1,1,14,1,1,1,1,3,4,4,1,0,0,1,0,0,18,0,0,6,7,6,11.951010460212649,0,0,6,7,5,11.493704884900952,0,10.496582918454392,0.8194243932893119,2.4286779325013437,0
1,1,3,10,1,1,1,1,14,5,7,0,0,0,1,0,0,19,0,0,6,2,0,0.0,0,0,6,1,0,0.0,0,15.5,2.8,-4.06,0
1,12,1,5,1,1,1,1,1,3,6,0,0,0,0,1,0,31,0,2,9,12,3,12.0,0,3,9,12,4,11.465405570967505,0,15.5,2.8,-4.06,0
1,1,1,7,1,1,1,1,10,4,4,1,0,0,1,0,0,18,0,0,5,7,3,12.10090727496898,0,0,5,9,1,9.79364907521714,0,11.079818545006203,0.6538172133167893,2.0011639753391237,0
1,12,1,11,1,1,1,22,27,7,8,0,0,0,0,0,0,38,0,0,6,11,4,11.977310019443951,0,0,6,11,3,11.65903154005255,0,10.872308612150693,0.41248944530057163,1.331568392032099,0
3,12,1,3,0,11,1,22,27,9,10,0,0,1,0,0,0,49,0,0,6,10,0,0.0,0,0,5,6,0,0.0,0,9.19844322270085,1.4633061381486652,3.167694667296146,0
1,15,1,8,1,14,1,3,1,4,2,1,0,0,0,0,0,20,0,0,6,12,4,13.21885517181054,0,0,6,10,3,11.960449538254123,0,16.13935595865632,0.28417981530164876,-0.8749124736096991,0
1,1,1,14,1,1,1,13,14,8,8,0,0,0,1,0,0,20,0,0,3,4,3,12.62548778895935,0,0,6,2,0,0.0,0,12.964695050317076,0.1988293064975603,1.4135366331219505,0
1,1,1,15,1,1,4,13,1,6,10,1,0,0,1,0,0,18,0,0,6,6,6,13.842127775651527,0,0,6,6,6,13.405276665390916,0,11.1,0.6,2.02,0
1,15,1,4,1,14,1,22,27,10,5,0,0,0,0,1,0,20,0,0,6,15,3,11.796182838794484,0,0,6,14,2,12.02120645114176,0,16.151649291396787,0.3025447741370111,-0.8855183104434996,0
1,13,1,10,1,1,1,13,14,5,8,1,0,0,0,0,0,20,0,0,6,12,3,11.957023745398992,0,0,6,12,2,11.233055405930982,0,16.2,0.3,-0.92,0
1,11,1,4,1,1,1,1,2,7,6,1,0,0,0,1,0,27,0,0,6,6,0,0.0,0,0,6,8,0,0.0,0,15.784108499253506,1.7853267883803379,-2.7855704462057043,0
1,1,2,9,1,1,1,8,14,6,6,0,0,0,1,0,0,23,0,0,5,9,0,0.0,0,0,5,7,0,0.0,0,7.6,2.6,0.32,0
1,1,1,6,1,1,1,3,1,3,6,0,0,0,0,1,0,18,0,0,5,5,0,0.0,0,0,5,5,0,0.0,0,7.639111282841015,2.563897277377524,0.41597307097141556,0
1,10,1,3,1,1,1,20,25,28,44,0,0,0,0,0,0,29,0,0,0,0,0,0.0,0,0,0,0,0,0.0,0,15.600051907915692,0.33157621537285825,-0.4921422816977703,0
3,12,1,9,1,1,1,14,3,10,3,0,0,0,1,1,0,51,0,0,5,5,3,10.269526632711438,0,0,5,5,0,0.0,0,9.96703054890649,1.626339813404407,2.286148294663313,0
1,12,1,10,1,1,1,20,21,1,3,0,0,0,0,0,0,30,0,0,6,10,1,11.93738631958994,0,0,6,12,0,0.0,0,8.443647687630946,1.0064432566971009,-1.2923044696946977,0
1,8,1,11,1,1,1,22,27,6,3,0,0,0,0,0,0,30,0,0,6,9,0,0.0,0,0,6,6,0,0.0,3,12.220772615896124,-0.3436985474285683,-2.2073970948571366,0
1,1,1,14,1,1,18,2,1,7,7,1,0,0,0,0,0,18,1,0,6,6,5,12.0,0,0,6,6,1,7.992522208762232,0,12.494376066846602,0.5179778784207881,1.2161832085237236,0
1,1,1,15,1,1,1,13,1,5,6,0,0,0,1,0,0,18,0,0,6,0,0,0.0,0,0,6,0,0,0.0,0,11.348052185264079,0.7240260926320397,1.677236980362363,0
1,1,1,13,1,1,1,1,1,10,10,0,0,0,0,1,0,18,0,0,5,6,3,11.216180594063763,0,0,5,9,3,10.481494540292084,0,10.8,1.4,1.74,0
1,8,4,10,1,1,1,13,1,6,6,1,0,0,1,1,0,18,0,0,5,7,3,10.906450504565038,0,0,5,7,3,11.165805454108535,0,15.489023834694294,0.3374197981739845,-0.4129617347425101,0
1,12,1,7,0,1,1,1,28,5,8,0,0,0,0,1,0,25,0,0,5,7,0,0.0,0,0,5,5,0,0.0,0,9.401919821654312,-0.7996894406147437,-3.1193788812294874,0
1,12,1,8,1,1,1,22,27,10,9,0,0,0,0,1,0,36,0,0,4,4,0,0.0,0,0,5,8,0,0.03363162926094532,0,10.793609990440421,1.4,1.7459527983791874,0
1,12,1,12,1,5,1,13,2,7,5,0,0,0,1,0,0,28,0,0,5,9,0,0.0,0,0,5,5,0,0.0,0,12.655208775687356,0.10011146495763534,1.3368190021087683,0
1,12,1,9,1,1,1,10,2,5,3,0,0,0,1,0,0,24,0,0,5,5,0,0.0,0,0,5,5,0,0.0,0,9.424999420073966,2.646202516963898,-0.6918351215093637,0
1,1,1,2,1,1,1,23,1,4,4,0,0,0,1,0,0,19,0,0,0,0,0,0.0,0,0,0,0,0,0.0,0,12.482851405176358,0.4558125839059424,1.7347657298824282,0
1,1,1,8,1,1,1,13,14,6,9,0,0,0,0,0,0,20,0,0,5,12,2,13.187940761653236,1,0,5,12,2,11.755599435848401,0,9.4,-0.8,-3.12,0
2,12,1,12,1,12,1,23,27,4,10,0,0,0,0,0,0,37,0,0,7,9,1,12.048577534151788,0,0,7,9,0,0.0,0,14.394358857274657,0.5720829119175174,0.17575209072236542,0
1,5,2,4,0,2,1,1,1,5,5,0,0,0,1,0,0,25,0,0,6,0,0,0.0,0,0,6,0,0,0.0,0,10.8,1.4,1.74,0
1,1,1,5,1,1,1,13,14,9,8,0,0,0,1,0,0,18,0,0,6,0,0,0.0,0,0,6,0,0,0.0,0,12.800394186969635,0.7970666548484384,1.0344174213637545,0
1,7,1,11,1,1,1,13,1,10,10,0,0,0,1,1,0,19,0,0,6,6,0,0.0,0,0,6,11,0,0.0,0,10.8,1.4,1.74,0
1,3,4,8,1,1,1,3,1,3,10,0,0,0,0,1,0,18,0,0,5,1,0,0.0,0,0,5,1,0,0.0,0,8.9,1.4,3.51,0
1,15,1,4,1,14,1,22,27,6,8,0,0,0,0,1,0,35,0,0,6,17,2,11.961892865749423,0,0,6,22,2,10.614321402751731,0,16.039950036147577,0.8716070137586569,-1.6379384092808729,0
2,12,1,4,0,12,1,19,27,10,10,0,0,0,0,1,0,40,0,0,6,6,0,0.0,0,0,5,7,0,0.0,0,12.572816304208374,1.0388707528464423,0.866723820519579,0
1,8,2,9,1,1,1,1,28,6,8,0,0,0,0,0,0,21,0,0,5,0,0,0.0,0,0,5,0,0,0.0,0,9.740117870992629,1.0945025923663165,2.9410110782822647,0
1,1,1,2,1,1,9,22,27,10,10,1,0,1,0,1,0,23,0,0,0,0,0,0.0,0,0,0,0,0,0.0,0,7.6,2.6,0.32,0
2,4,1,3,0,3,1,21,1,9,9,0,0,0,0,0,0,35,0,0,5,0,0,0.0,0,0,5,0,0,0.0,0,10.834067277659889,1.3091539262402967,1.771796125815896,0
1,8,2,4,1,1,1,22,27,8,10,1,0,0,1,1,0,24,0,12,16,17,13,11.355934824721182,0,11,16,21,12,11.441582302570867,0,9.950506184574799,1.256853608814401,1.4616744325077593,0
1,8,1,17,0,15,1,7,1,4,4,0,0,0,1,0,0,27,0,0,5,0,0,0.0,0,0,5,0,0,0.0,0,8.9,1.4,3.51,0
1,1,2,10,1,1,1,22,27,6,7,1,0,0,0,0,0,19,0,0,6,0,0,0.0,0,0,6,0,0,0.0,0,12.261176202148238,0.5316955175206918,1.3506160717027798,0
1,15,1,7,1,14,1,3,2,3,4,0,0,0,1,0,0,21,0,0,6,12,0,0.0,0,0,6,6,0,0.0,0,13.11975474833201,0.11613080088959477,1.3101635011119934,0
1,12,1,4,1,1,1,1,1,2,6,0,0,0,0,1,0,23,0,0,6,0,0,0.0,0,0,5,0,0,0.0,0,13.441762650987474,-0.04870855054151835,0.9304275746973869,0
1,12,1,17,0,1,1,22,27,10,10,0,0,0,0,1,0,35,0,0,5,5,0,0.0,0,0,5,5,0,0.0,0,11.983050942039176,2.310911200200905,-0.03309344024108585,0
1,9,2,15,0,1,1,22,27,9,9,0,0,0,1,0,0,22,0,0,5,5,1,10.219531014232308,0,0,5,5,0,0.0,0,8.609688348763695,0.6928108967796867,-1.6096266220817286,0
1,1,1,10,1,1,1,13,27,10,10,0,0,0,1,1,0,18,0,0,6,9,4,11.698299151551417,0,0,6,9,3,13.0,0,15.73128369010171,0.324669279468331,-0.585731263204115,0
1,14,1,6,1,1,1,1,1,5,5,0,0,0,0,1,0,24,0,0,5,6,0,0.0,0,0,5,8,1,6.859947038557434,0,15.5,2.8,-4.06,0
1,13,1,14,1,1,7,19,24,12,12,0,0,0,1,0,0,22,0,0,5,11,1,15.687297800281838,0,0,5,8,3,12.127152707253579,0,7.841227411211153,2.1443482232678215,-0.1410123858702041,0
1,1,1,2,1,1,1,3,3,3,3,1,0,0,1,0,0,18,0,0,0,0,0,0.0,0,0,0,0,0,0.0,0,9.575574325511369,-0.6963823652719797,-3.1470557157345387,0
1,8,2,9,1,1,1,13,14,6,8,0,0,0,1,0,0,18,0,0,5,7,2,10.251712418557874,0,0,5,11,2,11.626711482168627,0,10.8,1.4,1.74,0
1,11,1,14,1,1,1,1,14,7,5,1,0,0,1,1,0,20,0,0,5,7,4,12.902869006303137,0,0,5,5,4,11.914458285131436,0,8.093597583240495,2.1443714616241576,1.5312125311824476,0
3,12,1,8,1,1,1,1,1,4,7,0,0,0,0,0,0,23,0,0,5,0,0,0.0,0,0,5,0,0,0.0,0,12.982647281107594,0.20306439423131994,1.0711242203057376,0
1,6,1,9,1,1,1,23,28,10,9,0,0,0,1,1,0,18,0,0,5,11,1,10.21296416150891,0,0,5,5,1,10.0,0,12.7,3.7,-1.7,0
1,1,2,11,1,1,1,1,1,3,3,1,0,0,1,0,0,18,0,0,6,9,3,11.352278606690078,0,0,6,13,1,12.159071311033076,0,9.4,-0.8,-3.12,0
1,7,4,12,1,1,1,1,14,5,8,1,0,0,1,0,0,18,0,0,7,0,0,0.0,0,0,8,0,0,0.0,0,12.421816998501823,0.48836426746569445,1.775455334332118,0
1,15,1,6,1,14,1,1,1,5,6,1,0,0,0,0,0,20,0,2,6,7,6,12.701175117613193,0,1,6,11,4,12.525881338209896,0,13.374118661790105,-0.019529952954722374,1.140587558806597,0
1,12,1,8,1,10,1,15,24,12,12,0,0,0,0,1,0,30,0,0,5,8,0,0.0,1,0,5,5,0,0.0,2,8.33814816366166,1.2057201353057525,-1.0906831572200621,0
1,3,5,7,1,1,1,22,27,10,9,1,0,0,0,0,0,19,0,0,5,10,0,0.0,2,0,5,7,0,0.0,0,9.203877977450134,0.06293689921941115,-0.519421980988775,0
1,8,2,12,1,1,1,23,27,4,8,1,0,0,0,0,0,19,0,0,6,0,0,0.0,0,0,6,0,0,0.0,0,12.7,3.7,-1.7,0
1,8,2,12,1,1,1,2,3,4,3,1,0,0,0,0,0,18,0,0,6,8,5,14.104158694493748,0,0,6,8,5,12.241861845914686,0,12.246653911189998,0.5862571749556265,1.7852079347246874,0
1,1,2,15,1,1,1,23,27,7,5,1,0,0,0,0,0,18,0,0,6,7,6,13.570723161318863,0,0,6,6,5,12.232170311348867,0,12.82040805222777,0.2920342939396106,1.1208426936721354,0
1,1,1,15,1,1,1,23,27,7,7,0,0,0,1,0,0,18,0,0,6,7,6,13.458031532520568,0,0,6,8,4,12.148014014453587,0,8.231813664092247,2.0167873869917727,1.8703735295802033,0
1,1,1,11,1,1,1,22,27,10,9,0,0,0,0,0,0,19,0,0,6,12,3,11.55649156528338,0,0,6,12,2,11.044870683654858,0,8.292310359228342,2.3403836152893716,0.6272127219075769,0
1,5,1,9,1,2,1,22,27,9,8,0,0,0,1,0,0,23,0,0,5,0,0,0.0,0,0,5,0,0,0.0,0,14.087899738124445,2.351754540107682,-1.3906966297894092,0
1,15,1,6,1,14,1,22,27,8,7,0,0,0,0,0,0,19,0,1,6,8,4,11.562208670022788,0,0,6,12,2,12.007768799392338,0,12.4,0.5,1.79,0
1,8,1,10,1,1,1,22,27,9,6,0,0,0,1,0,0,20,0,0,6,0,0,0.0,0,0,6,0,0,0.0,0,15.456764027232424,0.45139992037858034,-0.5538874652663421,0
1,12,1,12,0,1,1,22,27,10,7,0,0,0,1,0,0,31,0,0,6,0,0,0.0,0,0,7,0,0,0.0,0,14.016102565587424,-0.2697123741945852,0.7036802664545679,0
1,8,1,8,1,1,1,3,2,5,3,0,0,0,1,0,0,18,0,0,6,10,5,13.805902873300653,0,0,6,12,3,13.03435036898926,0,13.9,-0.3,0.79,0
3,12,1,12,0,1,1,22,27,9,9,0,0,0,0,0,0,38,0,0,6,13,2,11.808862541720499,0,0,6,13,2,10.058729899870805,0,16.031151537871438,0.2559525750968967,-0.7944648390261553,0
2,12,1,12,1,1,1,6,14,4,4,0,0,0,1,0,0,31,0,0,6,0,0,0.0,0,0,7,0,0,0.0,0,12.4,0.5,1.79,0
1,8,3,16,1,1,1,22,27,10,7,1,0,0,1,0,0,18,0,0,6,7,5,11.851648877659793,0,0,6,7,5,11.348351122340208,0,10.8,1.4,1.74,0
1,8,2,8,1,1,6,18,2,10,4,1,0,0,0,0,0,20,0,0,6,13,3,12.547596686244523,0,0,6,16,0,0.0,0,11.534617209981219,0.9867778193855647,1.762956787811913,0
1,1,1,8,1,1,1,19,14,1,5,1,0,0,1,0,0,18,0,0,5,6,3,12.75499185617863,0,0,5,5,0,0.0,0,7.69584363862971,2.5580684080995018,0.34935211433034885,0
1,7,1,6,1,1,1,2,27,6,7,0,0,0,0,0,0,33,0,0,4,5,0,0.0,0,0,4,6,0,0.0,0,15.844832665795009,1.5684547650178258,-2.5131791848623894,0
1,12,1,4,1,1,1,1,1,8,4,0,0,0,0,1,0,24,0,0,5,0,0,0.0,0,0,5,0,0,0.0,0,12.880870008108726,0.2588777374887639,1.1023140297731329,0
1,8,1,10,1,1,1,10,25,5,2,1,0,0,0,0,0,20,0,0,6,11,4,10.683299572841637,0,0,6,13,1,11.183299572841637,0,9.469655642984698,3.003259060251602,-0.42053027428021394,0
1,12,1,3,0,1,1,22,27,12,12,0,0,0,0,0,0,33,0,0,6,0,0,0.0,0,0,6,0,0,0.0,0,12.315767009954891,2.9555485817876015,-0.8066582981451218,0
1,12,1,9,1,1,1,19,24,12,12,1,0,0,0,1,0,22,0,0,3,3,0,0.0,0,0,2,1,0,0.0,0,7.736553990595595,2.3420646844305426,0.059030151306196155,0
4,12,1,4,1,12,1,13,1,9,9,0,0,1,0,0,0,26,0,0,5,5,0,0.0,0,0,5,6,0,0.0,0,9.750606164610286,1.5804316106749088,2.5343805051363852,0
1,12,1,7,1,1,1,19,24,10,10,0,0,0,0,1,0,33,0,0,5,5,0,0.0,0,0,5,5,0,0.0,0,15.141471650918238,2.915241255061995,-3.757811820059657,0
2,13,1,3,0,1,1,19,24,2,2,0,0,0,0,0,0,44,0,9,11,11,8,12.300980789460612,2,3,7,8,5,12.0,0,10.326606430424995,-0.2531503033557404,-3.2627885319015566,0
1,12,1,8,1,1,1,1,14,5,7,0,0,0,0,1,0,27,0,0,5,13,3,10.830982517378823,0,0,5,8,2,10.495298368090978,0,15.277876523760943,2.3696357647868282,-3.3866882126503604,0
1,15,1,4,1,14,1,1,28,3,8,0,0,0,1,1,0,23,0,0,6,14,3,11.447518890358232,0,0,6,12,4,11.44240954725783,0,15.75138767863775,1.9021868620080367,-2.9323466986820934,0
5,12,1,17,0,7,1,22,27,11,11,1,0,0,0,1,0,54,0,0,4,4,0,0.0,0,0,5,4,0,0.0,0,8.527588430435639,2.8000680928390596,-0.04739777048627253,0
1,3,1,2,1,1,1,22,27,10,10,1,0,0,0,1,0,20,0,0,0,0,0,0.0,0,0,0,0,0,0.0,0,7.6,2.6,0.32,0
1,8,1,9,1,1,1,13,14,9,7,0,0,0,1,0,0,20,0,0,5,7,4,10.896216419299817,0,0,5,9,2,11.068807726729325,2,16.2,0.3,-0.92,0
1,12,1,8,1,1,1,1,1,5,5,0,0,1,0,0,0,30,0,1,5,12,3,12.947044753026649,0,1,5,10,3,11.666666666666666,0,11.532827381182926,-0.5630191798685639,-1.2668099865721691,0
1,8,3,10,1,1,1,1,14,4,8,1,0,0,1,0,0,19,0,0,6,9,5,12.188057566871498,0,0,6,7,0,0.0,0,15.435382798598361,0.10053464311261628,-0.3515237328709564,0
2,12,1,8,1,1,1,22,27,8,8,0,0,0,0,0,0,40,0,0,6,7,5,12.318973344066531,0,0,6,10,4,12.362280289796333,0,8.9,1.4,3.51,0
1,12,1,7,1,12,1,13,2,10,3,1,0,0,1,1,0,23,0,0,6,12,5,12.961556067980396,0,0,6,14,3,12.565943847290695,0,16.2,0.3,-0.92,0
1,4,1,6,1,2,1,13,27,11,11,0,0,0,1,1,0,23,0,2,5,10,2,14.475946457423099,0,0,5,5,0,0.0,0,7.743040156932675,2.5182627674670424,0.38947664765301404,0
1,1,1,13,1,1,1,17,14,4,1,1,0,0,0,0,0,20,0,0,5,9,3,11.718441561546392,0,0,5,14,2,10.554043291285224,0,7.6,2.6,0.32,0
2,12,1,14,1,12,1,22,17,4,7,0,0,0,0,0,0,45,0,0,6,11,3,12.333333333333334,0,0,6,12,2,11.023215861585996,0,8.575066186611854,2.042819321936083,0.7936035763543297,0
1,12,1,11,1,1,1,1,27,10,10,0,0,0,1,0,0,28,0,0,7,10,3,11.887164919287208,0,0,7,16,1,1.97240253908375,0,15.580463305031385,0.9018356465409392,-1.0580681777358625,0
3,12,1,11,1,11,1,22,28,6,6,0,0,1,0,1,0,46,0,0,6,6,0,0.0,6,0,7,7,0,0.0,7,15.5,2.8,-4.06,0
1,8,1,2,1,1,1,1,1,10,9,1,0,0,0,1,0,18,0,0,0,0,0,0.0,0,0,0,0,0,0.0,0,12.301901625368016,3.1571385800472966,-1.871302936962853,0
2,12,1,15,1,3,1,22,1,8,8,0,0,0,0,0,0,29,0,0,6,9,4,12.820259589344241,0,0,6,11,3,12.323532739180365,0,8.300987601557457,1.9529345216392708,2.0401157299756045,0
1,1,1,12,1,1,1,22,14,2,3,1,0,0,1,1,0,20,0,0,5,7,0,0.0,0,0,5,3,0,0.0,0,9.4,-0.8,-3.12,0
1,10,1,4,1,1,1,1,27,5,7,0,0,0,1,1,0,22,0,0,6,7,0,0.0,0,0,6,6,0,0.0,0,11.039214374716341,-0.6178650694759623,-1.695704843302025,0
1,8,3,12,1,1,1,3,1,4,4,1,0,0,1,0,0,18,0,0,7,7,7,13.786565327228937,0,0,8,9,8,15.183130491532152,0,12.490431641606401,0.15307554376937116,1.4092032431514738,0
1,3,1,10,1,1,1,13,14,4,8,0,0,0,0,0,0,21,0,0,5,10,4,10.845197414314683,0,0,5,11,0,0.0,0,10.8,1.4,1.74,0
1,8,3,14,1,1,1,13,14,5,5,1,0,0,1,0,0,19,0,0,6,11,5,12.006552023306849,0,0,6,8,5,11.57517258474677,0,15.527518497888769,2.7017196503972523,-3.936559880898949,0
1,12,1,5,1,12,1,22,27,6,9,0,0,0,1,0,0,36,0,0,6,10,2,12.532940265939361,0,0,6,6,0,0.0,0,11.1,0.6,2.02,0
3,12,1,12,1,8,1,1,1,5,6,0,0,0,0,0,0,29,0,2,7,10,4,12.06124316455394,0,1,7,9,4,11.24806640700606,0,13.9,-0.3,0.79,0
1,8,1,6,1,1,1,1,2,5,2,0,0,0,1,1,0,18,0,0,5,9,1,10.065407225559097,0,0,5,6,0,0.0,0,9.252833742492031,-0.5220192913738355,-2.8387489300958806,0
1,12,1,10,1,12,1,22,28,9,10,0,0,0,0,0,0,39,0,0,6,12,4,12.101137100714578,0,0,6,13,3,12.65994981058436,0,11.1,0.6,2.02,0
2,12,1,3,0,12,1,13,27,7,9,0,0,0,0,1,0,47,0,0,6,6,0,0.0,0,0,5,5,0,0.0,0,12.70068487797911,0.48417448010636266,1.5755642054412138,0
1,8,3,12,1,1,1,2,2,4,4,1,0,0,1,1,0,18,0,0,7,7,5,14.109517365186436,0,0,7,9,6,12.42477050594114,0,12.320598652188677,0.5061077959854864,1.8040479307666186,0
1,12,1,6,1,12,1,22,28,4,8,0,0,0,1,0,0,30,0,0,5,1,0,0.0,0,0,5,1,0,0.0,0,12.616936705555839,2.813991525928948,-0.7336970079662589,0
1,8,4,10,1,1,1,22,27,10,9,1,0,0,1,1,0,20,0,0,5,7,0,0.0,0,0,5,5,0,0.0,0,8.64806166373098,1.6325584642483264,2.8917820825398652,0
1,8,2,15,1,1,1,1,1,3,5,1,0,0,0,0,0,18,0,0,6,4,0,0.0,0,0,6,0,0,0.0,0,10.158701548081709,0.9720414736522192,2.8252663578435504,0
1,8,1,15,1,1,1,22,27,6,6,1,0,0,0,0,0,18,0,0,6,9,5,11.978574776772346,0,0,6,9,4,11.657739490321811,0,10.8,1.4,1.74,0
1,12,1,8,1,9,1,21,26,10,10,0,0,0,0,0,0,25,0,0,5,1,0,0.0,0,0,5,1,0,0.0,0,9.023171217993921,-0.08821230065518493,-2.399838327721717,0
1,14,1,5,1,1,1,1,14,6,10,1,0,0,0,0,0,22,0,0,6,13,5,11.562952789720862,0,0,6,11,4,11.786909871510773,0,13.548463518653284,1.3520858364201787,-0.3772618013295843,0
1,1,1,14,1,1,1,1,28,3,10,0,0,0,0,0,0,19,0,0,6,7,5,12.56527681605619,0,0,6,8,4,12.82301532346068,0,11.624763223694366,0.9360706866719192,1.765773850740449,0
2,4,1,10,1,10,1,13,14,3,5,0,0,0,0,0,0,41,0,1,6,8,3,12.765063186818487,0,2,6,8,2,14.103042461921715,0,12.51452356854091,1.721584731103053,0.4577091526407331,0
1,8,2,15,1,1,1,7,2,3,1,1,0,0,0,0,0,19,0,0,5,10,0,0.0,0,0,5,10,0,0.0,0,7.6,2.6,0.32,0
1,1,2,10,1,1,1,22,25,10,8,0,0,0,0,0,0,25,0,0,6,12,2,10.768732641933425,0,0,6,12,2,10.268732641933425,0,10.047548602586408,0.2175763754929254,-0.8720812795929014,0
1,8,3,13,1,1,1,22,1,6,6,1,0,0,1,0,0,18,0,0,5,5,5,12.494941876267513,0,0,5,10,0,0.0,0,8.483851716531852,2.094941876267513,0.7492994051726138,0
1,1,1,15,0,1,1,23,27,7,8,0,0,0,0,0,0,20,0,0,5,0,0,0.0,0,0,5,0,0,0.0,0,8.980703046359316,1.3706534376875217,3.455342027693009,0
1,4,1,12,1,3,1,1,1,7,9,0,0,0,0,0,0,23,0,0,7,0,0,0.0,0,0,8,0,0,0.0,0,13.002924333212825,2.690252222623917,-1.0714320085833884,0
1,1,1,7,1,1,1,2,1,5,5,0,0,0,1,0,0,18,0,0,5,5,0,0.0,0,0,5,5,0,0.0,0,7.6,2.6,0.32,0
1,12,1,11,1,2,1,13,14,5,7,0,0,0,1,0,0,37,0,0,6,0,0,0.0,0,0,6,0,0,0.0,0,15.206579145524158,2.8943138460815203,-3.81268813694179,0
1,12,1,13,1,12,1,13,14,7,3,0,0,1,0,1,0,38,0,0,4,5,0,0.0,0,0,4,4,0,0.0,0,14.681316092614935,1.213799929441435,-1.578364405739019,0
1,15,1,8,1,14,1,2,7,3,9,0,0,0,0,0,0,20,0,0,5,2,0,0.0,0,0,5,2,0,0.0,0,12.7,3.7,-1.7,0
1,13,1,17,0,1,1,22,27,9,9,0,0,0,0,0,0,31,0,4,8,8,5,11.4,0,3,4,4,4,11.285792030239403,0,10.8,1.4,1.74,0
1,7,1,5,1,2,1,2,3,4,4,1,0,0,1,0,0,31,0,0,4,4,3,16.19174815721005,0,0,4,4,3,16.298274911215636,0,10.418697910987763,1.3025041362119816,0.5302838124070237,0
1,6,1,7,1,1,1,4,16,3,6,0,0,0,1,0,0,21,0,0,5,5,0,0.0,0,0,5,2,0,0.0,0,9.4,-0.8,-3.12,0
1,12,1,7,1,1,1,13,1,6,5,0,0,0,0,1,0,25,0,0,5,6,0,0.0,0,0,5,5,0,0.0,0,15.5,2.8,-4.06,0
4,12,1,12,1,1,1,22,27,10,10,0,0,0,0,0,0,36,0,0,7,11,4,11.90386484642407,0,0,7,12,3,12.480519632918995,0,14.826859522158156,0.3807729692848143,-0.12842490100881998,0
1,1,1,10,1,1,1,13,28,10,9,0,0,0,1,1,0,19,0,0,6,10,5,11.733876352513905,0,0,6,10,3,12.623470405221587,0,14.162665519235038,0.7150125794150848,0.08357587385829623,0
3,12,1,3,0,1,1,13,14,12,12,0,0,0,0,0,0,36,0,0,4,4,0,0.0,0,0,5,9,0,0.0,0,10.838135275777681,1.4461637548887705,1.6709550796446213,0
1,1,4,2,1,1,1,3,12,5,5,1,0,0,0,1,0,18,0,0,0,0,0,0.0,0,0,0,0,0,0.0,0,13.535317089942613,1.640515003900558,-3.757245584351812,0
1,14,1,16,0,1,1,22,27,10,10,0,0,0,0,0,0,28,0,0,5,1,0,0.0,0,0,5,8,0,0.0,0,10.123366377611058,1.6537376083958535,1.4397438300649066,0
1,3,1,9,1,2,1,22,27,9,9,0,0,0,0,0,0,23,0,0,5,0,0,0.0,0,0,5,0,0,0.0,0,12.176004236515336,2.6847582082484647,-0.48170984989815757,0
1,12,1,4,1,1,1,22,27,9,9,0,0,0,0,0,0,42,0,0,6,10,4,12.241616650772652,0,0,6,12,4,10.657187798012767,0,9.163476690002353,1.304190294544599,3.3315544235893153,0
1,13,1,4,1,14,1,3,2,3,3,0,0,0,1,1,0,25,0,8,13,15,13,12.545863627778685,0,3,9,12,5,11.244989062521515,0,15.018320035255538,2.5591600176277685,-3.3944058668985613,0
1,1,1,9,1,1,1,13,14,8,6,0,0,0,0,0,0,20,0,0,5,10,2,12.406407546445951,1,0,5,9,2,11.203203773222976,0,9.4,-0.8,-3.12,0
1,8,3,14,1,1,1,13,27,8,11,0,0,0,0,0,0,18,0,0,6,6,2,11.802244202138777,0,0,6,0,0,0.0,0,12.7,3.7,-1.7,0
1,3,1,8,1,2,1,13,28,10,10,1,0,0,1,0,0,23,0,0,5,1,0,0.0,0,0,5,0,0,0.0,0,13.053569160317252,0.9849061512031219,0.5566517458529292,0
2,14,1,12,1,1,1,22,27,7,7,0,0,0,0,1,0,40,0,0,7,10,5,12.54859797903615,0,0,7,9,5,12.739563815700135,0,11.1,0.6,2.02,0
1,1,5,15,1,1,1,1,27,4,4,1,0,1,0,0,0,19,0,0,4,4,0,0.0,0,0,5,4,0,0.0,0,12.28700362548635,0.5086920288087423,1.8099916662601074,0
1,1,2,2,1,1,1,22,27,10,10,1,0,0,1,0,0,20,0,0,0,0,0,0.0,0,0,0,0,0,0.0,0,11.82050242945524,2.63534504618266,-0.10764650385580432,0
1,3,3,9,1,1,1,22,1,10,8,0,0,0,0,1,0,21,0,0,5,9,1,10.0,0,0,5,9,1,10.964037391284617,0,8.343685987562417,1.1952598012709892,-1.101266554008176,0
1,12,1,8,1,12,1,22,27,8,10,0,0,1,0,0,0,40,0,0,6,12,2,10.712769472283876,0,0,6,11,1,14.575732456973883,0,14.901741318340083,0.376368157744701,-0.17159205410193,0
1,1,2,11,1,1,1,11,14,7,7,1,0,0,1,0,0,19,0,0,6,9,0,0.0,0,0,6,8,0,0.0,0,12.089889584785533,2.713668090754064,-2.169331187514004,0
1,8,3,8,1,1,1,13,1,1,4,1,0,0,1,0,0,21,0,0,5,7,1,9.16040682064658,0,0,5,9,0,0.0,0,7.6,2.6,0.32,0
1,6,1,6,1,1,10,22,27,8,10,0,0,0,1,0,0,18,0,0,5,11,4,11.824336141301913,0,0,5,14,4,10.87838175465769,0,11.014867228260382,0.8270207246389796,1.9405427463763572,0
1,12,1,4,1,1,1,1,2,5,6,0,0,0,0,1,0,26,0,0,6,7,0,0.0,0,0,6,9,0,0.0,0,15.945842392520955,1.2077057409965877,-2.0600784106917143,0
2,12,1,9,1,1,1,16,3,10,3,0,0,0,1,1,0,53,0,0,5,4,2,7.912486206312115,0,0,5,4,0,0.0,0,11.236946207211432,1.8957158621357582,0.8295935168802213,0
1,12,1,5,1,1,1,1,1,2,5,0,0,0,0,1,0,23,0,0,6,0,0,0.0,0,0,5,2,0,0.0,0,12.569412744473627,0.4296768820628497,1.1977606105645338,0
1,12,1,17,0,10,1,22,26,9,10,0,0,0,1,0,0,39,0,0,5,9,0,0.0,0,0,5,5,1,10.890241814744616,0,10.883906697920983,3.308293601512369,-0.9806846136863505,0
1,8,1,13,1,1,1,19,26,1,1,0,0,0,0,0,0,18,0,0,5,7,2,11.97303049758596,0,0,5,6,3,10.766855939008776,0,7.643151203862464,2.5838182985515754,0.3391483467139689,0
1,12,1,9,1,4,1,1,11,3,4,0,0,0,0,0,0,26,0,0,5,6,3,11.68461985548551,0,1,5,6,2,11.098556295160778,0,12.125986687105993,-0.49711259032155647,-0.7514204563145714,0
1,4,1,10,1,1,10,26,1,4,4,0,0,0,0,0,0,24,0,4,6,6,5,12.762773208264006,0,1,6,7,2,13.367395222037349,0,11.1,0.6,2.02,0
1,13,1,8,1,6,1,19,24,1,1,0,0,0,1,0,0,28,0,0,5,8,0,0.0,0,0,5,5,0,0.0,0,7.6,2.6,0.32,0
1,15,1,9,1,14,1,1,1,5,4,0,0,0,1,0,0,22,0,2,6,7,6,12.282380286938556,0,1,6,6,2,13.694281721631336,0,13.9,-0.3,0.79,0
1,12,1,5,0,1,1,19,24,1,1,1,0,0,1,0,0,26,0,0,5,10,3,12.434468296288381,0,0,5,14,3,11.836028181076994,0,7.6,2.6,0.32,0
4,12,1,14,1,12,1,22,27,10,8,0,0,0,1,0,0,28,0,0,6,15,1,13.625076795727704,0,0,6,7,0,1.6068137325955567,0,11.308885785237422,0.5839318626740444,1.9830432841503023,0
1,1,1,2,1,1,1,13,14,3,3,1,0,0,1,0,0,19,0,0,0,0,0,0.0,0,0,0,0,0,0.0,0,10.855970107215391,1.2507463807589554,1.7922387667343656,0
2,12,1,17,0,1,1,19,24,11,11,1,0,0,1,0,0,29,0,0,5,8,0,0.0,0,0,5,5,0,0.0,0,7.6,2.6,0.32,0
1,8,1,15,1,1,1,14,28,5,8,1,0,0,0,0,0,18,0,0,6,9,4,11.818578090351538,0,0,6,13,0,0.0,0,9.087927528469441,-0.21052977599783362,-2.5235948321860437,0
1,1,1,15,1,1,1,22,27,6,7,0,0,0,1,0,0,19,0,0,5,7,5,11.93117694975095,0,0,5,9,4,11.474191356156606,0,7.6,2.6,0.32,0
1,12,1,17,0,1,1,2,4,2,3,0,0,0,0,1,0,28,0,0,5,9,3,10.973255418112785,0,0,5,11,2,13.27267105395868,0,12.43522863931658,3.33894814452261,-1.813931918839532,0
1,10,1,12,1,1,4,1,27,5,5,0,0,0,0,0,0,20,0,0,5,7,2,11.573534168710765,0,0,5,7,3,13.419609111656204,0,10.117654669937222,1.4985260819024653,1.0910317426682743,0
1,1,2,9,1,1,1,1,1,4,3,1,0,0,1,1,0,19,0,0,5,2,0,0.0,0,0,5,2,0,0.0,0,10.336388894463816,1.0306428557093046,2.804117457577782,0
1,1,1,10,1,1,1,13,14,5,7,0,0,0,0,0,0,21,0,0,5,10,4,10.982378616908607,0,0,5,11,0,0.0,0,10.833480627873648,1.4405291811102052,1.679382442165606,0
1,8,1,13,1,1,1,13,27,10,9,0,0,0,1,0,0,21,0,0,5,0,0,0.0,0,0,6,0,0,0.0,0,13.339805489159739,-0.109533866314311,1.0947458138971025,0
1,8,3,10,1,1,1,13,27,5,5,1,0,0,0,0,0,19,0,0,6,12,4,11.903216601431387,0,0,6,12,3,10.747319498807178,0,9.629063555133282,3.037641158950316,-0.48366831007239813,0
1,13,1,4,1,1,1,22,27,8,8,1,0,0,1,1,0,24,0,11,17,18,13,11.541648691031693,0,10,15,15,10,12.364890998266674,0,12.65115269324059,3.6053583431536436,-1.5864300117843717,0
1,14,1,7,0,13,1,2,1,3,8,0,0,0,0,1,0,22,0,0,5,5,0,0.0,0,0,5,5,0,0.0,0,12.188927078397125,3.390666389556155,-0.9992921259076377,0
1,6,1,11,1,1,1,13,14,10,8,1,0,1,1,0,0,20,0,0,6,0,0,0.0,0,0,6,0,0,0.0,0,11.1,0.6,2.02,0
2,13,1,14,0,1,1,19,24,1,2,0,0,0,0,1,0,36,0,0,5,6,0,2.7079796839718684,0,0,5,5,1,10.17193521802996,0,9.4,-0.8,-3.12,0
1,1,1,14,1,1,1,1,28,8,8,0,0,0,0,0,0,18,0,0,6,6,5,13.43459562942318,0,0,6,6,5,13.487337237829802,0,10.724047307741856,0.7367100699120526,2.274622505211198,0
1,8,1,7,1,1,1,13,14,5,9,1,0,0,0,0,1,20,0,0,6,13,1,12.005929659773294,0,0,6,7,0,0.0,0,14.572201015788407,3.098221102068012,-3.2779979990216566,0
1,11,1,6,0,1,1,22,27,11,11,0,0,0,0,0,0,34,0,0,5,5,0,0.0,0,0,4,5,0,0.0,0,10.701126384778622,1.2446271760806888,1.3967673071600668,0
1,15,1,8,1,14,4,1,27,4,9,0,0,0,0,0,0,23,0,0,5,8,1,7.052329978176443,0,0,5,6,0,0.0,0,15.5,2.8,-4.06,0
1,8,3,10,1,1,1,1,14,5,8,0,0,0,0,1,0,18,0,0,5,12,0,0.0,0,0,5,2,0,0.0,0,10.12825842790117,-0.20025776525785977,-0.9180892238752856,0
1,8,2,7,1,1,1,1,27,5,8,0,0,0,0,1,0,22,0,0,3,0,0,0.0,0,0,3,0,0,0.0,0,8.53602717824163,1.735974912392341,2.6168666912236933,0
1,8,3,11,1,1,1,13,1,6,5,0,0,0,1,1,0,18,0,0,6,6,3,11.384178444680105,0,0,6,7,3,11.225302814270565,0,14.95526183923646,0.5535577734888695,-0.30685120229055207,0
1,6,1,5,1,1,1,22,14,6,7,1,0,0,1,0,0,18,0,0,5,6,2,12.95323906286062,0,0,5,5,0,0.0,0,11.502190006923888,0.892791871970799,1.5150456896204407,0
1,15,1,9,1,14,1,1,1,4,4,0,0,0,1,1,0,21,0,2,6,7,5,11.901761018127676,0,1,6,8,2,12.921069211985854,0,13.414481145393635,-0.04105661087660506,1.1136792364042436,0
1,12,1,7,1,12,1,22,27,9,6,0,0,0,0,1,0,30,0,0,5,10,0,0.0,0,0,5,6,0,0.0,0,11.12369068415075,-0.05306737020134178,-0.2988929136066063,0
1,12,1,8,1,1,1,1,12,5,6,0,0,0,1,1,0,27,0,0,5,10,3,11.36548702664443,0,0,5,8,2,10.66159308087703,0,14.712176605895127,1.2735921739218103,-1.6719103366196064,0
1,12,1,11,1,1,1,22,27,10,7,0,0,0,0,0,0,35,0,0,6,9,4,12.575759026758492,0,0,6,8,5,12.239402355199255,0,11.67277080275476,0.18486734786039566,0.599768213841956,0
1,12,1,4,1,1,1,1,1,9,5,0,0,0,0,1,0,24,0,0,6,0,0,0.0,0,0,6,0,0,0.0,0,13.9,-0.3,0.79,0
1,12,1,17,0,1,1,22,27,10,9,0,0,0,0,0,0,31,0,0,5,14,1,11.265484862064694,0,0,5,12,2,12.23362797453502,1,13.879643838721796,0.42212400848832654,0.7347803150168243,0
1,1,1,7,1,1,1,2,1,6,5,0,0,0,1,0,0,18,0,0,6,12,5,12.286374012693122,0,0,6,17,3,13.505864492852682,1,11.938191114815591,0.7597674979162301,1.7755684723379872,0
1,1,1,2,1,1,1,17,14,9,10,0,0,0,1,0,0,20,0,0,0,0,0,0.0,0,0,0,0,0,0.0,0,15.906866754995828,1.3469044464434692,-2.2349119847329972,0
1,1,1,14,1,1,1,22,27,6,9,0,0,0,0,0,0,21,0,0,5,8,3,12.954138129057778,0,0,5,5,4,11.03859067881855,0,11.912750152101568,3.5302010131983774,-1.3881873151461113,0
2,13,1,17,0,7,1,3,1,3,6,0,0,0,1,1,0,37,0,0,1,3,0,0.0,0,0,4,2,0,0.0,0,10.8,1.4,1.74,0
1,4,1,2,1,1,1,22,27,10,3,1,0,0,1,0,0,19,0,0,0,0,0,0.0,0,0,0,0,0,0.0,0,12.251204461435327,0.8826780428142909,-3.559365933401509,0
1,12,1,7,1,1,1,22,27,5,6,0,0,0,0,0,0,30,0,0,2,2,0,0.0,0,0,2,2,0,0.0,0,7.864300037794377,2.65700589050467,0.21531645561869767,0
2,12,1,5,1,1,1,13,14,3,5,0,0,0,0,0,0,33,0,0,5,1,0,0.0,0,0,5,1,0,0.0,0,12.840826202268028,2.732679144361216,-2.5856732615106273,0
1,12,1,10,1,1,1,12,1,5,2,0,0,0,1,0,0,24,0,0,5,5,0,0.0,0,0,5,5,0,0.0,0,14.438124052182104,2.773117064612205,-3.4712637150072925,0
1,12,1,9,1,1,1,22,27,10,10,0,0,1,0,0,0,26,0,0,5,5,0,0.0,0,0,5,9,0,0.0,0,10.8,1.4,1.74,0
1,8,1,13,1,1,1,13,27,10,9,1,0,0,1,0,0,21,0,0,6,0,0,0.0,0,0,6,0,0,0.0,0,13.916063628176088,-0.26887672040883004,0.7413071270912344,0
1,1,1,11,1,1,1,12,28,8,9,0,0,0,1,0,0,19,0,0,7,11,5,11.550059909345439,0,0,7,11,5,11.909254193745845,0,10.896706153492417,1.1421169240202216,1.8302590765929225,0
3,12,1,7,1,11,1,22,27,10,5,0,0,0,1,1,0,48,0,0,6,0,0,0.0,0,0,6,0,0,0.0,0,14.910610782149368,2.3627112254656604,-2.9477655082496135,0
1,8,3,12,1,1,1,22,27,5,7,0,0,0,1,0,0,21,0,0,6,0,0,0.0,0,0,6,0,0,0.0,0,13.591242291673172,2.834221773803203,-1.5013802892842643,0
1,1,1,14,1,1,1,13,27,9,8,0,0,0,1,1,0,18,0,0,6,6,4,12.727398911110429,0,0,6,6,4,12.617803266668716,0,12.495549183332821,1.5191912888834262,0.6784445005615132,0
1,8,2,12,1,1,1,2,2,4,4,0,0,0,1,0,0,18,0,0,6,7,5,13.832349385164186,0,0,6,8,6,12.264129120604156,0,12.471931642033095,1.2672708483530029,0.9531952310150065,0
1,1,2,7,1,1,1,3,1,3,5,0,0,0,1,1,0,18,0,0,5,5,0,0.0,0,0,5,5,0,0.0,0,10.459065954917653,1.349158644723527,1.1955889486935312,0
1,1,1,9,1,1,1,20,1,4,4,0,0,0,1,0,0,18,0,0,6,0,0,0.0,0,0,6,0,0,0.0,0,10.570929987865998,1.2324290532045408,0.5416408086185744,0
1,1,1,8,1,1,1,13,27,10,9,1,0,0,1,0,0,18,0,0,5,6,5,14.29391297343305,0,0,5,7,5,13.705531794922564,0,13.194209096976723,2.052636343410926,-0.6745161237733013,0
1,1,2,15,1,1,1,22,14,7,8,1,0,0,0,0,0,18,0,0,6,8,4,11.992232533395168,0,0,6,10,2,10.449622755514332,0,13.827695787507633,-0.08375509319729485,-1.6875101863945896,0
1,8,1,13,1,1,1,1,14,5,5,0,0,0,1,0,0,21,0,0,6,0,0,0.0,0,0,6,0,0,0.0,0,9.14664799513261,1.3365762298230432,3.38879012810626,0
1,8,1,8,1,1,1,2,2,6,8,0,0,1,0,0,0,20,0,0,5,9,2,10.16938059221227,0,0,5,8,2,10.728710549911394,0,10.257982104920734,1.6032567106547249,1.4994795590585754,0
2,12,1,9,1,1,1,21,27,10,9,0,0,0,0,0,0,30,0,0,5,8,3,10.988342303555504,0,0,5,9,2,11.615411194800508,0,7.711913885867159,2.5580322927998154,0.3696617868535521,0
1,1,1,7,1,1,1,2,14,3,4,1,0,0,0,0,0,18,0,0,6,8,4,11.614205396969776,0,0,6,13,2,12.792837960857426,0,11.448032225759524,0.48813249886300975,1.86711441511278,0
1,12,1,6,1,6,1,19,24,13,13,0,0,0,0,1,0,25,0,0,4,4,0,0.0,0,0,4,4,0,0.0,0,7.6,2.6,0.32,0
1,3,1,4,1,2,1,22,1,9,4,0,0,0,0,0,0,22,0,0,2,2,1,9.383404568210379,0,0,5,0,0,0.0,0,10.89865526908634,1.344506411138934,1.743082977158948,0
1,12,1,4,1,1,1,1,2,4,3,0,0,1,0,1,0,46,0,3,10,14,5,12.427631002156515,0,1,6,7,4,12.069918717595169,0,8.9,1.4,3.51,0
1,8,1,10,1,1,1,13,14,5,6,1,0,1,0,0,0,19,0,0,6,10,5,11.744367359046874,0,0,6,12,2,10.733162934033444,0,16.2,0.3,-0.92,0
1,12,1,8,1,13,1,17,25,11,11,0,0,0,1,1,0,31,0,0,5,5,0,0.0,0,0,5,5,0,0.0,0,7.936543155922923,2.2893447791480708,1.1458251287647117,0
1,12,1,6,1,4,1,22,27,8,9,0,0,1,0,1,0,45,0,0,5,5,0,0.0,0,0,5,5,0,0.0,0,15.5,2.8,-4.06,0
1,8,4,10,1,1,1,1,14,9,5,1,0,0,1,0,0,19,0,0,6,11,5,12.035732854230698,0,0,6,7,0,0.0,0,15.246926042813236,2.3096692079506433,-3.292869567277619,0
1,14,2,11,1,1,1,22,27,10,10,1,0,0,1,0,0,19,0,0,6,15,2,10.63977237662629,0,0,6,14,3,10.13977237662629,0,7.6,2.6,0.32,0
1,15,1,14,0,14,1,1,27,4,10,0,0,0,0,0,0,21,0,0,5,12,3,11.316272275988325,0,0,5,10,1,12.631481161347802,0,15.5,2.8,-4.06,0
1,12,3,6,1,1,1,19,24,12,12,0,0,0,1,0,0,20,0,0,6,0,0,0.0,0,0,6,0,0,0.0,0,8.305695620167105,2.196745359904511,0.6627664440811657,0
1,6,3,7,1,1,1,19,26,1,6,1,0,0,1,0,0,18,0,0,5,9,3,11.68848745904876,0,0,5,10,3,11.360609323810952,3,7.6,2.6,0.32,0
3,2,1,17,0,1,1,22,27,10,10,0,0,0,0,0,0,37,0,0,4,0,0,0.0,0,0,5,0,0,0.0,0,12.7,3.7,-1.7,0
1,8,1,11,1,1,1,22,27,9,9,1,0,0,1,0,0,18,0,0,6,7,5,12.42086360545288,0,0,6,7,5,12.383778549499157,0,7.933765503583512,1.9695540487866994,-0.31786296240404566,0
1,1,4,11,1,1,1,10,27,5,10,1,0,0,1,0,0,19,0,0,6,9,5,12.6831759628136,0,0,7,10,6,13.082691425432184,0,11.96475638690506,0.53348027793038,1.867004639239874,0
1,1,1,8,1,1,1,13,14,8,9,1,0,0,1,0,1,18,0,0,6,8,6,13.262719225837083,0,0,6,8,6,13.092761543501238,0,13.9,-0.3,0.79,0
1,12,1,5,1,1,1,22,27,7,7,0,0,0,0,0,0,29,0,0,6,0,0,0.0,0,0,6,0,0,0.0,0,11.933520370639448,0.5358830484123502,1.8725310113484057,0
1,1,1,14,1,1,1,22,27,9,9,0,0,0,0,0,0,18,0,0,6,7,4,11.495598918373783,0,0,6,8,4,10.8746856370267,0,11.033318972455096,1.682438756129851,1.3175698603970927,0
1,12,1,3,1,3,1,19,25,1,1,1,0,0,1,1,0,39,0,0,1,0,0,0.0,0,0,1,0,0,0.0,0,7.6,2.6,0.32,0
1,12,1,3,0,1,1,8,4,10,4,0,0,1,0,0,0,37,0,0,5,5,0,0.0,0,0,5,5,0,0.0,0,9.596922130008007,1.8218212892153727,2.554483079646916,0
1,7,1,12,1,2,1,19,24,1,1,0,0,0,1,0,0,27,0,0,6,2,0,0.0,0,0,6,2,0,0.0,0,7.6,2.6,0.32,0
1,1,1,2,1,1,1,2,2,3,3,1,0,0,1,1,0,19,0,0,0,0,0,0.0,0,0,0,0,0,0.0,0,16.2,0.3,-0.92,0
1,8,3,7,1,1,1,3,2,4,4,1,0,0,0,1,0,18,0,0,5,9,3,12.947766845275329,0,0,5,8,4,12.055417966710674,0,10.519379249843624,0.9835881928973542,2.714190768648277,0
2,12,1,3,0,11,1,15,27,6,9,0,0,0,0,1,0,47,0,0,6,6,0,0.0,0,0,5,6,0,0.0,0,13.33427140990884,1.1931691105775268,0.026939436139769013,0
1,1,1,14,0,1,1,1,3,5,3,0,0,0,0,0,0,19,0,0,5,6,5,12.912682300293753,0,0,5,8,4,12.219501574405378,0,8.571892194229127,1.7028687437884986,2.704873922762241,0
1,1,2,2,1,1,1,2,1,5,5,0,0,0,0,0,0,18,0,0,0,0,0,0.0,0,0,0,0,0,0.0,0,12.549183882972256,2.0912947517040665,0.05449416142275232,0
1,13,1,7,1,1,1,15,27,10,5,0,0,0,1,0,0,23,0,0,5,3,0,0.0,0,1,6,7,1,13.071149219412732,0,13.180140645044867,0.09476158174958943,1.0106020603894765,0
1,12,1,17,0,1,1,22,25,10,5,0,0,0,0,0,0,37,0,0,4,4,0,0.0,0,0,5,4,0,0.0,0,15.218808805168791,2.8903828840528885,-3.8229959929279813,0
1,12,1,9,1,1,1,13,14,2,5,0,0,0,1,1,0,30,0,0,5,3,0,0.0,0,0,5,3,0,0.0,0,9.442677862591415,1.7938284351162561,0.8843200954186208,0
1,3,1,13,1,1,14,2,2,6,10,1,0,1,0,0,0,20,1,0,7,8,6,11.635043078966321,0,0,7,8,4,11.17859594008031,0,11.969684577782381,2.2850138694533646,-0.0020166433440373943,0
1,15,1,8,1,14,2,3,3,4,7,0,0,1,0,0,0,20,0,2,6,12,3,11.60431474064303,0,1,6,11,3,11.87529614795273,0,12.4,0.5,1.79,0
1,8,1,3,0,6,1,22,1,10,10,0,0,0,0,0,0,30,0,0,6,3,0,0.0,0,0,6,3,0,0.0,0,10.987271398774197,0.9006096032688062,1.9147866388559178,0
2,12,1,17,0,1,1,22,27,10,10,0,0,0,0,0,0,44,0,0,5,9,0,0.0,0,0,5,10,0,0.0,0,11.838889404599852,0.7454858854875646,1.618159880158705,0
1,8,1,7,1,1,1,22,13,7,4,1,0,0,1,1,0,19,0,0,5,5,0,0.0,0,0,5,5,0,0.0,4,9.291697822504256,-0.5954292202858156,-2.9130225052303547,0
1,15,1,7,1,14,1,6,1,3,7,0,0,0,0,1,0,22,0,0,5,5,0,0.0,0,0,5,5,0,0.0,0,13.74241745140003,3.364937247764276,-2.5786089947514537,0
1,16,1,4,1,15,1,22,27,8,8,0,0,0,0,0,0,22,0,5,9,10,6,12.330778376182234,0,3,9,13,4,12.596226524822994,0,10.072169651299802,1.0985849468086224,2.933962342789812,0
1,11,2,13,1,1,1,1,1,9,10,0,0,0,1,1,0,23,0,0,6,17,0,1.671264871960647,0,0,6,12,0,0.0,0,11.058218378200984,0.7114176581307098,1.9810038196542517,0
1,1,1,12,1,1,1,1,14,4,6,0,0,0,0,0,0,19,0,0,6,10,4,12.8589397620602,0,0,6,7,4,11.897939078251214,0,15.72625793532168,0.1764151135621776,-0.567783073652206,0
1,1,2,8,1,1,1,22,1,6,6,1,0,0,1,0,0,19,0,0,4,0,0,0.0,0,0,4,0,0,0.0,0,13.33010913389277,0.0039417952571891846,1.1699272440714865,0
2,12,1,5,0,12,1,1,1,7,7,0,0,0,0,1,0,26,0,0,6,12,1,10.53346109197632,0,0,5,7,1,5.601341465751376,0,16.2,0.3,-0.92,0
1,12,1,8,1,13,1,11,28,9,9,0,0,0,0,0,0,26,0,0,4,3,0,0.0,0,0,5,0,0,0.0,0,12.29679181559364,3.4559529410172027,-1.1471803576954898,0
1,1,1,15,1,1,1,21,26,1,4,1,0,0,0,0,0,20,0,0,4,8,0,0.0,0,0,4,8,0,0.0,0,7.980525019795844,1.8812305181634048,-0.40722559338761455,0
1,1,1,3,1,1,1,22,1,6,2,0,0,0,1,0,0,20,0,0,1,0,0,0.0,0,0,1,0,0,0.0,0,13.9,-0.3,0.79,0
1,3,2,15,1,1,1,23,14,7,8,1,0,0,0,0,0,19,0,0,6,7,5,12.42643505649629,0,0,6,9,2,10.930800629941468,0,15.108972762715581,1.3598550305048642,-1.1631432128805277,0
1,1,1,2,1,1,1,1,26,4,9,0,0,0,0,0,0,18,0,0,0,0,0,0.0,0,0,0,0,0,0.0,0,8.047280451666039,1.7551369246308166,-0.5348026409617621,0
1,12,1,14,0,12,1,19,24,2,2,1,0,0,0,1,0,28,0,0,5,8,1,11.384080561140985,0,0,5,6,3,10.752017902475774,0,8.060896673369182,1.729417394747102,-0.5608247535499915,0
1,1,1,10,1,1,1,23,27,5,8,0,0,0,1,0,0,19,0,0,5,0,0,0.0,0,0,5,0,0,0.0,0,11.089940269579266,0.6268259477886234,2.010610918273982,0
2,12,1,8,1,10,1,22,27,10,10,0,0,0,0,0,0,47,0,0,6,0,0,0.0,0,0,6,0,0,0.0,0,13.254834527306976,0.04408825210294676,1.2201103151286836,0
1,13,1,10,1,1,1,22,27,9,9,0,0,0,0,0,0,28,0,2,5,7,2,11.779070266728278,0,0,5,8,0,0.0,0,10.8,1.4,1.74,0
1,8,1,16,1,1,1,22,27,6,5,0,0,0,1,0,0,18,0,0,6,9,4,11.164312484317668,0,0,6,9,4,11.527277317286064,0,10.4056500376376,1.5478812358859007,1.5650072042016843,0
1,8,1,7,1,1,1,13,14,8,9,0,0,0,1,0,0,18,0,0,5,8,1,11.315836502568185,0,0,5,10,2,12.684163497431815,1,8.694661595890905,2.189501901540911,0.8057560831765886,0
1,12,1,13,1,2,1,19,24,1,1,1,0,0,1,0,0,27,0,0,5,5,0,0.0,1,0,5,5,0,0.0,1,7.6,2.6,0.32,0
1,7,1,2,1,1,1,21,27,8,9,1,0,0,1,1,0,24,0,11,16,18,12,11.622023893690253,0,11,16,23,11,11.360631736955208,0,11.24382125804177,0.5889368263044793,1.9945547005003024,0
1,1,4,9,1,1,1,22,27,10,10,1,0,0,0,0,0,21,0,0,5,11,2,11.42322614586726,0,0,5,12,0,0.0,0,12.19329256272391,3.0090353128053318,-1.9180377457369842,0
1,13,1,12,1,1,1,2,3,3,5,0,0,0,1,0,0,18,0,0,6,11,3,12.524636148706884,0,0,6,10,3,10.645418556278003,0,16.110757936367612,0.618721655829956,-1.3203143997224247,0
1,1,1,11,1,1,1,13,27,10,8,0,0,0,1,0,0,18,0,0,6,7,4,13.202712709439632,0,0,6,6,4,12.27674474867244,0,10.290505516961286,1.0424414384956693,2.8266658602361683,0
1,10,1,7,1,1,1,1,1,6,6,0,0,0,1,0,0,30,0,0,6,7,6,16.007235367441787,0,0,6,7,6,16.24436534537407,0,14.366220658707027,-0.17837721946773216,0.4433750754830367,0
1,8,1,14,0,1,1,1,14,5,4,0,0,0,1,1,0,21,0,0,5,7,3,12.208402143876022,0,0,5,5,3,11.112575691596957,0,8.364578879478746,2.7649091700836514,0.017166796755476943,0
1,12,1,6,0,1,1,3,1,11,2,0,0,1,0,0,0,40,0,0,5,5,0,0.0,0,0,5,5,0,0.0,3,11.828844698115962,3.172721790964925,-0.5056002308379379,0
1,6,3,14,1,1,1,3,3,2,4,0,0,0,1,0,0,20,0,0,5,6,3,12.0555859017264,0,0,5,7,0,0.0,0,10.411153595750294,0.7889556504647459,0.39014748239030217,0
1,13,1,8,1,1,1,2,14,5,6,0,0,0,0,0,0,33,0,2,6,13,3,11.351997564230262,0,0,6,9,2,11.569990865863481,0,13.9,-0.3,0.79,0
1,10,1,14,1,1,1,1,14,7,5,1,0,0,1,1,0,20,0,0,5,7,4,12.871611884005388,0,0,5,5,4,11.87799164245073,0,8.066508077249113,2.169377159462357,1.4647390510959015,0
1,1,2,9,1,1,1,1,28,8,8,0,0,1,0,1,0,19,0,0,5,9,4,11.732529706627245,0,0,5,10,4,11.004022791092307,2,15.03700408897498,0.36121031110658,-0.0906002845058409,0
1,10,1,15,0,1,1,22,27,9,9,0,0,0,1,0,0,23,0,0,5,5,1,10.271362221673797,0,0,5,5,0,0.0,0,8.423096001974328,1.045263107381827,-1.2530279148842693,0
1,1,3,11,1,1,1,4,14,4,4,1,0,0,0,1,0,18,0,0,5,4,0,0.0,0,0,5,3,0,0.0,0,13.581296706174333,2.8438831997163607,-1.5035967340525769,0
1,3,1,8,1,1,1,13,18,31,44,0,0,0,1,0,0,18,0,0,6,0,0,0.0,0,0,6,0,0,0.0,0,12.4,0.5,1.79,0
1,12,1,12,1,1,1,22,27,7,7,0,0,0,0,1,0,39,0,0,7,11,5,12.165472182655886,0,0,7,10,4,11.955508201981123,0,11.1,0.6,2.02,0
1,12,1,4,1,12,1,21,14,10,7,0,0,0,1,0,0,24,0,0,6,14,1,10.969483520444543,0,0,6,12,4,11.772887359666592,0,12.683803259865753,0.7105637089326549,1.2544357838017257,0
1,1,1,14,1,1,1,22,28,10,9,1,0,0,0,0,0,18,0,0,6,6,4,11.77076025654235,0,0,6,8,4,11.611005323756544,0,10.8,1.4,1.74,0
2,12,1,3,0,10,1,20,25,4,4,0,0,0,0,0,0,50,0,0,6,11,0,0.0,0,0,5,8,0,0.0,0,8.121106841792733,2.118978299883632,1.5987160194760113,0
1,8,1,16,1,1,1,22,27,7,7,1,0,0,1,0,0,19,0,0,6,9,5,11.462005803644132,0,0,6,8,4,11.226899709817793,0,10.8,1.4,1.74,0
1,1,1,10,1,1,1,22,27,7,7,0,0,0,0,0,0,20,0,0,5,0,0,0.0,0,0,5,0,0,0.0,0,11.184346656621095,0.7634216472033728,1.8238940233559526,0
1,13,1,3,0,7,1,22,1,9,10,0,0,0,0,1,0,48,0,5,12,12,5,11.435567602077388,0,2,10,10,2,13.218855760953852,0,15.080534757252614,0.4686865434276882,-0.24065328419576482,0
1,3,1,7,1,1,1,1,11,4,4,1,0,0,1,1,0,18,0,0,5,7,3,12.1034425419958,0,0,5,9,2,11.258578641302538,0,10.189705630436954,0.9310161343865622,2.636517550294972,0
1,8,1,10,1,1,1,13,27,9,10,0,0,0,1,0,0,19,0,0,5,5,0,0.0,0,0,5,2,0,0.0,0,8.9,1.4,3.51,0
1,15,1,4,1,14,1,13,28,10,10,0,0,0,0,0,0,19,0,2,7,15,4,13.444272882282677,0,1,7,12,2,12.466254917478423,0,11.95727117717324,0.3605277997610987,1.8468444796177579,0
1,1,1,9,1,1,1,13,28,10,8,0,0,0,1,0,0,18,0,0,5,8,5,12.724634390754765,0,0,5,12,5,11.068818698519195,0,13.87283472426874,-0.2855118529433276,0.8081101838208405,0
1,1,1,6,1,1,1,22,14,11,11,0,0,0,1,1,0,18,0,0,5,0,0,0.0,0,0,5,0,0,0.0,0,7.830176963900527,2.1652212904101154,-0.11989375323211915,0
1,12,1,10,1,14,1,1,1,5,10,0,0,0,0,1,0,25,0,0,5,0,0,0.0,0,0,5,0,0,0.0,0,15.962413988692642,0.5307978395557176,-0.9729477396627824,0
2,12,2,9,1,1,1,21,25,10,10,0,0,0,1,0,0,22,0,0,6,0,0,0.0,0,0,6,0,0,0.0,0,9.40842618748547,1.9218401796929494,1.1224891206966767,0
1,8,2,12,1,1,1,2,2,5,7,0,0,0,1,0,0,18,0,0,7,7,7,14.423144373598197,0,0,8,8,7,14.766644034109845,0,13.9,-0.3,0.79,0
1,12,1,6,1,11,1,21,26,10,10,0,0,1,0,0,0,26,0,0,5,6,0,0.0,0,0,5,5,0,0.0,0,13.411746101416963,-0.07524820541415744,0.753574709153329,0
1,13,1,16,0,1,1,22,23,10,8,0,0,0,1,0,0,20,0,6,11,20,7,11.691420892948932,0,5,10,17,6,12.546380682843301,0,9.809865911961243,-0.15592499548947725,-1.6971797627631175,0
1,3,1,5,1,2,1,21,1,9,4,0,0,0,0,0,0,22,0,0,3,3,2,10.152539042914261,0,0,6,0,0,0.0,0,10.586445339920035,1.064414105588625,0.9986602514366898,0
1,1,2,9,1,1,1,22,27,8,8,0,0,0,0,0,0,19,0,0,6,9,0,0.0,2,0,6,7,0,0.0,0,11.99329762075066,-0.5118558199165935,-0.8667125117477603,0
1,8,1,9,1,1,1,11,27,6,6,1,0,0,1,0,0,19,0,0,5,11,1,10.0,0,0,5,7,0,0.0,0,10.982014513914857,0.9146279628937153,1.9098802129871997,0
1,1,3,12,1,1,1,4,2,3,3,1,0,0,0,0,0,19,0,0,6,0,0,0.0,0,0,7,0,0,0.0,0,10.53693357635783,3.2334562615673756,-0.8432560439691802,0
1,12,1,5,0,1,1,22,27,10,8,0,0,1,0,0,0,29,0,0,6,11,4,12.816266917250333,0,0,6,7,0,0.0,0,13.401511904626053,0.44728884712494454,1.0757638785429986,0
1,12,1,4,1,1,1,1,3,9,10,0,0,1,0,1,0,44,0,2,7,14,4,11.973746805907606,1,0,6,15,0,0.7350894345870334,0,15.066822297475497,2.708113820676621,-3.563158301801442,0
1,1,1,6,1,1,1,13,28,10,7,0,0,0,0,1,0,18,0,0,5,11,5,13.227232402998181,0,0,5,16,4,14.70323906677881,0,12.4,0.5,1.79,0
1,15,1,6,1,14,1,22,6,10,8,0,0,0,1,1,0,21,0,2,6,8,4,12.216786534306488,0,3,7,9,5,13.088129528553099,0,13.900719205838925,0.4352518114212396,0.4054677519281483,0
1,7,1,5,1,1,1,13,1,4,3,0,0,0,1,0,0,18,0,0,6,0,0,0.0,0,0,6,0,0,0.0,0,8.752790540407018,1.5358856550089062,3.1487706337679904,0
1,1,5,14,1,1,1,18,26,8,8,1,0,0,0,0,0,18,0,0,6,8,4,12.984083258910452,0,0,6,8,4,11.408337340570716,0,7.6,2.6,0.32,0
1,13,1,6,0,6,1,19,24,6,6,0,0,0,1,0,0,33,0,3,6,8,4,11.370826435165549,0,1,5,8,2,10.5,0,7.6,2.6,0.32,0
1,1,1,8,1,1,1,1,1,10,10,0,0,0,0,1,0,21,0,0,5,7,2,11.0,0,0,5,8,2,11.437475905800234,0,10.401079420149546,1.5495952174439203,1.562978992691361,0
1,12,1,13,1,1,1,19,24,1,1,0,0,0,1,0,0,28,0,0,5,5,0,0.0,0,0,5,5,0,0.0,0,7.6,2.6,0.32,0
1,8,3,15,1,1,1,23,27,6,8,1,0,0,1,0,0,18,0,0,6,9,4,12.304590665512228,0,0,6,10,2,10.840138183917162,0,11.008165820700595,1.2829067258559155,1.7465051818968935,0
1,12,1,13,1,1,1,17,14,8,8,0,0,0,0,0,0,25,0,0,6,12,0,0.0,0,0,6,11,0,0.0,0,10.944348582862178,1.0150704457008577,1.8747253440046998,0
1,1,3,12,1,1,1,1,14,5,6,0,0,0,1,0,0,18,0,0,7,0,0,0.0,0,0,8,0,0,0.0,0,13.190469477106085,2.065101742979717,-0.6822758350048739,0
1,12,1,13,0,1,1,1,1,10,7,0,0,0,0,0,0,25,0,0,5,13,4,11.171713513179963,0,0,5,14,2,10.99833783978355,0,9.777805948514287,1.0807978369038957,2.915485971233506,0
1,14,1,8,1,13,1,1,14,5,9,0,0,0,1,0,0,19,0,0,6,0,0,0.0,0,0,6,0,0,0.0,0,12.612381377884748,3.530238919651703,-1.4962867035820433,0
1,12,1,12,0,1,1,1,27,10,9,0,0,0,1,0,0,27,0,0,1,2,0,0.0,0,0,4,8,0,0.0,0,16.2,0.3,-0.92,0
2,12,1,3,0,12,1,11,24,10,10,0,0,0,0,0,0,45,0,0,5,5,0,0.0,0,0,5,4,0,0.0,0,15.13540862242926,0.5168612065421875,-0.3955901732707108,0
1,8,1,7,1,1,1,2,14,4,6,0,0,0,0,1,0,18,0,0,5,5,0,0.0,0,0,5,4,0,0.0,0,9.4,-0.8,-3.12,0
2,12,1,4,1,1,1,22,27,10,7,0,0,0,0,0,0,35,0,0,5,15,2,12.0,0,0,5,11,2,10.38891652861519,0,12.399253727389851,-0.4667495858455721,-0.5139817613123738,0
1,1,3,11,1,1,1,23,28,5,5,1,0,0,0,0,0,18,0,0,5,0,0,0.0,0,0,5,0,0,0.0,0,10.224028874099925,0.9185349548727546,2.6132713534505054,0
1,9,1,13,1,1,1,13,14,10,7,1,0,0,1,0,0,18,0,0,6,0,0,0.0,0,0,6,0,0,0.0,0,12.395292311773815,0.18365604264413055,1.4509965916136451,0
1,13,1,15,0,1,1,22,13,10,9,0,0,0,0,1,0,47,0,0,5,5,0,0.0,0,0,5,5,0,0.0,0,12.675956684923827,3.4435379725208337,-1.4202961012805342,0
1,1,1,2,1,1,1,22,27,10,10,1,0,0,0,1,0,19,0,0,0,0,0,0.0,0,0,0,0,0,0.0,0,7.6,2.6,0.32,0
2,12,1,8,1,12,1,22,27,10,10,0,0,0,0,0,0,38,0,0,5,0,0,0.0,0,0,5,0,0,0.0,0,15.402007635638675,0.09182807886226338,-0.3267100247574507,0
1,1,1,10,1,1,1,22,28,5,8,0,0,0,1,0,0,19,0,0,6,0,0,0.0,0,0,6,0,0,0.0,0,12.438743634640282,0.5212503744329244,1.2482536694426605,0
1,14,1,9,1,1,1,2,8,3,2,0,0,0,0,0,0,22,0,6,10,17,8,13.617774889525629,0,2,6,7,4,13.821673088665289,0,12.475081998050689,-0.30256026502121214,-2.125120530042424,0
2,13,1,16,0,1,1,22,23,5,2,0,0,0,1,0,0,31,0,2,6,7,5,12.917983923533393,0,0,5,7,4,13.163092765590028,0,9.714446752115975,-0.3058693895320397,-2.0284205605116874,0
1,8,2,15,1,1,1,1,1,3,4,1,0,0,0,0,0,18,0,0,6,2,0,0.0,0,0,6,0,0,0.0,0,11.637802419336534,0.4691471774255788,2.020635483880926,0
1,12,1,12,1,1,1,22,27,10,7,0,0,0,1,0,0,31,0,0,7,0,0,0.0,0,0,8,0,0,0.0,0,13.9,-0.3,0.79,0
1,1,1,13,1,1,1,13,27,10,10,0,0,0,1,1,0,18,0,0,6,7,4,12.418573385307884,0,0,6,6,3,13.0,0,13.070270548723649,0.4647226026987553,1.3119912665681348,0
1,8,2,16,1,1,1,22,27,7,10,1,0,0,1,0,1,19,0,0,6,7,5,12.75244834089078,0,0,6,8,5,12.002611563616833,0,11.753101231794988,2.5537541226991967,0.014385138223810268,0
1,12,1,15,0,5,1,1,14,3,7,0,0,0,0,0,0,25,0,0,5,6,4,11.325677634851363,0,0,5,6,3,10.865985004620832,0,10.782453983365007,1.0851645227704656,-2.525125861703542,0
1,12,1,11,1,12,1,1,14,5,10,0,0,0,1,0,0,26,0,0,6,0,0,0.0,0,0,7,0,0,0.0,0,11.23624655829104,0.8639777066888898,1.7032267519733322,0
1,5,1,2,1,1,1,3,11,3,9,1,0,0,1,0,0,19,0,0,0,0,0,0.0,0,0,0,0,0,0.0,0,10.111451591678398,1.4,2.3814372014364404,0
1,8,4,12,1,1,1,1,1,5,6,0,0,0,0,0,0,19,0,0,6,7,4,12.086078316388623,0,0,6,7,5,12.665367556029883,0,12.599823885861936,0.4129998045273261,1.1884410672358587,0
1,15,1,8,1,14,1,1,1,5,4,0,0,0,0,1,0,20,0,2,6,6,6,12.946226186800782,0,1,6,7,3,13.816132143959765,0,13.348396431879296,-0.005811430335624368,1.1577357120804697,0
1,13,3,6,1,1,1,19,24,12,12,0,0,0,1,0,0,20,0,0,6,0,0,0.0,0,0,6,0,0,0.0,0,7.645830598059168,2.5738110868233326,0.3422605762001672,0
1,12,1,6,1,4,1,22,27,10,10,0,0,0,1,1,0,48,0,0,6,0,0,0.0,0,0,6,0,0,0.0,0,14.9214420136635,0.36729252559665787,-0.00818627816528572,0
1,1,1,13,1,1,1,17,14,4,1,1,0,0,0,0,0,20,0,0,5,9,3,11.703273388550414,0,0,5,14,2,10.547976022086832,0,7.6,2.6,0.32,0
1,1,4,15,1,1,1,1,27,10,6,1,0,1,0,0,0,18,0,0,6,6,0,0.0,0,0,6,0,0,0.0,0,11.0143546984328,0.6311437460244359,2.078005226970512,0
1,14,1,6,1,1,1,16,6,7,7,1,0,0,1,0,0,20,0,0,5,0,0,0.0,0,0,5,0,0,0.0,0,11.037860364404981,1.2662035450221982,1.7474331363876556,0
3,12,1,14,0,1,1,22,27,10,8,0,0,0,1,1,0,36,0,0,5,8,4,12.83415035050919,0,0,5,10,4,12.938058335380237,1,14.62442832983731,0.38292482474540473,0.20363137530023423,0
1,12,1,3,0,1,1,22,27,7,6,0,0,0,0,0,0,41,0,0,2,1,0,0.0,0,0,6,0,0,0.0,0,12.938979070620203,3.623185298729221,-1.9014252166655994,0
1,8,1,9,1,1,1,1,9,5,4,0,0,0,1,0,0,19,0,0,5,11,0,0.0,0,0,5,0,0,0.0,0,9.40531377186189,-0.7956239525843262,-3.1039336544881704,0
1,12,1,11,1,7,1,1,1,10,4,1,0,0,0,1,0,26,0,0,5,5,0,0.0,0,0,5,5,0,0.0,0,10.161194552689336,3.152414511364367,-0.6944339208691099,0
1,13,1,6,1,1,1,13,1,7,5,0,0,0,0,1,0,26,0,0,5,8,0,0.0,0,0,5,6,0,0.0,0,15.5,2.8,-4.06,0
1,4,1,7,0,2,1,19,24,1,1,0,0,0,1,0,0,25,0,0,5,9,0,0.0,3,0,5,9,0,0.0,2,10.585355272357033,1.4804917728661129,1.644751402108433,0
1,1,3,2,1,1,1,22,27,10,10,1,0,0,0,0,0,19,0,0,0,0,0,0.0,0,0,0,0,0,0.0,0,9.99987350527737,1.7000474355209865,1.3849438679668324,0
1,3,1,8,1,2,1,5,17,2,8,0,0,0,0,0,0,24,0,0,5,3,0,0.0,0,0,5,0,0,0.0,0,9.756839508262496,-0.50613216966618,-2.0410852514886892,0
1,12,1,9,1,1,1,1,14,4,7,0,0,0,1,1,0,26,0,0,5,12,2,9.654083611487673,0,0,5,8,2,10.299351429813571,0,15.5713619973915,2.545135723601784,-3.739890468843841,0
1,1,1,11,1,1,1,1,1,10,4,0,0,0,1,0,0,19,0,0,6,6,0,0.0,1,0,6,6,0,0.0,1,8.584670274313634,2.169206754987785,0.6215552715085506,0
1,12,1,7,1,2,1,2,2,4,10,0,0,0,0,0,0,29,0,0,5,0,0,0.0,0,0,5,0,0,0.0,0,11.391131934057366,1.0758308748717669,1.5588466653695168,0
1,13,1,1,0,1,1,21,26,1,1,1,0,0,1,1,0,31,0,0,6,7,0,0.0,0,0,6,8,0,0.0,0,13.669737092557003,-0.19400596324052483,0.7728216561113954,0
1,12,1,4,1,1,1,22,27,8,8,0,0,1,0,1,0,28,0,4,10,16,9,13.579341195960913,0,3,9,13,7,13.394972386626002,0,13.177094558483997,1.6385472792419984,-0.8501670262687955,0
1,8,1,9,1,1,1,1,28,4,9,0,0,0,0,0,0,18,0,0,5,11,5,11.506243022033644,0,0,5,6,2,11.427473522210436,0,13.918444826864674,3.308357019936355,-2.726974925500225,0
1,1,1,15,1,1,1,22,27,7,7,0,0,0,0,0,0,18,0,0,6,7,5,11.950718520428735,0,0,6,9,4,11.457758731796059,0,7.810267646170727,2.5211496326859772,0.41330626798826037,0
1,6,1,11,1,1,1,13,14,7,7,1,0,0,1,0,0,18,0,0,6,9,0,7.755276166950106,0,0,6,6,0,0.0,0,13.32852267325397,3.4979748550255096,-2.229754824599775,0
1,4,4,12,1,1,1,1,27,5,7,1,0,0,1,0,0,19,0,0,7,8,6,12.771412916191352,0,0,8,8,7,13.31968288441594,0,12.630791262705523,0.10795995127322483,1.347545266740074,0
1,10,3,12,0,1,1,22,27,10,10,0,0,0,1,0,0,26,0,13,15,15,13,10.912958984543863,0,11,14,15,12,11.595528467997124,0,8.456097515210356,0.9829269157137723,-1.3160974735131248,0
2,12,1,3,0,1,1,18,11,10,9,0,0,0,0,0,0,44,0,0,5,5,0,0.0,0,0,5,7,0,0.0,0,11.694779604898836,0.8966864722444052,1.7679618626530886,0
1,12,1,11,1,12,1,22,27,10,10,0,0,0,0,1,0,32,0,0,6,7,0,0.0,0,0,5,6,0,0.0,0,15.919465857387271,1.301907652188315,-2.1783960111485237,0
3,12,1,3,0,10,1,20,25,6,6,0,0,0,0,0,0,50,0,0,6,11,0,0.0,0,0,5,8,0,0.0,0,8.327532430700684,1.9284316024301384,2.105252656873215,0
1,1,3,14,1,1,1,13,27,12,11,0,0,0,0,0,0,18,0,0,4,3,0,0.0,0,0,4,3,0,0.0,0,13.243340860757494,3.1721831638355775,-1.5789126081740443,0
1,1,3,2,1,1,1,5,1,7,6,1,0,0,0,0,0,20,0,0,0,0,0,0.0,0,0,0,0,0,0.0,0,9.4,-0.8,-3.12,0
1,12,1,15,0,2,1,22,27,10,10,0,0,0,0,0,0,40,0,13,15,16,13,11.042104668453183,0,11,14,16,11,11.887083369605854,0,9.4,-0.8,-3.12,0
1,1,4,12,1,1,1,3,3,5,4,1,0,0,1,0,0,19,0,1,6,8,6,13.306181994435335,0,0,6,9,5,12.294611546213364,0,12.480826806799552,0.4568923697069062,1.7361154621336328,0
1,13,1,6,1,13,1,22,27,10,6,0,0,0,0,0,0,24,0,0,5,8,0,0.0,0,0,5,7,0,0.0,0,11.58530211116368,0.5626690683720247,1.9341388572556568,0
1,8,1,6,1,1,1,13,14,4,10,1,0,0,0,0,0,20,0,0,5,14,2,12.323138317141115,0,0,5,8,0,0.0,0,14.227500036225297,2.4209574575990245,-2.4896808957673877,0
1,1,1,9,1,1,1,1,14,8,9,1,0,0,0,0,0,19,0,0,5,9,3,10.498400639465379,0,0,5,12,1,13.178000228380492,0,8.06280059378928,2.172799451886819,1.4556414570675393,0
1,10,1,10,1,1,1,13,14,5,7,0,0,0,0,0,1,23,0,0,6,10,2,11.22620251329429,0,0,6,7,0,0.0,0,15.5,2.8,-4.06,0
1,8,4,15,1,1,1,23,14,8,8,1,0,0,0,0,0,20,0,0,6,13,2,12.038079533490517,0,0,6,13,3,11.655454359583347,0,10.807615906698103,1.379690915471724,1.7471081795848966,0
1,12,1,12,0,1,11,3,1,3,11,0,0,0,0,0,0,32,0,0,6,9,5,12.541012337573505,0,0,5,6,5,11.973979545306733,0,12.446845779209857,0.9996883115718092,1.2450274351919957,0
1,14,1,17,0,6,1,13,7,10,8,0,0,0,0,1,0,26,0,7,13,16,8,10.488591265109003,0,6,11,15,6,10.816893934334715,0,9.891111132311673,1.740833325383123,1.3366805649633045,0
1,12,1,6,1,12,1,2,1,4,7,0,0,0,0,1,0,25,0,0,4,2,0,0.0,0,0,4,3,0,0.0,0,16.2,0.3,-0.92,0
1,8,1,8,1,1,1,2,2,5,2,0,0,0,1,1,0,18,0,0,6,10,5,13.556646411994427,0,0,6,12,3,12.653118670414925,0,13.824131220990246,-0.27561360674686486,0.8233280707792847,0
1,1,1,12,1,1,1,22,14,2,3,1,0,0,1,1,0,20,0,0,5,7,0,0.0,0,0,5,3,0,0.0,0,9.4,-0.8,-3.12,0
1,1,1,9,1,1,1,1,1,4,3,1,0,0,1,1,0,19,0,0,5,1,0,0.0,0,0,5,1,0,0.0,0,9.70876178805825,1.1920326830707357,3.112551349868517,0
1,2,1,14,1,1,17,1,1,10,8,0,0,1,0,0,0,18,1,0,6,6,5,11.753919557699046,0,0,6,6,2,11.437476341868361,0,10.378164035917202,0.8624858051210172,2.5088798120378946,0
1,8,1,10,1,1,1,22,27,8,8,1,0,0,1,0,0,18,0,0,6,9,4,12.010183777839755,0,0,6,7,5,11.814125885390629,0,9.364521032042145,-0.7329841716351619,-3.0521957501249872,0
1,12,1,7,1,1,1,4,5,3,3,0,0,0,1,1,0,29,0,1,6,8,2,14.687674254046279,0,1,6,7,2,13.239728545038565,0,15.333426268824683,2.477263395847821,-3.5550733773748164,0
1,1,1,15,1,1,1,22,14,9,10,1,0,0,1,0,0,18,0,0,6,11,3,12.733221447164253,0,0,6,12,2,13.33305361791063,0,9.4,-0.8,-3.12,0
1,12,1,15,0,14,1,11,1,3,5,0,0,0,1,0,0,26,0,0,5,0,0,0.0,0,0,5,0,0,0.0,0,9.239234857903234,1.4,3.1939759481638292,0
1,12,1,5,1,1,1,1,28,5,7,0,0,0,0,1,0,25,0,0,5,8,0,0.0,0,0,5,5,0,0.0,0,12.337357485333436,-0.4736269460740627,-0.56776271829917,0
1,3,1,9,0,2,1,19,24,1,1,0,0,0,1,0,0,28,0,0,6,0,0,0.0,0,0,7,0,0,0.0,0,7.6,2.6,0.32,0
1,8,1,10,1,1,1,13,27,8,10,0,0,0,1,0,0,19,0,0,5,5,0,0.0,0,0,5,4,0,0.0,0,8.9,1.4,3.51,0
1,11,1,8,1,1,1,22,27,10,9,0,0,0,0,1,0,24,0,0,5,5,0,0.0,0,0,5,8,0,0.0,0,10.021848988801747,1.6918066291993448,1.3946954887807752,0
1,1,1,11,1,1,1,1,1,6,6,0,0,0,1,1,0,18,0,0,6,8,5,15.547714853976412,0,0,7,8,0,0.0,0,16.2,0.3,-0.92,0
3,12,1,11,1,1,1,22,27,10,9,0,0,0,1,0,0,36,0,0,6,12,2,11.857383921982287,0,0,6,13,1,10.0,0,16.2,0.3,-0.92,0
1,8,2,11,1,1,1,1,1,5,4,1,0,0,1,0,0,19,0,0,6,13,2,10.356538284409318,0,0,6,4,0,0.0,0,13.9,-0.3,0.79,0
1,8,1,16,1,1,1,22,27,10,10,1,0,0,1,0,0,21,0,0,6,9,4,11.702112352786159,0,0,6,8,5,10.802816470381545,0,9.529012705220945,1.8766202355421457,1.1759993879417943,0
1,14,1,4,1,13,1,22,27,8,8,0,0,1,1,0,0,32,0,0,7,15,4,11.887234007334246,0,0,6,13,3,11.331914863429354,0,16.2,0.3,-0.92,0
1,3,1,16,1,2,1,19,24,1,1,0,0,0,0,0,0,23,0,0,6,12,0,0.0,0,0,5,10,0,0.0,0,9.031028268251523,-0.10305339558620863,-2.4148540237695757,0
1,12,1,5,0,1,1,19,24,3,2,0,0,0,1,0,0,54,0,0,6,8,4,13.032678168465976,0,0,6,12,5,13.108122732452422,0,10.121070480244715,1.9257602203996695,-0.04350318552365645,0
1,4,1,3,0,3,1,22,1,10,10,0,0,0,0,0,0,34,0,0,6,0,0,0.0,0,0,6,0,0,0.0,0,10.831099254443664,1.3170686548168957,1.7690259708140865,0
1,12,1,11,1,1,1,22,27,10,6,0,0,0,1,1,0,53,0,0,6,9,5,13.715400164872348,0,0,6,13,4,14.328999358829755,0,16.15449326771242,0.3442065399365025,-0.9301415003383742,0
2,12,1,2,1,12,1,22,27,10,10,0,0,0,0,1,0,36,0,0,0,0,0,0.0,0,0,0,0,0,0.0,0,10.8,1.4,1.74,0
1,11,1,11,1,1,1,1,1,5,9,0,0,0,1,1,0,23,0,0,6,17,0,0.0,0,0,6,6,0,0.0,0,13.317918485591123,-0.11290237036857542,1.0457000938296137,0
1,8,1,7,1,1,1,2,1,4,2,0,0,0,0,1,0,18,0,0,5,8,5,12.01326610193691,0,0,5,9,5,12.203938095917984,0,11.134491865035965,0.5973467796126181,2.0138975931090215,0
2,12,1,9,1,1,1,22,27,10,10,0,0,0,0,0,0,35,0,0,5,8,4,12.590717717544898,0,0,5,8,5,11.995950269896982,0,9.708440239652656,-0.5459903908742838,-2.1874218636384417,0
1,12,1,17,0,5,1,13,27,10,9,0,0,0,0,0,0,26,0,0,5,8,2,10.944638959353538,0,0,5,7,2,11.125437658545462,0,10.925087531709092,1.0664332487757537,1.8567483629284862,0
1,1,1,11,1,1,1,20,28,1,7,0,0,0,1,0,0,20,0,0,5,9,1,11.867863174111253,0,0,5,5,0,0.0,0,11.29641047766624,-0.5892877247037511,-1.472230007183333,0
1,1,4,9,1,1,1,3,1,3,10,0,0,0,1,0,0,18,0,0,5,0,0,0.0,0,0,5,0,0,0.0,0,8.760473224400068,1.5287939467076301,3.1676227583355496,0
1,1,1,2,1,1,1,22,27,10,10,1,0,0,0,1,0,21,0,0,0,0,0,0.0,0,0,0,0,0,0.0,0,8.53103783513395,2.800812082087715,-0.048764005288349344,0
1,8,2,5,1,1,1,1,1,5,7,0,0,1,0,0,1,18,0,0,5,6,5,12.710664536024549,0,0,5,7,5,12.025452055093627,0,12.7,3.7,-1.7,0
1,9,1,5,1,1,1,1,27,5,8,1,0,0,0,1,0,19,0,0,6,4,0,0.0,0,0,6,4,0,0.0,0,10.256097330323266,0.3674054504408162,-2.7516187245275647,0
1,8,1,11,1,1,1,13,1,8,7,0,0,0,1,0,0,20,0,0,5,0,0,0.0,0,0,5,0,0,0.0,0,13.577046465318528,1.373292538784714,-0.4312005877785112,0
1,3,1,9,1,1,1,11,27,10,8,0,0,0,0,0,0,18,0,0,5,15,1,11.180589885029615,0,0,5,8,0,0.0,0,12.629914321795905,0.39649859772482676,1.1792198046109328,0
1,12,1,14,0,1,1,1,28,5,9,0,0,0,0,1,0,25,0,0,5,7,0,0.0,0,0,5,7,0,0.0,0,14.377167242404441,0.005129995094836082,-1.509740009810328,0
1,8,1,9,1,1,1,1,27,6,8,0,0,0,1,0,0,18,0,0,5,5,1,15.248297815698269,0,0,5,5,0,0.0,0,11.692691662120282,0.5530639317431176,-3.473300026621814,0
1,8,1,9,1,1,1,22,27,10,8,0,0,0,0,0,0,20,0,0,5,9,1,10.0,0,0,5,10,1,10.59058834780876,0,8.336940973944232,1.2080003825497825,-1.088376083537867,0
1,10,1,12,1,1,1,13,1,10,6,0,0,0,0,0,0,24,0,0,5,0,0,0.0,0,0,5,0,0,0.0,0,12.534385845744406,1.9334490212736632,0.2266446611734112,0
2,12,1,4,0,1,1,22,27,9,8,0,0,0,1,0,0,35,0,0,6,0,0,0.0,0,0,6,0,0,0.0,0,10.010577140789444,0.15947836409769678,-1.000425068402361,0
1,12,1,17,0,1,1,22,27,7,3,1,0,0,1,0,0,36,0,0,5,11,2,11.676876719465572,0,0,5,9,3,11.852767120229041,0,10.371737006488328,0.5250959179386294,-2.701858621450477,0
1,12,1,7,0,8,1,19,24,1,1,0,0,0,0,1,0,49,0,0,5,5,0,0.0,0,0,5,5,0,0.0,0,10.635050582278902,1.461856031645412,1.6668036958862624,0
1,13,1,9,1,1,1,1,2,2,2,0,0,0,1,1,0,27,0,0,5,8,2,10.413689860220419,0,0,5,9,0,0.0,0,14.767177961895259,2.25629332656745,-2.6770938958346004,0
2,12,1,5,1,6,1,1,1,5,5,0,0,0,0,0,0,28,0,0,5,11,0,0.0,3,0,5,7,0,0.0,0,9.329943412116775,-0.49175101331380444,-2.1910496446684196,0
1,1,1,8,1,1,1,12,1,7,5,0,0,0,0,0,0,19,0,0,5,6,3,13.651350981923434,0,0,5,5,0,0.0,0,11.76864628430998,0.7762172506143832,1.5966479245699319,0
1,12,1,12,1,1,1,22,27,10,8,0,0,0,1,0,0,38,0,0,7,0,0,0.0,0,0,8,0,0,0.0,0,11.620110082800778,0.9386880784245623,1.7656284400875244,0
1,12,1,16,0,1,1,22,27,10,7,0,0,0,0,1,0,31,0,0,5,9,0,0.0,0,0,5,6,0,0.0,0,12.431634331931773,0.8374328739389076,1.4219872718603794,0
1,1,3,2,1,1,1,22,28,10,10,1,0,0,1,0,0,18,0,0,0,0,0,0.0,0,0,0,0,0,0.0,0,10.159536819031409,1.6401736928632218,1.4557944634451876,0
4,12,1,9,1,12,1,13,1,11,11,0,0,0,0,0,0,31,0,0,6,6,0,0.0,0,0,6,8,0,0.0,0,9.992094341508457,1.4,2.4926279029105434,0
3,12,1,6,1,1,1,19,24,1,1,0,0,0,1,0,0,25,0,0,5,5,0,0.0,0,0,5,5,0,0.0,0,7.6,2.6,0.32,0
1,12,1,6,1,12,1,15,27,7,11,0,0,0,1,0,0,28,0,0,5,11,1,12.179118239589965,0,0,5,10,0,0.0,2,10.880603207815485,1.185058112492043,1.815229660627785,0
1,13,1,4,0,13,1,2,3,3,3,0,0,0,1,1,0,23,0,0,6,16,0,4.583657853391331,0,0,5,5,0,0.0,0,14.954241306280005,-0.02498052879652013,0.0061945070700824,0
3,4,1,7,1,2,1,22,27,8,8,0,0,0,0,0,0,32,0,0,6,7,1,9.92669564396523,0,0,6,6,0,0.0,0,14.473739015513212,3.129869602156467,-3.195008598789707,0
1,1,1,14,1,1,1,13,1,9,5,0,0,0,1,1,0,20,0,0,5,5,4,11.78509359547233,0,0,5,5,4,11.445267388740078,0,9.4,-0.8,-3.12,0
1,7,1,6,1,1,1,1,1,10,10,0,0,0,0,0,0,20,0,0,5,7,2,10.569678037036413,0,0,5,8,2,12.207249266315065,0,8.045939437033036,2.432772711112611,0.5178856251834103,0
1,2,1,9,1,1,1,7,15,5,4,0,0,0,1,0,0,20,0,0,5,13,1,10.0,0,0,5,10,0,0.0,0,9.631097668480981,-0.4368465209584582,-2.317760950844594,0
1,15,1,5,1,14,1,1,28,4,6,0,0,1,0,0,0,22,0,2,6,8,4,11.66863040490437,0,4,8,8,4,10.093586915778687,0,12.345407632462432,0.5140380373668031,1.8168282491898904,0
1,1,2,12,1,1,1,11,8,1,1,1,0,0,0,0,0,19,0,0,5,8,0,0.0,0,0,4,7,0,0.0,0,7.6,2.6,0.32,0
1,12,1,17,0,1,1,1,1,5,6,0,0,0,0,1,0,37,0,0,5,5,0,0.0,0,0,5,5,0,0.0,0,9.552381286223554,1.794862357451098,2.6155509207303385,0
1,8,3,13,1,1,1,20,14,9,9,0,0,0,1,0,0,18,0,0,6,8,3,10.909615841850789,0,0,6,1,0,0.0,0,14.737539485745767,3.045076593867432,-3.417354709414289,0
1,1,1,11,1,1,1,22,27,4,4,0,0,0,0,0,0,18,0,0,6,7,6,11.05779926914918,0,0,6,6,5,12.196321864690505,0,11.151493894332907,0.5834483911072799,1.997379467846616,0
1,12,1,11,1,1,1,22,27,10,6,0,0,0,0,0,0,53,0,0,6,9,6,13.417392294156013,0,0,6,13,4,14.069087986894873,0,15.900045822961745,0.5913840576943032,-0.9868469308828108,0
1,1,1,9,1,1,1,13,14,9,5,1,0,0,1,0,0,22,0,0,5,7,3,10.627416305703285,0,0,5,7,2,11.176331889479812,0,9.188048050797747,-0.39964631817352014,-2.7149362748579144,0
1,14,3,2,1,1,1,22,27,9,9,1,0,0,1,0,0,19,0,0,0,0,0,0.0,0,0,0,0,0,0.0,0,8.362270344074343,1.1601560167484624,-1.136783324230968,0
1,13,3,6,1,1,1,19,24,13,13,0,0,0,0,0,0,21,0,0,5,0,0,0.0,0,0,4,0,0,0.0,0,7.6,2.6,0.32,0
1,1,1,10,1,1,1,2,1,4,3,1,0,0,1,1,0,18,0,0,6,12,3,12.128396735275452,0,0,6,13,3,11.020040730243865,0,10.966253400754738,0.9566575979873653,1.8951698407044222,0
1,12,1,7,1,4,1,20,26,3,9,0,0,0,0,0,0,30,0,0,5,5,0,0.0,0,0,5,5,0,0.0,0,10.922243980594507,3.316562427187051,-0.9958691844707657,0
1,7,1,6,1,1,1,1,1,5,8,0,0,0,0,0,0,22,0,0,6,14,0,0.0,0,0,5,6,0,0.0,0,16.2,0.3,-0.92,0
3,11,1,13,0,1,1,23,27,7,8,0,0,0,1,0,0,23,0,0,6,0,0,0.0,0,0,6,0,0,0.0,0,10.861926381528182,1.2348629825915174,1.7977979560929689,0
1,1,1,2,1,1,1,22,27,10,8,1,0,0,0,0,0,22,0,0,0,0,0,0.0,0,0,0,0,0,0.0,0,9.4,-0.8,-3.12,0
1,12,1,11,1,1,1,22,27,9,8,0,0,0,1,1,0,35,0,0,6,16,0,0.0,0,0,6,6,0,0.0,0,14.214836949158258,-0.21786862195871565,0.5559255725823395,0
1,11,1,13,1,1,1,13,14,4,4,0,0,0,1,1,0,30,0,0,6,0,0,0.0,0,0,6,0,0,0.0,0,12.7799291609772,0.480003728369621,1.5190505194083648,0
1,1,1,8,1,1,1,13,27,2,9,0,0,0,1,1,0,21,0,0,5,8,2,10.878329767312454,0,0,5,4,0,0.0,0,12.7,3.7,-1.7,0
1,10,1,8,1,1,1,13,14,5,10,0,0,0,0,1,0,23,0,0,5,7,2,10.5,0,0,5,9,0,0.0,1,10.8,1.4,1.74,0
1,10,2,6,1,1,1,1,3,5,4,1,0,0,0,1,0,21,0,0,6,0,0,0.0,0,0,5,2,0,0.0,0,10.8,1.4,1.74,0
1,8,2,12,1,1,1,1,1,4,4,0,0,0,1,0,0,18,0,0,6,6,6,12.00162999212041,0,0,6,6,6,12.165851670606461,0,13.498044009455507,1.0398533018149783,-0.044058680379823745,0
1,12,1,3,0,1,1,22,27,10,10,0,0,0,1,1,0,34,0,0,5,6,3,11.85541462309724,0,0,5,5,0,0.0,0,10.71418318702841,0.7402970228987596,2.28130320514894,0
1,8,1,16,0,1,1,19,24,1,1,0,0,0,1,1,0,33,0,0,5,7,1,10.79955818926264,0,0,5,5,0,0.0,0,7.754058497335072,2.3090006161448633,0.025577093981861587,0
1,4,1,14,0,3,1,22,27,10,10,0,0,0,1,1,0,29,0,5,8,8,8,14.177021594138631,0,2,6,6,6,14.10284163299756,0,14.165696837122255,2.2761802153669515,-1.373358990584183,0
1,1,1,11,1,1,1,1,14,6,6,1,0,0,1,0,0,19,0,0,6,7,6,12.828335777387945,0,0,7,7,7,13.974697420609491,0,13.699248917227361,2.2636060604507033,-1.8377965361529145,0
1,12,1,5,1,1,1,22,27,10,8,0,0,1,1,1,0,23,0,0,5,8,0,0.0,0,0,5,6,0,0.0,0,15.863242393697986,1.502705736792906,-2.4305984054118897,0
1,8,2,7,1,1,1,2,2,4,4,0,0,0,1,1,0,18,0,0,5,9,3,13.270712044299927,0,0,5,9,4,10.816535119597994,0,9.003325126905121,1.362427226579956,3.4400207095051676,0
1,13,1,12,1,10,1,19,24,1,1,1,0,0,1,1,0,26,0,0,6,6,0,0.0,5,0,6,6,0,0.0,5,7.6,2.6,0.32,0
1,10,2,9,1,1,1,22,1,8,4,0,0,0,0,0,0,23,0,0,5,5,0,0.0,0,0,5,9,0,0.0,0,10.8,1.4,1.74,0
1,8,1,3,0,1,1,13,1,6,5,0,0,0,1,0,0,19,0,0,6,10,4,11.679397113837775,0,0,6,10,5,11.562099000943844,0,9.77259400566307,-0.7586006660374368,-2.7962572084127557,0
1,12,1,4,1,1,1,1,19,5,6,0,0,0,0,1,0,27,0,0,6,16,2,14.46031521094664,1,0,6,15,0,0.0,0,15.777793523373528,1.8078802736659705,-2.8138976237244586,0
1,4,1,3,0,3,1,22,27,2,6,0,0,0,0,0,0,28,0,0,6,10,1,10.754650890318679,0,0,6,1,0,0.0,0,13.386977507107698,3.4791858012868113,-2.2790238988479175,0
1,9,2,11,1,1,1,13,14,6,7,0,0,0,1,0,1,20,0,0,6,8,1,10.0,0,0,6,6,0,0.0,0,13.790027719317534,3.349633947362221,-2.6187376491390646,0
1,12,1,9,1,15,1,13,28,9,9,0,0,0,0,1,0,30,0,0,5,5,0,0.0,0,0,5,3,0,0.0,0,9.99703619972866,2.0639955945726096,2.0059056314246533,0
1,9,1,4,1,1,1,22,27,10,8,0,0,0,0,1,0,46,0,3,8,9,3,12.211345432929898,0,1,6,8,1,12.35567271646495,0,15.5,2.8,-4.06,0
1,8,1,7,1,1,1,1,1,6,6,0,0,1,0,1,0,18,0,0,5,9,1,11.719045905184245,0,0,5,7,2,10.900795079013129,2,7.6,2.6,0.32,0
1,12,1,6,1,1,1,16,1,2,3,0,0,0,1,0,0,24,0,0,5,5,0,0.0,0,0,5,5,0,0.0,0,7.6,2.6,0.32,0
3,12,1,8,1,12,1,22,27,10,5,0,0,0,1,1,0,45,0,0,6,0,0,0.0,0,0,6,0,0,0.0,0,15.5,2.8,-4.06,0
1,1,1,13,1,1,1,13,27,7,7,0,0,0,1,0,0,19,0,0,6,10,4,11.010054002356178,0,0,6,8,2,11.69012600549775,0,16.2,0.3,-0.92,0
1,10,1,10,1,1,1,13,14,5,7,0,0,0,0,0,1,23,0,0,6,10,2,11.008986503912055,0,0,6,7,0,0.0,0,15.5,2.8,-4.06,0
1,12,1,3,0,14,1,13,27,10,9,0,0,0,0,0,0,25,0,0,6,13,3,12.078962825844052,0,0,6,7,4,13.124195687189708,0,16.05470840044694,0.26209784359485483,-0.8119788542453361,0
1,6,1,10,1,1,1,1,14,4,5,0,0,0,1,0,0,18,0,0,5,7,2,11.709334893490585,0,0,3,3,0,0.0,0,9.916226030601049,2.0150841764164245,2.116700626465404,0
1,6,4,2,1,1,1,13,10,6,10,1,0,0,1,0,0,20,0,0,0,0,0,0.0,0,0,0,0,0,0.0,0,11.960678044390086,1.1635655835501675,1.168258592948587,0
1,15,1,13,1,12,1,2,1,4,10,0,0,1,0,1,0,31,0,0,6,14,1,11.968816864938715,0,0,6,7,0,0.32742291814348906,0,11.25903398881255,0.5906450594816146,1.928321582919823,0
1,8,1,9,1,1,1,1,28,4,9,0,0,0,0,0,0,18,0,0,5,10,5,11.967295881867132,0,0,5,6,2,11.45628932595003,0,13.43433932403951,3.4639623601301577,-2.318943144547587,0
2,7,1,2,0,2,1,23,1,10,8,0,0,0,0,0,0,35,0,0,6,3,0,0.0,0,0,6,3,0,0.0,0,10.921476620789925,1.0760623445602038,1.8533781794039286,0
1,8,5,12,1,1,1,1,14,5,8,1,0,0,1,0,0,18,0,0,6,0,0,0.0,0,0,7,0,0,0.0,0,12.4,0.5,1.79,0
1,4,2,7,1,3,1,22,22,11,10,0,0,0,0,1,0,37,0,0,5,7,0,0.0,2,0,5,7,0,0.0,1,11.74309586968235,2.5416423685628438,0.032500109627747076,0
1,13,1,17,0,1,1,22,27,6,9,0,0,0,0,0,0,30,0,1,5,8,4,11.608894997120911,0,0,5,6,2,11.47824288730474,0,11.93400141294209,2.7727385525088453,-0.31313940027409903,0
2,12,1,14,0,12,1,16,14,6,4,0,0,0,0,1,0,49,0,0,5,8,2,12.002731672450881,0,0,5,6,1,11.891317042178562,0,13.293990320608058,2.3320585528562545,-1.5297737465156063,0
1,12,1,4,1,1,1,12,13,10,10,0,0,0,1,0,0,24,0,0,6,6,0,0.0,0,0,6,6,0,0.0,0,11.397814135130432,0.5770912203745822,1.9673098068615391,0
1,8,4,9,1,1,1,23,27,10,10,0,0,0,0,0,0,21,0,0,6,9,5,11.912012996360641,0,0,6,10,5,13.160913973850949,0,13.60152489122544,-0.20406157217960535,0.9211158513545393,0
1,12,1,8,1,12,1,1,1,9,8,1,0,1,0,0,0,27,0,0,6,12,1,11.100183708981078,0,0,6,9,1,10.687844454339523,0,16.02718310200764,0.2549173309585147,-0.7915143932317671,0
2,14,1,11,0,2,1,22,27,10,10,0,0,0,0,0,0,40,0,11,12,12,11,12.004387978913451,0,11,12,12,11,12.635905621898198,0,13.841951412841981,1.8214795223329718,-3.804497430831387,0
1,8,5,6,1,1,1,4,2,3,6,1,0,0,0,0,0,20,0,0,5,8,0,0.0,1,0,5,5,0,0.0,0,10.817132998416445,2.5603699727257436,0.881509757434294,0
1,12,1,17,0,1,1,3,1,4,5,0,0,0,1,0,0,27,0,0,5,5,0,0.0,0,0,5,5,0,0.0,0,12.606520718928321,2.7028876685687555,-0.612524363532799,0
1,2,1,5,1,2,1,3,3,1,2,0,0,0,0,0,0,25,0,0,5,9,2,11.67387949604719,1,0,4,10,0,0.0,4,9.408552516468012,1.9217928063244956,1.1225451791826804,0
1,15,1,4,1,14,1,22,27,6,8,0,0,0,0,1,0,35,0,0,6,17,2,11.958932994460149,0,0,6,22,2,10.623201016619554,0,16.027518576732625,0.9160050830977671,-1.6937023843707952,0
1,10,1,3,0,1,1,19,24,1,1,0,0,0,1,0,0,28,0,0,5,9,0,0.0,1,0,5,9,0,0.0,0,8.17887258344256,2.38292278120904,0.5768747089026365,0
1,15,1,4,1,14,1,13,28,10,10,0,0,0,0,0,0,19,0,1,6,15,4,13.35029206051551,0,0,6,10,1,12.240700945237224,0,12.897079394844896,0.040993005752735234,1.3355888092043764,0
3,8,1,6,1,2,1,19,24,3,3,0,0,0,0,0,0,54,0,14,17,17,15,12.740964083424695,0,11,16,17,13,12.762541699553442,0,8.149546352462032,1.5619680009050512,-0.7302441402607722,0
1,9,1,14,0,2,1,3,2,3,3,0,0,0,1,0,0,35,0,0,2,0,0,0.0,0,0,5,0,0,0.0,0,11.643649925412886,0.9373532667090634,1.4814621196315354,0
1,8,1,9,1,1,1,2,28,3,7,0,0,0,0,0,0,19,0,0,5,13,3,10.307326999848184,0,0,5,8,2,10.786974222492116,0,14.84436906699054,1.5297150672941697,-2.072618734315072,0
1,15,1,8,1,14,1,4,4,3,9,0,0,0,0,0,0,20,0,1,5,9,2,11.56016231615667,0,1,5,12,2,11.680486948470014,0,12.591707830917992,2.5448835297919143,-0.44020109967930643,0
1,8,2,5,1,1,1,22,27,10,10,0,0,0,1,0,1,24,0,0,6,7,4,10.532378059423788,0,0,6,6,3,11.379741270546065,0,12.553468682677385,3.4160955726874342,-1.3593146872249209,0
1,12,1,14,1,1,1,19,24,1,1,1,0,0,0,0,0,24,0,0,5,9,2,12.834627150924486,0,0,5,10,3,11.278209050308162,0,7.6,2.6,0.32,0
1,13,1,13,1,1,1,2,14,2,8,0,0,0,1,1,0,21,0,0,5,12,0,0.0,0,0,5,5,0,0.0,0,15.502224982313296,0.3410455892756884,-0.5177532250982535,0
3,13,3,17,0,8,1,22,27,10,10,0,0,0,0,0,0,40,0,0,5,9,0,0.0,0,0,5,5,0,0.0,0,7.838860701660148,2.4954984430236853,0.3931510898834205,0
1,8,2,7,1,1,1,1,2,4,3,0,0,0,1,1,0,18,0,0,5,10,1,10.553994227042045,0,0,5,8,0,0.0,0,10.341790185971476,-0.024408082141137988,-0.2724696730038927,0
1,12,1,17,0,1,1,3,2,3,3,0,0,0,1,1,0,33,0,0,1,1,0,0.0,0,0,5,0,0,0.0,0,11.151752564793378,1.8258057363288251,1.1031427247951484,0
1,14,2,17,0,1,1,22,27,8,8,1,0,0,0,1,0,29,0,0,5,5,0,0.0,0,0,5,5,0,0.0,0,9.936305168370373,3.103908957883806,-0.6053600862957165,0
1,11,1,9,1,1,1,11,3,5,3,1,0,0,0,0,0,23,0,0,5,5,0,0.0,0,0,5,5,0,0.0,0,7.6,2.6,0.32,0
1,15,1,8,1,14,1,3,1,3,6,0,0,0,0,0,0,20,0,0,5,5,0,0.0,0,0,5,5,0,0.0,0,12.480332534077132,1.3568803634894042,0.8554648535693687,0
1,12,1,6,1,1,1,22,27,6,6,0,0,0,1,1,0,29,0,0,2,1,0,0.0,0,0,2,1,0,0.0,0,8.528506490265041,2.1937784105090445,0.604355112643669,0
1,10,1,14,0,1,1,22,27,8,9,0,0,0,1,0,0,31,0,0,5,15,1,10.0,0,0,5,13,2,11.772522244473812,0,10.762160160211444,1.2165549299074936,1.2884115490647545,0
1,9,1,8,1,1,1,21,26,3,4,0,0,0,1,0,0,18,0,0,5,5,2,11.15379427419642,0,0,5,9,3,11.169268122578577,0,9.830812809675008,-0.12300844193927563,-1.624464103556763,0
1,10,1,3,1,3,1,3,2,5,3,0,0,0,1,0,0,23,0,6,12,16,6,12.424290761909246,0,6,11,13,9,13.209517390939192,0,11.872184780478618,0.6357239135912126,2.049383479307651,0
1,9,2,14,1,1,1,13,1,5,5,1,0,0,1,0,0,18,0,0,6,9,4,12.14597166297534,0,0,6,10,4,11.035666858408455,0,12.225630783167546,3.1257635796238725,-0.8411420495244003,0
2,12,1,9,1,12,1,18,14,7,8,0,0,0,0,0,0,25,0,0,6,12,4,12.255469285993291,0,0,7,12,4,10.662775797268354,0,16.2,0.3,-0.92,0
1,12,1,4,0,2,1,19,24,1,1,1,0,0,0,0,0,28,0,0,5,10,0,0.0,0,0,5,10,0,0.0,0,7.6,2.6,0.32,0
1,12,1,9,1,9,1,22,27,10,10,0,0,0,1,0,0,25,0,0,5,0,0,0.0,0,0,5,0,0,0.0,0,9.4,-0.8,-3.12,0
1,12,1,5,1,12,1,22,26,5,8,0,0,0,0,0,0,34,0,0,6,11,2,12.601402562967715,0,0,6,7,0,0.0,0,11.3461389053789,0.723069452689451,1.6798807852946087,0
3,1,2,5,0,1,1,13,1,5,5,0,0,0,0,0,0,21,0,0,5,7,0,0.0,3,0,5,11,0,0.0,3,10.8,1.4,1.74,0
1,12,2,12,1,1,1,19,23,1,2,1,0,0,1,1,0,24,0,0,5,6,0,0.0,0,0,5,6,0,0.0,0,8.12996468947176,1.598955586553341,-0.6928214065460319,0
1,15,1,3,0,1,1,1,1,5,4,0,0,0,0,0,0,26,0,1,7,13,3,10.5,0,4,9,16,6,10.546038358346811,0,12.4,0.5,1.79,0
1,12,1,8,1,8,1,14,26,7,9,0,0,0,1,0,0,31,0,0,5,8,1,12.683993146027166,1,0,5,8,3,11.933993146027166,0,10.222158895592534,1.6166904141528002,1.4835830099191865,0
2,12,1,8,1,1,1,2,1,5,5,0,0,0,1,0,0,26,0,0,5,6,0,0.0,0,0,5,12,1,10.648082154171055,0,13.00104098556843,1.550520492784215,-0.6068929982400126,0
1,1,4,7,1,1,1,23,14,5,4,0,0,0,1,0,0,18,0,0,5,11,0,0.9296287265315399,0,0,5,8,0,0.0,0,9.678888617959462,-0.4196973391461878,-2.9999933825750196,0
1,8,4,13,1,1,1,2,3,3,3,0,0,0,0,0,0,19,0,0,5,5,3,12.26770444140079,0,0,6,9,0,0.0,0,10.8,1.4,1.74,0
1,1,3,2,1,1,4,22,27,10,10,1,0,0,0,0,0,21,0,0,0,0,0,0.0,0,0,0,0,0,0.0,0,9.83174485518989,1.7630956793037922,1.3103367794905127,0
1,8,1,9,1,1,1,1,2,4,5,1,0,0,1,0,0,18,0,0,6,6,6,16.053976488941174,0,0,6,7,5,16.7559962928478,0,11.932577220643141,0.3323858933647043,1.6542607209317626,0
1,12,1,14,1,1,1,22,14,10,9,0,0,0,0,0,0,24,0,0,6,7,3,13.969758478150613,0,0,6,8,2,14.310990488441327,0,13.809275434451838,0.0024152184938786014,0.6017465264875608,0
1,12,1,8,0,9,1,13,27,8,9,0,0,0,0,0,0,30,0,0,5,8,1,12.971058245165368,1,0,5,8,4,12.2774946670929,0,10.956285476107015,1.3681640696819044,1.6630149321398786,0
1,11,1,14,1,1,1,19,24,1,1,0,0,0,1,0,0,24,0,0,5,6,1,10.972133244556717,0,0,5,5,0,0.0,0,7.6,2.6,0.32,0
1,1,2,6,1,1,1,17,14,10,9,1,0,0,0,0,0,18,0,0,5,7,3,13.0,0,0,5,9,3,12.0,0,9.117485493303885,2.0309429400110437,0.9933841876535985,0
1,1,1,2,1,1,1,13,14,6,10,1,0,0,1,0,0,19,0,0,0,0,0,0.0,0,0,0,0,0,0.0,0,14.89298766435298,2.496493832176489,-3.221219318015026,0
1,8,2,3,0,1,1,13,1,6,5,1,0,0,1,0,1,18,0,0,5,10,3,11.266824097802605,0,0,5,11,5,11.577725300732466,0,10.099527706592184,-0.7222746992675352,-2.5121881482721253,0
4,12,1,10,1,1,1,22,27,10,9,0,0,0,1,0,0,34,0,0,6,11,3,11.659550236621628,0,0,6,13,2,11.588765562432403,0,16.2,0.3,-0.92,0
2,12,1,17,0,1,1,22,27,6,4,0,0,0,0,1,0,37,0,0,5,10,3,10.707228868537669,0,0,5,10,3,12.877107931068473,0,9.4,-0.8,-3.12,0
1,12,1,3,0,1,1,22,27,10,8,1,0,0,0,1,0,34,0,0,6,16,1,12.981496182642253,0,0,6,7,0,0.0,0,15.385276332381974,2.714882440154367,-3.843505336914368,0
1,8,2,10,1,1,1,1,2,4,4,1,0,0,1,0,0,18,0,0,6,6,6,15.44395735357234,0,0,6,7,6,16.347151460219784,0,11.1,0.6,2.02,0
1,5,1,3,0,2,1,23,28,9,5,0,0,0,1,0,0,48,0,1,6,9,2,13.269991162712296,0,0,6,8,1,12.693321550283063,0,15.661006186101393,2.224977906780742,-3.337772250916612,0
1,12,1,17,0,1,1,1,1,9,8,0,0,0,1,1,0,27,0,0,5,13,1,10.87943311422272,0,0,5,11,1,11.919622076148482,0,11.256736951510462,0.5879433114222721,1.992269616271226,0
1,11,1,12,1,1,1,13,14,5,6,0,0,0,0,0,1,24,0,0,6,7,2,10.230859604887627,0,0,6,7,0,0.0,0,15.5,2.8,-4.06,0
1,14,1,16,0,1,1,21,26,10,10,0,0,0,0,0,0,34,0,3,8,9,4,11.347098541853555,0,2,7,7,2,10.683350254274185,0,8.853319796580651,0.23261816201432461,-2.075233389020801,0
1,1,3,12,1,1,1,23,28,10,10,1,0,0,1,0,0,18,0,0,7,7,7,12.88695358754528,0,0,7,7,7,12.88695358754528,0,10.929437336956298,-0.6300625181159669,-1.7910888916668615,0
1,12,1,7,1,1,1,13,14,4,10,0,0,0,0,0,0,24,0,0,6,11,4,12.961467348014027,0,0,6,11,2,11.880732267662463,0,13.487150157293142,-0.07981341722300916,1.0652332284712385,0
1,1,1,14,1,1,1,1,1,11,11,1,0,0,1,0,0,20,0,0,6,9,1,12.098034511198414,0,0,6,0,0,0.0,0,10.924177047517992,1.5503195838375674,1.5151741876516382,0
1,12,1,7,1,1,1,22,27,9,9,0,0,0,1,1,0,31,0,0,5,10,0,0.0,0,0,5,5,0,0.0,0,13.803516182407135,2.628012851375925,-1.454073536492124,0
2,6,1,10,1,1,1,22,27,8,8,0,0,0,1,0,1,42,0,0,6,8,5,11.949576076979447,0,0,6,12,3,11.713855407844509,0,8.30133868008794,1.9526104491495953,2.0409772226773257,0
1,15,1,4,1,14,1,22,27,8,11,0,0,1,0,0,0,27,0,0,6,13,3,12.802319208790259,0,0,6,8,3,11.472851223440692,0,14.381336720870383,-0.17443389890337813,0.4321366118746276,0
2,12,1,3,0,9,1,19,24,3,3,0,0,0,0,0,0,50,0,0,6,11,0,0.0,0,0,5,9,0,0.0,0,8.01437825381169,2.217496996481516,1.3368204843533031,0
1,9,1,15,0,1,1,3,1,2,9,0,0,0,1,0,0,23,0,0,5,5,5,14.224465174137794,0,0,5,6,5,14.434339019211473,0,14.452495854023626,3.1366977612066917,-3.1771036483913413,0
1,8,1,8,0,1,1,22,27,6,5,1,0,0,1,0,0,19,0,0,5,10,2,10.590651832157457,0,0,5,9,0,0.0,2,15.424648688006073,0.17457552305980584,-1.1708489538803883,0
1,12,1,10,1,1,1,22,27,10,8,0,0,0,1,0,0,36,0,0,6,0,0,0.0,0,0,7,0,0,0.0,0,12.976205217726543,0.19269055054584366,1.4058631881823045,0
1,8,1,16,1,1,1,21,26,4,1,0,0,0,1,0,0,18,0,0,6,11,3,12.100373858579701,0,0,6,10,3,12.995254471367128,0,7.6,2.6,0.32,0
1,4,1,7,1,1,1,19,24,1,1,0,0,0,1,1,0,23,0,0,5,0,0,0.0,0,0,5,0,0,0.0,0,7.6,2.6,0.32,0
2,12,1,8,0,1,1,22,27,10,9,0,0,0,1,0,0,36,0,0,4,4,0,0.0,0,0,5,8,0,0.0,0,10.553187860411768,1.4,1.969924993195354,0
1,8,2,13,1,1,1,13,14,9,5,0,0,0,1,0,1,19,0,0,6,7,6,12.122803126912492,0,0,7,8,7,13.369682647287403,0,16.08514518140791,0.3233963519354258,-0.8634233671379703,0
1,8,1,2,1,1,1,22,27,8,7,1,0,0,1,0,0,19,0,0,0,0,0,0.0,0,0,0,0,0,0.0,0,15.5,2.8,-4.06,0
1,14,1,11,0,1,1,22,27,10,10,0,0,0,0,0,0,25,0,7,11,18,7,11.632234283506802,0,5,11,18,5,12.27658133539365,1,8.44791315875102,0.9983862556925209,-1.3004562589463908,0
1,12,1,17,0,1,1,22,27,8,8,0,0,0,0,0,0,30,0,0,5,7,5,11.4,0,0,4,5,4,13.504180529367723,0,10.8,1.4,1.74,0
2,12,1,13,1,1,1,22,27,8,7,0,0,0,1,0,0,31,0,1,8,20,6,11.322555204875304,2,0,9,21,4,11.735212933739607,0,12.7,3.7,-1.7,0
1,1,1,2,1,1,1,2,1,5,4,1,0,0,0,0,0,18,0,0,0,0,0,0.0,0,0,0,0,0,0.0,0,12.39669457685334,0.5018593005199963,1.789896705526667,0
1,5,1,12,1,1,1,1,14,5,4,1,0,0,1,1,0,21,0,0,5,6,4,12.450237271817237,0,0,5,5,4,12.15600552325025,0,8.722277809445472,2.179145821457948,0.8180107779414284,0
1,12,1,16,1,1,1,22,27,10,10,0,0,1,0,0,0,31,0,0,6,4,0,0.0,0,0,5,10,0,0.0,0,10.8,1.4,1.74,0
1,5,4,5,1,1,1,1,1,10,9,1,0,0,0,0,0,18,0,0,6,6,6,13.40354000828361,0,0,6,7,5,12.21532861072955,0,11.622510187692015,0.5598069086390758,1.9275558898698744,0
1,12,1,6,0,3,1,19,24,1,1,1,0,0,0,0,0,28,0,0,5,10,0,0.0,0,0,5,10,0,0.0,0,7.6,2.6,0.32,0
1,7,1,2,1,1,1,22,27,8,8,0,0,0,0,1,0,19,0,0,0,0,0,0.0,0,0,0,0,0,0.0,0,8.270490166206933,1.3335185749424585,-0.9613812065288072,0
1,10,1,12,0,1,1,13,14,4,8,0,0,0,0,0,0,26,0,0,6,11,4,13.09875025418782,0,0,6,9,4,12.000375241293572,0,12.880026966091913,0.4747354228372678,1.447664979444978,0
1,11,1,4,1,1,1,1,27,10,2,0,0,0,0,1,0,25,0,3,10,23,6,11.449242247793123,0,2,7,15,4,12.011141571560493,1,15.5,2.8,-4.06,0
1,12,1,4,1,1,1,1,1,8,6,0,0,0,0,1,0,26,0,0,5,0,0,0.0,0,0,5,0,0,0.0,0,13.181647582980007,0.093935196430319,1.010140256828708,0
1,1,1,14,1,1,1,1,1,3,3,1,0,0,1,0,0,19,0,0,5,5,4,14.303722029721111,0,0,5,6,4,13.353121556941034,0,8.143096816817534,2.0986798613991997,1.6526760351137948,0
1,3,1,12,1,1,1,1,1,5,5,0,0,0,0,1,0,20,0,0,6,14,2,11.132035503415604,0,0,6,14,0,0.0,0,10.8,1.4,1.74,0
1,14,1,12,1,1,1,1,14,6,8,0,0,0,1,0,0,19,0,0,6,9,4,12.481099113753698,0,0,6,12,3,11.524835396822217,0,10.301406373018894,1.4,2.204479326187662,0
3,12,1,3,0,12,1,22,27,11,8,0,0,0,0,0,0,31,0,0,6,9,4,11.42387771457683,0,0,6,10,3,11.0,0,11.023684591224455,-0.5373451396548674,-2.594690279309735,0
1,12,1,17,0,2,1,13,1,9,5,0,0,0,1,0,0,25,0,0,5,13,1,11.055237056565698,0,0,5,11,2,12.758728427609496,3,15.780198370100699,0.3220948226262789,-0.6206151534139206,0
1,5,1,15,1,1,1,2,3,3,3,1,0,0,0,0,0,27,0,0,6,8,6,14.644656392186779,0,0,6,8,5,14.171379307790014,0,13.692942041394174,3.3808400581233014,-2.5369082920322326,0
1,9,1,11,1,1,1,19,2,5,3,0,0,0,0,1,0,23,0,0,5,5,0,0.0,0,0,5,5,0,0.0,0,7.6,2.6,0.32,0
1,1,2,10,1,1,1,1,1,4,4,1,0,0,1,0,0,18,0,0,6,9,3,11.472231090341992,0,0,6,12,2,11.759229698860025,0,9.903723804775183,-0.38516863136161394,-1.5969762608562108,0
1,8,3,5,1,1,1,1,1,10,10,0,0,1,0,1,0,19,0,0,5,6,5,12.277320414916817,0,0,5,8,4,11.729917674685028,0,10.282372871325315,1.06721550209982,1.622866823215153,0
1,12,1,4,1,1,1,22,27,10,7,0,0,0,0,0,0,28,0,0,5,5,0,0.0,0,0,5,6,0,0.0,0,8.979977060309087,1.4,3.4354950543436393,0
1,4,1,12,1,2,1,22,27,9,6,0,0,0,1,0,0,35,0,0,7,7,0,0.0,6,0,7,7,0,0.0,6,16.2,0.3,-0.92,0
1,8,3,6,1,1,1,2,1,4,4,0,0,0,0,0,0,18,0,0,5,8,5,12.523327459501541,0,0,5,6,5,13.576690404398843,0,12.403683283079191,0.5392883528446992,1.7471511401787503,0
1,1,1,13,1,1,1,22,27,10,10,1,0,1,0,0,0,18,0,0,6,7,5,12.138545909217063,0,0,6,8,5,11.913742497470437,0,10.8,1.4,1.74,0
1,12,1,5,1,1,1,22,27,10,10,0,0,0,0,1,0,43,0,0,5,1,0,0.0,0,0,5,1,0,0.0,0,15.5,2.8,-4.06,0
1,8,1,15,1,1,1,1,1,5,2,0,0,0,0,0,0,18,0,0,6,6,6,12.553392119551155,0,0,6,8,4,12.354396250064687,0,14.603012391540595,3.088317445576237,-3.303967587155644,0
1,8,1,9,1,1,1,22,27,9,7,1,0,0,1,0,0,19,0,0,5,9,1,10.109126943932532,0,0,5,10,1,11.436507775730128,0,7.992856998157115,1.8579367812587817,-0.4307933742558207,0
1,12,1,6,1,1,1,22,27,6,6,0,0,0,1,1,0,29,0,0,2,1,0,0.0,0,0,2,1,0,0.0,0,7.840186317038918,2.4949184862954734,0.3935570595931688,0
1,12,1,14,0,1,1,20,27,8,8,0,0,0,1,1,0,28,0,0,5,7,1,13.359035043246656,0,0,5,6,0,0.0,0,15.708593533155769,0.17180700864933124,-0.554649974650594,0
2,13,1,14,0,1,1,19,24,1,1,0,0,0,0,0,0,35,0,0,5,5,0,0.0,0,0,5,5,0,9.105889976877405,0,9.239060195837933,-0.49600259213831766,-2.8124261520458274,0
1,1,1,14,1,1,1,1,1,4,8,1,0,0,1,0,0,19,0,0,6,6,6,14.603606336003025,0,0,6,7,0,0.0,0,14.16153271524725,2.280225362331244,-1.3742869948877559,0
1,1,2,15,1,1,1,13,14,9,9,0,0,0,1,0,0,18,0,0,6,0,0,0.0,0,0,6,0,0,0.0,0,11.976914076467576,0.6087935231940518,1.9979165109930768,0
1,7,1,12,1,1,1,22,1,6,8,1,0,0,1,0,0,19,0,0,6,8,5,13.724294550423414,0,0,7,8,7,13.711195930870545,0,16.161312415603987,0.43816994427147415,-1.0935414500049716,0
2,6,1,12,1,1,1,22,27,10,10,0,0,0,0,0,0,44,0,0,6,12,3,10.798897733125195,0,0,6,14,2,11.317952644687272,0,9.095684835999583,2.0391181865001564,0.983710145974815,0
1,8,2,12,1,1,1,8,27,10,10,0,0,0,0,0,0,19,0,0,5,5,0,0.0,0,0,6,0,0,0.0,0,8.9,1.4,3.51,0
1,12,1,17,0,1,1,22,27,10,9,1,0,0,1,1,0,31,0,0,5,8,1,11.250550919138114,0,0,5,5,1,12.749449080861886,0,9.951212022103848,-0.048347242585661476,-2.8828117965492535,0
1,1,1,11,1,1,1,13,28,10,8,0,0,0,1,0,0,19,0,0,7,11,5,12.016112535433113,0,0,7,11,5,12.00021606247967,0,10.783220389660256,1.4,1.7556315317375515,0
1,12,1,9,1,1,1,22,27,10,10,0,0,0,1,0,0,35,0,0,2,0,0,0.0,0,0,5,0,0,0.0,0,11.17067472221351,1.1914954687549009,1.751583585069172,0
1,12,1,6,1,1,1,1,1,5,7,0,0,0,0,1,0,34,0,2,7,13,5,11.97709270965405,0,2,7,7,3,11.011453645172974,0,15.12202970929183,2.719824483789176,-3.626479530202901,0
1,12,1,6,1,1,1,21,26,5,5,1,0,0,1,0,0,27,0,11,16,17,13,11.565411796231357,0,10,14,14,10,12.450960487419291,0,10.91319790986108,3.3146113138916053,-0.9922862309645841,0
1,4,1,9,1,2,1,2,27,3,6,0,0,0,0,0,0,36,0,0,5,7,0,5.491684871695972,0,0,5,5,0,0.0,0,14.283984064124464,1.8977946282213758,-1.7652602500413255,0
1,14,1,10,0,1,1,22,1,7,5,0,0,0,0,1,0,24,0,8,14,24,9,11.769032766524763,1,7,13,22,10,11.484817284422084,0,11.650239237030418,2.7025377022033017,-1.9255756782523077,0
1,12,1,17,0,1,1,22,27,9,6,0,0,0,0,0,0,36,0,0,5,5,0,0.0,0,0,5,5,0,0.0,0,14.854124527190276,3.0076028305459825,-3.515619244346089,0
1,6,2,11,1,1,1,1,1,5,6,0,0,0,0,0,0,18,0,0,5,5,5,11.011081204125734,0,0,6,13,0,0.0,0,11.082444851208814,1.2411247711950426,1.7488264016002755,0
1,12,1,8,1,1,1,22,27,6,8,0,0,0,0,1,0,43,0,0,5,12,0,0.0,0,0,5,5,0,0.0,0,10.74496587532807,-0.006249647347368881,-3.327257036525965,0
1,8,1,13,1,1,1,13,1,6,5,0,0,0,1,0,0,18,0,0,6,6,3,12.54237449190383,0,0,6,11,4,11.162832670944027,0,10.203397561138386,1.6237259145731053,1.4752576677551585,0
2,12,1,15,0,9,1,22,27,8,5,0,0,0,0,0,0,54,0,0,5,5,0,0.0,0,0,4,5,0,0.0,0,15.654290868503272,2.248961183916883,-3.367895246999605,0
2,12,1,3,0,1,1,13,14,10,10,0,0,0,0,0,0,32,0,0,5,5,0,0.0,0,0,5,7,0,0.0,0,10.994962422249982,0.880100207333384,1.9219649274333155,0
1,1,1,8,1,1,1,13,14,11,9,1,0,0,0,1,0,19,0,0,5,7,4,12.913235985154905,0,0,5,11,3,11.942157323436604,1,10.690098914529548,1.4,1.8423815375172115,0
1,12,1,4,1,4,1,3,2,4,3,0,0,0,1,1,0,24,0,6,12,16,6,12.17475883496312,0,6,11,13,9,13.224522139343982,0,12.495781846563485,0.5710639506761339,1.6092503863237466,0
1,8,2,6,1,1,1,22,27,9,9,0,0,0,0,0,0,20,0,0,5,0,0,0.0,0,0,5,0,0,0.0,0,10.902436004437824,0.4373002389487959,1.4226594487120083,0
1,11,1,8,1,1,1,13,14,5,10,0,0,0,0,1,0,25,0,0,5,5,2,10.5,0,0,5,9,0,0.0,0,10.8,1.4,1.74,0
1,8,1,8,0,1,1,13,27,4,4,0,0,0,0,0,0,20,0,0,5,9,1,10.003394784902376,0,0,5,5,0,0.0,0,11.082177379262523,0.6101843547071295,2.01134329849894,0
1,8,1,9,1,1,1,13,14,10,8,0,0,0,1,0,0,20,0,0,5,7,3,10.619578563085385,0,0,5,10,2,11.521685747658461,2,15.260965654214768,0.491284774141436,-0.45743863707616383,0
1,8,5,8,1,1,1,13,2,6,9,1,0,0,1,1,0,18,0,0,5,8,3,10.698121009451329,0,0,5,9,3,10.978308908506197,0,13.905719671830104,0.4207515962194682,0.7161841287737949,0
1,8,1,12,1,1,1,13,27,10,9,0,0,0,0,0,0,19,0,0,5,5,0,0.0,0,0,6,1,0,0.0,0,9.431875353451,1.206590780563273,3.149775328799096,0
1,1,1,13,1,1,1,1,28,4,10,0,0,0,0,0,1,19,0,0,6,7,5,12.050663230324368,0,0,6,9,3,12.24668384837816,0,11.913632988886068,0.773581443751587,1.7748010309026896,0
1,2,3,14,1,1,1,13,27,12,11,0,0,0,0,0,0,18,0,0,4,4,0,0.0,0,0,4,3,0,0.0,0,12.11519555590855,3.3460394154183337,-0.8982023279693551,0
1,1,1,9,1,1,1,19,27,1,7,1,0,0,1,0,0,19,0,0,6,9,5,11.836833375001877,0,0,6,10,3,11.46930552083177,0,7.839416937512197,2.3789997499887416,0.9074923312799292,0
1,1,4,16,1,1,1,13,14,9,9,1,0,0,1,0,0,20,0,0,6,8,5,12.244888114367331,0,0,6,7,4,11.930671313796006,0,11.226437086489655,1.9162133152243195,0.9679244328818873,0
1,12,1,14,1,1,1,22,14,5,5,1,0,0,1,0,0,19,0,3,6,6,5,11.567145284446788,0,0,6,9,4,11.2748553608711,0,10.8,1.4,1.74,0
1,10,2,14,1,1,1,13,14,5,5,0,0,0,1,0,0,22,0,0,6,12,5,12.077170929517765,0,0,6,8,6,11.61938479191461,0,14.759159076629462,1.3646207109695818,-1.8143259510330556,0
2,12,1,15,1,1,1,22,27,10,7,0,0,0,1,1,0,47,0,0,6,9,5,12.376944156379913,0,0,6,11,5,12.616473485369358,0,12.7,3.7,-1.7,0
1,3,1,8,1,1,1,13,19,31,44,0,0,0,1,0,0,18,0,0,6,0,0,0.0,0,0,6,0,0,0.0,0,12.4,0.5,1.79,0
1,8,1,3,0,1,1,19,24,1,1,1,0,0,1,0,0,26,0,3,6,14,6,11.633508925377047,0,1,6,14,2,11.091486837397754,0,7.6,2.6,0.32,0
1,8,3,12,1,1,1,3,2,4,4,1,0,0,1,0,0,18,0,0,7,7,7,14.002623509802659,0,0,8,8,8,14.80514261181633,0,11.443109584634936,0.48971477636734223,1.8692768610353678,0
1,1,1,2,1,1,1,13,14,8,7,1,0,0,1,0,0,18,0,0,0,0,0,0.0,0,0,0,0,0,0.0,0,11.843680119248377,0.36095996167016453,1.6933119476158915,0
1,4,1,7,1,4,1,5,3,3,1,0,0,1,0,0,0,28,0,7,9,15,7,11.807390124716564,3,5,7,12,5,13.355417905539364,1,8.053302224489814,2.3409701574343917,0.5401753661807671,0
1,7,3,8,1,1,1,12,14,5,7,1,0,0,1,1,0,18,0,0,5,8,3,10.518753200218372,0,0,5,10,3,10.98428790872117,0,10.978003072209637,1.2998732718820794,1.745562596006551,0
1,1,1,10,1,1,1,1,1,5,5,0,0,0,1,1,0,20,0,0,6,13,1,13.977825749114876,0,0,6,6,0,0.0,0,16.168956048760826,0.41087125442561634,-1.0592542955585742,0
1,12,1,5,1,9,1,20,1,10,11,0,0,0,0,1,0,28,0,0,6,6,0,0.0,0,0,6,6,0,0.0,0,11.058638285179635,0.7102979061876394,1.9813957328343261,0
2,12,1,8,0,12,1,21,26,4,4,0,0,0,1,0,0,48,0,0,6,13,5,11.079354766299838,0,0,6,11,4,12.13332250461483,0,14.338048055821757,2.1142578690095606,-3.880945110241385,0
1,1,1,6,1,1,1,15,14,2,4,1,0,0,0,1,0,18,0,0,5,8,4,12.586189504840245,0,0,5,5,0,0.0,0,8.779435565150239,0.37217726582732613,-1.9340324133982347,0
1,12,1,7,1,10,1,13,27,8,10,0,0,0,1,0,0,28,0,0,5,9,1,12.550857370609139,1,0,5,10,2,6.748002789961957,1,10.8,1.4,1.74,0
1,4,1,11,1,3,1,22,27,11,11,0,0,0,0,1,0,30,0,0,7,7,0,0.0,7,0,7,7,0,0.0,7,9.687056307707653,-0.4085595803986544,-2.996478800925798,0
1,3,1,9,1,1,1,23,27,8,5,0,0,0,1,0,0,18,0,0,5,7,4,12.539898158609454,0,0,5,7,0,0.0,1,15.785917249149488,1.7788669673232531,-2.777456910958006,0
1,9,3,12,1,1,1,22,27,10,10,1,0,0,0,0,0,20,0,0,5,8,0,0.0,0,0,5,5,0,0.0,0,13.743527847634478,3.3645803346889176,-2.5795449001490605,0
2,12,1,16,0,1,1,21,12,10,9,0,0,0,1,0,0,42,0,0,5,9,4,10.620123108119836,0,0,5,7,2,10.77926135128098,0,9.841581432392555,-0.4363447027355434,-1.7848655514719232,0
1,9,4,14,1,1,1,1,14,5,6,0,0,0,1,0,0,18,0,0,6,0,0,0.0,0,0,6,0,0,0.0,0,13.257397647565387,1.1361337385162547,0.17200766507822163,0
1,12,1,17,0,1,1,17,1,7,5,0,0,0,1,0,0,25,0,0,5,12,2,11.252062132460615,0,0,5,11,2,13.08677022076769,1,14.28432779329933,0.40082485298424586,0.4461767579365312,0
1,8,3,14,1,1,1,13,14,5,5,1,0,0,1,0,0,19,0,0,6,11,5,12.01157803084395,0,0,6,8,6,11.717601210833436,0,15.556732351135354,2.59738446023088,-3.805514882049985,0
2,6,1,4,0,2,1,20,25,11,11,0,0,0,0,0,0,55,0,10,14,20,12,13.02281856135283,0,8,8,8,8,12.79243129926882,0,11.834861049164115,1.7082564827297357,0.46293742869109433,0
1,12,1,7,1,1,1,13,14,4,10,0,0,0,0,0,0,24,0,0,6,11,4,12.955656226912343,0,0,6,11,2,11.862745464252493,0,13.424888145489394,-0.04660701092767672,1.106741236340404,0
1,1,1,13,1,1,1,1,1,11,11,1,0,0,1,0,0,19,0,0,6,10,1,12.00761308594903,0,0,6,0,0,0.0,0,11.036005664419932,1.2705775388664895,1.6676756834842148,0
1,8,1,9,1,1,1,22,27,8,6,1,0,0,1,0,0,19,0,0,5,9,1,10.425603457024385,0,0,5,10,1,12.702413828097537,0,9.132172445287784,-0.2941035077658136,-2.6081517843277644,0
1,1,2,16,0,1,1,4,1,5,4,0,0,0,1,0,0,19,0,0,5,9,4,12.485439581041923,0,0,5,8,4,12.225242673649301,0,14.707765556777641,1.2650457662566796,-1.6585393439822242,0
1,12,1,15,0,3,1,1,1,8,5,1,0,0,0,1,0,34,0,0,5,5,0,0.0,0,0,5,5,0,0.0,0,8.275237449475357,1.9767038927919776,1.9769288183279927,0
2,12,1,5,1,1,1,22,27,10,10,0,0,0,0,1,0,41,0,1,7,10,3,11.006326846117068,0,0,5,6,1,12.296203892329759,0,15.914685449261661,1.3189805383512059,-2.1998395561691146,0
1,14,1,6,1,14,1,1,1,5,7,0,0,0,0,0,0,28,0,0,6,0,0,0.0,0,0,6,0,0,0.0,0,15.622723323852396,2.3617024148128727,-3.509498233004968,0
1,3,1,16,0,2,1,18,27,10,10,0,0,0,0,0,0,29,0,9,9,9,9,13.35445581462786,0,6,6,6,6,12.521752633678245,0,13.673865782126141,3.3869717128880263,-2.5208297306491754,0
1,14,1,7,1,13,1,3,1,3,8,0,0,0,0,1,0,22,0,0,5,3,0,0.0,0,0,5,3,0,0.0,0,12.08823068986222,2.9594371508858464,-0.5923755648031788,0
1,8,1,10,1,1,1,22,27,9,8,1,0,0,0,0,0,19,0,0,6,8,4,11.858567009001053,0,0,6,6,5,12.573167017460914,0,10.361744338792844,-0.007975250405892642,-0.21213770506163376,0
1,8,3,12,1,1,1,23,27,4,8,1,0,0,0,0,0,20,0,0,6,0,0,0.0,0,0,6,0,0,0.0,0,12.7,3.7,-1.7,0
1,1,1,8,1,1,1,2,14,3,9,1,0,0,1,0,0,18,0,0,6,7,6,13.731624287663548,0,0,6,7,5,13.310215235496221,0,15.305807978168254,2.4237529577009895,-3.4713554338225157,0
1,2,2,11,1,1,1,1,1,3,3,0,0,0,0,0,0,18,0,0,6,9,4,11.239871301080345,0,0,6,13,2,11.99356505401732,0,9.4,-0.8,-3.12,0
1,8,1,10,1,1,1,13,27,5,6,0,0,0,1,1,0,19,0,0,5,8,2,11.195418578695511,0,0,5,3,0,0.0,0,11.646477064546518,1.6587993125588811,0.7494408249293427,0
1,12,1,3,0,2,1,22,27,10,10,0,0,1,0,0,0,48,0,0,6,6,0,0.0,0,0,5,6,0,0.0,0,10.771279804007332,0.7195346167246065,2.2426332236495794,0
1,1,1,11,1,1,1,22,27,10,8,1,0,0,1,0,0,19,0,0,6,13,2,11.800941301439703,0,0,6,11,1,12.601882602879407,0,8.024658556928632,2.440753041151763,0.5084422346370807,0
1,10,1,16,0,1,1,1,26,4,8,0,0,0,0,1,0,23,0,0,5,7,0,0.0,0,0,5,8,0,0.0,0,14.625160074261188,0.6208007256134618,-0.1442455180619926,0
1,13,1,8,1,7,1,19,24,1,1,0,0,0,0,0,0,28,0,0,5,9,0,0.0,0,0,5,5,0,0.0,0,7.6,2.6,0.32,0
1,8,1,12,0,1,1,23,27,5,9,0,0,0,0,0,0,18,0,0,5,0,0,0.0,0,0,5,0,0,0.0,0,12.215954338670853,2.7621615311747796,-0.574593837409735,0
1,5,3,8,1,1,1,12,14,5,7,1,0,0,1,1,0,18,0,0,5,9,3,10.866432047066166,0,0,5,10,3,11.222696260845371,0,11.31177476518352,1.1121266945842703,1.755992961411985,0
2,12,1,12,0,1,1,22,27,10,10,0,0,0,0,1,0,47,0,0,5,6,0,0.0,0,0,5,9,0,0.0,0,11.410221794855705,1.056750240393666,1.7590694310892407,0
1,2,2,15,1,1,1,2,2,4,3,1,0,0,1,0,0,19,0,0,6,0,0,0.0,0,0,6,0,0,0.0,0,15.631248270982574,0.15162998373458475,-0.49714545364356644,0
1,12,1,10,1,1,1,22,27,10,10,0,0,1,0,0,0,26,0,0,5,5,0,0.0,0,0,5,9,0,0.0,0,10.8,1.4,1.74,0
1,12,1,8,1,1,1,22,27,10,10,1,0,0,1,0,0,35,0,0,4,4,0,0.0,0,0,5,8,0,0.0,0,10.8,1.4,1.74,0
1,1,1,10,1,1,1,13,28,10,8,1,0,0,1,0,0,18,0,0,6,7,5,12.827795732568507,0,0,6,11,5,11.102525177803814,0,13.25921763872616,-0.0821339971668944,1.138585604532969,0
1,13,1,6,1,1,1,22,28,10,10,0,0,1,0,0,0,29,0,7,11,16,8,11.84771251377455,0,5,11,18,6,12.249533968597918,1,7.702365490620957,2.541505433930882,0.36972038115875056,0
1,12,1,14,0,1,1,22,27,8,8,0,0,0,0,0,0,24,0,0,5,15,3,10.979003935946903,0,0,5,15,3,12.517418324943524,0,15.621928274604667,2.3645418764119066,-3.5130645967733543,0
1,3,1,4,1,2,1,1,14,5,9,0,0,0,1,0,0,26,0,0,5,7,0,0.0,0,0,5,9,0,0.0,0,16.10979109276859,0.6221746686836129,-1.3246513838666178,0
1,8,3,7,1,1,1,3,2,3,4,0,0,0,1,0,0,20,0,0,5,12,0,0.0,1,0,5,5,0,0.0,0,12.163809833185372,2.66113155179666,-0.45335786215599216,0
1,11,1,12,1,1,1,22,27,10,10,1,0,0,0,0,0,31,0,0,7,7,0,0.0,7,0,8,8,0,0.0,7,10.440911558808251,0.8357181638415372,0.4934501255772137,0
2,12,1,8,1,1,1,22,27,10,10,0,0,0,0,0,0,35,0,0,5,8,3,12.419620051975846,1,0,5,8,4,11.5910121351372,0,9.4,-0.8,-3.12,0
1,12,1,11,1,1,1,3,1,3,5,0,0,0,1,1,0,26,0,0,6,7,1,12.15957419573211,0,0,5,8,0,0.0,0,11.762884584416717,0.663829678292844,2.103096718515213,0
1,8,1,10,1,1,1,22,1,6,7,0,0,0,1,0,0,19,0,0,6,9,6,13.74988008446244,0,0,7,9,7,13.49357829928129,0,15.813908609302805,0.19928050677464515,-0.6329494443077386,0
2,12,1,14,0,1,1,22,27,8,8,0,0,0,0,0,0,25,0,0,6,0,0,0.0,0,0,6,0,0,0.0,0,9.86418869414559,1.4,2.6117821112433197,0
1,12,1,7,1,1,1,1,13,5,5,0,0,0,1,1,0,28,0,0,5,10,1,17.961684769698998,1,0,5,9,2,13.318432965994056,1,10.819796202322184,1.3891440180813828,1.7339334218690081,0
1,8,1,11,1,1,1,22,27,6,3,0,0,0,0,0,0,29,0,0,6,10,0,0.0,0,0,6,6,0,0.0,4,11.351859305589407,-0.484258053507596,-2.488516107015192,0
1,5,4,13,1,1,1,3,3,3,3,0,0,0,0,0,0,19,0,0,6,7,3,12.190319382860277,0,0,6,8,0,0.0,0,11.987526553035199,0.7487757612387618,1.3760805724569551,0
1,8,1,13,1,1,1,22,28,10,9,1,0,0,0,0,0,19,0,0,7,15,2,12.742662609430695,0,0,7,12,2,11.018813821972577,0,8.9,1.4,3.51,0
1,1,3,12,1,1,1,12,13,4,6,1,0,0,0,0,0,18,0,0,7,9,6,13.06107731502882,0,0,8,9,6,13.380368793860459,0,12.243160871575007,-0.48409323649166586,-0.6496091093648269,0
1,8,1,14,1,1,1,1,1,3,3,0,0,0,1,0,0,18,0,0,6,0,0,0.0,0,0,6,0,0,0.0,0,14.315685729702656,0.5053911012988952,-0.470047368161175,0
2,12,1,12,1,12,1,22,27,8,9,0,0,0,0,0,0,41,0,0,7,12,3,12.121998098966797,0,0,7,12,3,12.021133435834843,0,11.1,0.6,2.02,0
1,7,2,11,1,1,1,13,14,5,7,0,0,0,1,0,0,19,0,0,5,7,5,11.415994151886341,0,0,5,9,3,11.977531068103808,0,10.8,1.4,1.74,0
1,8,1,15,1,1,1,22,27,10,10,0,0,0,0,0,0,20,0,0,6,7,3,12.149871162625953,0,0,6,10,2,11.050386512122142,0,12.281706250787172,3.1936444088476303,-0.9426681593199338,0
1,1,1,9,1,1,1,13,14,9,4,1,0,0,0,1,0,20,0,0,5,8,3,11.786038722346083,0,0,5,7,3,11.0,0,9.753036108128963,-0.3185871252786872,-2.968087492865719,0
1,12,1,6,0,1,1,22,27,10,9,0,0,0,0,1,0,32,0,0,5,8,1,10.59743024374493,0,0,5,8,0,0.0,0,9.736402341242902,1.1849251122518252,3.0989679923034883,0
1,1,1,2,1,1,1,22,27,10,9,1,0,0,0,0,0,21,0,0,0,0,0,0.0,0,0,0,0,0,0.0,0,11.186179709631164,1.635699604042496,-2.3514014582799234,0
1,15,1,4,1,14,1,1,27,6,7,1,0,0,0,0,0,21,0,0,6,11,3,11.832073596655539,0,0,6,10,3,11.435530045825562,0,16.174094402701297,0.3925199903525134,-1.0362051078827568,0
1,4,1,14,1,1,9,1,1,10,7,0,0,0,0,1,0,18,0,0,6,6,4,11.25,0,0,6,8,3,11.649589001255961,0,9.549557115473505,1.4,2.9048862661115256,0
1,8,1,12,1,1,1,2,2,3,8,1,0,0,0,1,0,20,0,0,4,0,0,0.0,0,0,6,0,0,0.0,0,11.577591538925867,0.5632621893133948,1.935503035420808,0
1,12,1,8,1,12,1,1,1,8,8,0,0,0,0,1,0,28,0,0,6,11,0,10.252309160610192,0,0,6,8,1,10.466014052755009,0,16.2,0.3,-0.92,0
1,1,1,11,1,1,1,21,14,4,4,0,0,0,0,0,0,21,0,0,6,15,2,11.0,0,0,6,12,0,0.0,0,12.505231516817709,3.464227625621438,-1.3473665357120632,0
1,1,1,10,1,1,1,1,1,10,5,0,0,0,0,0,0,22,0,0,6,0,0,0.0,0,0,6,0,0,0.0,0,12.098696738734965,0.6318201768034526,1.6977258762375833,0
1,1,3,11,1,1,1,13,14,8,8,1,0,0,0,0,0,18,0,0,6,0,0,0.0,0,0,6,0,0,0.0,0,12.86817141654878,0.2503085778406507,1.4778857223008135,0
1,12,1,10,1,12,1,22,27,11,11,0,0,0,1,0,0,47,0,0,6,13,2,10.0,0,0,6,14,1,10.33918529552586,0,8.183398708304479,2.4439747640581047,0.23588204670958685,0
1,9,2,14,1,1,1,13,1,5,5,1,0,0,1,0,0,19,0,1,6,9,4,12.12459851377216,0,0,6,10,4,11.042994795278117,0,12.128169222801048,3.0077837960223226,-0.664685329702952,0
1,5,1,9,1,1,4,1,1,6,6,0,0,0,0,0,0,19,0,0,5,14,0,0.0,0,0,5,5,0,0.0,0,10.45797859501962,0.8334623290837747,2.45482358791853,0
1,13,1,9,1,1,1,22,27,9,9,0,0,0,0,0,0,29,0,2,5,7,2,12.445584335781287,0,0,5,7,0,0.0,0,11.163693247931368,1.325914338384351,1.5608474000930672,0
1,12,1,16,0,6,1,13,1,9,7,0,0,0,0,0,0,25,0,0,5,12,2,11.835659079647453,0,0,5,10,2,13.119315334809038,2,14.737596610616956,1.720620435400671,-1.2459070410625068,0
1,12,1,2,1,1,1,22,27,10,8,0,0,0,1,0,0,33,0,0,0,0,0,0.0,0,0,0,0,0,0.0,0,13.874349632321103,2.3157637202658603,-2.053878269672851,0
1,12,1,15,0,7,1,22,1,7,5,0,0,0,1,1,0,28,0,0,5,9,3,12.49455402368997,0,0,5,12,1,11.620915517767477,0,7.6,2.6,0.32,0
1,11,1,16,0,1,1,13,28,9,9,0,0,0,1,0,0,23,0,0,5,7,3,10.712408700479179,0,0,5,7,3,10.568613050718769,0,10.8,1.4,1.74,0
1,1,4,12,1,1,1,22,27,10,10,1,0,0,0,0,0,18,0,0,8,8,7,12.892775138219413,0,0,8,8,7,12.892775138219413,0,9.579848471386674,-0.5173809735352279,-2.495668877900549,0
4,12,1,12,0,1,1,22,27,10,10,0,0,0,1,0,0,37,0,0,6,12,3,11.864262869293038,0,0,6,13,2,10.08837010274201,0,16.2,0.3,-0.92,0
1,12,1,12,0,1,1,22,27,7,7,0,0,0,0,0,0,38,0,0,6,11,4,12.153649917475219,0,0,6,10,4,11.818335402133933,0,11.047092353985676,0.5564289973999679,1.8600321761684544,0
2,14,1,14,0,2,1,22,27,10,10,0,0,0,0,0,0,39,0,10,12,12,10,12.14733174453848,1,9,12,12,9,12.874825915871462,0,10.92712382636816,0.10125340572547126,-3.355327278161651,0
1,12,1,16,0,1,1,14,27,6,6,0,0,0,0,1,0,30,0,0,5,5,1,11.390258720391897,0,0,5,0,0,0.0,0,13.155301840457211,3.2577067835558515,-1.5985327326981071,0
1,15,1,6,1,14,1,1,1,5,4,0,0,0,0,1,0,19,0,2,6,6,6,13.597105326548371,0,1,6,9,5,13.620868402035489,0,12.762605206106466,0.3066105567432181,1.5482631959290227,0
1,4,1,3,0,14,1,13,1,6,10,0,0,0,0,0,0,22,0,6,11,11,10,13.965578316957679,0,4,9,10,8,14.578899531639747,0,13.956549907855244,-0.2852478501247191,0.7479563728554495,0
3,4,1,8,1,3,1,12,1,5,5,0,0,0,1,0,0,35,0,0,5,4,0,0.0,0,0,5,4,0,0.0,0,11.161945944281191,0.5800888036239025,1.9927880316193334,0
3,12,1,16,0,12,1,19,27,10,9,0,0,0,0,0,0,27,0,0,6,13,4,11.558796593616819,0,0,6,9,1,10.647220438299083,0,11.979306715105597,0.5323610219149542,1.8644303504043944,0
1,1,1,12,1,1,1,19,28,1,5,0,0,0,1,0,0,20,0,0,6,10,4,11.263075349924899,0,0,6,11,2,10.732964785606999,0,7.6,2.6,0.32,0
2,12,1,9,1,1,1,22,27,8,9,0,0,0,0,0,0,35,0,0,5,8,3,12.079080265980954,1,0,5,9,4,11.5397950735155,0,9.4,-0.8,-3.12,0
1,8,1,2,1,1,1,1,3,4,10,0,0,0,0,1,0,19,0,0,0,0,0,0.0,0,0,0,0,0,0.0,0,10.8,1.4,1.74,0
2,12,1,16,0,1,1,22,27,10,10,0,0,0,0,0,0,32,0,0,5,5,0,0.0,0,0,5,7,0,0.0,0,9.373111339594406,1.935083247652098,1.1068181569450175,0
1,12,1,8,1,9,1,21,26,10,10,0,0,0,0,0,0,25,0,0,5,1,0,0.0,0,0,5,1,0,0.0,0,8.907472000693001,0.13033066535766402,-2.1787242679910697,0
1,11,1,11,1,1,1,1,1,5,10,0,0,0,1,1,0,23,0,0,6,17,0,0.0,0,0,6,7,0,0.0,0,13.906613649637265,-0.2982747000946267,0.7850828952696859,0
1,15,1,6,1,14,1,1,1,5,5,1,0,0,0,1,0,19,0,2,6,7,5,12.721456093292081,0,1,6,11,4,12.292486310331409,0,12.4,0.5,1.79,0
1,4,1,4,0,15,1,9,1,4,7,0,0,1,0,0,0,24,0,7,12,12,9,13.774306487835162,0,4,10,11,6,14.523437919525824,0,12.63611633187691,0.10624832189670791,1.3452060399255008,0
1,8,1,9,1,1,1,2,28,2,9,0,0,0,0,0,0,19,0,0,5,13,3,10.122717865893751,0,0,5,7,2,11.115168238411108,0,15.238201886093329,2.2927661543058253,-3.2664244672204044,0
1,1,5,15,1,1,1,1,27,5,4,1,0,1,0,0,0,19,0,0,4,4,0,0.0,0,0,5,3,0,0.0,0,12.133252413374908,0.520519045125007,1.8371938037875162,0
1,15,1,13,1,1,1,2,1,4,9,0,0,0,1,1,0,23,0,0,6,11,5,12.57620569850245,0,0,6,12,5,13.21740059781285,0,11.957689767811832,0.32431400320333975,1.6432291377112311,0
1,14,1,16,0,13,1,22,27,6,6,0,0,0,1,0,0,30,0,1,6,10,4,12.316025322676033,0,2,7,7,3,10.77923038721124,0,10.062308838366281,-0.5129995033746115,-2.0360212012071868,0
1,13,1,7,1,1,1,19,24,1,1,1,0,0,1,1,0,34,0,5,9,11,6,11.28277210551372,0,1,7,8,4,12.794047385960393,0,9.251714117891483,-0.5199044449061349,-2.836609203081501,0
1,12,1,4,1,1,1,1,1,10,5,0,0,0,0,1,0,26,0,0,6,0,0,0.0,0,0,6,0,0,0.0,0,13.9,-0.3,0.79,0
1,5,1,10,1,1,1,12,5,2,2,1,0,0,0,0,0,19,0,0,5,6,0,0.0,0,0,4,4,0,0.0,0,7.6,2.6,0.32,0
1,6,1,8,1,1,1,1,14,4,4,0,0,0,1,0,0,18,0,0,5,7,3,12.652136114831245,0,0,5,6,0,0.0,0,9.419193101296598,1.4,3.0263306372131695,0
2,12,1,9,0,1,1,22,27,10,10,0,0,0,0,1,0,48,0,0,5,5,0,0.0,0,0,5,9,0,0.0,0,10.878618300399344,1.3557772060253692,1.7424568218874794,0
1,1,5,11,1,1,1,13,14,10,6,1,0,0,1,0,0,18,0,0,7,8,6,13.291281430978412,0,0,7,7,6,13.125117750019422,0,12.7,3.7,-1.7,0
1,17,1,6,1,16,1,17,28,10,10,0,0,0,0,0,0,21,0,7,10,13,8,13.371707049087723,0,4,9,15,5,13.28646696020852,0,8.9,1.4,3.51,0
1,12,1,4,1,12,1,22,14,9,8,0,0,0,1,0,0,25,0,0,6,14,1,11.098108298908379,0,0,6,12,4,11.706503709843576,0,12.614259503363124,0.4887231840335198,1.6371991436541928,0
1,1,1,10,1,1,1,1,14,10,9,1,0,0,0,0,0,18,0,0,6,9,0,4.197273169261223,0,0,6,9,1,11.259181950778366,0,12.184154196283634,2.7160545366147755,-2.221594351863584,0
1,12,1,6,0,12,1,22,27,10,8,0,0,0,0,0,0,38,0,0,6,11,3,10.701842565419893,0,0,6,7,1,11.457788921496128,0,14.731390320372604,-0.08311556859845132,0.17187937050558622,0
1,2,1,8,1,1,14,2,3,8,9,0,0,1,0,0,0,19,1,0,5,10,0,0.0,0,0,5,6,0,0.0,0,9.774707675518147,1.0819244816297644,2.9175843470354366,0
1,8,3,14,1,1,1,13,27,4,5,1,0,0,1,0,0,19,0,0,7,9,6,13.660137733277413,0,0,7,8,6,13.017581194433115,0,12.811322803523005,0.28062783812106395,1.51578479765133,0
1,1,5,12,1,1,1,12,13,9,5,1,0,0,0,0,0,18,0,0,8,8,6,13.403775814316509,0,0,8,8,6,13.403775814316509,0,12.647126238267433,3.6278994158192273,-1.7227517398970438,0
1,3,1,6,1,1,1,1,1,4,6,0,0,0,1,0,0,19,0,0,6,0,0,0.0,0,0,6,0,0,0.0,0,15.5,2.8,-4.06,0
1,12,1,16,0,1,1,22,27,9,9,0,0,0,1,0,0,35,0,0,5,5,0,0.0,0,0,5,4,0,0.0,0,10.867018248094096,0.6847206370566924,2.1777921865180896,0
1,13,1,16,0,1,1,22,27,9,8,0,0,0,0,0,0,27,0,0,5,15,2,12.617624833799512,0,0,5,12,3,12.577004539410892,2,16.03903177587624,0.8748865147277154,-1.6420574624980104,0
1,12,2,11,1,1,1,13,14,10,9,1,0,0,1,0,0,18,0,0,6,0,0,0.0,0,0,6,9,0,0.0,0,11.46062458247776,1.0377220031573584,1.5375505311761708,0
1,1,3,12,1,1,1,1,14,5,7,1,0,0,1,0,0,18,0,0,7,0,0,0.0,0,0,8,0,0,0.0,0,15.450185467384783,2.7034843430580144,-3.9089996980101196,0
1,12,1,8,1,1,1,22,27,8,9,0,0,0,0,0,0,32,0,0,5,7,0,0.0,0,0,5,5,0,0.0,0,10.54949947625958,0.7674992858085172,-2.6253668920337567,0
1,8,1,9,1,1,1,13,14,8,7,0,0,0,0,0,0,20,0,0,5,8,4,11.10536468859077,0,0,5,11,2,10.877157885425413,1,16.2,0.3,-0.92,0
1,12,1,12,1,7,1,5,15,4,4,0,0,1,0,1,0,25,0,0,5,5,0,0.0,0,0,5,5,0,0.0,5,10.322363901090469,-0.6507940748236007,-2.8215881496472015,0
1,8,2,15,1,1,1,6,2,3,1,1,0,0,0,0,0,19,0,0,5,10,0,0.0,0,0,5,10,0,0.0,0,7.6,2.6,0.32,0
1,8,2,15,1,1,1,23,14,6,6,1,0,0,1,0,1,18,0,0,5,8,5,12.284563256135907,0,0,5,7,4,12.403180657208528,0,10.809541971625585,1.3745547423317772,1.748905840183878,0
1,10,1,15,0,1,1,1,1,5,5,0,0,0,0,0,0,38,0,0,5,5,0,0.0,0,0,5,5,0,0.0,0,9.549339304960924,1.2330270358671909,3.1908961129906315,0
1,12,1,3,0,1,1,18,24,12,12,0,0,0,0,0,0,31,0,0,5,5,0,0.0,0,0,5,10,0,0.0,0,11.509434893039703,1.2554854847511718,1.3905376267619247,0
1,12,1,17,0,1,1,22,27,10,6,0,0,0,0,0,0,38,0,0,4,4,0,0.0,0,0,5,3,0,0.0,0,14.874471187816876,3.0010628324874324,-3.53276857258851,0
1,12,1,10,1,12,1,2,14,3,4,0,0,0,0,0,0,33,0,0,6,7,5,13.22994904296171,0,0,6,6,5,12.616737475715242,0,15.67312024268132,0.1625531067864312,-0.5282763543413289,0
1,12,1,17,0,1,1,20,27,8,8,0,0,0,1,0,0,29,0,0,5,7,4,11.286174367285717,0,0,5,6,4,13.17514688903681,0,10.8,1.4,1.74,0
1,8,1,7,1,1,1,13,14,5,9,0,0,0,0,0,1,21,0,0,6,13,2,12.283071972828996,0,0,6,7,0,0.0,0,15.5,2.8,-4.06,0
1,12,1,17,0,1,1,16,25,11,11,0,0,0,0,0,0,27,0,0,5,10,0,0.0,0,0,5,5,0,0.0,0,10.552859459111819,2.674755935673717,-1.3171549912544003,0
1,13,3,14,0,1,1,2,2,5,4,0,0,0,1,0,0,21,0,0,5,11,2,10.46601246697036,0,0,5,10,3,10.45760332452543,0,10.238822440546649,-0.706797506605928,-2.3911565016583567,1
2,12,1,9,1,1,1,22,27,7,10,0,0,0,1,0,0,35,0,0,5,6,4,13.7191888380274,0,0,5,9,4,11.928523785951114,0,10.045786412592001,1.6828300952779998,1.4053177205877003,1
2,12,1,17,0,1,1,22,27,10,4,0,0,0,1,0,0,34,0,0,5,9,4,11.274681077209866,0,0,5,10,4,10.780520119689985,0,9.907321048562883,1.537899834788514,0.4921334750515167,1
1,1,2,2,1,1,1,22,25,5,9,0,0,0,1,0,0,18,0,0,0,0,0,0.0,0,0,0,0,0,0.0,0,8.18044337808615,2.3328117783412963,0.3633029186826175,1
1,17,1,5,1,16,1,16,28,9,10,1,0,1,0,0,0,22,0,7,11,17,11,12.970241517058238,0,4,9,14,8,12.793164171910156,0,8.9,1.4,3.51,1
1,1,1,8,1,1,1,1,27,5,9,0,0,0,1,0,0,20,0,0,6,11,4,11.382217315989392,0,0,6,10,3,11.784206652974081,0,11.1,0.6,2.02,1
1,15,1,4,1,14,1,1,28,8,7,0,0,0,1,0,0,20,0,0,6,11,4,12.040599775200961,0,0,6,13,4,10.817017936582868,0,14.992771301467412,1.8172443965931102,-2.522463007573092,1
1,8,1,9,1,1,1,22,27,7,7,1,0,0,1,0,0,22,0,0,5,6,4,11.342338321558847,0,0,5,10,2,11.734416477110939,0,10.8,1.4,1.74,1
1,1,3,9,1,1,1,23,27,6,9,0,0,0,1,0,0,19,0,0,5,8,4,10.592526919055553,0,0,5,7,5,11.428974036115738,0,12.829326317717012,0.27102596388426087,1.503782454855326,1
3,12,1,5,0,1,1,22,27,9,9,0,0,0,0,0,0,43,0,0,6,11,4,12.614551051144433,0,0,6,14,2,10.100332554707826,0,8.769567678879826,1.5203990656493922,3.189939150482032,1
1,8,1,9,1,1,1,22,27,5,8,0,0,0,1,1,1,20,0,0,5,8,3,12.082734362787892,0,0,5,9,3,10.983126880181796,0,11.514207066054508,2.264566448381774,0.4469093119855214,1
1,8,1,9,1,1,1,13,14,4,4,0,0,0,1,0,0,20,0,0,5,9,4,11.023661740461385,0,0,5,9,3,10.543941616510569,0,10.190949097190238,1.4664597699792707,1.1134781610145106,1
1,14,1,12,1,1,1,13,27,9,8,0,0,0,1,0,0,19,0,0,7,8,5,12.350573415453905,0,0,7,8,6,12.631201077759735,0,11.135908545053464,0.9723595586261833,0.5837900025674807,1
1,1,2,7,1,1,1,3,1,4,3,0,0,0,1,1,0,18,0,0,5,9,3,12.845027458187749,0,0,5,8,2,11.0,0,8.350732152177963,1.9070164749126493,2.162181204190541,1
1,13,1,14,1,1,1,13,28,10,8,0,0,0,1,0,0,22,0,0,6,16,3,11.712386615272957,1,0,6,14,4,12.26818355049996,0,14.398376399362974,1.9826663608176893,-1.9811296568623837,1
1,1,1,8,1,1,1,1,28,5,5,0,0,0,1,0,0,18,0,0,5,7,1,4.149710368135921,0,0,5,7,2,13.49931857756091,0,10.917444633060452,1.0868143118387983,1.8496149908564206,1
1,14,3,12,1,1,1,3,3,3,3,0,0,0,1,1,0,19,0,0,5,12,2,11.329643699220435,0,0,5,9,3,10.687904986458783,0,11.155129682970975,1.593358658596783,-2.364762378842793,1
1,1,1,13,1,1,1,22,14,9,10,1,0,0,1,0,0,21,0,0,5,6,3,12.622253925072789,0,0,4,5,3,11.966690443804591,0,7.6,2.6,0.32,1
1,8,4,16,1,1,1,13,27,8,8,1,0,0,1,0,0,19,0,0,6,9,4,12.624036034991361,0,0,6,12,3,11.440211849098239,0,10.8,1.4,1.74,1
1,8,1,10,1,1,1,13,14,5,5,0,0,0,1,0,0,20,0,0,5,10,3,10.830945201395625,0,0,5,7,4,10.576191781564432,0,12.4,0.5,1.79,1
1,1,1,6,1,1,1,13,27,6,8,0,0,0,1,0,0,19,0,0,6,13,4,12.0,0,0,6,16,2,12.039410178920553,0,11.1,0.6,2.02,1
1,12,1,6,1,1,1,22,14,10,5,0,0,0,1,0,0,28,0,0,5,15,3,13.30715132676984,0,0,5,9,4,11.786712412883066,0,10.498292093511198,0.6976710366061794,-2.6474015840042724,1
1,8,3,7,1,1,1,3,1,3,4,0,0,0,0,1,0,19,0,0,5,9,4,11.743516378936434,0,0,5,9,4,14.521820812006643,0,11.456921978832556,0.7425057768716287,2.2534554846880015,1
1,8,2,9,1,1,1,13,14,6,6,0,0,0,1,0,0,19,0,0,5,9,4,11.632852990745826,0,0,5,7,5,10.740650451325948,0,12.4,0.5,1.79,1
1,1,4,12,1,1,1,1,2,9,10,1,0,0,1,0,0,18,0,0,7,10,5,12.203159606107642,0,0,7,8,7,13.54158655000827,0,13.649903860009925,-0.16661539200529346,0.9567307599933832,1
1,5,1,9,1,1,12,1,1,10,7,0,0,0,1,0,0,21,1,0,5,9,3,12.44458997757435,0,0,5,8,4,11.561923173490264,0,9.167015946178436,1.3029032922987505,3.329157381906423,1
1,8,1,9,1,1,1,1,1,4,4,1,0,0,0,0,0,19,0,0,6,10,5,11.777689139231558,0,0,6,13,3,14.418954853464683,0,8.244050714325155,2.005491648315241,1.9004013682286505,1
1,12,1,12,1,1,1,13,23,27,40,0,0,0,0,0,0,21,0,0,6,11,4,12.898778297246665,0,0,6,8,5,12.609108361451685,0,13.176090551189327,-0.06731482002514089,1.1080030792989741,1
1,1,3,7,1,1,1,1,14,5,7,0,0,0,0,1,0,18,0,0,5,7,5,12.114630169851477,0,0,5,8,4,12.426849150742612,0,8.9,1.4,3.51,1
1,7,1,9,1,1,1,22,27,10,10,1,0,0,1,0,0,18,0,0,5,8,3,11.501153692038079,0,0,5,9,4,10.754326345142793,0,7.607383629043701,2.597231139108612,0.3232764853881427,1
1,1,3,12,1,1,1,13,27,8,8,1,0,0,0,0,0,20,0,0,7,7,6,12.64114473205888,0,0,7,7,6,13.053806198660842,0,8.46658907986412,2.1048062400776453,0.7409146959340014,1
1,1,1,8,1,1,1,13,27,10,10,0,0,0,1,0,0,18,0,0,5,7,4,11.909293962202216,0,0,5,8,3,12.208232936761025,0,11.356737123637428,2.073944939140044,0.732012786677499,1
1,1,2,3,0,1,1,3,1,3,8,0,0,0,1,0,0,19,0,0,6,9,4,11.723214923813439,0,0,6,9,3,8.75893431432095,0,9.4,-0.8,-3.12,1
1,15,1,5,1,14,1,3,3,5,3,0,0,0,1,0,0,27,0,0,6,8,5,14.224102877787901,0,0,6,12,3,15.013175259251275,0,11.28606638121301,0.5856872014451531,1.987080563323852,1
1,1,1,6,1,1,1,13,14,4,4,1,0,0,1,0,0,18,0,0,5,9,5,12.571212523187583,2,0,5,7,3,12.65909234471756,0,9.4,-0.8,-3.12,1
1,12,1,12,0,1,1,13,27,8,10,0,0,0,1,0,0,26,0,0,5,7,5,12.0,0,0,5,8,4,10.928671162999374,0,12.7,3.7,-1.7,1
1,1,1,7,1,1,2,1,14,5,8,1,0,0,1,0,0,19,0,0,6,7,5,12.97829363094011,0,0,6,13,5,12.483726843660248,0,11.60962962059062,0.9445833384177764,1.7653009256434569,1
3,12,1,3,0,1,1,22,27,10,9,0,0,0,1,0,0,26,0,2,7,12,5,11.754635291860117,0,0,7,10,6,12.146388793798184,0,12.179604715815486,1.1398023579077436,0.5281825745095095,1
1,1,1,6,1,1,1,22,27,10,7,0,0,0,1,0,0,20,0,0,5,9,2,11.345625953883783,0,0,5,12,3,11.0,0,10.470668701618736,1.5234992368929738,1.5938592363433142,1
1,1,1,10,1,1,1,13,14,8,5,0,0,0,1,1,0,20,0,0,5,8,5,11.379523475246101,0,0,5,10,3,12.536481351484595,0,10.336054892571433,3.1901294866330545,-0.7636923299988814,1
1,8,3,7,1,1,1,1,14,5,8,1,0,0,1,0,0,19,0,0,5,13,3,11.545414121331701,1,0,5,9,3,11.087062260275397,0,9.4,-0.8,-3.12,1
1,1,2,12,1,1,1,1,20,18,37,1,0,0,1,0,0,19,0,0,6,11,4,12.975124808128532,0,0,6,9,3,11.149349535853782,1,14.136600833270379,0.40859995614366434,0.5515294057466518,1
1,13,1,7,1,1,1,22,27,8,8,0,0,0,1,0,0,25,0,0,5,11,4,11.445547393918423,0,0,5,13,4,11.698021063963743,0,10.588126383782463,-0.28514523369426625,-1.1754331518760366,1
1,9,1,13,1,1,1,1,27,7,10,1,0,0,1,0,0,25,0,0,6,7,6,12.6793069128192,0,0,6,8,5,13.13854197335637,0,11.568077944953988,2.700457669492506,-1.8800229618858821,1
1,1,1,9,1,1,1,23,27,8,6,0,0,0,1,0,0,19,0,0,5,12,3,10.730069681443581,0,0,5,8,4,11.825174203608954,0,14.148529578971221,0.40797212742256733,0.5430223265757875,1
1,1,3,12,1,1,2,1,2,5,3,0,0,0,1,0,0,19,0,0,7,9,5,12.18381990504123,0,0,7,9,5,11.83746832374342,0,12.4,0.5,1.79,1
1,1,2,13,1,1,1,23,1,7,5,1,0,0,1,0,0,18,0,0,6,8,5,13.032696506806044,0,0,6,6,5,13.244716476872279,0,15.913731376040154,1.322387942713733,-2.2041192560484486,1
1,8,4,11,1,1,1,13,27,5,8,1,0,0,1,0,0,19,0,0,6,8,5,11.637490692535673,0,0,6,6,5,10.871353003233626,0,14.264988831042809,0.4071658601454402,-0.31637239409851103,1
1,1,1,3,0,1,1,1,27,7,4,0,0,0,1,0,0,22,0,0,6,12,2,10.024406144636089,0,0,5,11,1,10.016270763090725,0,9.417084301245263,-0.7731532409003021,-3.0606930685343037,1
1,1,1,4,0,1,1,1,1,4,10,1,0,0,1,1,0,22,0,0,6,7,6,11.559047095280938,0,0,6,6,5,12.943344429237818,0,8.884983356143273,2.1181312414462723,0.8902113642885776,1
1,1,1,5,1,1,1,1,1,7,9,0,0,0,1,0,0,19,0,0,5,8,4,11.791387833815484,0,0,5,6,4,12.257554632996557,0,7.6,2.6,0.32,1
1,1,1,4,0,1,1,1,1,4,10,1,0,0,1,1,0,21,0,0,6,8,6,11.505084590747398,0,0,6,6,5,13.194515359430298,0,8.508226960854554,2.2594148896795425,0.723025713879208,1
1,1,1,16,1,1,1,1,27,7,10,1,0,0,1,0,0,19,0,0,6,10,3,11.081811852415658,0,0,6,10,4,12.281164762267208,0,9.4,-0.8,-3.12,1
1,8,1,5,1,1,1,1,27,5,6,0,0,0,1,0,0,20,0,0,5,6,5,12.153597655618157,0,0,5,8,5,11.629900879143191,0,10.8,1.4,1.74,1
1,1,2,9,1,1,1,22,14,4,7,1,0,0,1,0,0,19,0,0,5,8,4,12.736565931574244,0,0,5,9,3,14.397686986410068,0,10.8,1.4,1.74,1
2,12,1,5,1,1,1,22,27,9,8,0,0,0,1,1,0,26,0,0,5,12,4,11.657475742821457,0,0,5,10,5,12.047896452351214,0,10.517708762796476,0.12046603995003924,0.25942531810228675,1
1,1,1,8,1,1,1,1,27,5,6,0,0,0,1,0,0,21,0,0,5,10,3,11.534188728787484,0,0,5,9,2,11.378918305049979,0,14.499655674668057,2.2998278373340284,-2.6777060231776786,1
1,15,1,4,1,1,1,2,1,3,5,1,0,0,1,0,0,20,0,2,7,13,6,11.503564100673392,1,1,7,16,4,12.14410078439488,0,12.572920941273855,2.344490040254455,-0.22164695015251468,1
1,12,1,17,0,6,1,21,26,10,10,0,0,0,1,1,0,38,0,0,5,10,2,10.643964808237863,0,0,5,8,3,11.669251219221682,1,7.6,2.6,0.32,1
2,12,1,9,1,1,1,22,27,8,8,0,0,0,1,0,0,37,0,0,5,8,3,11.153737565788164,0,0,5,9,4,12.221968256588774,0,10.984485078945797,0.9080397894778764,1.9121860736827432,1
1,1,2,7,1,1,1,1,1,4,6,0,0,0,1,0,0,19,0,0,5,9,4,11.700099396688694,0,0,5,12,2,11.588147591157036,0,10.791483430950375,0.7762951823140707,1.87014909503304,1
1,1,1,11,1,1,1,12,1,4,8,0,0,0,1,1,0,22,0,0,6,9,5,12.958265141757082,0,0,6,9,6,12.205196386361017,0,11.489525343600572,0.4747954252712443,1.8488870812040339,1
1,13,1,14,1,1,1,2,14,5,8,0,0,0,1,0,0,19,0,0,6,16,4,12.567196402010591,0,0,6,8,4,13.164324587436496,0,14.06127136482542,0.01246326934924813,0.3011461753729506,1
1,12,1,3,1,1,1,1,2,4,3,0,0,0,1,0,0,23,0,0,6,12,5,12.704042712597571,0,0,6,12,5,12.567111452786069,0,15.679210872297563,2.159961170365844,-3.2561112299795,1
1,4,1,2,1,1,1,2,2,3,3,1,0,0,1,1,0,19,0,0,0,0,0,0.0,0,0,0,0,0,0.0,0,7.6,2.6,0.32,1
1,1,1,2,1,1,1,1,2,3,3,1,0,0,1,0,0,18,0,0,0,0,0,0.0,0,0,0,0,0,0.0,0,10.446221945242343,1.3547778989564747,1.1916554707304676,1
1,7,1,13,1,1,1,1,1,5,4,0,0,0,1,1,0,19,0,0,5,9,0,0.0,0,0,5,5,0,0.0,0,7.6,2.6,0.32,1
1,1,1,10,1,1,1,13,28,10,9,1,0,1,1,0,1,18,0,0,6,8,5,11.583750104452148,0,0,6,11,3,10.918750522260746,0,7.70562432106103,2.502500626712896,0.5791858339882183,1
1,13,2,13,0,1,1,22,27,10,6,0,0,0,1,0,0,26,0,0,6,7,5,12.157436522156935,0,0,6,7,5,12.489802513377132,0,8.271729161202922,2.3481015645489043,0.618079815283797,1
1,8,3,7,1,1,1,22,14,9,5,1,0,0,1,0,0,18,0,0,5,8,4,12.471221744015454,0,0,5,7,3,14.605273053899634,0,7.67367233532044,2.572372874254835,0.35269209879844526,1
1,1,1,10,1,1,1,1,14,5,10,1,0,0,1,0,0,19,0,0,5,6,4,11.130273442197648,0,0,5,10,4,11.488525408241184,0,10.8,1.4,1.74,1
1,14,1,7,1,1,1,1,1,2,2,0,0,0,1,1,0,34,0,0,5,11,1,13.686259994440785,1,0,5,7,3,14.571883328700656,0,10.429389991661179,-0.685623334259869,-2.2255744739121757,1
1,1,1,13,1,1,1,13,28,5,8,1,0,0,1,0,1,18,0,0,6,8,5,11.975338778167746,0,0,6,10,4,11.312782315139788,0,7.6,2.6,0.32,1
1,15,1,4,1,14,1,1,28,4,10,0,0,0,1,0,0,20,0,0,6,17,3,12.04594769291148,0,0,6,16,3,11.655179743438797,0,15.38972553701245,2.5863432279616214,-3.7257305340689886,1
1,12,1,17,0,1,1,22,27,9,9,0,0,0,1,0,0,49,0,0,5,9,2,10.55799079911659,0,0,5,6,3,11.077321065488787,0,12.792785278586544,3.390715738044851,-1.5074705469329197,1
1,8,3,12,1,1,1,13,2,10,5,1,0,0,1,0,0,18,0,0,7,8,6,13.65104802703633,0,0,8,8,7,13.585074589949254,0,10.831274089815544,1.3166024271585524,1.7691891504945068,1
1,1,1,2,1,1,1,14,27,5,6,1,0,0,1,0,0,18,0,0,0,0,0,0.0,0,0,0,0,0,0.0,0,8.110593177662647,2.4085275583765076,0.5465757225877994,1
1,9,4,15,1,1,1,13,27,8,8,1,0,0,1,0,0,20,0,0,6,10,3,12.623472114195593,0,0,6,14,3,11.422647135077622,0,11.219774868198149,1.5250393224420016,1.2219799498831359,1
1,1,1,14,1,1,1,1,27,4,10,0,0,0,1,0,0,19,0,0,5,7,4,12.512281078184573,0,0,5,6,4,11.168864825037884,0,7.992994501906348,2.4526270617851194,0.49439131022094196,1
1,1,1,7,1,1,1,22,27,10,7,0,0,0,1,0,0,19,0,0,5,7,1,12.292281896214757,0,0,5,7,2,10.23590603459508,0,8.975369137728855,0.0020805176232761013,-2.3084832409929206,1
1,1,1,9,1,1,1,3,14,4,10,0,0,0,1,0,0,19,0,0,5,7,5,11.78620662413606,0,0,5,8,4,12.615176663477477,1,15.819302826155234,0.20068769377962614,-0.6369599272719346,1
2,5,1,9,1,2,1,22,27,10,10,0,0,0,1,0,0,33,0,2,8,9,5,12.698004782613907,1,1,7,12,5,11.59953796993097,0,10.8,1.4,1.74,1
1,6,3,7,1,1,1,1,14,19,43,1,0,0,1,0,0,18,0,0,5,7,4,12.055952007321075,0,0,5,8,3,12.01895940794971,0,9.46878223849128,1.2537417101022428,3.230484157084286,1
1,2,1,14,1,1,1,13,14,5,5,1,0,0,1,0,0,21,0,0,6,9,5,13.069749926469127,0,0,6,8,4,12.168147583553296,0,12.7,3.7,-1.7,1
1,15,1,4,1,14,1,3,3,5,3,0,0,0,1,0,0,21,0,0,6,14,4,12.337656864527561,0,0,6,17,4,11.483515344705092,0,15.016511796626563,0.36228885280912826,-0.0759860444363124,1
1,14,1,8,1,1,11,2,3,5,3,0,0,0,1,0,0,19,1,0,5,9,5,14.480315828260785,2,0,5,7,4,14.54188300196763,0,9.718353869227958,-0.29972963407035225,-2.014857282537233,1
1,10,2,5,1,1,1,8,27,30,40,0,0,0,1,1,0,21,0,0,5,9,1,6.484206867138759,0,0,5,7,1,6.889469796334932,0,9.76263233365263,1.086315515035407,2.925762646753445,1
2,12,1,15,0,1,1,22,27,10,10,0,0,0,1,0,0,36,0,0,5,7,4,10.996548703950607,0,0,5,7,3,11.712639031718883,0,8.282750257093987,1.3103606254891338,-0.9848116024462878,1
1,2,2,7,1,1,1,1,28,18,41,1,0,0,1,1,0,19,0,0,5,7,4,10.851150069631343,0,0,5,10,2,12.0,0,8.9,1.4,3.51,1
1,1,1,9,1,1,1,20,1,5,10,0,0,0,1,0,0,18,0,0,5,6,4,11.648413668631985,0,0,5,8,5,11.389133208711028,0,10.861673942512692,1.23553615329949,1.7975623463451784,1
1,1,2,11,1,1,1,22,27,8,8,0,0,0,1,0,1,18,0,0,6,8,6,10.90407003709517,0,0,6,8,4,11.141473407523671,0,8.279072356113623,2.345347866457391,0.6213383580254208,1
1,6,2,14,1,1,1,1,12,5,6,0,0,0,1,0,0,18,0,0,6,6,6,13.471694395123581,0,0,6,6,5,13.597518978846574,0,12.4,0.5,1.79,1
1,1,3,11,1,1,1,13,14,8,9,1,0,0,1,0,1,18,0,0,6,8,6,13.643791723387164,0,0,6,7,6,12.545255088725762,0,12.4,0.5,1.79,1
1,1,1,10,1,1,1,13,28,8,8,0,0,0,1,0,0,19,0,0,6,12,4,11.190418811325102,0,0,6,12,3,11.091538992547884,0,14.215035788968754,1.8466394563316562,-1.635148182408778,1
2,12,1,17,0,1,1,19,24,12,12,0,0,0,1,0,0,41,0,0,5,9,2,10.931759070306478,0,0,5,7,3,12.295277210919435,0,8.29605748287392,2.7501300453257476,0.04430664403817319,1
1,1,1,12,1,1,1,2,1,3,8,0,0,0,1,0,0,19,0,0,7,10,5,13.904506083784582,0,0,7,8,7,13.166582389632236,0,12.4,0.5,1.79,1
1,8,1,6,1,1,1,2,14,3,10,0,0,0,1,0,0,18,0,0,5,8,2,12.835749694202967,0,0,5,9,3,12.263059893990363,0,9.090240391420203,2.041159853217424,0.9812941736927148,1
1,1,1,8,1,1,1,1,1,4,6,1,0,0,1,0,0,19,0,0,5,9,3,11.307782637452098,0,0,5,11,2,11.778744532866389,0,8.225088071515795,2.0229956262931115,1.8538699601041446,1
1,12,1,12,1,1,1,22,27,9,9,0,0,0,1,1,0,33,0,0,7,15,5,11.224606299919069,0,0,7,16,3,12.387982284842183,0,15.914591537287553,0.5772539352063761,-0.9836053145473451,1
1,1,4,12,1,1,1,1,1,3,4,0,0,0,1,0,0,19,0,0,7,9,5,12.57887596750178,0,0,7,9,6,12.42120621587653,0,11.161204672409703,-0.036811308622462624,-0.23749501948945495,1
1,11,1,12,1,1,1,13,27,9,9,0,0,0,1,0,0,25,0,0,6,7,0,0.0,0,0,7,7,0,0.0,5,10.694890655220998,1.439416004292126,1.6933577282543175,1
1,8,2,16,1,1,1,23,28,8,8,1,0,0,1,0,0,18,0,0,6,8,5,13.382549892575826,0,0,6,7,5,12.07270878093406,0,7.757050966817568,2.303348173789038,0.01985815230420318,1
1,8,5,10,1,1,1,1,14,5,7,1,0,0,1,0,0,18,0,0,6,13,4,10.684160993379997,0,0,6,12,3,10.827421475857173,0,10.219147261098602,0.31701899240718334,-2.7675184512848445,1
1,9,2,2,1,1,1,2,28,4,6,0,0,0,1,0,0,32,0,0,0,0,0,0.0,0,0,2,0,0,0.0,0,9.99750071277394,1.4,2.4875914412579614,1
1,1,3,12,1,1,1,2,1,4,5,0,0,0,1,0,0,19,0,0,7,9,5,12.400021397338216,0,0,7,8,6,11.513631792705429,0,12.4,0.5,1.79,1
1,1,1,14,1,1,1,1,14,5,5,0,0,0,1,1,0,19,0,0,6,10,6,13.11108534489872,0,0,6,8,5,12.72396547435617,0,11.144042908320573,0.5966120839753405,2.012207793143283,1
1,1,1,12,1,1,1,15,28,29,40,1,0,0,1,0,0,19,0,0,7,9,6,13.22552961159896,0,0,8,10,6,11.894399186941737,0,11.1,0.6,2.02,1
1,1,4,12,1,1,1,10,1,6,10,0,0,0,1,0,0,18,0,0,6,8,5,13.651722016035723,0,0,6,8,6,11.452954108491602,0,12.04879313207374,0.6975538632085211,1.7790247853773045,1
1,1,2,9,1,1,1,1,14,5,8,0,0,0,1,0,0,21,0,0,5,12,0,2.91466531260889,0,0,5,11,0,3.0534588989235996,0,10.31603766967708,0.4491422768323814,-2.7258262148662262,1
1,1,4,9,1,1,1,22,27,8,8,0,0,0,1,0,0,18,0,0,5,8,1,10.779902785918903,0,0,5,9,2,12.243219916905387,0,7.6,2.6,0.32,1
1,14,1,7,1,1,1,1,1,2,2,0,0,0,1,1,0,34,0,0,5,11,1,13.638042353023678,1,0,5,7,3,14.531701960853066,0,10.35706352953552,-0.6936596078293868,-2.2884181332258056,1
1,1,1,5,1,1,1,3,1,4,7,1,0,0,1,0,0,19,0,0,6,11,3,11.007586841203405,0,0,6,9,0,0.0,0,10.945521047220439,-0.1302742128711436,-0.59049721938255,1
1,8,1,9,1,1,1,1,1,5,10,0,0,0,1,0,0,20,0,0,5,10,4,10.585324789409654,0,0,5,10,3,10.145629683100665,0,15.5,2.8,-4.06,1
1,12,1,3,0,1,1,22,27,6,5,0,0,0,1,0,0,42,0,0,6,8,5,12.59022422636257,0,0,6,9,4,12.082022023965974,0,11.873986994665596,2.7082022023965973,-2.0496282324854826,1
1,13,1,14,0,14,1,22,27,10,9,0,0,0,1,0,0,29,0,2,6,12,5,12.341701030729919,0,3,7,10,7,12.202374688507406,0,10.860892282662842,1.1921258399947847,-2.491373623823868,1
1,8,1,11,1,1,1,1,1,5,6,0,0,0,1,0,1,19,0,0,6,11,5,12.280695517534234,0,0,6,10,5,12.288912683066506,0,15.5,2.8,-4.06,1
1,15,1,4,1,14,1,1,28,4,10,0,0,0,1,0,0,20,0,0,6,13,4,12.309953520710893,0,0,6,13,3,11.589178286488943,0,14.756111550293854,1.3587161286943414,-1.8050881368282439,1
1,8,1,11,1,1,1,1,1,5,10,0,0,0,1,0,0,21,0,0,6,12,4,11.98252883644266,0,0,6,10,2,11.17961427381762,0,8.19028118854034,2.378644554297373,0.5819372774147756,1
1,12,1,3,0,1,1,22,27,7,5,0,0,0,1,0,0,45,0,1,6,9,5,12.821050629407159,0,0,6,7,5,12.350875524505966,0,14.661131447053863,3.0696363205898294,-3.352953648231114,1
1,13,1,7,1,1,1,1,1,8,3,0,0,0,0,1,0,29,0,0,5,5,0,0.0,0,0,5,7,0,3.4093061889547203,0,12.939195528567307,0.22689277465663854,1.0844400799551803,1
1,1,1,7,1,1,1,3,28,2,2,1,0,0,1,0,0,18,0,0,6,9,5,12.384050537485665,0,0,6,15,4,11.616619110804994,0,12.668313842081448,0.37544079627791643,1.167452209684718,1
1,1,1,9,1,1,1,22,27,7,8,0,0,0,1,0,0,19,0,0,5,11,2,10.19107036488775,0,0,5,11,2,10.6178592702245,0,7.6,2.6,0.32,1
1,1,1,16,1,1,1,13,27,3,8,0,0,0,1,0,1,18,0,0,6,9,4,12.159956404414853,0,0,6,9,4,11.349836516555701,0,9.181722025613272,2.640043595585146,-0.5569547433146997,1
1,1,2,14,1,1,1,13,1,6,8,1,0,0,1,0,0,18,0,0,6,7,5,12.286748400126756,0,0,6,8,3,12.069877399809867,0,12.816900302947069,0.29395789838386616,1.1219176490968663,1
1,1,1,11,1,1,1,23,14,10,5,0,0,0,1,0,0,20,0,0,6,10,5,11.730777671179311,0,0,6,10,3,11.936463656882758,0,9.098341851012414,2.038121805870345,0.9848891963867585,1
1,8,2,5,1,1,1,3,1,3,5,1,0,0,1,0,0,18,0,0,6,6,6,12.812487993525526,0,0,6,7,2,11.625104056112107,0,11.512545624603002,2.2625552297825795,0.4499173954556197,1
1,10,1,10,1,1,1,1,27,22,43,1,0,0,1,1,0,21,0,0,6,9,5,11.804528113418012,0,0,6,11,2,12.933411078839747,0,8.9,1.4,3.51,1
1,6,1,7,1,1,13,1,2,22,31,0,0,0,1,0,0,19,1,0,5,10,2,13.622576390030751,0,0,5,11,1,10.836564813292332,0,8.9,1.4,3.51,1
1,10,1,7,1,1,1,22,2,10,3,1,0,0,1,0,0,24,0,0,5,9,3,10.843788663138271,0,0,5,12,3,10.862484534744691,2,8.920148466450962,2.104944325080889,0.9058158819876144,1
1,1,1,12,1,1,1,23,14,5,7,0,0,0,1,0,0,21,0,0,5,8,5,12.67645781886367,0,0,5,10,2,14.5,0,11.011786596233708,0.8352357433767772,1.937667489818128,1
3,12,1,17,0,1,1,22,27,10,10,0,0,0,1,0,0,28,0,0,5,9,3,11.129618438435516,0,0,5,8,5,10.893247880362546,0,13.7007928007356,2.727801279285416,-1.4769661758360662,1
1,1,2,6,1,1,1,13,27,10,10,1,0,0,1,0,0,18,0,0,5,8,4,12.919587496840736,0,0,5,5,5,12.872352269855215,0,10.958762490522206,1.325585214348464,-2.449259776805596,1
1,4,2,6,1,1,1,22,14,10,7,0,0,0,1,0,0,19,0,0,5,7,4,12.099158081557064,0,0,5,8,2,12.43976711976147,0,7.6,2.6,0.32,1
1,6,1,8,1,1,6,1,1,10,9,0,0,0,1,1,0,20,0,0,5,8,3,12.172970683870805,0,0,5,8,3,11.851359935484483,0,9.814067101936415,1.4,2.6584743313539727,1
1,4,2,2,1,1,1,1,27,3,6,1,0,0,1,1,0,18,0,0,0,0,0,0.0,0,0,0,0,0,0.0,0,13.135956159459871,2.0958167283497486,-1.1426693031632442,1
1,1,1,9,1,1,1,22,27,9,10,0,0,0,1,0,0,19,0,0,5,9,2,10.703931156801278,0,0,5,9,2,10.96089271351104,0,7.6,2.6,0.32,1
4,12,1,17,0,1,1,22,27,10,10,0,0,0,1,0,0,30,0,0,5,10,3,10.367660493110439,0,0,5,9,4,12.552844449604843,0,12.430894443799396,0.8295407338602097,1.4305946371337088,1
1,14,1,14,1,1,1,9,2,5,4,0,0,0,1,0,0,18,0,0,4,4,0,0.0,0,0,5,7,2,12.67181405655241,0,14.394440818923396,0.6677990924415304,-0.03059492191411739,1
1,7,2,5,1,1,1,1,3,4,3,1,0,0,1,0,0,18,0,0,5,10,1,11.0,0,0,5,10,4,11.056627522852917,3,7.985067155399834,2.6830537001842782,0.16748320511614379,1
1,1,2,8,1,1,1,1,14,4,8,1,0,0,1,0,0,19,0,0,5,5,4,11.274026133775765,0,0,5,11,3,11.466233153859568,0,10.8,1.4,1.74,1
1,1,1,8,1,1,1,22,27,10,10,0,0,0,1,0,0,21,0,0,5,8,4,11.71049044309448,0,0,5,10,2,11.090767284906766,0,14.73755480678316,3.0450716692482693,-3.417367622860093,1
1,8,2,16,1,1,1,13,1,9,4,1,0,0,1,0,0,20,0,0,6,11,5,11.72649892760565,0,0,6,9,3,12.846145614728327,0,15.646124213021974,0.41282654919922734,-0.6471648901182323,1
1,15,1,6,1,14,1,1,1,7,5,0,0,0,0,0,0,23,0,1,6,11,4,12.973920619993365,0,1,6,17,2,12.553156933318588,0,12.4,0.5,1.79,1
1,1,2,6,1,1,1,23,14,8,6,0,0,0,1,0,0,19,0,0,5,6,3,12.0,0,0,4,6,3,13.101499542972242,0,7.6,2.6,0.32,1
1,1,1,2,1,1,1,1,3,4,8,1,0,0,1,0,0,18,0,0,0,0,0,0.0,0,0,0,0,0,0.0,0,12.4,0.5,1.79,1
1,8,1,8,1,1,1,2,2,3,3,1,0,0,0,0,0,18,0,0,6,8,5,12.367957771891314,0,0,6,12,4,13.81954252882257,0,8.691725517293541,1.5922533686521152,2.9989264616664597,1
1,12,1,8,1,1,1,13,14,9,6,1,0,0,1,0,0,23,0,0,5,13,4,13.38423284003169,0,0,5,9,3,11.89359500800922,0,9.4,-0.8,-3.12,1
1,14,1,8,1,1,1,13,27,5,7,1,0,0,1,0,0,18,0,0,5,10,1,12.81596899072969,0,0,5,9,2,12.81596899072969,0,10.61927907363929,3.251217055098671,-0.8758713193630137,1
1,10,1,15,1,1,1,13,14,3,5,0,0,0,1,0,0,18,0,0,6,10,5,11.813794183318462,0,0,6,8,6,13.559608820368101,0,13.9,-0.3,0.79,1
1,6,1,10,1,1,1,20,14,29,40,1,0,0,1,0,0,20,0,0,6,9,5,12.844556010339375,0,0,6,7,5,11.776726881629365,0,9.45855484089527,1.1968891487653566,3.1317060395754766,1
1,8,2,15,1,1,1,22,27,8,8,1,0,0,1,0,0,18,0,0,6,7,5,13.36077738006131,0,0,6,7,5,12.245141374616816,0,8.227561919019049,2.364664280367857,0.5984806015647031,1
1,8,1,9,1,1,1,17,1,10,3,1,0,0,1,0,0,20,0,0,5,9,2,11.417584646517673,0,0,5,9,2,10.32966141392931,0,10.95165236373181,0.9955936967151728,1.8815422061496894,1
1,1,3,10,1,1,1,1,28,5,9,0,0,0,1,0,0,19,0,0,6,10,5,11.750060897650805,0,0,6,8,5,11.936073605235867,0,11.626436326389452,0.5595048979700421,1.9268612653310968,1
1,1,2,10,1,1,1,1,14,8,8,0,0,0,1,0,0,21,0,0,6,12,0,3.562348081910005,0,0,6,14,0,3.7319837048581004,0,11.642833993433905,1.6517408622781922,0.7579109652661697,1
1,1,1,2,1,1,1,2,2,3,3,1,0,0,1,0,0,18,0,0,0,0,0,0.0,0,0,0,0,0,0.0,0,9.666671114735198,1.6958313873033508,0.9529180288876545,1
1,8,1,15,1,1,1,13,27,10,6,0,0,0,0,0,0,18,0,0,6,7,5,12.554984193005401,0,0,6,6,5,11.8,0,11.06623814475405,0.6900316139891977,1.9884889351037809,1
1,7,1,3,1,1,1,2,1,5,3,0,0,0,1,0,0,26,0,10,13,16,10,11.820764863804822,0,8,13,21,10,11.904029803774696,0,10.153573305868278,-0.17941021869671248,-0.841548945786502,1
1,14,1,8,0,1,1,22,27,10,9,1,0,0,1,0,0,32,0,7,12,13,7,11.169326446574042,0,5,12,13,7,11.431715194377915,0,8.102536426641088,1.6507645274557226,-0.6404029486918574,1
1,6,1,1,1,1,13,1,2,3,5,0,0,0,1,1,0,20,1,1,7,10,7,13.290548822667521,0,0,7,8,5,12.814895010880699,0,8.9,1.4,3.51,1
1,1,3,12,1,1,1,3,1,5,4,1,0,0,1,0,0,19,0,0,7,10,4,12.647987282492045,0,0,7,8,5,11.104085816541152,0,12.4,0.5,1.79,1
1,15,1,6,1,14,1,1,1,4,6,1,0,0,1,0,0,22,0,1,6,12,3,12.745275713592017,0,1,6,15,3,13.037063635873142,0,12.4,0.5,1.79,1
1,1,1,11,1,1,1,13,14,5,6,1,0,0,1,0,0,21,0,0,6,8,5,11.793149851037414,0,0,6,6,4,12.661987760684525,0,12.457944955311225,1.1180795233197247,1.1159070198794254,1
4,12,1,4,1,1,1,22,27,10,9,0,0,0,1,1,0,28,0,0,5,12,4,12.186753407225627,0,0,5,10,5,12.283532424739834,0,11.036503841543286,0.5477090459768243,1.8280174973720564,1
1,8,5,12,1,1,1,2,28,3,10,0,0,0,1,0,0,19,0,0,7,8,6,13.415009325176161,0,0,7,10,6,14.666003354792583,0,11.188944439076362,0.7723298507104523,1.813204179147457,1
1,12,1,12,1,1,1,13,14,5,6,0,0,1,1,0,0,26,0,0,6,12,4,13.209228827686186,0,0,6,7,5,13.655190033655485,0,13.9,-0.3,0.79,1
1,8,2,10,1,1,1,13,1,8,5,1,0,0,1,0,0,19,0,0,5,8,4,11.971277616773717,0,0,6,10,4,12.307697033407095,0,10.921917692482056,1.0748861533811822,1.853789846316586,1
1,8,1,9,1,1,1,1,2,3,3,0,0,0,1,0,0,19,0,0,5,10,3,11.495241950548966,0,0,5,9,4,11.9659933740712,0,13.60717217109904,3.4084089450038806,-2.464616544212047,1
2,14,1,17,0,1,1,22,27,4,10,0,0,0,1,0,0,32,0,7,10,15,7,10.400353129360518,0,6,10,13,9,10.52171112440031,0,7.6,2.6,0.32,1
1,1,2,12,1,1,1,13,14,5,5,0,0,0,1,0,0,18,0,0,7,8,5,13.449769476808527,0,0,7,7,7,13.351917036772287,0,11.923213007384248,0.536675922508904,1.8743546217704792,1
1,12,1,17,0,1,1,22,27,7,7,0,0,0,1,0,0,39,0,0,5,10,3,10.919880766495003,0,0,5,6,4,11.823936408797335,0,13.583085535835203,0.7563815472159909,0.132402486858046,1
2,12,1,17,0,1,1,22,27,10,10,0,0,0,1,0,0,35,0,0,5,11,2,11.373440079555737,0,0,5,9,4,11.863903928399838,0,9.4,-0.8,-3.12,1
1,1,1,6,1,1,1,1,1,9,7,0,0,0,1,0,0,18,0,0,5,7,3,12.292407703445765,0,0,5,6,4,10.587636446572448,0,7.6,2.6,0.32,1
1,8,2,9,1,1,1,1,28,5,8,1,0,0,1,0,0,18,0,0,5,8,2,12.691110189688235,0,0,5,11,3,11.154444905155882,0,9.134756255836942,1.4,3.29130601429927,1
1,2,1,10,1,1,1,13,1,6,8,0,0,0,1,0,0,24,0,1,7,9,5,13.061357599895189,0,0,6,8,5,12.57404068179844,0,11.1,0.6,2.02,1
1,12,1,4,1,1,1,13,14,8,6,1,0,0,1,0,0,24,0,0,6,11,5,11.760526151351801,0,0,6,12,4,11.472040398646119,0,13.317766981070621,1.1809238891814282,0.058084890560280655,1
1,1,2,2,1,1,1,22,27,5,9,1,0,0,1,0,0,18,0,0,0,0,0,0.0,0,0,0,0,0,0.0,0,7.6,2.6,0.32,1
1,1,1,10,1,1,1,1,1,10,10,0,0,0,1,1,0,20,0,0,6,7,5,12.254080614176655,0,0,6,8,4,11.874665779460551,0,8.9,1.4,3.51,1
1,12,1,4,0,1,1,13,27,6,5,0,0,0,1,0,0,33,0,0,5,7,4,12.830167678562706,0,0,5,6,1,4.59016671438108,0,10.987084128535841,3.3305475571351817,-1.021550968557333,1
1,1,3,5,1,1,1,1,28,9,8,0,0,0,1,0,0,18,0,0,5,5,5,13.706634604264531,0,0,5,6,5,13.693937829989654,0,11.327360469150541,0.582510733142266,1.9797746862272119,1
1,2,1,6,1,1,1,1,1,4,4,0,0,0,1,0,0,18,0,0,5,9,3,11.854776315121963,0,0,5,6,4,12.727705590853683,0,7.6,2.6,0.32,1
1,8,1,6,1,1,1,2,14,3,9,0,0,0,1,0,0,18,0,0,5,5,3,13.960067204042716,0,0,5,7,3,12.678076036940176,0,7.644496544066688,2.558926267015365,0.4291876735174879,1
1,15,1,6,1,14,1,1,1,9,8,0,0,0,1,0,0,20,0,3,7,11,6,13.991655809433258,0,1,6,10,5,13.799009925138106,0,11.807290772978375,0.6524109440912752,2.0812742487077704,1
1,1,1,6,1,1,1,13,14,9,9,0,0,0,0,0,0,18,0,0,5,7,3,13.44663534803426,0,0,5,6,4,13.095385136379917,0,8.451250211654342,1.8142305738575306,2.4088370578287304,1
1,8,4,11,1,1,1,13,1,9,5,1,0,0,1,0,0,18,0,0,6,8,5,12.849464510451204,0,0,7,10,6,12.585903281852442,0,11.032150356960402,0.7809323814389277,1.9566736664963753,1
1,1,4,12,1,1,1,1,1,5,4,1,0,0,1,0,0,20,0,0,7,8,5,12.91263515796067,0,0,7,8,6,13.134656579084732,0,13.355863158001082,-0.00979368426724364,1.1527578946659456,1
1,1,3,11,1,1,1,13,27,7,8,1,0,0,1,0,0,20,0,0,6,7,5,12.986564737661189,0,0,6,7,5,12.986564737661189,0,8.266873504121335,2.3082428419469156,0.5242300106371593,1
1,14,1,5,1,14,2,13,1,6,5,0,0,0,1,0,0,22,0,0,6,11,5,12.749826165695781,0,0,6,17,2,11.97560613767541,0,13.080482627750973,1.004874207686205,0.5058634282763916,1
1,1,5,12,1,1,1,1,1,4,5,1,0,0,1,0,0,20,0,0,7,8,6,13.222850416212127,0,0,7,8,7,13.785215840596013,0,13.9585412900426,-0.284728359119322,0.7464758234900676,1
1,14,1,6,1,1,1,13,28,5,9,1,0,0,0,0,0,18,0,0,5,11,4,12.77975877478803,0,0,5,11,3,11.740080408403989,0,13.635710529745637,0.580964900847877,0.24159934922219684,1
1,7,1,2,1,1,1,3,2,3,3,0,0,0,1,0,0,24,0,10,16,18,10,12.754465837643098,0,8,12,15,9,13.366428322642898,0,12.05728622223881,0.3514906963034841,1.2290917837308517,1
1,15,1,10,1,14,1,18,27,4,8,1,0,0,1,0,0,20,0,0,6,11,2,12.0,0,0,6,9,2,10.85855584500836,0,13.030169325755892,0.7776457180367835,1.003609573548137,1
1,1,2,2,1,1,1,22,27,5,9,1,0,0,1,0,0,18,0,0,0,0,0,0.0,0,0,0,0,0,0.0,0,7.6,2.6,0.32,1
1,1,1,12,1,1,1,22,27,10,8,1,0,0,1,0,0,18,0,0,6,7,5,13.396461403285155,0,0,6,6,5,12.737191272974158,0,11.646295275689898,0.923958907424433,1.7664467273653093,1
1,16,1,9,1,15,1,14,14,28,28,0,0,0,1,0,0,28,0,5,10,17,7,12.181753969150757,0,2,8,14,7,11.763896424939425,0,9.537374985875541,1.236103575060575,3.1967757212268766,1
1,1,1,6,1,1,1,2,1,4,2,0,0,0,1,0,0,18,0,0,5,11,2,13.030443265699308,0,0,5,7,3,11.484778367150346,0,8.472601060870623,0.9517535516888229,-1.3476375829971907,1
1,4,1,12,0,1,1,18,27,7,7,0,0,0,1,0,0,18,0,0,5,9,0,0.0,0,0,5,7,0,0.0,1,7.6,2.6,0.32,1
1,14,1,17,0,1,1,22,27,8,9,0,0,0,1,0,0,30,0,8,12,15,8,10.467710868028583,0,7,11,17,9,10.362034783974593,0,8.935036499611599,0.07826438962253679,-2.23140308814661,1
1,12,1,17,0,1,1,22,28,10,4,0,0,0,1,1,0,37,0,0,5,7,4,12.099422926580452,0,0,5,7,4,12.172787885225066,0,15.018153365057447,1.8664221447988034,-2.599402387830386,1
1,1,1,14,1,1,1,2,27,3,10,0,0,0,1,0,0,19,0,0,5,7,4,12.559744995640301,0,0,5,8,4,11.821493690054151,0,9.511839860489662,1.8830600523163765,1.1683789380922875,1
1,12,1,5,1,1,1,2,3,5,3,1,0,0,1,0,0,25,0,0,6,11,3,11.80450577687352,0,0,6,17,4,12.656727672218173,0,13.07587163323167,1.0014531472363988,0.5145648211595941,1
1,1,1,14,1,1,1,2,28,3,10,1,0,0,1,0,0,19,0,0,6,7,5,12.458021667107731,0,0,6,10,4,12.596841145144168,0,10.303075834877061,0.6191191690925248,0.014963255358941385,1
1,1,2,12,1,1,1,13,14,7,8,0,0,0,1,0,1,18,0,0,7,8,6,13.644582847496437,0,0,7,7,7,12.880706441648467,0,12.4,0.5,1.79,1
1,13,2,7,1,1,1,23,14,9,7,0,0,0,1,0,0,18,0,0,5,8,2,10.154322246312885,0,0,5,9,0,1.4219692695973016,0,15.5,2.8,-4.06,1
1,1,1,6,1,1,1,22,14,9,6,0,0,0,1,0,0,19,0,0,5,9,2,13.171888594080073,0,0,5,10,4,11.459656619258169,0,10.8,1.4,1.74,1
1,15,1,8,1,1,1,1,1,4,4,0,0,0,1,0,0,20,0,0,5,8,5,13.258756097265657,0,0,5,10,3,12.769592714130114,0,11.964578798692967,0.3220996718486889,1.6402028848598749,1
1,14,1,10,1,1,1,13,27,5,6,1,0,0,1,0,0,19,0,0,5,11,1,11.78878923763032,0,0,5,8,2,11.683183856445481,0,13.808856502440815,2.622825111914637,-1.4528834080274755,1
1,14,1,13,1,1,1,1,24,23,43,1,0,0,1,0,0,22,0,0,7,10,5,12.518200872680303,0,0,7,12,2,13.322583875911674,0,8.9,1.4,3.51,1
1,1,1,2,1,1,1,2,2,3,3,1,0,0,1,0,0,18,0,0,0,0,0,0.0,0,0,0,0,0,0.0,0,9.85762394245561,1.6122895251756704,1.0113973323770309,1
1,6,1,5,1,1,1,23,28,3,3,1,0,0,1,0,0,20,0,0,5,7,4,11.713692066587814,0,0,5,8,3,12.24659409546339,0,14.98215239952688,2.9664510144377885,-3.6235284510297983,1
1,4,1,2,1,1,1,1,2,5,8,1,0,0,1,0,0,18,0,0,0,0,0,0.0,0,0,0,0,0,0.0,0,12.4,0.5,1.79,1
1,1,2,8,1,1,1,1,1,5,3,1,0,0,1,1,0,18,0,0,4,5,0,0.0,0,0,4,5,0,0.0,0,7.6,2.6,0.32,1
1,8,1,6,1,1,1,22,27,5,7,0,0,0,1,0,0,20,0,0,5,7,4,12.928085245305645,0,0,5,8,4,12.610577983905067,0,10.978425573591693,0.924198470422151,1.9065305353522473,1
1,10,1,5,0,1,1,1,11,4,6,0,0,0,1,0,0,21,0,0,5,6,3,11.296525619871877,0,0,5,10,3,12.956861475226823,0,11.604056169632175,0.9477184045819015,1.7651267553010055,1
1,8,3,12,1,1,1,1,1,5,5,1,0,0,1,0,0,18,0,0,6,8,6,12.63753196224522,0,0,7,9,6,13.252192311516703,0,13.480303872448443,-0.07616206530583669,1.0697974183677044,1
1,1,1,8,1,1,1,13,27,9,9,1,0,0,1,0,0,18,0,0,5,10,3,13.254868920704048,0,0,5,5,4,13.250789777819856,0,13.073025555450359,3.337632317562507,-1.616868590499634,1
4,12,1,17,0,1,1,22,27,10,10,0,0,0,1,0,0,30,0,0,5,10,3,10.380006179553483,0,0,5,9,4,12.463955507214923,0,12.442005561598135,0.9480593237134368,1.301335300075033,1
1,1,3,10,1,1,1,13,1,4,6,0,0,0,1,0,0,19,0,0,6,9,5,12.140964436407053,0,0,6,8,3,11.631841901317308,0,13.161685352623074,-0.06268457762884522,1.1143310772405783,1
1,13,1,6,1,1,1,2,2,5,3,0,0,0,1,0,0,24,0,0,5,10,3,12.029823313039426,0,0,5,16,3,12.764466880883882,0,12.053552088617852,0.5266498393370882,1.8512946304753028,1
1,1,1,7,1,1,1,13,14,10,8,0,0,0,0,1,1,18,0,0,5,6,4,13.995692169221485,0,0,5,6,4,13.67775992799517,0,9.837353975393281,1.158966120613156,3.049357474949587,1
1,8,1,15,1,1,1,23,28,9,6,0,0,0,1,0,0,20,0,0,6,8,4,11.933723018966186,0,0,6,8,5,11.582602672771737,0,13.970542970574254,1.8973696219782479,-3.8243131790720977,1
2,14,1,17,0,1,1,22,27,4,9,0,0,0,1,0,0,31,0,7,10,15,7,10.482013064854078,0,6,10,14,9,10.770579499237824,0,7.6,2.6,0.32,1
1,4,3,12,1,1,1,13,1,7,6,0,0,0,1,0,0,18,0,0,7,8,5,13.29015668227207,0,0,8,9,7,12.824222879661622,0,11.1,0.6,2.02,1
4,12,1,5,0,1,1,22,27,10,9,0,0,0,1,0,0,48,0,0,5,9,4,11.804548324854931,0,0,5,8,5,11.97068224872824,0,10.202612129451161,0.46124763199468144,-0.33378932204811296,1
1,15,1,12,1,1,1,2,27,24,43,1,0,0,1,0,0,22,0,0,7,11,4,12.529345408312567,0,0,7,12,2,13.311124790374679,0,9.70946518410852,1.124781837403103,3.0696509398449643,1
2,13,1,15,0,1,1,22,27,10,10,0,0,0,1,0,0,33,0,0,5,6,5,10.685257801858828,0,0,5,8,3,11.688079960011443,0,9.4,-0.8,-3.12,1
1,1,1,8,1,1,1,1,1,5,6,0,0,0,0,0,0,18,0,0,5,9,3,11.486059081957153,0,0,5,7,2,13.385455688532135,0,8.602184790183552,1.6749063475228754,2.7792072928350224,1
1,8,3,9,1,1,1,13,1,6,5,1,0,0,1,0,0,20,0,0,5,8,3,11.144490985112329,0,0,5,13,3,10.844072119101375,0,9.990850483370963,0.1284793310115122,-1.0689047505836595,1
1,8,1,12,1,1,1,22,14,9,9,0,0,0,1,0,0,18,0,0,5,7,5,12.09278436026221,0,0,5,9,5,11.834573046486474,0,15.5,2.8,-4.06,1
3,13,1,12,1,1,1,22,27,10,10,0,0,0,1,0,0,38,0,0,7,11,5,13.08603385328457,0,0,7,11,5,13.08603385328457,0,10.667606967402307,1.4496473872241353,1.681250591784773,1
1,1,2,13,1,1,1,22,27,10,8,1,0,0,1,0,1,18,0,0,6,8,6,13.510849554634055,0,0,6,6,5,12.881649979157828,0,12.45531127620369,1.0899869461726823,1.1465454868304183,1
1,6,1,2,1,1,1,22,27,9,9,1,0,0,1,0,0,18,0,0,0,0,0,0.0,0,0,0,0,0,0.0,0,10.510921726151656,1.5084043526931294,1.6117215159797968,1
1,1,1,7,1,1,1,3,1,4,2,0,0,0,1,1,0,18,0,0,5,10,2,13.484718332454827,0,0,5,7,3,11.0,0,7.6,2.6,0.32,1
1,1,1,14,1,1,1,1,14,5,5,0,0,0,1,1,0,19,0,0,6,10,6,13.096968871015283,0,0,6,8,5,12.733785630101169,0,11.188724616960318,0.5931750294645908,2.004302567768559,1
1,11,1,4,0,1,1,22,27,10,10,1,0,0,1,0,0,35,0,7,12,12,7,11.847511166763638,0,3,11,12,7,12.1829848757368,0,7.6,2.6,0.32,1
1,10,2,10,1,1,1,1,1,4,6,0,0,0,1,1,0,28,0,0,5,7,0,0.0,0,0,5,9,1,10.562806603642757,0,10.8,1.4,1.74,1
1,14,1,4,1,1,1,1,1,4,7,1,0,0,1,1,0,19,0,3,6,7,3,11.63448140087311,0,1,6,13,4,10.495265451857165,0,13.798616412750297,0.0379452908323441,0.5796290564568662,1
1,6,3,5,1,1,1,22,27,10,10,0,0,0,1,0,0,19,0,0,6,6,6,11.786922143520318,0,0,6,6,6,12.407177620373968,0,7.6,2.6,0.32,1
1,15,1,5,1,14,1,1,19,8,10,0,0,0,1,0,0,20,0,0,6,14,4,12.33911370389331,0,0,6,13,4,11.748053955601062,0,15.92728326690557,1.2739883324801058,-2.1433293455950126,1
1,15,1,6,1,14,1,1,2,7,6,0,0,0,0,0,0,20,0,2,6,10,4,13.164514757940434,0,1,6,20,2,11.974653398528883,0,12.4,0.5,1.79,1
1,14,1,10,1,8,1,22,14,21,13,0,0,0,1,0,0,21,0,1,6,9,4,12.039664937305206,0,1,6,6,3,12.546275760189406,0,13.907267617597807,0.42067012538958914,0.715080199028933,1
1,11,1,7,1,1,1,12,1,29,29,0,0,0,1,1,0,23,0,0,5,10,5,11.467246435092738,0,0,5,12,2,11.272115915386179,0,15.864834636739321,0.35050436980640365,-0.7166051288705741,1
1,1,5,15,1,1,1,1,14,4,4,1,0,0,1,0,0,18,0,0,6,6,6,12.221310040860963,0,0,6,10,5,11.385144609034798,0,8.032004087747861,2.437998467094552,0.5117018139381139,1
1,1,2,12,1,1,1,1,14,5,3,0,0,0,1,1,0,18,0,0,6,11,5,12.027979251606377,0,0,6,10,4,11.485130814124792,0,10.222383401285102,-0.12274308129462219,-0.6334995984673983,1
1,8,4,14,1,1,1,1,14,5,10,0,0,0,1,0,0,20,0,0,6,9,5,12.586472504951303,0,0,6,10,4,13.912610972009757,0,14.744248577301853,3.0429201001529753,-3.42300951515442,1
1,2,1,4,0,2,1,3,1,3,9,0,0,0,1,1,0,27,0,0,5,6,5,13.060419256244817,0,0,5,7,4,13.75271273561619,0,12.226487385384601,0.6177327241439288,1.3028506399627837,1
2,12,1,14,0,1,1,22,27,10,10,0,0,0,1,0,0,34,0,0,5,7,5,11.205583346530098,0,0,5,7,3,12.157818298950783,0,9.4,-0.8,-3.12,1
1,6,1,7,1,1,14,1,2,4,3,0,0,0,1,0,0,24,1,1,7,8,7,13.029664043078602,0,0,6,8,6,11.90728615852198,0,9.454646188914849,1.257376694279039,3.237431015733274,1
1,8,1,8,1,1,1,1,14,3,6,1,0,0,1,0,0,18,0,0,5,7,5,12.449352956619727,0,0,5,8,5,13.219417358122062,0,9.191825086302341,1.4,3.238141893286766,1
1,1,2,14,1,1,1,3,1,4,6,1,0,0,1,0,0,19,0,0,6,10,4,13.876899859989567,0,0,6,10,5,12.008952737455305,0,11.001519887991654,0.6358109498212168,2.0866978940420164,1
1,12,1,16,0,1,11,22,14,10,9,0,0,0,1,0,1,29,0,0,5,13,4,10.555240050315442,0,0,5,9,4,10.709912191198677,0,15.066918005526938,2.9392049267949125,-3.6949737475155624,1
1,1,1,13,1,1,1,13,1,5,6,1,0,0,1,0,0,18,0,0,6,7,6,12.430482146245755,0,0,6,10,4,12.30886730825791,0,14.502667918552016,0.8676690921945287,-1.0368371281107946,1
1,1,1,16,1,1,1,3,1,3,7,1,0,0,1,0,0,18,0,0,6,8,6,11.455310703616112,0,0,6,10,4,12.789519775725031,0,12.270135656971146,0.5937965752093716,1.2894745567346488,1
1,1,1,10,1,1,1,2,14,4,11,0,0,0,1,0,0,19,0,0,5,7,4,11.524493014364614,0,0,5,8,4,11.917862775138074,1,14.34032784696114,0.6788221052486565,-0.0039392727623396295,1
1,1,1,12,1,1,1,3,1,7,9,0,0,0,1,0,0,19,0,0,7,8,6,14.32529102765689,0,0,8,8,7,14.060073506090072,0,12.594537951659735,2.5750714843704996,-0.4731248376415762,1
1,1,1,12,1,1,1,13,1,4,8,0,0,0,1,0,0,20,0,0,6,8,6,12.7248042995955,0,0,6,9,4,12.0,0,12.255821941698906,0.22848580445392297,1.5122639327536946,1
1,14,1,4,0,4,1,22,27,10,10,0,0,0,1,0,0,36,0,6,11,12,7,11.567677955146637,0,4,11,12,7,12.135355910293274,0,8.632760576088664,2.009851099377906,0.8216265655287798,1
1,14,1,7,1,1,1,13,27,5,10,1,0,0,0,0,0,18,0,0,5,11,3,13.401713941731845,0,0,5,11,2,12.603999197374305,0,11.369202167089375,0.8649704310223518,0.6011944473860327,1
1,1,5,15,1,1,1,1,14,4,4,1,0,0,1,0,0,18,0,0,6,7,6,12.352728231355696,0,0,6,10,5,11.830420360358122,0,9.07098084083562,2.0483821846866426,0.9727477481208062,1
1,1,1,8,1,1,1,1,1,4,6,0,0,0,1,0,0,20,0,0,5,9,3,10.752724531752238,0,0,5,12,2,12.424066589630378,0,7.865766936293677,2.448133179260756,0.44908679762835757,1
1,7,1,7,1,1,1,1,2,10,11,1,0,0,1,0,0,19,0,0,5,7,4,12.019441336019739,0,0,5,8,2,12.46111732796052,0,10.652245846249983,1.4,1.877644659019754,1
1,15,1,7,1,14,1,1,1,5,5,0,0,0,1,0,0,20,0,0,5,7,4,12.005012979912381,0,0,5,6,4,12.404035448829468,0,10.803743025001246,1.3978945484367995,1.7401169695312888,1
1,6,1,2,1,1,1,2,3,4,4,1,0,0,1,0,0,23,0,10,16,18,11,12.879726716551897,0,8,12,15,9,13.478882386148134,0,12.286947858724803,0.5290705506136222,1.8455570522838114,1
1,1,1,5,1,1,1,1,1,5,9,1,0,0,1,0,0,19,0,0,5,7,4,11.39614719972385,0,0,5,10,2,11.007880727837577,2,7.6,2.6,0.32,1
1,1,1,15,1,1,1,22,27,9,7,0,0,0,1,0,0,19,0,0,6,11,1,16.53607814293815,0,0,6,11,1,16.53607814293815,0,9.4,-0.8,-3.12,1
1,8,1,13,1,1,1,22,27,9,9,1,0,0,1,0,0,18,0,0,6,7,5,12.803608338420142,0,0,6,9,5,13.108431549435766,0,10.894378967042824,1.1483227545524712,1.828087035906635,1
1,1,1,9,1,1,1,22,27,9,9,0,0,0,1,0,0,18,0,0,5,9,1,8.074302518167611,0,0,5,9,3,11.269143417272254,0,7.6,2.6,0.32,1
1,8,2,8,1,1,1,2,28,3,10,1,0,0,1,0,0,18,0,0,5,15,3,10.691934142823921,0,0,5,11,2,11.943148178646176,0,13.72944453593853,-0.3189506071179412,0.6418062523377,1
1,15,1,6,1,14,1,1,1,6,5,0,0,0,0,0,0,23,0,1,6,11,4,13.21101220291267,0,1,6,17,2,13.080027117583713,0,12.4,0.5,1.79,1
1,10,1,13,1,5,1,22,14,15,12,1,0,0,1,0,0,18,0,0,6,6,5,12.460373488297094,0,0,6,6,4,13.259616255690204,0,12.4,0.5,1.79,1
1,4,1,12,0,1,1,6,27,8,8,1,0,0,1,0,0,18,0,0,5,9,0,0.0,0,0,5,7,0,0.0,1,7.6,2.6,0.32,1
1,1,1,9,1,1,1,1,27,5,9,0,0,0,1,0,0,20,0,0,6,11,4,10.764739902538148,0,0,6,9,4,11.296724484459942,0,11.1,0.6,2.02,1
1,8,2,12,1,1,1,1,1,6,10,1,0,0,1,0,0,18,0,0,7,9,5,13.98996595628658,0,0,7,9,6,12.578001732527953,0,12.462743810494105,0.46653663440314436,1.7481707930039305,1
1,8,1,9,1,1,1,1,1,5,4,0,0,0,1,1,0,20,0,0,5,5,5,11.289929103265182,0,0,5,11,2,11.566632906316753,0,10.02685572462618,1.6899291032651822,1.3969172278028676,1
1,16,1,4,1,15,1,24,14,4,6,0,0,0,0,0,0,22,0,0,6,7,3,7.02844323867688,0,0,6,9,2,7.667392624011142,0,11.282934056793872,1.9054708605320334,0.7768468469803622,1
1,1,1,14,1,1,1,2,28,3,10,1,0,0,1,0,0,19,0,0,6,7,5,12.50361433821554,0,0,6,10,4,12.525602596538219,0,10.462650183754391,0.8698788601854697,0.5689142093188102,1
1,5,1,2,1,1,1,22,23,10,9,0,0,0,1,1,1,18,0,0,0,0,0,0.0,0,0,0,0,0,0.0,0,11.65527967925327,0.9309756597643355,1.4778981628094816,1
2,8,1,15,0,1,1,22,27,10,9,0,0,0,1,0,0,36,0,0,5,8,5,11.254892631915794,0,0,5,7,3,11.994749474470188,0,9.4,-0.8,-3.12,1
1,1,3,7,1,1,1,2,1,4,5,1,0,0,1,1,0,18,0,0,5,9,3,11.766921602159858,0,0,5,10,1,10.980576800179989,0,8.874749840233985,1.4233078397840142,3.448039992574162,1
1,1,1,9,1,1,1,22,27,10,10,0,0,0,1,0,0,19,0,0,5,8,2,10.112742218591304,0,0,5,10,2,11.064424124909317,0,7.90923579956472,2.48403657516323,0.45722338605684465,1
1,1,1,9,1,1,1,22,27,10,10,0,0,0,1,0,0,18,0,0,5,7,3,10.412224261029976,0,0,5,10,3,11.451111693627613,0,8.730672258825077,2.1759979029405963,0.821735814853628,1
1,1,1,12,1,1,1,5,1,3,9,0,0,0,1,1,0,20,0,0,7,9,5,13.584953686626674,0,0,8,9,7,13.299780710437275,0,12.860237182814613,0.25454016916553984,1.4831752114569248,1
1,1,1,9,1,1,1,23,27,6,6,0,0,0,1,0,0,18,0,0,5,11,4,11.54194525333788,0,0,5,8,4,12.025797903329355,0,14.018670355315033,-0.26904251600477397,0.7017711706136059,1
1,9,3,15,1,1,1,13,27,8,8,0,0,0,1,0,0,21,0,0,6,11,4,12.634471112592514,0,0,6,14,4,11.602900737284136,0,11.328132056719937,1.1029257180950354,1.7565041267724981,1
1,8,1,13,1,1,1,1,1,4,8,0,0,0,0,1,0,19,0,0,6,7,5,12.433313358729905,0,0,6,8,4,13.006814096103843,0,13.763087143098689,-0.2249187558928297,0.8319571658245952,1
1,10,2,5,1,1,1,8,27,30,41,0,0,0,1,1,0,21,0,0,5,8,1,6.2748134076792645,0,0,5,7,1,6.666989245659219,0,9.805819734666152,1.0706110055759448,2.896512997885197,1
1,1,1,11,1,1,1,1,1,10,11,0,0,0,1,0,0,20,0,0,6,8,6,12.856480963841213,0,0,6,8,5,12.401249900839387,0,8.901422300955163,1.3994827996526678,3.509036714353094,1
1,14,1,7,1,1,1,22,27,8,8,0,0,0,1,1,0,23,0,0,5,11,1,6.1138723958089765,1,0,5,11,3,11.574032236427136,0,9.4,-0.8,-3.12,1
1,8,1,8,1,1,1,13,28,5,9,0,0,0,0,0,0,18,0,0,6,10,2,12.757136188930133,0,0,6,12,3,12.261893648216889,0,10.9419630354244,1.0214319055349332,1.8724988330627734,1
1,14,1,14,1,1,1,19,1,8,9,1,0,0,1,0,0,18,0,0,6,14,4,13.31507497241634,0,0,6,7,4,12.11843062914497,0,12.93014994483268,0.23185325605949875,1.0872121136803081,1
1,8,3,7,1,1,1,14,27,32,38,1,0,0,1,0,0,18,0,0,5,10,3,10.706840859595488,0,0,5,8,3,11.25298494747569,0,9.321829025752626,1.291529679092182,3.302701164487281,1
1,2,3,11,1,1,1,1,17,16,38,1,0,0,1,0,0,19,0,0,6,11,4,12.73618121971342,0,0,6,9,4,12.085286095003466,0,11.458582850103987,0.7420786956875465,2.252639285091756,1
1,8,2,6,1,1,1,1,14,8,4,0,0,0,0,1,0,18,0,0,5,10,3,12.38519805557126,0,0,5,8,3,11.193608990775816,0,9.323717861128387,1.2459207777714956,3.2230274485994106,1
1,15,1,5,1,1,1,1,1,4,4,0,0,0,1,0,0,20,0,0,6,7,6,13.939868221972434,0,0,6,9,3,12.859099751808875,0,14.165148648868755,-0.23083078725162937,0.5928677436671438,1
1,1,5,15,1,1,1,1,14,4,4,1,0,0,1,0,0,18,0,0,6,7,6,12.337380124176635,0,0,6,10,5,11.77841736191613,0,8.949640511137641,2.093884808323385,0.9189029768173278,1
1,2,1,12,1,1,1,20,14,31,42,0,0,0,0,1,0,21,0,0,6,9,5,12.500532678957116,0,0,7,11,4,12.41377612093072,0,11.1,0.6,2.02,1
1,1,1,9,1,1,1,13,27,10,10,0,0,0,1,0,1,19,0,0,5,9,2,10.474506454812023,0,0,5,11,3,12.674750082643904,0,8.823690169022942,2.0646355510524628,0.6947551142632762,1
1,12,1,6,1,1,1,1,1,4,4,0,0,0,1,1,0,33,0,0,5,6,0,0.0,0,0,5,7,0,10.396291238888775,0,10.904276967828302,1.5262300136868923,1.5512038056161264,1
1,1,2,7,1,1,1,1,14,4,5,1,0,0,1,0,0,22,0,0,5,8,3,11.044856314963845,0,0,5,14,2,10.782057474014461,2,11.664773001568697,2.446830475583159,0.17430572347562312,1
1,1,2,15,1,1,1,13,1,6,9,1,0,0,1,0,0,18,0,0,6,7,5,12.263675389857177,0,0,6,8,4,12.104486915214233,0,12.280452814179377,0.5881387793209871,1.2863128472676104,1
1,5,3,12,1,1,1,13,1,7,4,0,0,0,1,0,0,19,0,0,6,8,4,11.800952691529975,0,0,6,14,3,10.0,0,9.4,-0.8,-3.12,1
1,8,2,16,1,1,1,23,28,8,8,1,0,0,1,0,0,18,0,0,6,8,5,13.330033470088646,0,0,6,8,5,12.291527207963977,0,8.229698769202189,1.410568991506976,-0.8834243144752953,1
1,14,1,13,1,1,1,13,14,3,4,0,0,0,1,0,0,19,0,0,6,11,5,12.185412110021707,0,0,6,7,3,14.162363300651233,0,14.738803673751804,-0.08118165032561647,0.166367703428007,1
1,8,1,13,1,1,1,6,1,7,5,0,0,0,1,0,0,19,0,0,6,9,0,0.0,3,0,6,6,0,0.0,3,8.390781050793674,1.1063024596119477,-1.1912704526279119,1
1,2,1,16,0,8,1,25,2,6,6,0,0,0,1,0,0,23,0,0,5,5,5,13.75681434846774,0,0,5,6,5,12.460601971698924,0,10.955681434846774,0.9848495070752691,1.8853026725236557,1
3,12,1,11,0,1,1,13,2,10,3,0,0,0,1,0,0,25,0,0,6,14,6,11.80241455753821,0,0,7,14,6,11.945927186212481,0,13.022004601734812,3.596498520870953,-1.9714038786050567,1
2,12,1,13,0,6,1,22,27,10,10,0,0,0,1,0,0,32,0,0,5,7,0,0.0,0,0,5,7,0,0.0,0,9.4,-0.8,-3.12,1
1,1,1,10,1,1,1,2,27,2,4,1,0,0,1,0,0,20,0,0,6,10,4,12.896928945573345,0,0,6,14,2,13.593161306375306,0,10.017445026447426,0.17027075584595563,-0.9765836939039345,1
1,1,2,12,1,1,1,3,1,4,5,1,0,0,1,0,0,19,0,0,6,10,5,13.089713473085116,0,0,6,8,6,11.679910929203995,0,11.874168915413595,0.5404485449681851,1.8830316534268257,1
1,13,1,4,1,14,1,13,1,4,4,0,0,0,1,0,0,22,0,0,6,10,4,12.897197897574502,0,0,6,12,3,13.274725446147343,0,15.5,2.8,-4.06,1
1,14,1,12,1,1,1,22,27,10,7,0,0,0,1,0,0,18,0,0,7,8,5,12.61627804438845,0,0,7,7,5,12.887443222883874,0,8.834945029774346,2.031533240262603,0.4121308196815781,1
1,1,3,6,1,1,1,13,28,10,9,1,0,0,1,0,0,19,0,0,5,6,5,12.123040894228472,0,0,5,6,4,11.869161713937906,0,9.4,-0.8,-3.12,1
1,8,1,10,1,1,1,1,1,4,5,0,0,0,0,1,0,21,0,0,5,10,5,11.279448274973152,0,0,5,12,3,14.441103450053694,0,8.039848272395297,2.19398621009665,1.3993199914930723,1
1,12,1,10,1,1,1,15,27,8,9,0,0,0,1,0,1,27,0,0,6,6,0,0.0,0,0,7,7,0,0.0,4,10.878643269928043,1.19028461352522,1.813400385266173,1
1,8,1,9,1,1,1,13,14,5,5,0,0,0,1,0,0,21,0,0,5,9,2,10.173389369959578,0,0,5,9,2,11.30644252016169,0,10.960504329636196,-0.12378145715764866,-0.5659745804954266,1
1,8,2,12,1,1,1,1,1,4,11,1,0,0,1,0,0,18,0,0,7,9,5,13.579119449502185,0,0,7,8,6,13.06023572440712,0,14.021904815288485,0.41463658866902714,0.6333257764653177,1
1,14,1,12,1,1,1,22,27,10,7,1,0,0,1,0,0,18,0,0,7,8,5,12.753932224961707,0,0,7,8,5,12.753932224961707,0,7.6,2.6,0.32,1
1,1,2,6,1,1,1,23,14,8,6,0,0,0,1,0,0,19,0,0,5,7,3,11.248489048749795,0,0,5,7,3,12.873740873958162,0,8.936019468889254,2.0989926991665295,0.9128586393196068,1
1,13,1,10,1,14,1,1,1,5,5,0,0,0,1,0,0,22,0,0,6,8,5,12.067257143678052,0,0,6,7,6,12.890977148849776,0,13.328868602294738,2.1532800091941775,-1.3807314666615915,1
1,1,4,10,1,1,1,13,27,10,7,1,0,0,1,0,1,19,0,0,6,8,5,11.425692106510873,0,0,6,8,3,10.039214267832385,0,8.918351504650623,1.4,3.4929041246149453,1
1,14,1,6,1,1,1,3,1,3,4,0,0,0,1,0,0,18,0,0,5,9,4,12.249881238212058,0,0,5,11,3,11.667141713818435,0,13.9,-0.3,0.79,1
3,3,1,17,0,1,1,22,27,10,8,0,0,0,1,0,0,37,0,0,5,7,4,10.953631772605819,0,0,5,7,4,11.387635139361553,0,9.0661487627619,-0.16939210743914357,-2.481973191056075,1
1,1,1,7,1,1,1,23,27,3,3,0,0,0,1,0,0,20,0,0,5,9,3,11.205345370026759,0,0,5,7,3,13.013363425066895,0,14.04387361471904,2.3945227742729323,-1.400508165862614,1
1,1,1,7,1,1,1,22,27,10,8,1,0,0,1,1,0,18,0,0,5,9,3,10.621726606283502,0,0,5,8,1,14.134820181149495,1,7.81571228983919,2.5191078913103038,0.4157223286161409,1
1,1,1,9,1,1,1,22,14,6,10,0,0,0,1,0,0,18,0,0,5,9,4,10.680534161609591,0,0,5,13,2,10.035014852873736,0,7.6,2.6,0.32,1
1,1,1,2,1,1,1,1,27,9,9,0,0,0,1,1,0,18,0,0,0,0,0,0.0,0,0,0,0,0,0.0,0,15.5,2.8,-4.06,1
1,8,1,9,1,1,1,1,1,9,4,0,0,0,1,1,0,18,0,0,5,6,5,12.027847170445106,0,0,5,7,4,12.495609680335232,0,15.5,2.8,-4.06,1
1,1,1,3,0,1,1,1,27,7,4,0,0,0,1,0,0,22,0,0,5,13,2,10.118057880818158,0,0,5,12,1,10.044271705306809,0,9.4,-0.8,-3.12,1
1,1,2,15,1,1,1,3,3,3,3,1,0,0,1,0,0,22,0,0,6,7,5,13.546111291737692,0,0,6,8,4,11.615038709282503,0,7.7804645113900515,2.5210467762668523,0.3752672566132035,1
1,1,1,11,1,1,1,13,27,4,9,1,0,0,1,0,0,19,0,0,7,9,5,12.830172683042324,1,0,7,9,5,12.830172683042324,1,10.839343980569515,-0.17628427508654387,-0.7642736851345617,1
1,15,1,4,1,14,1,2,2,7,7,0,0,0,1,1,0,19,0,0,6,10,4,11.09346995494087,0,0,6,12,4,11.72050480481822,0,12.4,0.5,1.79,1
1,12,1,12,1,1,1,3,14,3,8,0,0,0,1,0,0,22,0,2,6,8,4,14.014844694519635,0,2,7,9,4,13.92380556590326,0,14.739276481006788,3.0445182739621037,-3.4188187482771504,1
1,13,1,13,1,1,1,2,27,6,8,0,0,0,1,1,0,30,0,3,9,11,7,12.400918960846065,0,3,7,8,6,13.031284558585876,0,11.390789480953496,0.8550334135293431,0.6028049295314513,1
1,1,5,12,1,1,1,1,1,5,5,1,0,0,1,0,0,20,0,0,7,8,6,13.178605517663243,0,0,7,8,7,13.619714079110354,0,13.762450997332856,-0.22664053191085587,0.8816993351114302,1
1,1,1,6,1,1,1,22,27,10,8,0,0,0,1,0,0,19,0,0,5,8,1,13.504555695742633,0,0,5,7,2,10.44849395177123,0,10.510022530633792,0.7136670872278992,-2.6423539413636408,1
2,12,1,15,0,1,1,22,27,10,10,0,0,0,1,0,0,35,0,0,5,7,4,11.08963747456244,0,0,5,7,3,11.855852524967856,0,8.540534544942142,0.8234347484426214,-1.4774660192227593,1
1,8,1,9,1,1,1,2,3,3,3,0,0,0,1,0,0,19,0,0,5,10,3,11.0,0,0,5,7,4,11.566932048203839,0,14.750361060117006,3.0409553735338193,-3.428161464955762,1
1,7,1,5,1,1,1,1,3,4,3,1,0,0,0,0,0,18,0,0,6,10,1,11.00468490686017,0,0,6,11,4,11.0105968131361,3,7.604350270655873,2.595984365548425,0.3306748949171037,1
1,6,1,14,1,1,1,22,27,10,7,1,0,0,1,0,0,40,0,0,6,8,5,12.287845416030963,0,0,6,9,5,11.968231875953556,0,7.6,2.6,0.32,1
1,8,2,6,1,1,1,23,28,4,5,1,0,0,1,1,0,20,0,0,5,7,4,11.95840153410927,0,0,5,9,3,11.575710176493025,0,14.104086480662055,2.3841959729631648,-2.3373833165616826,1
1,14,1,7,1,1,1,1,1,9,3,0,0,1,0,0,0,26,0,0,5,5,0,0.0,0,0,5,7,0,0.0,0,13.164109108459506,-0.04979709687623224,1.1903246449980283,1
1,13,1,11,1,3,1,22,27,8,7,1,0,0,1,0,0,25,0,0,6,7,6,11.762961096028535,0,0,6,8,5,11.943110663046848,0,8.112004032578364,1.6328812717964227,-0.6584965955942077,1
2,12,1,9,1,1,1,22,27,8,10,0,0,0,1,0,0,36,0,0,5,6,4,12.987870176689139,0,0,5,9,4,11.710395905168177,0,10.923267439658732,1.0712868275767158,1.8550496103481495,1
1,10,1,12,1,1,1,13,1,8,5,0,0,0,1,0,0,19,0,0,7,7,0,0.0,5,0,7,8,0,3.0499221026645094,5,11.28540639073806,-0.4950077897335491,-2.5100155794670984,1
1,1,1,2,1,1,1,1,2,4,4,1,0,0,1,0,0,18,0,0,0,0,0,0.0,0,0,0,0,0,0.0,0,12.4,0.5,1.79,1
1,12,1,7,1,14,1,1,1,6,10,0,0,0,1,1,0,24,0,2,5,6,5,14.197422818444553,0,1,5,5,2,13.528187923262703,0,16.02861742656277,0.30902013544406465,-0.7977771647329243,1
4,12,1,7,1,1,1,22,27,9,10,0,0,0,1,0,0,34,0,0,5,13,1,16.693490723698478,0,0,5,10,2,11.093829370296385,0,9.553254638150761,-0.5591712829059468,-2.5879874704195003,1
2,12,1,17,0,1,1,22,27,10,10,0,0,0,1,0,0,35,0,0,5,6,4,10.534603422702803,0,0,5,7,3,11.300697488288304,0,8.304934252972641,1.2684575221627894,-1.0272076834588248,1
1,11,1,7,1,1,1,1,1,4,5,0,0,0,1,1,0,32,0,0,5,7,0,0.0,0,0,5,8,1,10.875562442703144,0,10.8,1.4,1.74,1
1,1,1,14,1,1,1,22,27,10,10,0,0,0,1,0,0,18,0,0,5,6,3,11.681194767480191,0,0,5,6,3,13.391039243898563,0,7.6,2.6,0.32,1
1,12,1,9,1,9,1,22,27,10,8,0,0,0,1,0,0,41,0,0,5,6,5,11.607214667066307,0,0,5,8,5,12.086008260352337,0,8.246434169141173,2.35758718657206,0.6068551625563956,1
1,1,1,12,1,1,1,22,14,8,10,1,0,0,1,0,0,21,0,0,5,6,3,12.49401156559879,0,0,4,5,3,11.870508674199094,0,7.6,2.6,0.32,1
1,10,2,9,1,1,1,22,1,6,10,0,0,0,1,0,0,19,0,0,6,11,5,13.427248988316945,0,0,6,7,4,13.341686766357192,0,13.9,-0.3,0.79,1
1,15,1,6,1,14,1,22,27,6,7,0,0,0,1,0,0,20,0,2,6,15,5,12.672556494973305,0,1,6,15,2,13.473495772620122,0,16.132855957304308,0.3035338969839837,-0.8721156958670213,1
1,8,1,2,1,1,1,20,27,10,7,1,0,0,1,0,1,18,0,0,0,0,0,0.0,0,0,0,0,0,0.0,0,8.190585211529335,2.7273811240553467,0.08608193582563595,1
1,8,1,10,1,1,1,1,1,8,8,0,0,0,1,0,1,19,0,0,6,11,4,11.460008477399233,0,0,6,11,5,11.865934757427985,0,15.5,2.8,-4.06,1
1,15,1,5,1,14,1,22,27,6,6,0,0,0,1,0,0,20,0,1,6,15,5,12.778988704962185,0,0,6,14,2,13.384468760610325,0,16.132606777022687,0.5406900820618237,-1.2223067430696504,1
1,14,1,17,0,14,1,22,13,9,8,0,0,0,1,0,0,26,0,1,5,6,5,12.69406489513949,0,1,5,6,5,13.1756792418222,0,9.41838565331729,-0.7848588737387024,-3.064410436440666,1
1,12,1,4,1,1,2,1,1,27,26,0,0,0,1,1,0,22,0,0,6,9,5,12.911478687440749,0,0,6,11,3,9.960927826774563,0,10.773524392876544,1.1176881051829866,2.373053005418755,1
1,8,1,6,1,1,1,1,28,5,9,1,0,0,1,0,0,20,0,0,5,12,2,11.246684787356141,1,0,5,11,2,10.581233011853618,0,9.51047689612092,-0.7090190267239485,-2.7859698552579246,1
1,1,1,6,1,1,1,13,27,10,7,1,0,0,1,0,0,18,0,0,5,10,4,13.799209881787256,2,0,5,6,5,12.322844425565878,0,10.725214780204109,1.0071110639146934,-2.5497560642758077,1
1,1,1,2,1,1,1,1,27,8,9,0,0,0,1,1,0,18,0,0,0,0,0,0.0,0,0,0,0,0,0.0,0,15.5,2.8,-4.06,1
1,1,1,7,1,1,1,22,27,10,9,1,0,0,1,1,0,18,0,0,5,7,3,10.153712797203346,0,0,5,8,1,15.538861608389961,0,10.062178573423939,1.6766830349660227,1.412591741956873,1
1,8,1,5,1,1,1,13,14,7,7,0,0,0,1,1,0,18,0,0,5,7,5,12.361559580374896,0,0,5,10,5,10.882259348521126,3,15.556441567452373,0.33387149644987507,-0.4610412231041927,1
1,1,1,11,1,1,1,13,14,9,4,0,0,0,1,0,0,20,0,0,6,7,6,12.80351046963892,0,0,6,9,4,13.240677524069993,0,12.6638983713895,3.3149159614880133,-1.280017720497864,1
1,8,1,10,1,1,1,1,1,9,9,0,0,0,1,0,1,19,0,0,6,11,4,10.833495670927181,0,0,6,12,5,11.543033244052161,0,15.5,2.8,-4.06,1
1,12,1,12,1,1,1,22,27,7,7,1,0,0,1,0,0,25,0,0,7,9,6,12.794523111176288,1,0,7,9,6,12.794523111176288,1,8.708636899315751,0.5059080790702486,-1.7987282964701017,1
1,1,3,5,1,1,1,1,28,9,8,0,0,0,1,0,0,18,0,0,5,5,5,14.201710557554636,0,0,5,6,5,13.935719109503426,0,11.147751518654598,0.5963268062573386,2.0115516543918788,1
1,8,5,12,1,1,1,2,27,3,10,1,0,0,1,0,0,20,0,0,7,7,6,13.571295480106341,0,0,7,10,6,14.74554700269922,0,10.95044592044164,0.6854594740333488,1.9473594470716535,1
1,8,1,17,0,1,1,22,27,5,6,0,0,0,1,0,0,24,0,0,5,8,2,11.413102847896983,0,0,5,10,3,13.92781329018592,0,7.6,2.6,0.32,1
1,6,1,7,1,1,12,1,1,8,7,0,0,0,1,1,0,20,1,0,5,9,3,12.437692068646257,0,0,5,7,4,11.548845469305187,0,8.9,1.4,3.51,1
1,12,1,17,0,1,1,13,27,10,9,0,0,0,1,0,0,27,0,0,5,8,4,11.118310907805386,0,0,5,7,4,10.588733180854039,0,10.621732854112695,0.8659993465173113,-2.5942846506545374,1
1,1,2,11,1,1,1,22,27,10,9,1,0,0,1,0,0,18,0,0,7,7,6,13.233586113298434,0,0,7,7,6,13.118213301012272,0,12.288984356230548,3.202454747015927,-0.9558453607542559,1
1,13,1,3,1,1,1,3,2,3,5,0,0,0,1,0,0,23,0,0,6,10,5,13.195218899970824,0,0,6,12,3,13.73089861777648,1,15.008001156644298,-0.010956220005835293,-0.033774772983369394,1
1,1,1,12,1,1,1,23,14,7,8,0,0,0,1,0,0,18,0,0,6,9,3,11.716439506035861,0,0,6,9,5,12.176610374356423,0,8.88872296822291,2.1167288869164094,0.8918708171489158,1
1,1,1,9,1,1,1,13,27,8,8,1,0,0,1,0,0,19,0,0,5,11,3,12.292427548021383,0,0,5,7,4,12.664955898795625,0,14.537610253010937,1.9148928970750883,-1.2904754293289908,1
2,13,1,17,0,1,1,22,27,10,10,0,0,0,1,0,0,32,0,0,5,6,4,10.538303378336986,0,0,5,9,4,11.380116683975764,0,9.4,-0.8,-3.12,1
1,4,1,9,1,1,1,13,14,8,9,0,0,0,1,0,0,20,0,0,5,6,5,15.130177698390856,0,0,5,7,5,14.37674733126179,0,11.769822301609144,0.5484752075685274,1.901492977407613,1
1,11,1,12,1,7,1,22,14,19,13,1,0,0,1,0,0,19,0,1,6,7,4,12.327457560579084,0,1,6,6,3,13.04030497495549,0,12.4,0.5,1.79,1
1,14,1,14,1,1,1,1,1,5,5,0,0,0,1,1,0,22,0,0,5,14,1,12.989007327420172,0,0,5,8,3,11.24664112782283,0,9.4,-0.8,-3.12,1
1,1,1,8,1,1,1,13,14,9,8,1,0,0,1,0,0,18,0,0,5,7,3,11.173077111034653,0,0,5,6,3,12.121795185057755,0,11.90769351062178,0.7153840891029719,1.6392311376279196,1
1,8,3,10,1,1,1,13,27,5,7,1,0,0,0,0,1,19,0,0,6,8,5,12.320113669533455,0,0,6,7,6,11.91345179167403,0,12.602533904996264,0.11704267339405788,1.3599583203052126,1
1,15,1,5,1,14,1,22,28,6,5,0,0,0,1,0,0,20,0,1,6,16,4,12.289604049601785,0,0,6,14,2,12.745874765870237,0,15.936056168054582,1.2426565426622032,-2.103976617583727,1
1,1,1,6,1,1,1,1,11,4,5,0,0,0,1,0,0,20,0,0,5,9,5,12.942323807892155,0,0,5,12,4,12.145601315123939,1,13.11840197268591,0.1286182730432115,1.0295219761123828,1
1,1,2,9,1,1,1,13,28,10,8,1,0,0,1,0,0,18,0,0,5,5,5,11.793026967953235,0,0,5,8,4,11.241283709941543,0,9.337242711579115,-0.6814584552049954,-3.0000638487956426,1
1,15,1,7,1,14,1,22,27,5,9,0,0,0,1,0,1,20,0,0,6,11,4,12.192644024415626,0,0,6,9,4,10.912871766096849,0,16.126445008859488,0.5626963969304,-1.2499466745445824,1
1,1,1,2,1,1,1,3,27,3,8,1,0,0,1,0,0,18,0,0,0,0,0,0.0,0,0,0,0,0,0.0,0,9.595822457014908,-0.4922789961194325,-2.4402163277911093,1
1,12,1,17,0,1,1,22,28,10,4,0,0,0,1,1,0,36,0,0,5,8,4,12.021283951113146,0,0,5,8,4,11.873255145933728,0,14.76810864356207,1.3819604969015074,-1.8414543257975193,1
1,11,1,12,1,1,1,13,14,2,2,0,0,0,1,0,0,20,0,0,5,11,4,11.469816436649957,0,0,5,8,4,13.061398920083839,0,13.31324535087943,0.012935812864303842,1.1811697660803797,1
1,1,1,12,1,1,1,3,1,3,3,0,0,0,1,0,0,19,0,0,6,11,3,10.636905207998069,0,0,6,9,5,10.745408125028737,0,15.5,2.8,-4.06,1
1,1,1,9,1,1,1,13,27,10,10,0,0,0,1,0,0,19,0,0,5,7,2,10.857507621247777,0,0,5,10,3,12.561570849369879,0,9.125365850657179,2.0279878060035577,0.996881096229123,1
1,1,2,9,1,1,1,3,1,4,4,1,0,0,1,0,0,19,0,0,5,6,5,13.167668430854356,0,0,5,9,5,11.402773541470827,2,16.0313686785737,0.30887533270664735,-0.7997392418249284,1
1,1,1,6,1,1,1,22,14,10,6,0,0,0,1,0,0,19,0,0,5,9,2,13.241338683357263,0,0,5,10,4,11.266974180012307,0,10.327019306710426,1.5773677599835907,1.530114817352751,1
1,1,1,2,1,1,1,3,3,2,3,1,0,0,1,0,0,19,0,0,0,0,0,0.0,0,0,0,0,0,0.0,0,13.846866447372182,-0.27166210526516393,0.8254223684185451,1
1,4,1,7,1,1,8,22,2,8,3,1,0,0,1,1,0,19,0,0,5,9,4,14.109683788456623,0,0,5,10,2,13.003211475972597,0,11.826976398169812,0.654248959572626,0.6353458582761606,1
1,1,1,14,1,1,1,1,1,4,4,1,0,0,1,0,0,18,0,0,6,7,6,13.851777224691144,0,0,6,7,5,14.783366713010135,0,10.860563209116464,0.7368210233620203,1.903702130142283,1
1,6,3,8,1,1,1,1,14,5,6,1,0,0,1,0,0,19,0,0,5,7,3,10.333333333333334,0,0,5,10,3,14.050303792176361,0,9.95268049447505,1.7177448145718568,1.364001969423303,1
1,1,4,14,1,1,1,1,14,5,5,0,0,0,1,0,1,18,0,0,6,7,6,12.436333003886796,0,0,6,9,5,11.626106311731682,0,8.584868362021343,2.0372180788449468,0.7983646329817955,1
1,1,1,12,1,1,1,10,1,5,10,0,0,0,1,0,0,19,0,0,6,8,5,12.607361998881009,0,0,7,9,5,13.102342586407694,0,13.9,-0.3,0.79,1
1,1,2,11,1,1,1,1,14,17,40,1,0,0,1,0,0,19,0,0,6,11,4,13.361913489968583,0,0,6,8,5,12.116073750354564,0,12.38221251063691,0.5045739258362234,1.7987412804870047,1
1,15,1,6,1,14,1,1,2,7,6,0,0,0,0,0,0,21,0,2,6,10,4,12.987000004994824,0,1,6,20,2,11.847857146424875,0,12.4,0.5,1.79,1
1,13,1,7,1,1,1,23,14,9,6,0,0,0,1,0,0,18,0,0,5,9,1,10.048783581673174,0,0,5,9,0,0.0,0,15.202420151793644,2.6243791059765766,-4.014143433227217,1
1,15,1,6,1,14,1,2,1,3,7,1,0,0,1,0,0,19,0,1,6,11,5,12.98476655044198,0,0,6,12,2,12.331506298501905,0,13.9,-0.3,0.79,1
1,8,1,8,1,1,1,22,27,6,6,0,0,0,1,1,0,18,0,0,4,8,0,0.0,0,0,4,4,0,0.0,0,7.6,2.6,0.32,1
1,15,1,5,1,8,1,22,14,4,8,0,0,0,1,0,0,30,0,1,5,8,4,11.027367215013614,0,3,5,11,5,10.203156286684818,0,9.315981668206925,1.6517783781252438,2.939667239116295,1
1,8,1,4,1,1,1,22,27,5,7,0,0,0,1,0,0,20,0,0,5,7,5,13.227813264301401,0,0,5,8,4,13.63821690617623,0,11.06834397929042,0.684416055225546,1.9904543806710588,1
1,8,3,16,1,1,1,13,27,5,10,0,0,0,1,0,0,18,0,0,6,8,4,12.660983556763364,0,0,6,8,4,10.997868833786262,0,15.5,2.8,-4.06,1
1,1,1,9,1,1,1,22,27,6,8,0,0,0,1,0,0,19,0,0,5,12,2,10.312827657920256,0,0,5,11,2,10.37434468415949,0,7.6,2.6,0.32,1
1,8,2,12,1,1,1,22,27,7,7,1,0,0,1,0,0,18,0,0,6,9,4,11.976299056567386,0,0,6,8,5,12.659487522964953,0,11.064871880741238,0.693674984690031,1.9872137553584892,1
1,10,2,14,1,1,1,13,27,10,9,1,0,0,1,0,0,19,0,0,6,8,5,11.716079020443615,0,0,6,8,5,11.50964741226617,0,9.251452865419573,1.98070517546766,1.0528322090299356,1
1,1,1,5,1,1,1,13,14,8,10,1,0,0,1,0,0,18,0,0,5,9,1,9.518394054168091,0,0,5,5,2,9.97165091389038,0,7.768275304999756,2.2821466461115723,-0.001592805110644857,1
1,8,1,14,1,1,1,1,14,7,8,0,0,0,1,0,0,18,0,0,6,6,6,14.2617585892261,0,0,6,7,6,13.306127669432401,0,10.400383703281491,1.0141870477276167,2.7726685801016675,1
1,7,4,9,1,1,1,22,27,10,10,1,0,0,0,0,0,19,0,0,5,8,3,12.331056005053282,0,0,5,9,4,11.21801197852355,0,9.541987180797527,1.4,2.911938257888619,1
1,15,1,6,1,14,1,1,1,7,8,0,0,0,1,0,0,20,0,2,6,11,5,14.168926919543004,0,0,6,10,4,13.839861817498374,0,13.084331638003901,0.1350231263979194,1.3337789079973992,1
1,12,1,3,0,1,1,11,27,5,6,0,0,0,1,0,0,35,0,0,5,5,3,11.454530664072367,0,0,6,5,0,0.0,0,12.185072945167924,3.3883336247069016,-0.9940079064012854,1
1,1,1,8,1,1,1,1,1,4,6,0,0,0,1,0,0,20,0,0,5,9,3,10.968235425185805,0,0,5,12,2,12.233909918953701,0,8.531315283662043,2.0678198379074035,0.7723531377787072,1
1,1,1,9,1,1,1,22,27,7,10,0,0,0,1,0,0,18,0,0,5,8,2,10.260630156090208,0,0,5,7,3,11.854593645513749,0,7.6,2.6,0.32,1
1,1,3,11,1,1,1,13,27,7,8,1,0,0,1,0,0,20,0,0,6,7,5,12.988101507544501,0,0,6,7,5,12.988101507544501,0,8.232828140552574,2.3231376885082486,0.513803618044226,1
3,12,1,4,1,1,1,13,14,8,5,0,0,0,1,0,0,35,0,0,6,14,2,12.672952623659555,1,0,6,12,3,12.754714467744666,0,15.5,2.8,-4.06,1
1,1,4,9,1,1,1,22,27,8,8,0,0,0,1,0,0,18,0,0,5,8,1,10.842659340297473,0,0,5,9,2,12.31643589701372,0,7.6,2.6,0.32,1
1,14,1,4,1,1,1,3,2,3,6,0,0,0,1,0,0,21,0,3,8,13,6,11.360185763188962,1,1,7,14,3,12.477233482550936,0,12.892480126396086,3.058399578679712,-1.3006037377281203,1
1,8,1,7,1,1,1,22,27,5,7,0,0,0,1,0,0,21,0,0,5,7,4,12.667342212078571,0,0,5,8,3,11.716601869983673,0,10.900202663623572,1.1327928970038097,1.8335224860486665,1
1,8,1,15,1,1,1,22,14,10,11,0,0,0,1,0,0,18,0,0,6,6,5,12.650753997913265,0,0,6,7,5,13.320391677618808,0,13.139939097033155,1.0489870719923402,0.39366331688904777,1
1,1,1,5,1,1,1,1,1,4,5,0,0,0,0,0,0,18,0,0,6,10,5,12.279230936088963,0,0,6,10,4,10.984804240562234,0,14.060792193827602,-0.25805421030584313,0.6704544993716529,1
1,1,1,9,1,1,1,1,14,5,6,0,0,0,1,0,0,19,0,0,5,8,5,11.915332724937132,0,0,5,9,4,12.86770738271427,0,9.10108477827431,1.4,3.322673653923406,1
1,1,3,6,1,1,1,13,28,10,9,1,0,0,1,0,0,19,0,0,5,6,5,12.219394442823752,0,0,5,6,4,12.053839348745527,0,9.4,-0.8,-3.12,1
1,12,1,17,0,5,1,22,27,9,9,0,0,0,1,0,0,37,0,0,5,9,4,14.939041993978224,0,0,5,5,5,16.54035937720397,0,10.251496929032527,-0.7053892301074971,-2.380143779440627,1
1,8,5,12,1,1,1,2,28,3,10,0,0,0,1,0,0,19,0,0,7,8,6,13.264459723427557,0,0,7,10,6,14.542924235324723,0,11.28938058756744,0.9669248884119144,1.5796901339057026,1
1,13,1,7,1,1,1,1,28,4,7,0,0,0,1,0,0,19,0,0,5,8,4,11.980657644092453,0,0,5,11,2,10.51381596850539,0,13.780077393373213,-0.2342359899143427,0.826750476224338,1
1,1,2,4,0,1,1,3,1,3,6,0,0,0,1,0,0,18,0,0,6,8,4,11.33183751096248,0,0,6,9,1,5.2365375986623155,0,9.4,-0.8,-3.12,1
1,11,1,7,1,1,1,13,27,9,10,0,0,0,1,0,1,23,0,0,5,7,5,11.901859494537392,0,0,5,8,3,13.637214440684396,0,12.7,3.7,-1.7,1
1,8,2,16,1,1,1,1,14,4,10,1,0,0,1,1,0,18,0,0,6,6,5,12.59691289754717,0,0,6,6,6,12.997427414622642,0,10.783535453584914,1.4061742049056576,1.732693857528305,1
1,8,1,9,1,1,1,22,27,9,9,0,0,0,1,0,1,20,0,0,5,8,1,10.3000884709865,0,0,5,12,4,11.448014155357841,0,12.7,3.7,-1.7,1
1,7,1,12,1,1,1,22,27,10,10,1,0,0,1,0,0,19,0,0,5,7,4,12.92564980617009,0,0,5,9,4,13.107109274046923,0,10.8,1.4,1.74,1
1,14,1,12,0,1,1,13,27,27,42,0,0,0,1,0,0,21,0,0,7,12,4,13.056525981952026,0,0,7,8,5,12.357679650861503,0,13.443506546346839,-0.1447922257579255,1.0383324387873194,1
1,1,1,6,1,1,1,23,27,2,2,0,0,0,1,0,0,20,0,0,5,8,3,11.333600026542884,0,0,5,8,3,13.331839851359854,0,12.70134413377613,3.6955195540795622,-1.6972109224145273,1
1,8,1,16,1,1,1,1,14,4,10,1,0,0,1,0,0,18,0,0,6,7,5,12.481648462677269,0,0,6,6,5,12.112363470079513,0,12.885945845313142,2.02134557094434,-0.8341459367694091,1
1,5,1,2,1,1,1,2,2,4,4,1,0,0,1,0,0,23,0,11,17,19,11,12.725291376285124,0,9,13,18,9,13.154865010272164,0,12.083626544920415,0.5243364196215066,1.845973765129465,1
1,1,1,2,1,1,1,3,2,3,3,1,0,0,1,0,0,18,0,0,0,0,0,0.0,0,0,0,0,0,0.0,0,11.158296012650041,1.0432454944656069,1.4097281538740754,1
1,15,1,4,1,14,1,4,4,5,3,0,0,0,1,1,0,21,0,0,6,13,5,12.779276726185952,0,0,6,13,2,11.320662340026084,0,13.133904885431713,0.46137342708254137,1.2666099369684358,1
1,1,1,16,1,1,1,1,27,5,10,1,0,0,1,0,0,19,0,0,6,9,4,12.043016647659762,0,0,6,10,4,12.89908213063842,0,9.4,-0.8,-3.12,1
1,14,1,4,1,12,1,23,14,5,6,0,0,0,0,1,0,23,0,0,6,6,0,0.0,0,0,6,7,0,0.0,0,13.345538395078266,2.3429929928953896,-1.5888978258700721,1
1,1,3,14,1,1,1,1,28,4,10,1,0,0,1,0,0,19,0,0,6,9,5,12.745793052737051,0,0,6,9,4,13.029343712512745,0,10.720467063073512,-0.22779760600147836,-0.9588355734363527,1
1,8,3,5,1,1,1,23,27,6,6,1,0,0,1,1,0,18,0,0,5,6,5,12.736796786016452,0,0,5,8,4,11.585350170848413,0,14.584833531435965,2.7768312286439483,-3.552603907302471,1
1,10,1,7,1,1,1,13,14,7,6,0,0,0,1,0,0,22,0,0,5,11,1,10.125565120662266,0,0,5,10,1,10.874434879337734,0,10.218433766953796,1.060974174211881,2.862083977382706,1
1,1,1,11,1,1,1,13,14,6,7,0,0,0,1,0,1,18,0,0,6,6,6,13.803519461555918,0,0,7,7,7,13.786113695699589,0,12.4,0.5,1.79,1
1,8,2,9,1,1,1,1,1,5,8,0,0,0,1,0,0,18,0,0,5,5,5,12.273622956899715,0,0,5,5,3,10.90933971024992,0,11.045603826149952,0.7450564636001266,1.9692302377399558,1
1,8,4,9,1,1,1,13,1,6,5,1,0,0,1,0,0,20,0,0,5,8,3,11.282112179523297,0,0,5,14,3,10.0,0,9.618362820758426,-0.6201717946695322,-2.4597735890009966,1
1,1,2,6,1,1,1,22,14,10,6,0,0,0,1,0,0,19,0,0,5,7,3,11.929164262933604,0,0,5,7,3,12.649971155203255,0,7.6,2.6,0.32,1
1,8,2,6,1,1,1,13,27,5,6,0,0,0,0,0,0,20,0,0,5,13,2,13.01105663124293,1,0,5,8,4,12.030712864563696,0,9.43132712185497,-0.7742011937664955,-3.0252815256855623,1
1,13,1,17,0,14,1,22,14,10,7,0,0,0,1,0,1,31,0,0,5,8,4,12.098907450559178,0,0,5,7,5,12.390729071319766,0,11.273605413154709,1.7549164724836948,-2.3137819131273676,1
1,7,2,11,1,1,1,22,27,8,8,1,0,0,1,0,1,18,0,0,6,9,4,11.949592709835526,0,0,6,8,5,12.772021262979713,0,11.052036450822365,0.7279027978070249,1.9752340207675412,1
1,12,1,13,0,1,1,22,28,4,4,0,0,0,1,0,0,29,0,0,6,14,1,10.261434140963464,0,0,6,14,1,10.522868281926929,0,13.79802339204655,3.3470639096993233,-2.625476859010664,1
1,12,1,1,1,1,1,3,1,3,5,0,0,0,1,0,0,25,0,0,6,9,6,14.211508029728499,0,0,6,12,4,13.77606702354349,2,15.787156156125183,0.19230160594569995,-0.6130595769452449,1
1,8,4,16,1,1,1,13,27,8,8,1,0,0,1,0,0,19,0,0,6,9,4,12.614534358727786,0,0,6,12,3,11.448273877443091,0,10.8,1.4,1.74,1
1,1,2,14,1,1,1,22,27,8,7,0,0,0,1,0,0,18,0,0,5,7,3,11.61492402417234,0,0,5,6,4,11.316789527193883,0,9.4,-0.8,-3.12,1
1,1,4,9,1,1,1,22,27,8,8,0,0,0,1,0,0,18,0,0,5,8,1,10.826246524692433,0,0,5,9,2,12.297287612141172,0,7.6,2.6,0.32,1
1,9,1,14,1,1,1,1,27,4,9,0,0,0,1,0,0,26,0,1,7,9,6,11.285714285714286,0,1,6,10,5,12.230552785527868,0,15.133366573665583,2.0896477364770685,-2.9486424264238003,1
1,1,1,4,1,1,1,13,27,5,5,0,0,0,1,0,1,18,0,1,6,8,6,12.070269482324882,0,0,6,12,5,11.231150291103017,0,13.63648944128169,-0.21040641003577454,0.9333497439427605,1
1,13,3,12,1,1,1,23,27,7,6,1,0,0,1,0,0,18,0,0,6,8,5,12.216256173443828,0,0,6,7,5,11.983327551738645,0,7.6,2.6,0.32,1
1,1,4,7,1,1,1,1,14,5,7,0,0,0,0,1,0,18,0,0,5,6,5,12.154196858506426,0,0,5,8,4,12.229015707467864,0,8.9,1.4,3.51,1
2,12,1,12,1,1,1,22,27,10,10,0,0,0,1,0,0,38,0,0,7,9,5,12.44151944355386,0,0,7,9,5,12.44151944355386,0,8.532569585271586,2.2502864055231555,0.7338277534642663,1
2,1,1,17,0,1,1,22,27,10,8,0,0,0,1,0,0,33,0,0,5,9,5,11.189429555374035,0,0,5,8,4,10.855390028299649,0,12.28880071945404,0.9048659983663185,-3.565159455128983,1
1,1,1,9,1,1,1,13,27,10,10,0,0,0,1,0,0,18,0,0,5,7,4,11.57972783880442,0,0,5,11,3,11.041371757541999,0,7.785345473788154,2.530495447329442,0.4022470539934936,1
1,1,3,9,1,1,1,1,1,5,3,1,0,0,1,0,0,18,0,0,5,6,0,0.0,0,0,5,6,0,0.0,0,7.7344499519641365,2.3460389796232963,0.06305120291298222,1
1,2,2,7,1,1,1,22,28,5,5,0,0,0,1,1,0,18,0,0,5,9,2,11.89296418922874,0,0,5,8,2,12.758274346402366,2,7.6,2.6,0.32,1
1,1,1,10,1,1,1,13,28,10,10,1,0,0,1,0,0,18,0,0,6,8,5,11.61050840239931,0,0,6,11,4,11.011821952699224,0,7.6,2.6,0.32,1
1,3,2,2,1,1,1,19,27,6,10,1,0,0,1,0,0,18,0,0,0,0,0,0.0,0,0,0,0,0,0.0,0,9.252133488347551,2.95634251709457,-0.334374440482756,1
1,8,2,7,1,1,1,1,14,7,7,0,0,0,1,0,0,18,0,0,5,7,3,12.087798694467315,0,0,5,10,4,13.98335935384758,0,10.966212507896904,0.9567666456082571,1.89513167403711,1
1,1,1,8,1,1,1,1,28,5,7,0,0,0,1,0,0,19,0,0,5,8,3,6.86428062006022,0,0,5,7,3,12.517634366959353,0,10.994272093020573,0.8819410852784739,1.9213206201525341,1
1,10,2,15,1,1,1,7,1,4,7,1,0,0,1,0,0,19,0,0,6,6,0,0.0,0,0,6,10,1,10.405604140771455,0,12.990262360165856,0.9538354451513997,0.6610929855479305,1
2,12,1,17,0,1,1,22,27,10,10,0,0,0,1,0,0,39,0,0,5,11,2,10.986343550338018,0,0,5,9,4,12.212290804695783,0,9.4,-0.8,-3.12,1
1,13,1,4,1,1,1,13,14,8,8,1,0,0,1,0,0,19,0,3,6,6,4,12.921248626511185,0,1,6,7,4,12.137655162654687,0,13.801560783138981,-0.24749908434078963,0.855626144574013,1
1,1,2,14,1,1,1,3,1,4,6,1,0,0,1,0,0,19,0,0,6,10,4,13.509160605370463,0,0,6,10,5,12.035697410518512,0,10.70732848429637,0.7427896420740472,2.285945708362913,1
1,1,1,5,1,1,1,1,1,5,10,1,0,0,1,1,0,19,0,0,6,8,5,11.384295838230969,0,0,6,7,4,12.758866118131571,1,7.6,2.6,0.32,1
1,8,1,9,1,1,1,13,14,4,4,0,0,0,1,0,0,20,0,0,5,10,2,10.272928547785698,0,0,5,9,2,10.908285808857208,0,11.856356930071282,0.2644213363642218,0.9002375088833299,1
1,15,1,4,1,14,1,2,1,6,7,0,0,0,1,1,0,19,0,0,6,9,4,11.323243875218132,0,0,6,11,5,11.501672499792255,0,12.4,0.5,1.79,1
1,1,2,14,1,1,1,22,27,8,8,1,0,0,1,0,0,18,0,0,5,6,3,11.333676493281878,0,0,5,6,4,11.002573699614084,0,9.39814693627786,-0.7964997685248465,-3.116458589331021,1
1,1,3,12,1,1,1,1,1,9,2,1,0,0,1,0,0,19,0,0,7,8,5,13.716162449760585,0,0,7,8,5,13.649408370784347,0,8.36290375972843,2.2662296051188116,0.5536392764168321,1
1,11,1,8,1,1,1,1,27,5,10,0,0,0,0,0,0,21,0,2,7,15,5,11.421910097205236,0,0,5,12,3,10.234269708384293,0,9.4,-0.8,-3.12,1
1,1,1,10,1,1,1,22,14,9,6,0,0,0,1,0,0,20,0,0,6,10,5,10.820337514823494,0,0,6,10,3,10.94430363495783,0,7.6,2.6,0.32,1
1,14,3,14,1,1,1,2,2,5,5,0,0,0,1,1,0,21,0,0,5,11,1,10.306580859081157,0,0,5,9,3,10.427010818052576,0,9.4,-0.8,-3.12,1
1,2,4,12,1,1,1,1,3,11,12,0,0,0,1,0,0,18,0,0,7,9,6,12.006209121021984,0,0,7,8,6,13.835044298230754,0,13.491787368492385,-0.1687887970154094,0.9693219774122739,1
1,13,1,15,0,1,1,2,2,5,8,0,0,0,1,0,0,21,0,0,5,5,4,12.922292168370758,0,0,5,7,5,12.631531726919208,0,12.558107228863559,2.186477107877959,-0.049314095779398714,1
1,1,1,13,1,1,1,2,28,3,9,0,0,0,1,0,0,19,0,0,6,7,5,12.251841531599792,0,0,6,9,5,12.164654258674876,0,10.852223770260032,1.260736612639917,1.788742185576029,1
1,12,1,12,1,1,1,1,2,26,19,0,0,0,1,0,0,33,0,0,4,6,3,12.587467280057481,0,0,4,4,3,11.979811267144985,0,11.48788676028699,0.5701625569010007,1.9513738808723018,1
1,12,1,11,0,1,1,13,27,8,10,0,0,0,1,0,0,26,0,0,5,7,5,12.0,0,0,5,8,4,10.872023775897388,0,12.7,3.7,-1.7,1
1,1,1,10,1,1,1,1,1,10,11,0,0,0,1,0,0,19,0,0,5,8,5,12.719213830724488,0,0,5,9,4,12.309129112006723,0,8.9,1.4,3.51,1
4,12,1,7,1,1,1,22,27,10,10,0,0,0,1,0,0,35,0,0,5,14,1,16.424865792421414,0,0,5,10,2,11.460107366062868,0,9.4,-0.8,-3.12,1
1,1,1,5,1,1,1,13,28,5,5,0,0,0,1,1,0,19,0,0,5,7,5,13.175282256210485,0,0,5,12,3,11.346775685855725,0,13.492861108130928,-0.0767302851040573,0.9147683700889092,1
1,1,1,8,1,1,1,13,27,10,10,0,0,0,1,0,0,18,0,0,5,6,4,11.546877774302342,0,0,5,9,3,11.936708427731277,0,11.050696787188643,1.7034750581757263,1.2861068695110875,1
1,15,1,6,1,14,1,23,13,9,6,0,0,0,1,0,0,19,0,0,5,9,2,12.573526693119737,0,0,5,9,3,11.587132828704046,0,12.411029003967961,0.6176427089915779,1.6616959205060604,1
1,14,1,6,1,1,1,1,1,4,4,0,0,0,1,0,0,19,0,0,5,12,4,11.814086041186384,0,0,5,18,3,11.989565895417494,0,12.446953470621274,0.474958149001987,1.758697686252484,1
1,2,1,10,1,1,1,13,27,10,9,0,0,0,1,0,1,19,0,0,6,12,3,10.292508026789475,0,0,6,11,4,10.75,0,11.11009632147369,1.0643328593552603,1.3949669984513178,1
1,8,2,9,1,1,1,1,14,5,8,0,0,0,1,0,0,19,0,0,5,11,4,11.135713233578272,0,0,5,7,4,13.204523774452609,0,12.535713233578273,0.4276196087582547,1.6995245109478185,1
1,11,1,16,0,1,1,22,27,10,9,0,0,0,1,0,0,23,0,0,5,8,5,12.216432044730643,0,0,5,8,5,12.083396693526979,0,16.100152064464748,0.6565997697687531,-1.367889310829554,1
1,14,1,6,1,1,1,2,2,3,5,0,0,0,1,0,0,20,0,0,6,10,4,11.839965945314828,0,0,6,11,3,13.643013648180139,0,13.9,-0.3,0.79,1
2,12,1,17,0,1,1,19,24,12,12,0,0,0,1,0,0,42,0,0,5,9,2,10.880047039219049,0,0,5,7,3,12.140141117657146,0,8.823520199965703,2.8638965137180934,-0.1646099615550436,1
1,13,1,17,0,1,1,23,1,8,4,0,0,0,1,0,0,25,0,1,7,11,4,10.687728512494328,0,1,7,8,6,11.911100792084607,0,11.507678019809457,1.0019311138571807,1.7621149381190455,1
1,6,1,11,1,1,8,13,1,10,4,0,0,1,1,0,0,19,0,0,6,10,0,3.5874478906940004,2,0,6,10,2,11.146746682508116,0,9.586294379089287,1.1504384076038956,3.0451915341622553,1
1,8,2,9,1,1,1,1,28,5,8,1,0,0,1,0,0,19,0,0,5,8,2,11.30185685109532,0,0,5,11,3,11.84907157445234,0,10.190588793167558,1.4,2.3077146505754857,1
1,1,1,5,1,1,1,1,1,6,9,0,0,0,1,0,0,19,0,0,5,7,4,11.657205505560158,0,0,5,9,3,10.793317004460588,2,7.6,2.6,0.32,1
1,9,1,10,1,1,1,22,14,10,9,0,0,0,1,0,0,21,0,0,6,11,6,10.497542869199357,0,0,6,10,4,11.715078664375055,0,12.7,3.7,-1.7,1
1,1,1,11,1,1,1,2,1,2,2,0,0,0,1,1,0,20,0,0,6,12,3,10.240430972258455,0,0,6,9,5,10.956947995779826,0,15.640251400484098,2.299102141128218,-3.430872289257042,1
1,1,1,9,1,1,1,21,26,10,8,0,0,0,1,0,0,20,0,0,5,6,5,13.120873688094317,0,0,5,6,5,12.688646197751577,0,10.8,1.4,1.74,1
1,12,1,3,0,1,1,22,17,10,7,0,0,0,1,0,0,26,0,7,13,17,8,11.446827525126405,0,4,10,15,6,11.162900548455859,0,15.5,2.8,-4.06,1
1,1,1,8,1,1,1,13,27,9,9,0,1,0,1,0,0,19,0,0,6,12,4,11.099599541850587,0,0,6,13,3,11.077937285242463,0,11.831575372246398,0.5437249713656618,1.8905674341410221,1
1,1,1,4,0,1,1,2,1,3,8,1,0,0,1,0,0,22,0,0,5,7,5,12.972870111914407,0,0,5,6,5,12.160653053440727,0,10.8,1.4,1.74,1
1,1,1,9,1,1,1,22,27,10,10,0,0,0,1,0,0,18,0,0,5,8,2,10.0,0,0,5,9,2,11.181077601929987,0,7.6,2.6,0.32,1
1,2,1,2,1,1,1,3,27,3,8,1,0,0,1,0,0,18,0,0,0,0,0,0.0,0,0,0,0,0,0.0,0,9.62294403359097,-0.44965937578561815,-2.346065711962775,1
1,1,1,10,1,1,1,22,27,9,8,1,0,0,1,0,0,19,0,0,6,7,5,12.717907043379483,0,0,6,6,5,12.327164584539542,0,10.148156002315924,1.644441499131529,1.4507442260276906,1
1,1,2,11,1,1,1,1,14,4,2,1,0,0,1,0,0,17,0,0,6,12,5,11.13310015599304,0,0,6,11,3,10.527209816263834,0,9.52763028656867,-0.5994381211063784,-2.6769405766259085,1
1,8,3,7,1,1,1,14,14,6,6,1,0,1,0,1,0,18,0,0,5,11,0,1.5365803816111268,0,0,5,8,0,0.0,0,10.337314032782787,-0.24683106261999443,-3.264438555871446,1
2,12,1,17,0,1,1,1,3,4,3,0,0,0,1,1,0,30,0,0,3,3,3,13.42872082117102,0,0,5,5,3,13.647243367328906,0,12.7,3.7,-1.7,1
1,1,1,7,1,1,1,13,27,8,8,0,0,0,1,0,0,20,0,0,6,12,4,11.882588598432063,0,0,6,15,2,11.421725732288042,0,13.166440667595673,1.6332203337978366,-0.8354452861322024,1
1,6,1,8,0,1,12,1,1,9,8,0,0,1,1,0,0,21,1,0,5,8,3,12.315471440855015,0,0,5,7,4,11.25893094623916,0,8.9,1.4,3.51,1
1,8,1,14,1,1,1,23,28,9,6,0,0,0,1,0,0,20,0,0,6,8,5,11.791291335479887,0,0,6,8,5,12.0873360485033,0,15.5,2.8,-4.06,1
1,8,2,12,1,1,1,2,1,3,7,1,0,0,1,0,0,18,0,0,7,7,6,13.192947790782288,0,0,7,8,6,13.579568555748,0,11.270668757349565,1.1352488239908698,1.7547083986671739,1
1,12,1,17,0,1,1,22,27,10,10,0,0,0,1,0,0,24,0,0,5,8,3,11.113353669337258,0,0,5,8,3,11.327143469410078,0,11.276085411216481,1.303019638455902,1.5054838529933634,1
1,12,1,12,1,1,1,22,27,9,9,0,0,0,1,1,0,33,0,0,7,15,5,11.290015018151704,0,0,7,16,3,12.515529285395822,0,16.08628942264822,0.4104617037131555,-0.9453412143812534,1
1,1,1,15,1,1,1,13,1,9,3,0,0,0,1,0,0,18,0,0,6,7,5,12.713452525150895,0,0,6,13,3,10.370917749353309,0,10.234564936044945,-0.7072705626616729,-2.3948558000142817,1
1,8,1,9,1,1,1,22,14,8,8,1,0,0,1,0,0,21,0,0,6,11,5,11.865263762719255,0,0,6,11,3,12.860418001144623,0,12.561370812770301,2.221288669549886,-0.08728045522784433,1
1,8,1,14,1,1,1,1,14,5,9,0,0,0,1,0,0,20,0,0,6,8,5,13.398627383671696,0,0,6,10,4,13.001539793958033,0,12.703449138465992,3.698891348350217,-1.702907130992765,1
1,1,1,15,1,1,1,22,14,6,8,1,0,0,1,0,0,18,0,0,6,8,4,11.900278789146263,0,0,6,6,4,12.11476363853645,0,15.5,2.8,-4.06,1
1,8,1,2,1,1,1,1,1,7,5,1,0,0,1,0,0,19,0,0,0,0,0,0.0,0,0,0,0,0,0.0,0,14.282649989614281,1.8968048310041437,-1.7627427223366263,1
1,14,1,9,1,1,1,5,14,9,9,0,0,0,1,0,0,21,0,3,10,17,6,11.125410007399436,1,3,9,16,6,10.727025114950692,0,8.045571920086076,1.7583641509485246,-0.5315374472756105,1
1,14,1,6,1,1,1,3,1,3,4,0,0,0,1,0,0,19,0,0,5,9,4,12.0292063362916,0,0,5,11,3,12.54984132150027,0,13.9,-0.3,0.79,1
1,12,1,17,0,1,1,15,27,10,8,0,0,0,1,0,0,27,0,0,5,7,4,10.690216056977494,0,0,5,6,4,10.605972256398724,0,8.994027743601276,-0.033163515691299494,-2.3441419099935503,1
1,1,1,9,1,1,1,1,28,5,6,0,0,0,1,0,0,20,0,0,5,10,3,11.145463445099177,0,0,5,9,3,11.026804244846366,0,14.792367936055964,2.4461839680279818,-3.082181148004604,1
1,14,1,4,1,1,1,1,1,4,7,1,0,0,1,1,0,19,0,3,7,9,4,11.533912177829434,0,1,6,13,4,11.001254355295659,0,13.481823360162718,1.0939221327909414,-0.07771652766236081,1
1,13,1,12,1,1,1,22,14,10,10,0,0,0,1,0,0,23,0,0,7,11,6,11.694921209088136,0,0,7,7,6,12.369118516664972,0,15.059260876167738,1.4081465774370547,-1.1742218618826183,1
1,1,1,13,1,1,1,22,27,10,9,0,0,0,1,0,0,18,0,0,7,11,3,14.93210866743737,0,0,7,11,3,14.93210866743737,0,9.4,-0.8,-3.12,1
1,1,1,8,1,1,1,1,1,4,6,0,0,0,0,1,0,18,0,0,5,9,3,11.622164499314437,0,0,5,8,2,12.41688312757086,0,8.9,1.4,3.51,1
1,12,1,7,1,14,1,1,1,5,10,0,0,0,1,0,0,24,0,1,5,6,4,14.165573096286387,0,0,5,5,2,13.482786548143194,0,16.11549759997568,0.3172134518568057,-0.8783747436917249,1
1,1,1,9,1,1,1,13,27,9,9,1,0,0,1,0,0,18,0,0,5,8,4,11.435461293065677,0,0,5,11,3,10.925209678666217,0,7.6,2.6,0.32,1
1,1,1,14,1,1,1,1,12,6,5,1,0,0,1,0,0,19,0,0,6,8,6,13.046141854739863,0,0,6,7,4,13.46459859663581,0,12.4,0.5,1.79,1
1,1,1,11,1,1,1,22,14,10,8,1,0,0,1,0,0,21,0,0,6,9,5,12.794683710923568,0,0,6,8,5,12.531954337364068,0,9.98159819225764,1.2390867472813496,1.476776264810853,1
1,3,3,10,1,1,1,1,19,16,38,1,0,0,1,0,0,19,0,0,6,11,4,12.435580425785075,0,0,6,9,4,12.070519740214005,0,11.01559220642011,0.8559905754919718,2.470337544273546,1
1,1,5,11,1,1,1,13,27,9,10,1,0,0,1,0,1,19,0,0,7,8,6,14.02812181335707,0,0,7,8,6,14.02812181335707,0,10.840480237006897,1.3772298666836207,1.7412650074064655,1
1,1,2,11,1,1,1,23,14,10,8,1,0,0,1,0,0,19,0,0,6,10,4,12.378042236296434,0,0,6,8,5,12.138453916305016,0,10.126606697744272,1.15622474414613,1.5472089674757896,1
1,8,3,9,1,1,1,1,14,5,7,0,0,0,1,0,0,19,0,0,5,9,3,10.771322571709662,0,0,5,8,4,13.62141983213505,0,11.851174172103189,0.8087145281919562,1.7728491928782246,1
1,15,1,6,1,14,1,1,1,5,8,0,0,0,1,0,0,20,0,2,6,11,5,14.186117672434927,0,0,6,11,2,13.651837957742986,0,13.535588901416835,-0.10564741408897871,1.0329407323887767,1
1,1,1,11,1,1,1,12,1,4,8,0,0,0,1,0,0,22,0,0,6,9,5,13.05019244367896,0,0,6,9,6,11.96414825451503,0,11.161556770549668,0.5952648638038717,2.009109186748905,1
1,1,1,12,1,1,1,23,1,10,5,1,0,0,1,0,0,19,0,0,6,9,5,12.871785803208633,0,0,6,7,5,13.487143212834535,0,15.702220726117055,0.4013994817168959,-0.674797616939143,1
1,9,1,13,1,1,1,1,27,4,9,0,0,0,1,0,1,25,0,0,6,8,6,11.64808216646243,0,0,6,9,5,12.058203872750726,0,14.645284455191877,2.165856208690747,-2.4470690525395096,1
1,14,2,12,1,1,1,22,27,7,6,1,0,0,1,0,1,18,0,0,7,8,5,12.200737757590872,0,0,7,8,5,12.200737757590872,0,7.6,2.6,0.32,1
1,1,1,14,1,1,1,13,28,5,10,1,0,0,1,0,0,18,0,0,6,7,5,12.511016454362512,0,0,6,8,4,12.067597407456068,0,7.6,2.6,0.32,1
1,13,1,11,1,1,1,13,14,5,7,0,0,0,1,0,1,18,0,0,6,10,4,12.066458911911674,0,0,6,6,2,13.10190202697127,0,15.80938886292787,0.3205584808985331,-0.641432583824876,1
1,8,1,5,0,1,1,13,1,10,9,0,0,0,1,0,0,29,0,2,6,12,4,11.596373579337644,0,0,5,8,4,11.543276398524668,0,13.611979808114324,1.8559899040571612,-1.451099371212519,1
1,1,2,14,1,1,1,1,14,4,4,0,0,0,1,0,0,18,0,0,6,10,6,13.114832200979343,0,0,6,9,6,12.71166176615135,0,11.094489708917838,0.614694109552432,2.014857061656649,1
1,8,3,7,1,1,1,1,14,7,4,1,0,0,0,0,0,18,0,0,5,8,3,11.196072697414014,0,0,5,9,3,12.308697562544614,0,9.816477124948024,1.4,2.656229204653683,1
1,1,1,15,1,1,1,1,14,7,7,1,0,0,1,0,0,19,0,0,6,10,4,13.705510588113583,0,0,6,11,3,11.084139831967548,0,9.4,-0.8,-3.12,1
1,9,3,13,1,1,1,13,27,7,8,1,0,0,1,0,0,19,0,0,6,10,2,12.490487574266371,0,0,6,14,2,11.21799447745172,0,10.8,1.4,1.74,1
1,8,1,9,1,1,1,22,27,10,9,1,0,0,1,0,0,18,0,0,5,10,3,12.06048816051761,0,0,5,10,4,10.974195264207044,0,8.003551475572678,1.837736101696051,-0.4512317088722315,1
1,1,1,10,1,1,1,22,27,10,10,0,0,0,1,0,0,18,0,0,5,7,5,11.196047914550473,0,0,5,12,2,11.627491669488258,0,10.611960013543637,1.470514994921136,1.6565572560099888,1
1,7,3,7,1,1,1,1,14,19,43,1,0,0,1,0,0,18,0,0,5,7,4,11.91405562863049,0,0,5,8,3,12.00844856508374,0,9.153456952512196,1.3348253550682925,3.3854440119082923,1
1,4,1,7,1,1,1,1,1,10,2,1,0,0,1,0,0,18,0,0,5,6,5,13.175332853148179,1,0,5,7,4,13.19451486776938,0,14.004121823265953,3.2808179853788006,-2.7991883938955895,1
1,15,1,5,1,14,1,22,27,10,7,0,0,0,1,0,0,20,0,1,6,9,5,12.803710933210466,0,0,6,12,2,12.91777344007372,0,14.08794642268864,0.06414619395924026,0.2202874062250597,1
1,12,8,17,0,1,1,22,27,10,6,0,0,0,1,0,0,27,0,0,5,7,3,12.605610064729262,0,0,5,7,4,14.078932018808702,0,10.8,1.4,1.74,1
1,12,1,3,0,11,1,21,26,8,4,0,0,0,1,0,0,43,0,0,6,8,5,12.896935744137895,0,0,6,13,4,12.205530697536844,0,14.690820803312771,0.7036176921372821,-0.7023974181520738,1
1,1,2,13,1,1,1,1,14,4,4,1,0,0,1,0,0,18,0,0,6,9,5,13.065004104572271,0,0,6,9,6,12.452163108029536,0,11.827517838514765,0.8220212158354442,1.7721099324535865,1
1,1,1,12,1,1,1,1,14,5,5,0,0,0,1,1,0,19,0,0,6,7,6,11.920851258076576,0,0,6,7,6,11.675445770671368,0,8.630703047101873,2.2134863573367975,0.7773744771514561,1
1,1,4,14,1,1,1,3,14,3,4,1,0,0,1,0,0,17,0,0,6,10,5,12.568917683046504,0,0,6,11,5,12.568917683046504,0,10.8,1.4,1.74,1
1,15,1,7,1,14,1,1,1,4,5,1,0,0,1,0,0,20,0,0,5,7,4,12.441889997697047,0,0,5,7,3,12.620944998848524,0,11.422663178573112,1.0585395472341,1.5491838646308205,1
1,12,1,5,1,4,1,22,27,5,9,0,0,0,1,0,0,30,0,0,6,7,0,0.0,0,0,5,7,0,0.0,0,10.578429699398557,0.17047151715175324,0.4430168558285801,1
1,8,1,8,1,1,1,14,1,10,3,1,0,0,1,0,0,19,0,0,5,10,2,11.767838907985201,0,0,5,8,3,10.41663830131031,0,10.475042548034532,0.9571185439802672,1.716449237616773,1
1,1,1,13,1,1,1,13,1,5,8,0,0,0,1,0,0,18,0,0,6,7,5,12.368531493965351,0,0,6,9,3,12.03677097792792,0,13.78468621321804,-0.2629348542486555,0.8406556991935042,1
1,9,2,9,1,1,1,1,14,3,7,0,0,0,1,0,0,18,0,0,5,6,2,6.927316402995594,0,0,5,10,3,14.040097147346271,0,12.579918524886175,1.0374240041898533,0.8632253192227365,1
1,15,1,4,1,14,1,3,3,5,3,0,0,0,1,1,0,21,0,0,6,12,4,12.89340994358172,0,0,6,13,2,11.524225012822336,0,12.4,0.5,1.79,1
1,12,1,3,0,1,1,13,27,5,5,0,0,0,1,0,0,33,0,0,5,6,4,13.094725041589927,0,0,5,6,0,1.6976728786168112,0,12.066478169686897,3.563358036599135,-1.4490756672093201,1
1,14,1,8,1,1,1,13,27,5,6,0,0,0,1,0,0,18,0,0,5,11,1,11.844331954027558,0,0,5,8,3,12.041511478925985,0,12.502820475101572,3.461308996175588,-1.3430012812365317,1
1,1,2,9,1,1,1,1,14,6,7,0,0,0,1,0,0,20,0,0,5,10,3,10.67843299121308,0,0,5,11,2,11.446082478032702,0,14.36537458465542,3.1647010263607576,-3.103672864209569,1
2,12,1,10,1,1,1,22,27,8,10,0,0,0,1,0,0,36,0,0,6,8,4,13.788233320920297,0,0,6,10,4,12.343616871985358,0,10.8,1.4,1.74,1
1,10,2,8,1,1,1,13,27,30,40,1,0,0,1,0,0,19,0,0,5,11,3,11.618178903455386,0,0,5,8,4,11.720389158467729,0,10.83527912567197,0.74200509727153,2.457208155634448,1
1,14,1,8,1,1,1,5,14,3,7,0,0,0,1,0,0,18,0,0,5,5,0,0.0,1,0,5,8,4,13.69825382950597,1,15.1540743978194,1.3160420135468671,-1.1530919913431048,1
1,1,1,11,1,1,1,22,27,6,6,0,0,0,1,0,0,18,0,0,6,11,4,11.077757821640649,0,0,6,6,4,12.441681633769514,0,16.2,0.3,-0.92,1
1,13,1,6,1,1,1,13,28,5,9,1,0,0,0,0,0,18,0,0,6,11,4,12.94735046263104,0,0,6,12,2,11.631566975087358,0,13.73678643415622,-0.2104957864727659,0.8400170605005133,1
1,1,4,12,1,1,1,1,2,9,9,1,0,0,1,0,0,18,0,0,7,10,5,12.41201546267085,0,0,7,8,7,13.281630825267435,0,13.337956990320922,-0.00024372817115825285,1.1646953397860522,1
1,2,2,6,1,1,1,1,14,7,6,0,0,0,1,0,0,19,0,0,5,9,3,10.694295456763976,0,0,5,8,3,13.0,0,7.8815504562759005,2.3401072711299378,1.0108815042462491,1
1,1,1,6,1,1,1,2,1,3,4,0,0,0,1,0,0,19,0,0,5,9,4,12.627516337414932,0,0,5,7,4,12.430023077983748,1,8.840774445180294,2.1347095830573894,0.8705936600487557,1
1,1,1,13,1,1,1,13,27,6,8,0,0,0,1,0,0,18,0,0,6,11,4,11.87890038810649,0,0,6,10,3,11.032565761084857,0,15.5,2.8,-4.06,1
1,9,1,15,0,1,1,1,1,5,6,0,0,0,1,1,0,24,0,0,5,5,4,11.504384911275562,0,0,5,7,4,11.187688306663581,0,11.3426878107212,1.0947381064693256,1.7569589940850374,1
1,14,1,12,1,1,1,22,27,10,7,1,0,0,1,0,0,21,0,0,7,8,5,12.475581249229084,0,0,7,8,5,12.475581249229084,0,7.6,2.6,0.32,1
1,15,1,5,1,14,1,1,1,4,7,0,0,0,1,0,0,19,0,1,6,9,5,13.11318482910621,0,0,6,11,3,12.627864369035848,0,13.296213793947896,0.022019309894455885,1.19252413736807,1
1,1,4,12,1,1,1,22,27,7,7,1,0,0,1,0,1,19,0,0,8,8,6,12.5686429191596,0,0,8,8,6,12.5686429191596,0,9.4,-0.8,-3.12,1
2,12,1,10,1,1,1,22,27,10,10,0,0,0,1,0,0,38,0,0,6,9,4,12.152175587798295,0,0,6,9,4,12.281949629936049,0,10.955728850565304,0.9847230651591878,1.8853469271942842,1
1,12,1,7,1,1,1,22,2,10,4,0,0,0,1,1,0,28,0,0,5,11,4,10.520377053046236,0,0,5,12,3,10.959245893907527,3,7.730413139495912,2.5510950726890327,0.37787083065131133,1
1,8,1,9,1,1,1,1,1,5,4,0,0,0,1,1,0,20,0,0,5,5,5,11.196799377187396,0,0,5,11,2,11.522285417708284,0,10.27520166083361,1.5967993771873967,1.507120736994914,1
1,1,1,9,1,1,1,1,1,7,7,0,0,0,1,0,0,20,0,0,5,9,3,10.725147628865273,0,0,5,13,2,12.938607216489538,0,8.1701893814364,2.073671340212554,1.7191570206016276,1
1,1,1,11,1,1,1,23,14,10,5,0,0,0,1,0,0,18,0,0,6,10,4,12.474826559874058,0,0,6,11,2,12.504687807773305,0,9.919444991596986,1.73020812815113,1.3492537150211628,1
1,1,1,14,1,1,1,1,27,10,9,0,0,0,1,0,0,19,0,0,6,8,5,12.474622918648144,0,0,6,9,5,12.419467229870758,0,10.922016405506946,1.0746229186481429,1.85388197847315,1
1,1,1,15,1,1,1,23,27,8,7,1,0,0,1,0,0,18,0,0,6,10,3,12.087426453531636,0,0,6,9,3,10.51227936059491,0,9.680941394795052,1.8196469769518553,1.2434177439403045,1
2,12,1,15,0,3,1,22,27,10,10,0,0,0,1,0,0,36,0,0,5,9,5,13.691172714264336,0,0,5,5,4,15.075797642831555,0,9.4,-0.8,-3.12,1
1,1,1,12,1,1,1,2,1,4,8,0,0,0,1,0,0,19,0,0,7,10,5,13.616745027219235,0,0,7,8,7,12.944702571402729,0,12.4,0.5,1.79,1
1,8,1,16,1,1,1,1,14,4,10,1,0,0,1,0,0,18,0,0,6,7,5,12.421071316750577,0,0,6,7,5,11.658034875629324,0,13.953618042271088,2.3393755870594726,-2.151698860674959,1
1,1,1,6,1,1,1,13,14,8,9,1,0,0,1,0,0,18,0,0,5,8,2,10.852636944522498,0,0,5,6,3,11.587728240870831,0,9.856876444943993,1.6126165553370035,1.0111684112640977,1
1,14,1,7,1,1,1,3,28,4,8,0,0,0,1,1,0,27,0,5,8,9,7,12.774272416904198,0,3,7,10,6,12.191565892267628,0,12.783581401607567,0.2954232524759645,1.5342790655949556,1
1,8,1,5,1,1,1,1,27,5,6,0,0,0,1,0,0,19,0,0,5,6,5,12.564083610513439,0,0,5,8,5,11.435916389486561,0,10.55648228004893,1.4,1.9668559812175754,1
1,1,1,15,1,1,1,13,28,4,9,1,0,0,1,0,0,18,0,0,6,7,5,12.464294177487018,0,0,6,8,4,11.92475849953271,0,7.6,2.6,0.32,1
4,1,2,6,1,1,1,13,14,4,7,1,0,0,1,0,0,20,0,0,5,12,5,12.220375440263435,2,0,5,9,3,11.406102762845602,0,9.4,-0.8,-3.12,1
1,13,1,12,1,1,1,22,14,6,6,0,0,0,1,0,1,24,0,0,7,8,6,11.791279165093563,0,0,7,7,7,11.952951709240365,0,12.7,3.7,-1.7,1
1,8,2,6,1,1,1,1,14,5,9,0,0,0,1,0,0,19,0,0,5,12,3,11.979138860708462,1,0,5,7,4,11.78024865197273,0,9.462583417874615,-0.7728805189210005,-3.017571806078548,1
1,10,3,7,1,1,1,13,1,7,7,0,0,0,1,1,0,21,0,0,6,6,0,7.185893211610631,2,0,6,6,0,0.0,2,9.4,-0.8,-3.12,1
1,7,1,5,1,1,1,1,3,4,3,1,0,0,0,0,0,18,0,0,6,10,2,11.465240475497152,0,0,6,11,4,12.052329646957844,2,8.032009012961641,2.2012224495738693,1.3800836548827975,1
1,8,3,10,1,1,1,13,27,5,7,1,0,0,0,0,1,19,0,0,6,8,5,12.307635971934758,0,0,6,7,6,11.899793846739856,0,12.61894018001423,0.11176922785256926,1.352751278065178,1
1,1,1,10,1,1,1,23,27,6,6,0,0,0,1,0,0,18,0,0,5,11,4,11.281872483876457,0,0,5,7,4,12.2533615766081,0,15.065463252397262,0.004033891929720257,-0.07649659199970282,1
1,8,2,9,1,1,1,1,28,5,7,1,0,0,1,0,1,18,0,0,5,9,2,12.75542053134272,0,0,5,11,3,11.06114486716432,0,9.07935827701534,1.3347788083580585,3.388525530566884,1
1,8,3,12,1,1,1,1,1,6,7,1,0,0,1,0,0,18,0,0,7,9,6,13.06088902176733,0,0,7,9,6,12.665201786109112,0,13.295107958314253,0.022609088899065488,1.1932613611238319,1
1,1,1,8,1,1,1,1,1,10,10,0,0,0,1,0,0,20,0,0,5,9,4,12.578771830329401,0,0,5,11,2,12.867663325046607,0,11.861867725295172,3.1927094126786564,-0.5508765391546957,1
1,1,1,7,1,1,1,1,14,4,4,0,0,0,1,1,0,20,0,0,5,7,4,11.709199894333826,0,0,5,12,3,11.604159492802367,2,10.00504040153146,1.4,2.4805676259417453,1
1,1,1,9,1,1,1,13,27,8,8,0,0,0,1,0,0,20,0,0,6,12,4,11.80089457008556,0,0,6,13,2,11.367263046723707,0,14.604255566494132,2.352127783247066,-2.822244055519164,1
1,14,1,6,1,1,1,1,1,3,4,0,0,0,1,0,0,19,0,0,5,7,5,13.9609209699209,0,0,5,9,3,12.78726987503591,0,13.9,-0.3,0.79,1
2,12,1,3,0,10,1,14,27,9,10,0,0,1,1,0,0,37,0,0,6,10,6,12.61370999513262,0,0,6,11,6,12.772258219842614,0,15.799355325870016,0.1954839980530478,-0.6221293944511863,1
1,12,1,11,1,1,1,2,1,3,5,0,0,0,1,0,0,34,0,0,7,10,6,11.246622626977555,0,0,7,10,6,11.678036560620809,0,10.8,1.4,1.74,1
1,8,2,7,1,1,1,1,14,5,9,0,0,0,1,0,0,19,0,0,5,12,3,11.584092633853059,1,0,5,7,4,12.353065680913064,0,10.647722098440823,-0.25932042400897704,-1.077894832218521,1
1,15,1,4,1,14,1,2,2,9,7,0,0,0,0,1,0,20,0,0,6,11,4,11.169011299154281,0,0,6,14,3,12.0,0,12.4,0.5,1.79,1
1,1,1,8,1,1,1,1,2,7,2,0,0,0,1,1,0,19,0,0,5,14,2,11.314382409102972,2,0,5,8,4,11.87023123027247,1,9.4,-0.8,-3.12,1
1,1,1,5,1,1,1,10,28,4,4,0,0,0,1,0,0,19,0,1,6,8,6,12.974886226284147,1,0,6,12,4,11.20226908599897,0,13.9,-0.3,0.79,1
1,1,1,9,1,1,1,22,27,10,8,0,0,0,1,0,0,18,0,0,5,6,3,10.76772388806678,0,0,5,9,3,13.27092219369235,0,10.056716441813698,1.6787313343198638,1.410167921054828,1
1,9,1,12,1,1,1,1,28,4,9,0,0,0,1,0,0,22,0,0,7,9,6,11.867974921255124,0,0,7,7,6,12.255467795279262,0,12.551453464567905,2.1155036220576573,0.02809136219336783,1
2,12,1,7,1,1,1,22,27,10,10,0,0,0,0,0,0,41,0,0,5,9,4,11.935049214955068,0,0,5,11,3,10.814950785044932,0,10.095261151399235,0.9653595813093692,2.7004822201887,1
1,1,1,9,1,1,1,1,12,5,5,0,0,0,1,0,0,19,0,0,6,9,5,13.383046080279799,0,0,6,9,5,12.52225830380612,0,13.129006198286913,0.11119669424698003,1.303995867808725,1
1,15,1,4,1,14,1,3,3,4,3,0,0,0,1,0,0,20,0,0,6,12,5,12.190619408212793,0,0,6,17,4,11.056931197250979,0,14.634621836742301,0.38238832438198417,0.19636179537588538,1
1,1,1,6,1,1,1,22,14,10,6,0,0,0,1,0,0,19,0,0,5,9,2,13.455908331365238,0,0,5,10,4,11.461728336088665,0,10.705937773579178,1.4352733349078086,1.6982598870257597,1
1,12,1,8,1,13,1,1,1,5,9,0,0,0,1,0,0,27,0,1,5,6,5,13.791300991156017,0,0,5,6,3,13.302242415075492,0,13.510496845026696,-0.13506668683391682,-1.7901333736678335,1
4,12,1,15,1,12,1,16,14,8,10,0,0,0,0,0,0,37,0,0,6,7,5,12.943741244794452,0,0,6,7,5,12.626254085762588,0,13.325177608996551,0.7331924150827113,0.8245839989240102,1
1,1,2,5,1,1,1,1,28,8,8,0,0,0,1,0,0,18,0,0,6,6,5,13.394688318930351,0,0,6,7,4,12.927262840682305,0,10.979317069576759,0.9218211477953084,1.907362598271642,1
1,1,1,12,1,1,1,22,27,6,6,0,0,0,1,0,0,19,0,0,7,9,5,11.971362603596246,0,0,7,9,5,11.971362603596246,0,9.4,-0.8,-3.12,1
1,12,1,10,1,1,1,2,1,2,4,1,0,0,1,0,0,33,0,0,6,11,4,12.15223077002587,0,0,6,9,5,12.497221431193761,0,10.317013074364953,0.6410205454306388,0.06334538672404744,1
1,1,1,6,1,1,1,1,1,3,5,0,0,0,1,0,0,18,0,0,5,9,4,14.229153288302783,0,0,5,7,4,12.710633325443883,0,10.774826612290152,1.409440020391193,1.7288293092037548,1
1,1,3,12,1,1,1,2,3,3,3,1,0,0,1,0,0,18,0,0,7,9,5,13.05404910817614,1,0,7,9,5,12.934830206160509,1,10.251563585825936,-0.4309891128087615,-1.726274264531553,1
1,1,1,2,1,1,1,13,2,10,7,1,0,0,1,0,0,19,0,0,0,0,0,0.0,0,0,0,0,0,0.0,0,11.48238695636584,2.2260473682323325,0.5045204579481637,1
1,1,3,12,1,1,1,22,27,8,8,1,0,0,1,0,0,18,0,0,8,8,7,13.694007434212239,0,0,8,8,7,13.694007434212239,0,9.4,-0.8,-3.12,1
1,1,1,8,1,1,1,1,1,7,8,1,0,0,1,0,0,20,0,0,5,9,3,11.64600985379621,0,0,5,12,2,12.767093596489875,0,10.324354684196733,3.1876059122777267,-0.7590581298190979,1
1,12,1,11,1,12,1,20,28,24,35,0,0,0,1,0,0,26,0,0,6,11,4,13.589995159453023,0,0,6,13,3,12.471699370728894,0,11.825993223234233,0.6476017425969115,2.0720833302963197,1
1,12,1,5,0,1,1,13,1,10,7,0,0,0,1,0,0,25,0,0,6,14,3,10.969266520580986,0,0,6,10,5,11.398739050622762,0,14.839782136914213,3.0122128845632887,-3.5035306582562646,1
3,12,1,12,1,1,1,15,2,10,3,0,0,0,1,0,0,25,0,0,7,14,7,11.737200196683657,0,0,7,15,5,11.58525756580095,0,12.274400393367316,3.184800476181488,-0.9294407122018773,1
1,1,1,2,1,1,1,2,27,5,9,0,0,0,1,0,0,18,0,0,0,0,0,0.0,0,0,0,0,0,0.0,0,11.872392116823034,0.6591166591086761,-3.500991572100599,1
1,1,1,2,1,1,1,2,2,4,5,1,0,0,1,0,0,18,0,0,0,0,0,0.0,0,0,0,0,0,0.0,0,9.51109415842236,1.763896305690218,0.9052725860168476,1
2,12,1,9,1,1,1,22,27,6,7,0,0,0,1,0,0,35,0,0,5,7,3,12.175870293675821,0,0,5,11,4,12.817249023647072,0,10.8,1.4,1.74,1
1,3,2,10,1,1,1,13,28,30,41,1,0,0,1,0,0,18,0,0,6,10,4,12.505265411974442,0,0,6,10,4,11.709624151019971,0,10.279732998184343,0.8982789097511475,2.575544469411512,1
1,1,1,7,1,1,1,13,14,10,8,0,0,0,0,1,1,18,0,0,5,6,4,13.172307019521769,0,0,5,6,4,13.24959965015132,0,10.605846781779682,0.9613536846852246,2.6716981529539847,1
1,1,1,13,1,1,1,13,14,6,7,0,0,0,1,0,0,19,0,0,6,6,6,14.793484412676152,0,0,6,7,5,14.413031174647697,0,14.21960335859214,1.850028298310297,-1.6437676283109721,1
1,1,1,9,1,1,1,19,24,12,12,0,0,0,1,0,1,20,0,0,5,5,4,12.489387542101408,0,0,5,9,3,12.904112138238682,0,10.8,1.4,1.74,1
1,4,3,7,1,1,1,22,28,5,5,0,0,0,1,1,0,19,0,0,5,9,3,12.529679737147532,0,0,5,7,3,13.484960569570553,2,7.6,2.6,0.32,1
1,8,2,8,1,1,1,2,28,3,10,1,0,0,1,0,0,18,0,0,5,15,3,10.731595595035701,0,0,5,11,2,11.853909911169671,0,13.461729733509015,-0.3486966962767761,0.409191835115611,1
1,10,1,11,1,1,1,13,14,6,6,0,0,0,1,0,0,24,0,0,6,11,4,12.514330801954317,0,0,6,6,5,12.284937602759035,0,13.292468801379519,0.024016639264257233,1.1950207990803214,1
1,3,1,13,1,1,1,13,14,5,7,0,0,0,1,0,0,18,0,0,7,7,6,12.862018267042153,0,0,7,8,7,13.34320273125014,0,13.010622400252327,0.17433471986542554,1.382918399831782,1
1,1,1,15,1,1,1,3,1,4,6,1,0,0,1,0,0,18,0,0,6,7,5,11.844218089496684,0,0,6,11,4,12.602795214770225,0,10.000888308752652,1.4,2.4844356281620037,1
1,13,1,6,0,1,14,2,2,4,4,0,0,0,1,0,0,21,1,0,5,8,5,13.668284506981701,1,0,5,6,4,13.998179339492516,0,9.23131063950416,-0.05776681381830495,-0.8831790798251644,1
1,7,1,9,1,1,1,22,27,10,10,1,0,0,1,0,0,19,0,0,5,7,3,12.114313809545552,0,0,5,9,4,12.684538442471641,0,10.8,1.4,1.74,1
1,1,1,14,1,1,1,22,14,6,8,0,0,0,1,0,0,19,0,0,6,8,4,12.329289056132499,0,0,6,10,5,13.61630308113826,0,12.435020746006943,1.8870274562573868,-0.2776851759234602,1
1,12,1,2,1,1,1,3,1,3,5,0,0,0,1,0,0,24,0,0,6,9,6,13.813555829910658,0,0,6,12,4,13.75838025910714,2,15.482059469598171,0.11271116598213174,-0.3862268230490755,1
1,1,1,13,1,1,1,1,22,19,36,1,0,0,1,0,0,19,0,0,6,10,4,12.849165202869973,0,0,6,10,2,10.844647252656886,1,14.683625404678978,0.37980918922742224,0.16141451403157092,1
1,8,2,15,1,1,1,22,27,8,8,1,0,0,1,0,0,18,0,0,6,8,5,13.192659930727151,0,0,6,7,5,12.113610996861835,0,8.09704811127053,2.3159725078454114,0.5614233683314003,1
1,9,3,7,1,1,1,13,27,31,39,1,0,0,1,0,0,18,0,0,5,11,3,10.68886641015181,0,0,5,8,3,11.342363737462884,0,8.945152020647752,1.3846483129797644,3.485437300767623,1
1,7,1,2,1,1,1,18,27,10,10,1,0,0,1,0,1,18,0,0,0,0,0,0.0,0,0,0,0,0,0.0,0,11.58201599665285,2.3466509433166074,0.3241394586916828,1
1,8,1,12,1,1,1,1,14,5,9,1,0,0,1,0,0,19,0,0,6,10,3,12.169389538973665,1,0,6,11,3,13.133762006633297,0,12.7,3.7,-1.7,1
1,12,1,8,1,12,1,22,27,10,6,0,0,0,1,1,0,43,0,0,7,8,6,12.127289079968628,0,0,7,10,6,11.836877458002807,0,12.941962792255236,0.9636742460220817,0.6848849949261251,1
1,8,3,9,1,1,1,1,14,5,7,0,0,0,1,0,0,19,0,0,5,10,3,10.841981428594442,0,0,5,7,4,13.491205653018813,0,12.020755428626662,0.7133250713975026,1.7781486071445831,1
1,1,1,9,1,1,1,22,27,6,7,0,0,0,1,0,0,18,0,0,5,10,4,11.71893796690726,0,0,5,9,5,11.906130384695379,0,14.439750288001568,-0.15919557704306933,0.38870739457274767,1
2,12,1,12,0,12,1,22,27,10,8,0,0,0,1,0,0,42,0,0,7,8,6,11.707149774351253,0,0,7,8,6,11.736222356936064,0,10.637193537525054,1.144161273253656,1.174828994551258,1
1,14,1,5,1,14,1,18,1,6,6,0,0,0,1,0,0,20,0,0,5,10,3,13.647524421990203,0,0,5,9,4,12.318225569975239,0,13.937668246592,3.302178063595428,-2.743177522127543,1
1,15,1,6,1,1,1,1,1,4,4,0,0,0,1,0,0,20,0,0,5,7,5,13.794107232130374,0,0,5,9,3,12.889703545670276,0,12.973509783630318,-0.002199573309745295,1.1969939164766816,1
1,8,3,5,1,1,1,1,2,4,4,0,0,0,1,0,0,19,0,0,5,9,5,11.405529718006392,0,0,5,8,3,11.020488970467438,0,10.47072150840991,0.9961001835517372,2.7381025730099866,1
1,12,1,4,1,1,1,13,14,10,7,0,0,0,1,0,0,24,0,0,5,10,3,11.204902722626851,0,0,5,12,3,11.16734760036484,0,11.242866405107765,0.7975486386865748,2.3586485094898983,1
1,1,1,2,1,1,1,3,28,2,4,1,0,0,1,0,0,17,0,0,0,0,0,0.0,0,0,0,0,0,0.0,0,14.610884933707014,2.2752763543188936,-3.922988825849933,1
1,11,1,15,1,1,1,13,1,7,5,1,0,0,1,0,0,18,0,0,6,8,2,5.243394744160273,0,0,6,10,3,11.898867670427475,0,16.2,0.3,-0.92,1
3,12,1,17,0,1,1,22,27,10,10,0,0,0,1,0,0,35,0,0,5,13,2,10.61817344333442,0,0,5,7,3,11.505048178704007,0,11.340018424664276,1.845479669996741,-2.2852041930232505,1
1,8,2,12,1,1,1,2,2,2,11,1,0,0,1,0,0,18,0,0,7,9,5,12.99126275353405,0,0,7,7,6,13.657782365913192,0,16.00461674843545,0.31028332902971323,-0.7806608916473854,1
1,14,3,13,1,1,1,3,3,4,4,0,0,0,1,1,0,20,0,0,5,11,2,10.631319455188548,0,0,5,9,3,10.50168518805028,0,10.233341680848884,0.3363750193393866,-2.7614105494529047,1
1,1,1,9,1,1,1,22,27,10,9,0,0,0,1,0,0,18,0,0,5,7,2,10.359250747916246,0,0,5,9,3,12.240013792360049,0,8.749602393331985,2.1688991025005055,0.8301360620410687,1
1,1,1,7,1,1,1,1,2,7,2,0,0,0,1,0,0,19,0,0,5,13,2,11.689679294961213,2,0,5,8,4,11.627615153953455,1,9.4,-0.8,-3.12,1
1,1,1,7,1,1,1,13,27,8,7,0,0,0,1,0,0,20,0,0,6,13,2,11.211076315289766,0,0,6,15,1,12.091692763532675,0,10.4294148679963,0.047753420702835836,-0.00753386970530201,1
1,8,1,10,1,1,1,22,14,8,7,1,0,0,1,0,0,20,0,0,6,9,5,10.687140546410001,0,0,6,10,3,11.785577351013334,0,12.022209099223996,2.8795162780079964,-0.47284173754239434,1
1,8,1,16,0,1,1,22,27,6,6,0,0,0,1,0,0,21,0,0,5,7,4,12.25,0,0,5,8,4,11.693297614940061,0,10.8,1.4,1.74,1
1,16,1,4,1,15,1,24,14,4,6,0,0,0,0,0,0,22,0,0,6,7,4,8.599693628295324,0,0,6,9,3,9.381483958140352,0,10.340183823022805,1.7054935382169587,1.8581527969268725,1
1,8,2,8,1,1,1,2,28,3,10,1,0,0,1,0,0,18,0,0,5,15,3,10.863076270591865,0,0,5,11,2,11.558078391168305,0,12.574235173504917,-0.44730720294389825,-0.3619423270212838,1
1,8,3,12,1,1,1,2,28,3,10,1,0,0,1,0,0,18,0,0,7,8,6,12.971403327053324,0,0,8,13,5,13.903030618257322,0,12.65016778976476,0.10173178186132698,1.3390334352104802,1
1,8,1,10,1,1,1,1,1,5,10,0,0,0,1,0,0,20,0,0,6,11,4,10.620367573348874,0,0,6,11,4,10.549362204558415,0,15.5,2.8,-4.06,1
1,7,2,14,1,1,5,7,1,6,6,0,0,0,1,0,0,20,0,0,6,8,0,0.0,1,0,6,11,1,10.736432917343562,0,9.96046647422834,1.4,2.5220917582188624,1
1,1,5,10,1,1,1,3,14,5,7,0,0,0,1,0,0,19,0,0,6,12,4,12.031064343006822,0,0,6,8,5,12.38106340657301,0,13.9,-0.3,0.79,1
1,1,1,15,1,1,1,2,2,3,5,0,0,0,1,0,0,19,0,0,6,6,6,12.229344237555123,0,0,6,6,5,12.585469414847896,0,16.025642393710292,0.31025632978174744,-0.819487968138875,1
1,7,1,9,1,1,1,1,1,10,10,0,0,0,1,0,0,20,0,0,5,10,4,10.773287284374968,0,0,5,12,4,11.519960529464257,0,15.462740345000052,2.811976317678554,-4.0285954336429,1
1,1,1,10,1,1,1,22,27,6,8,0,0,0,1,0,0,19,0,0,6,12,2,10.661255489412339,0,0,6,11,3,10.394818737598147,0,7.6,2.6,0.32,1
2,12,1,17,0,1,1,22,27,10,10,0,0,0,1,0,0,33,0,0,5,11,2,11.230347268834413,0,0,5,9,4,11.99268745804903,0,10.09339273728294,-0.4995298138440594,-1.9851472199802553,1
1,8,2,9,1,1,1,1,27,6,6,1,0,0,1,0,0,20,0,0,5,8,2,11.92245474413771,0,0,5,9,3,12.64512631781603,0,9.472375572138137,-0.6862669580686407,-2.868753371006179,1
1,1,2,12,1,1,1,22,27,8,8,0,0,0,1,0,0,18,0,0,8,9,7,13.990802290645334,0,0,8,9,7,13.990802290645334,0,9.4,-0.8,-3.12,1
1,1,1,15,1,1,1,22,27,6,6,0,0,0,1,0,0,19,0,0,5,8,3,12.237848626865206,0,0,5,8,4,12.16294823454098,0,9.4,-0.8,-3.12,1
1,1,1,10,1,1,1,13,27,10,10,1,0,0,1,0,0,22,0,0,5,8,5,12.276644052142432,0,0,5,10,4,12.404011829135753,0,7.6,2.6,0.32,1
1,1,1,11,1,1,1,22,27,6,6,0,0,0,1,0,0,18,0,0,6,11,4,11.10626670106789,0,0,6,6,4,12.420299974199082,0,16.2,0.3,-0.92,1
1,8,2,7,1,1,1,1,14,10,4,0,0,0,0,1,0,18,0,0,5,9,3,12.154963435686023,0,0,5,8,3,10.673391983866551,0,9.127279705672835,1.3173528343007874,3.3560696538852164,1
1,1,1,8,1,1,1,13,27,8,7,0,0,0,1,0,0,20,0,0,6,13,2,10.830658599114823,0,0,6,14,1,12.377006050663883,0,10.106059809247599,-0.21853898061962418,-0.9852074002749065,1
1,14,1,6,1,1,1,1,1,3,4,0,0,0,1,0,0,19,0,0,5,7,5,13.65099458408557,0,0,5,9,3,12.584277154488793,0,13.9,-0.3,0.79,1
1,11,1,9,1,1,1,2,28,3,6,1,0,0,1,0,0,18,0,0,5,8,2,12.096068482696602,0,0,5,10,3,10.913911284066343,0,10.044979921917639,1.4,2.4433608095819896,1
1,11,1,9,1,1,1,13,27,6,9,1,0,0,1,0,0,18,0,0,5,10,1,13.040205836815854,0,0,5,11,1,12.56030875522378,0,9.135670661094634,2.024123502089512,1.001453855860744,1
1,4,2,12,1,1,1,2,1,19,24,0,0,0,1,0,0,23,0,0,7,10,4,14.44115806415898,0,0,7,8,6,13.534298386799149,0,12.4,0.5,1.79,1
1,11,1,9,1,1,13,22,27,9,8,0,0,0,1,0,0,23,0,0,5,12,2,10.49710336830242,0,0,5,9,3,10.00579326339516,1,16.10614913299841,0.31911776920402757,-0.8737697581066242,1
1,7,3,9,1,1,1,22,27,10,10,1,0,0,0,0,0,19,0,0,5,8,3,12.16156532853514,0,0,5,9,4,11.938347353725659,0,10.186051751566472,1.4,2.311941263014393,1
1,8,4,9,1,1,1,1,28,4,6,1,0,0,1,0,0,19,0,0,5,11,2,10.04035337789448,0,0,5,10,3,11.725980132205667,0,11.091929324421104,0.6215218015437228,2.012467369459697,1
1,8,1,7,1,1,1,22,27,10,10,0,0,0,1,0,0,29,0,1,6,10,5,12.324446690894652,0,0,6,14,5,11.685084172271601,0,11.728179567512749,0.8778989932740787,1.7690056114847734,1
1,1,1,9,1,1,1,23,27,6,6,0,0,0,1,0,0,18,0,0,5,11,4,11.426157382915719,0,0,5,8,4,12.127112289948746,0,14.484716533764235,-0.14746525206150404,0.3552759683752866,1
1,4,1,2,1,1,1,22,20,10,9,0,0,0,1,1,1,18,0,0,0,0,0,0.0,0,0,0,0,0,0.0,0,12.28263685542774,0.5869410792815624,1.2856435443044025,1
1,8,2,12,1,1,1,1,1,4,9,1,0,0,1,0,0,18,0,0,7,8,5,13.749653840759057,0,0,7,8,6,12.771146604504763,0,11.851754419006536,0.8083881393088237,1.7728673255939542,1
1,14,1,10,0,1,1,22,27,7,10,0,0,0,1,0,0,33,0,7,11,13,7,10.935758113227708,0,5,11,12,7,11.196346095326042,0,7.6,2.6,0.32,1
1,1,2,6,1,1,1,22,14,10,8,0,0,0,1,0,0,19,0,0,5,7,3,11.781435377951663,0,0,5,8,2,10.877224535419947,0,7.6,2.6,0.32,1
2,7,1,9,1,1,1,22,27,10,10,1,0,0,1,0,1,20,0,0,5,8,3,10.438886376874699,0,0,5,12,4,12.29976799518223,0,12.447842157743372,3.3947562962156623,-1.2434615908616857,1
3,12,1,17,0,1,1,22,28,10,9,0,0,0,1,0,0,30,0,0,5,10,3,10.53668501288914,0,0,5,10,4,12.517700021322527,0,12.61531354305909,0.3851661103684857,1.6464576379606073,1
1,8,2,7,1,1,1,1,14,10,4,0,0,0,0,1,0,18,0,0,5,9,3,12.090270312109737,0,0,5,8,3,10.531426518240814,0,9.03239645776095,1.3518558335414732,3.420331489970994,1
1,1,2,12,1,1,1,22,27,10,9,1,0,0,1,0,1,18,0,0,7,8,6,13.330618926830702,0,0,7,7,6,13.124569520979739,0,12.619869675502402,2.845276538692294,-0.7678172250112829,1
1,14,1,9,1,1,1,22,27,10,10,0,0,0,1,0,0,35,0,9,15,22,12,10.811863592773356,0,8,12,17,8,12.234531234273021,0,14.217183032167664,2.767523621067536,-3.3487673013790342,1
3,11,1,12,1,1,1,13,3,10,3,0,0,0,1,0,0,23,0,0,7,12,7,12.276112985034155,0,0,8,13,7,12.351480570113065,0,12.342136740845357,3.2667971073391167,-1.052079151846331,1
1,8,1,13,1,1,1,1,28,5,9,0,0,0,1,0,0,19,0,0,7,11,6,11.227386525974623,0,0,7,7,7,12.44033094901704,0,12.7,3.7,-1.7,1
1,8,1,6,1,1,1,1,27,5,9,1,0,0,1,0,0,21,0,0,5,12,3,11.437442563194782,1,0,5,11,2,10.83835499704971,0,9.4,-0.8,-3.12,1
1,12,1,8,1,1,1,13,27,9,9,0,0,0,1,0,0,23,0,0,5,8,5,12.165628498891008,0,0,5,8,4,13.941359676666293,0,12.981473552001795,2.7617548266606855,-1.1159423795962766,1
1,8,1,8,1,1,1,22,1,10,3,1,0,0,1,0,0,20,0,0,5,8,3,11.343107511247894,0,0,5,11,2,10.75219072341907,0,10.858645067487362,1.367012149538359,1.74183265835898,1
1,15,1,6,1,14,1,1,14,8,7,1,0,0,1,0,0,19,0,0,5,12,4,12.669025122101525,0,0,5,10,4,12.70208305404046,0,15.306427163450488,1.1680421840766684,-1.119139089288177,1
2,12,1,14,0,1,1,16,27,10,10,0,0,0,1,0,0,27,0,0,6,6,0,0.0,0,0,6,6,0,0.0,3,9.71722352118767,1.8060411795546238,1.2595179375270285,1
1,8,1,7,1,1,1,1,2,4,3,0,0,0,1,0,0,21,0,0,5,9,5,11.210116382285587,0,0,5,9,2,10.836326811419099,0,12.365810059840848,0.5192318413395226,1.7889315643700265,1
1,1,1,6,1,1,1,13,14,10,7,0,0,0,1,1,0,19,0,0,6,8,4,12.213883866937024,1,0,6,10,4,12.687148383569896,0,14.45196905200858,3.136867090425813,-3.1766596295500893,1
1,4,1,8,0,2,1,13,1,10,9,0,0,0,1,0,0,32,0,4,7,10,5,12.795382019798867,0,1,5,8,4,11.98598720731035,0,11.177070359793074,0.6385351798965369,1.9135027755586616,1
1,1,1,2,1,1,1,2,2,3,3,1,0,0,1,0,0,18,0,0,0,0,0,0.0,0,0,0,0,0,0.0,0,8.771906994027397,2.087290690113014,0.6788965169208901,1
1,8,1,11,1,1,1,13,14,5,7,0,0,0,1,1,0,18,0,0,5,10,3,10.892163744877726,0,0,5,8,3,11.88725146089447,0,15.026456135756774,2.952210527792465,-3.6608701715664242,1
1,1,1,12,1,1,1,13,14,5,5,1,0,0,1,0,0,20,0,0,7,8,6,13.822803925136409,0,0,7,8,6,13.64002585367571,0,12.7,3.7,-1.7,1
2,14,1,17,0,1,1,22,27,5,10,0,0,0,1,0,0,33,0,8,10,16,8,10.635415714910735,0,7,10,15,9,10.674317575507624,0,8.016665143857175,1.8129658393808905,-0.4762933860381584,1
1,1,1,9,1,1,1,1,27,9,10,1,0,0,1,0,0,20,0,0,5,7,4,10.971722545230858,0,0,5,7,4,12.028277454769142,0,8.14292713156755,2.362469379939197,0.48627143404256234,1
1,11,1,9,1,1,1,2,28,3,6,1,0,0,1,0,0,19,0,0,5,8,1,11.397755185848201,0,0,5,10,2,8.636969749846664,0,11.188530293776834,1.8703261450982727,1.036555678635627,1
1,7,4,14,1,1,1,13,21,8,8,1,0,0,1,0,0,19,0,0,5,8,3,10.638247745111043,0,0,5,6,4,11.754066110150324,0,7.860231049620786,2.5024133563922053,0.43547752826922403,1
1,11,1,9,1,1,1,23,14,23,37,0,0,0,1,0,0,19,0,0,5,9,5,12.178963777671399,0,0,5,8,3,11.119309185114266,0,11.90304771273118,0.37896377767139855,1.8763420442742378,1
1,1,1,14,1,1,1,13,1,6,7,1,0,0,1,0,0,18,0,0,6,7,6,12.293916904225377,0,0,6,10,3,12.059124643661935,0,14.03598668042245,-0.26452521380283894,0.6888968593380908,1
1,1,1,14,1,1,1,22,14,8,8,0,0,0,1,0,0,19,0,0,6,9,5,13.27045805978493,0,0,6,9,4,13.322942213939003,0,15.5,2.8,-4.06,1
1,9,1,2,1,1,1,13,22,10,8,0,0,0,1,0,0,19,0,0,0,0,0,0.0,0,0,0,0,0,0.0,0,13.099634179610911,2.3678860679636293,-0.8707590773073592,1
1,15,1,17,0,14,1,22,27,8,8,0,0,0,1,0,0,31,0,2,6,10,4,12.144296309177937,0,2,7,8,7,12.604021090411788,0,9.4,-0.8,-3.12,1
1,4,1,8,1,1,1,13,28,7,7,0,0,0,1,0,0,18,0,0,5,13,3,10.869714733448394,0,0,5,6,3,10.674286833620986,0,14.701719434656532,-0.09085579965481771,0.1939390290162305,1
1,1,2,9,1,1,1,3,1,4,4,1,0,0,1,0,0,19,0,0,5,6,4,13.112391905116457,0,0,5,9,5,11.352213766427159,2,15.59470770807734,0.331857489048561,-0.48833102339199813,1
1,1,5,12,1,1,1,1,1,6,9,1,0,0,1,0,0,18,0,0,7,9,6,12.12501700763527,0,0,7,9,6,12.560257285375268,0,15.291394022188243,0.06297235361432452,-0.24447120780082465,1
1,10,1,9,1,1,1,23,1,10,3,0,0,0,1,0,0,25,0,1,7,12,5,11.106037184539373,0,0,5,15,1,10.212074369078746,0,10.8,1.4,1.74,1
1,1,1,14,1,1,1,2,28,3,10,1,0,0,1,0,0,19,0,0,6,7,5,12.831506309618748,0,0,6,9,5,12.408390333118088,0,11.427738262620068,1.5869858654612963,0.965344271660344,1
1,8,2,15,1,1,1,22,27,8,8,1,0,0,1,0,0,18,0,0,6,7,5,13.398667387471725,0,0,6,7,5,12.008328828301714,0,7.621321800452389,2.5920043248303544,0.32946154895074753,1
1,2,2,5,1,1,1,6,1,3,4,1,0,0,1,0,0,18,0,0,6,7,3,10.811893059346106,0,0,6,8,0,0.0,0,9.4,-0.8,-3.12,1
1,1,4,5,1,1,1,2,1,9,4,0,0,0,1,0,0,19,0,0,5,6,5,11.223971740348466,0,0,5,9,5,11.5,0,12.282373796126834,0.509048169528705,1.8108107899160217,1
1,8,1,10,1,1,1,1,1,5,10,0,0,0,1,0,0,18,0,0,5,6,5,11.319634071955148,0,0,5,8,2,10.644342797765319,0,10.886605678659192,1.1690515235754895,1.8208319667485786,1
1,6,2,15,1,1,1,13,27,10,10,0,0,0,1,0,0,19,0,0,6,7,5,12.17817807364685,0,0,6,7,4,11.903654150177463,0,10.9745754108252,1.3018013314108252,1.7454554815882874,1
1,10,1,11,1,1,1,22,14,10,9,0,0,0,1,0,0,22,0,0,6,12,6,10.688639544471005,0,0,6,8,5,11.790573647198423,0,12.7,3.7,-1.7,1
1,1,1,9,1,1,1,23,27,6,7,0,0,0,1,0,0,18,0,0,5,10,4,11.249404614247933,0,0,5,8,5,11.812152691644627,0,13.547786296833678,-0.11215269164462782,1.0248091354442153,1
1,1,1,11,1,1,1,13,14,6,7,0,0,0,1,0,1,18,0,0,6,6,6,13.849382833152417,0,0,7,7,7,13.866048332171129,0,12.4,0.5,1.79,1
1,1,1,14,1,1,1,23,14,5,8,0,0,0,1,0,0,19,0,0,6,8,3,11.853942551196004,0,0,6,9,5,12.872552249658913,0,13.440589971863659,2.1865587150232173,-1.5186003908104713,1
1,12,1,5,0,2,1,22,27,6,6,0,0,0,1,0,1,25,0,0,6,12,3,11.732416233607703,0,0,6,14,2,11.366208116803852,0,10.754814773559556,0.7972487008231115,1.8523386043003554,1
1,1,3,13,1,1,1,1,1,10,10,0,0,0,1,0,0,18,0,0,6,6,6,14.006762232077929,0,0,6,7,5,13.302973763585365,0,8.9,1.4,3.51,1
1,5,3,8,1,1,10,1,1,25,32,1,0,0,1,0,0,20,0,0,5,10,4,14.316611100520735,0,0,5,12,2,11.126044794517165,0,10.010185008678896,1.1145238549111411,2.9644233671635143,1
1,1,2,15,1,1,1,23,1,9,9,1,0,0,1,0,0,18,0,0,6,6,5,12.32672939531078,0,0,6,6,5,11.02286893658103,0,11.416167059959317,1.5835391242432004,0.9796236281353119,1
1,5,1,15,0,1,1,13,27,10,10,0,0,0,1,0,0,22,0,0,5,8,0,0.0,0,0,6,9,0,0.0,4,8.802151206021525,2.1491932977419284,0.8534545976720516,1
1,8,1,9,1,1,1,22,27,9,7,1,0,0,0,0,1,18,0,0,5,6,5,12.544692423878159,0,0,5,5,4,12.237495419648225,0,11.1,0.6,2.02,1
1,12,1,6,1,1,1,13,14,8,5,1,0,0,1,1,0,24,0,0,5,13,4,13.018905539154986,0,0,5,9,3,12.0,0,11.540644581354202,0.46333122834018514,-3.4498698207332703,1
1,1,1,11,1,1,1,22,1,8,6,0,0,0,1,0,0,18,0,0,6,8,4,12.385035724874212,0,0,6,7,5,12.853667811037177,0,14.426741369420562,0.6612193506735891,-0.046505933825684354,1
1,3,1,13,1,1,1,13,14,5,7,0,0,0,1,0,0,18,0,0,7,7,6,12.947679524733235,0,0,7,8,7,13.382757136620556,0,12.954686877506283,0.2041669986633154,1.4202087483291441,1
1,1,1,15,1,1,1,3,1,3,5,1,0,0,1,0,0,18,0,0,6,9,5,10.952790009300957,0,0,6,12,5,12.664260449049435,0,11.949159027493472,0.36328593065221915,1.8512574890435507,1
1,1,1,8,1,1,1,13,27,8,7,0,0,0,1,0,0,20,0,0,6,13,2,10.873122145303082,0,0,6,14,1,12.345158391022688,0,10.14215382350762,-0.18881449828784225,-0.8760760865710786,1
1,12,1,12,1,1,1,2,14,4,5,0,0,0,1,0,0,24,0,0,7,11,6,12.138221590733192,0,0,8,12,6,12.495816112712022,0,14.031468964814792,2.4065730056084877,-1.4032726306984178,1
1,4,3,9,1,1,1,1,14,18,41,1,0,0,1,0,0,18,0,0,6,9,4,12.663887061601077,0,0,6,8,4,12.063991634192673,0,10.819749025780169,0.9063502505136709,2.5665804787594597,1
1,1,1,10,1,1,1,22,27,8,7,0,0,0,1,0,0,18,0,0,5,10,4,11.514025307475217,0,0,5,10,4,11.458769916244897,0,14.666644804944601,0.3807029050029157,0.17352436278950756,1
1,2,1,7,1,1,1,1,1,5,5,0,0,0,0,0,0,18,0,0,5,9,3,11.697124592330315,0,0,5,6,3,13.227156555752263,0,8.190607044955884,2.054824266194568,1.7692588256994397,1
1,4,1,7,1,1,1,22,1,8,3,1,0,0,1,1,0,18,0,0,5,9,3,13.592559270334936,0,0,5,10,2,12.4074032421252,1,7.6,2.6,0.32,1
1,1,1,6,1,1,1,1,28,5,4,1,0,0,1,1,0,18,0,0,5,5,0,0.1760046845551657,0,0,5,6,1,14.946220790830367,0,10.8,1.4,1.74,1
1,8,2,8,1,1,1,22,27,10,7,1,0,0,1,0,0,19,0,0,5,12,3,12.532345730747123,1,0,5,11,3,11.309703719224137,0,8.343288926137928,1.1960098061839135,-1.1005077255080407,1
1,9,1,2,1,1,1,3,3,3,4,0,0,0,1,1,0,19,0,4,11,12,9,12.461771512441011,0,3,10,15,8,12.268898991246756,0,9.540088663542335,1.787422085828255,2.6324047534064303,1
1,3,2,10,1,1,1,13,14,9,9,1,0,0,1,0,0,22,0,0,5,8,3,10.0,0,0,5,10,1,12.963863953420784,0,9.4,-0.8,-3.12,1
1,8,2,5,1,1,1,3,1,3,5,1,0,0,1,0,0,18,0,0,6,6,6,12.879672163961432,0,0,6,7,2,11.042841245667582,0,11.257245776946554,1.953508045777408,0.9121444880546592,1
3,13,1,10,1,1,1,22,27,10,10,0,0,0,1,0,0,38,0,0,6,10,4,12.188835399929271,0,0,6,10,4,12.313724072646586,0,10.949866407260778,1.000356247304593,1.8798753134433923,1
1,15,1,4,1,14,1,8,2,5,3,1,0,0,1,0,0,22,0,0,6,12,5,12.908472732995948,0,0,6,15,2,11.5,0,12.4,0.5,1.79,1
1,14,1,13,1,1,1,13,14,2,2,0,0,0,1,0,0,19,0,0,6,11,5,12.198059142386638,0,0,6,7,4,14.54177427159919,0,14.01159931276822,-0.2708871357995947,0.7070283370288447,1
1,1,1,2,1,1,1,3,2,3,3,1,0,0,1,0,0,18,0,0,0,0,0,0.0,0,0,0,0,0,0.0,0,11.666403334588356,0.8209485411175943,1.5653360212176841,1
1,8,1,14,1,1,1,1,14,8,8,1,0,0,1,0,0,18,0,0,6,6,5,14.64179488562495,0,0,6,7,6,13.261210433128992,0,9.062950619692208,1.4,3.3581986332341014,1
1,1,4,12,1,1,1,1,1,4,5,0,0,0,1,0,0,20,0,0,6,9,5,12.40501807489361,0,0,6,9,6,11.813996276955523,0,12.157896174815463,0.5186233711680414,1.8328337536864951,1
1,17,1,6,1,16,1,1,1,5,5,1,0,0,0,0,0,22,0,7,11,18,8,13.621284024230528,0,4,9,14,5,13.35840615559925,0,8.9,1.4,3.51,1
1,14,1,5,1,1,1,1,1,4,7,0,0,0,1,0,0,19,0,2,6,7,3,12.056883432302891,0,0,6,12,3,10.730644949253852,0,13.9,-0.3,0.79,1
1,1,3,6,1,1,1,1,1,6,5,0,0,0,1,0,0,19,0,0,5,8,5,11.500195071603674,0,0,5,10,4,11.5,0,11.715389063550353,0.5526623797268959,1.9111234733718607,1
1,7,2,6,1,1,1,1,2,4,3,1,0,0,1,0,0,18,0,0,6,11,1,11.123034829399,0,0,6,11,3,10.876965170601,3,7.6,2.6,0.32,1
1,1,2,12,1,1,1,13,28,4,11,1,0,0,1,0,0,19,0,0,6,7,5,12.736440603327846,0,0,6,8,4,12.537817488727363,0,10.111861719802436,1.5010604975864343,1.089257651689496,1
1,5,1,14,1,1,1,2,2,14,18,0,0,0,1,0,0,20,0,0,6,8,6,12.237088307718787,0,0,6,7,5,13.570893707284524,0,10.232396287599629,0.9154922590546801,2.6076043324893416,1
1,8,1,9,1,1,1,23,28,5,7,1,0,0,1,0,0,22,0,0,5,6,3,11.642435165593362,0,0,5,9,2,10.764536754958376,0,10.8,1.4,1.74,1
1,8,3,12,1,1,1,1,1,5,3,1,0,0,1,1,0,19,0,0,6,8,4,12.57124894966746,0,0,6,12,2,11.55703250323769,0,8.055623710955519,1.7393774348617976,-0.5507475364927701,1
1,1,1,10,1,1,1,22,27,7,7,0,0,0,1,0,0,18,0,0,5,10,4,12.02116571303383,0,0,5,9,5,11.71380363716029,0,15.545629086328331,0.12929454425956466,-0.4334894511397591,1
1,1,1,11,1,1,1,13,28,7,10,0,0,0,1,0,0,19,0,0,6,6,5,12.383012694011732,0,0,6,7,4,12.773938293375734,0,12.4,0.5,1.79,1
1,15,1,6,1,14,1,1,1,10,8,0,0,0,1,1,0,20,0,2,6,12,5,13.549143714331308,0,0,6,10,5,13.747586014986249,0,12.4,0.5,1.79,1
1,11,1,12,1,8,1,22,14,20,13,1,0,0,1,0,0,19,0,1,6,7,4,12.287241394358688,0,1,6,6,3,12.973948300691836,0,12.4,0.5,1.79,1
1,12,1,7,1,1,1,13,27,9,10,0,0,0,1,1,0,24,0,0,5,7,5,11.85054761835998,0,0,5,8,4,13.669485727488391,0,12.7,3.7,-1.7,1
1,1,1,6,1,1,1,13,27,9,6,1,0,0,1,0,0,18,0,0,5,11,4,13.928719729944836,2,0,5,7,4,11.628512108022065,0,9.4,-0.8,-3.12,1
1,14,1,5,0,13,1,22,27,9,7,0,0,0,1,0,0,20,0,1,6,9,5,12.651553343344435,0,0,6,12,2,12.939546706711077,0,13.614358189209838,-0.16851408709659133,0.7686902141156545,1
1,8,1,15,1,1,1,23,28,8,6,0,0,0,1,0,0,19,0,0,6,9,3,12.149169643430053,0,0,6,9,5,11.178640251901985,0,11.506372203268777,0.44310490684714665,-3.4445885034545327,1
1,8,2,10,1,1,1,13,1,10,4,1,0,0,1,0,0,19,0,0,6,9,3,12.329105393067303,0,0,6,8,4,11.39921715647311,0,10.985977647318839,0.9040596071497642,1.9135791374975826,1
1,1,1,9,1,1,1,22,27,10,10,1,0,0,1,0,0,19,0,0,5,10,4,11.284553397483396,0,0,5,10,5,11.535230582284749,0,7.6,2.6,0.32,1
1,1,1,10,1,1,1,22,27,10,9,0,0,0,1,0,1,19,0,0,5,6,5,11.086802795092733,0,0,5,10,3,12.716306121638361,0,10.8,1.4,1.74,1
1,8,2,10,1,1,1,22,14,6,6,1,0,0,1,0,0,19,0,0,6,8,4,11.707212059485457,0,0,6,8,4,12.437756227166927,0,11.111293317096482,1.224897509133229,1.7497279161592652,1
1,7,3,6,1,1,1,1,14,9,4,1,0,0,0,0,0,18,0,0,5,9,3,11.72278065376143,0,0,5,8,3,10.776884287315045,0,8.683768909933915,1.5995979292917706,2.9794021712993763,1
1,7,1,14,1,1,5,3,7,16,25,0,0,0,1,0,0,20,0,0,7,10,3,7.305329129386862,2,0,7,8,4,13.312938019767932,0,10.258173866308542,0.9061185940696206,2.5901458814546685,1
1,1,1,14,1,1,1,2,27,3,10,0,0,0,1,0,0,19,0,0,5,7,4,12.552308472458177,0,0,5,8,4,11.719241496299954,0,9.273871118661711,1.9722983305018584,1.0627803089061343,1
1,1,3,14,1,1,1,13,1,5,9,0,0,0,1,0,0,18,0,0,6,7,5,12.525945117804389,0,0,6,7,5,12.428576318876704,0,10.898971189616718,1.1360768276887532,1.8323731103089362,1
1,7,1,5,1,1,1,1,27,5,6,0,0,0,1,0,0,19,0,0,6,6,6,12.629055891393019,0,0,6,7,6,11.675985306445027,0,10.821118236773405,1.3436847019375913,1.759710354321843,1
1,1,3,12,1,1,1,22,27,8,8,1,0,0,1,0,0,18,0,0,8,8,7,13.568393194437117,0,0,8,8,7,13.568393194437117,0,9.4,-0.8,-3.12,1
1,14,2,14,1,1,1,1,1,5,5,0,0,0,1,1,0,22,0,0,5,13,1,11.742796159788393,0,0,5,8,3,10.865854382157565,0,9.4,-0.8,-3.12,1
1,1,2,11,1,1,1,13,28,4,10,0,0,0,1,0,0,19,0,0,6,7,5,12.728298928676047,0,0,6,8,4,12.795518683042253,0,12.4,0.5,1.79,1
1,14,1,17,0,1,1,22,27,10,9,0,0,0,1,0,0,34,0,8,12,19,10,11.21763578590863,0,7,12,21,11,11.125722846940779,0,9.4,-0.8,-3.12,1
1,8,1,14,1,1,1,1,1,5,7,0,0,0,0,0,0,19,0,0,6,7,5,12.754201754597968,0,0,6,8,4,13.63984833088665,0,13.300142189793766,0.01992416544332498,1.1899052068041562,1
1,12,1,8,1,1,1,13,1,28,29,0,0,0,1,0,0,24,0,0,6,11,6,11.354022010077708,0,0,6,12,3,11.339539936356646,0,16.030094242236824,0.32560223747116335,-0.8168928072752246,1
1,12,1,12,0,14,1,22,27,10,8,0,0,0,1,0,0,27,0,2,7,12,6,12.420514617516243,0,3,7,11,7,12.376308121415157,0,12.116474251465679,2.9042830701804716,-1.9510928978541624,1
2,12,1,9,1,1,1,22,27,6,8,0,0,0,1,0,0,35,0,0,5,6,3,12.671939329651579,0,0,5,10,4,12.581948420645178,0,10.8,1.4,1.74,1
1,8,3,10,1,1,1,22,14,6,5,1,0,0,1,0,0,18,0,0,5,8,4,11.404028317715207,0,0,5,7,3,12.32859374445911,0,10.40568750664907,1.5478671850065993,1.5650238310755242,1
1,1,1,8,1,1,1,3,14,3,11,0,0,0,1,1,0,19,0,0,5,7,5,11.92183964582349,0,0,5,8,4,12.363849775415009,1,15.244027394308006,0.14535737260864812,-1.2292852547827038,1
1,1,4,15,1,1,1,23,1,6,6,1,0,0,1,0,0,18,0,0,6,6,5,12.973121725576554,0,0,6,6,5,12.159627862220837,0,14.558971148492901,2.51969353359363,-2.8987303534593254,1
3,13,1,3,0,7,1,19,24,2,2,0,0,0,1,0,0,46,0,0,6,8,5,12.704663792740748,0,0,6,10,3,12.223122305694451,0,7.6,2.6,0.32,1
1,1,2,4,0,1,1,1,1,4,10,0,0,0,1,0,0,20,0,0,6,9,5,11.559548930762693,0,0,6,6,4,13.04704036248821,0,8.131500920596558,1.5960538166509457,-0.6957573149178666,1
1,8,2,8,1,1,1,23,27,5,8,1,0,0,1,1,0,21,0,0,5,7,3,12.26446908604928,0,0,5,9,3,11.073153801640967,0,10.13890322607308,1.6479112902225952,1.4466383065699289,1
1,1,1,15,0,1,1,14,27,9,9,1,0,0,1,0,0,19,0,0,5,10,0,0.0,0,0,5,9,0,2.0375129120215063,2,7.6,2.6,0.32,1
1,8,2,8,1,1,1,1,14,6,8,0,0,0,1,0,0,19,0,0,5,10,4,11.205618777071557,0,0,5,7,5,13.234955192102165,0,12.29307823592279,0.5082247510828622,1.8089169274905832,1
1,6,1,9,1,1,12,1,7,18,30,0,0,0,1,0,0,19,1,0,6,12,1,7.768879759849114,3,0,5,11,2,11.28301828346424,0,8.9,1.4,3.51,1
1,8,1,9,1,1,1,1,1,5,4,0,0,0,1,1,0,21,0,0,5,5,4,11.021759740646914,0,0,5,10,3,11.34153246598377,0,10.8,1.4,1.74,1
3,12,1,16,0,1,1,20,27,10,10,0,0,0,1,0,0,28,0,0,5,5,0,0.0,0,0,5,5,0,0.0,1,8.189604340786302,2.3788983722051373,0.5816369262239212,1
1,1,1,8,1,1,1,13,27,8,7,0,0,0,1,0,0,20,0,0,6,13,2,10.747019366076776,0,0,6,14,1,12.439735475442419,0,10.03496646116526,-0.27708644374625746,-1.2001602291826876,1
1,15,1,4,1,14,1,2,2,8,7,0,0,0,0,1,0,20,0,0,6,11,4,11.936401934030926,0,0,6,16,3,12.0,0,12.4,0.5,1.79,1
1,1,1,8,1,1,1,1,1,3,9,0,0,0,1,0,0,20,0,0,6,10,5,13.405582461571218,0,0,6,9,6,13.02495652098027,0,15.773243491237366,0.32246086888224385,-0.6156552266455961,1
1,1,1,6,1,1,1,13,14,9,10,1,0,0,1,0,0,18,0,0,5,5,0,0.027132155872315045,0,0,5,5,0,0.028424163294806237,0,9.395348773279032,-0.7912143495270599,-3.1111109889332607,1
1,8,1,9,1,1,1,13,14,4,4,0,0,0,1,0,0,20,0,0,5,9,4,10.876355524643387,0,0,5,9,3,10.570129388211546,0,10.662328987807829,1.260231067834075,1.2578382525161476,1
1,14,1,7,1,1,1,2,2,3,5,0,0,0,1,0,0,21,0,0,5,10,4,12.259066071149583,0,0,5,11,3,13.181841837000398,0,12.542490476934448,0.13634234669964157,1.3863345404895102,1
1,10,1,6,1,1,1,2,27,3,7,0,0,0,1,0,0,21,0,0,5,6,4,11.411845956607563,0,0,5,7,3,11.245179289940896,0,15.5,2.8,-4.06,1
1,12,1,17,0,1,1,22,27,10,10,0,0,0,1,0,0,25,0,0,5,9,4,11.883023707885771,0,0,5,8,4,12.264222900993152,0,15.416226631445962,0.3412512299238967,-0.3610458345311991,1
1,8,1,9,1,1,1,2,3,3,3,0,0,0,1,0,0,19,0,0,5,10,3,11.0,0,0,5,8,4,11.661651478355715,0,13.68950344241599,3.381945322080574,-2.5340100443220503,1
1,14,1,8,1,1,2,1,2,9,3,0,0,0,1,0,0,21,0,1,5,9,5,13.130090622869048,1,0,5,7,2,12.529128907137896,1,10.852432032848213,1.260181245738098,1.7889365639916657,1
2,12,1,3,0,1,1,22,27,10,8,0,0,0,1,0,0,48,0,0,6,8,5,11.732045801482334,0,0,6,10,4,11.608231755733181,0,12.78160519075714,0.31331328248801965,1.13273389315507,1
1,8,1,12,1,1,1,2,28,3,10,1,0,0,1,0,0,18,0,0,7,8,6,12.604319311219088,0,0,8,14,5,13.348221509959277,0,13.63649509340573,-0.21530199430898422,0.9057539411110549,1
1,12,1,7,1,1,1,22,2,10,4,0,0,0,1,1,0,28,0,0,5,11,4,10.615027649874161,0,0,5,13,3,10.76994470025168,3,8.336176959194628,2.3239336403020148,0.646678525642616,1
1,8,4,12,1,1,1,13,28,6,10,0,0,0,1,0,0,19,0,0,5,6,5,12.548436548783124,0,0,5,8,4,11.0,0,14.258583762222807,3.1990266478569547,-3.0136634567306526,1
1,1,2,9,1,1,1,22,27,10,8,1,0,0,1,0,0,20,0,0,5,6,4,13.404515998247417,0,0,5,5,5,12.956397664183841,0,10.876693499342782,1.195484001752582,1.8115805993865963,1
1,16,1,5,1,11,1,22,14,4,7,0,0,0,0,0,0,28,0,1,6,8,5,11.0,0,2,6,11,5,10.720444253363791,0,8.9,1.4,3.51,1
1,15,2,6,1,14,1,1,14,6,4,1,0,0,1,0,0,19,0,0,5,10,2,12.880870252260282,0,0,5,8,3,14.386251838802576,0,13.638146763450278,2.7886574297911575,-1.490927292716795,1
1,15,1,15,0,14,1,22,14,12,9,0,0,0,1,0,0,25,0,2,6,7,5,12.56744950723518,0,2,6,6,5,13.06744950723518,0,9.846477217441688,-0.6065265391086021,-2.3892656207871044,1
1,2,1,6,1,1,1,1,1,4,4,0,0,0,0,0,0,18,0,0,5,7,3,12.722865727032648,0,0,5,5,4,13.394290396563262,0,8.027147929610202,2.205709603436737,1.36815530419734,1
1,1,1,10,1,1,1,22,27,8,9,0,0,0,1,0,0,18,0,0,6,11,2,12.58731494749829,0,0,6,8,5,10.865078337371926,0,7.6,2.6,0.32,1
1,1,1,2,1,1,1,2,3,3,4,1,0,0,1,0,0,18,0,0,0,0,0,0.0,0,0,0,0,0,0.0,0,12.4,0.5,1.79,1
2,7,1,9,1,1,1,22,27,10,10,1,0,0,1,0,1,20,0,0,5,8,3,10.469467142322523,0,0,5,12,4,12.306138987983859,0,12.41556246088178,3.355680873698997,-1.1850183502280653,1
1,8,3,9,1,1,1,13,28,6,7,1,0,0,1,0,0,19,0,0,5,8,2,12.384036791391132,0,0,5,12,2,11.864082780630048,0,9.993522738078623,0.1326785884092644,-1.0596282092413523,1
1,8,1,14,1,1,1,22,14,9,10,1,0,0,1,0,0,18,0,0,6,6,5,12.44993961549287,0,0,6,7,4,13.3552259186743,0,12.1552259186743,0.6376854207457063,1.7823508099585719,1
1,8,1,14,1,1,1,1,1,4,4,0,0,0,1,0,0,22,0,0,6,6,4,11.72047116960397,0,0,6,9,3,10.484579901143329,0,11.24694761112377,1.941041845044565,0.9307895882811723,1
1,1,5,12,1,1,1,1,1,4,5,1,0,0,1,0,0,20,0,0,7,8,6,13.110543599627789,0,0,7,8,7,13.568937478970703,0,14.20070286330258,-0.22155577479063154,0.5664339581532999,1
2,12,1,15,0,1,1,22,27,10,10,0,0,0,1,0,0,34,0,0,5,9,3,11.447289196563318,0,0,5,7,3,12.057479686713977,0,9.4,-0.8,-3.12,1
1,1,1,11,1,1,1,1,14,5,5,0,0,0,1,1,0,19,0,0,5,9,5,12.602277864572994,0,0,5,9,5,12.847040542330667,0,10.077787824053853,0.9717135185258712,2.712316428254435,1
1,1,1,6,1,1,1,1,1,3,4,0,0,0,0,0,0,18,0,0,5,5,4,14.208922298261388,0,0,5,5,5,13.934880280233024,0,9.239047333932767,1.4,3.1941506415468433,1
1,14,1,7,1,13,1,1,14,5,6,0,0,0,1,1,0,22,0,0,5,10,0,3.4349896465367564,0,0,5,7,1,11.146213689918673,0,11.768042536751269,0.8691379637170467,1.4433418032536438,1
1,8,4,9,1,1,1,22,27,10,10,1,0,0,0,0,0,18,0,0,5,8,4,12.26975383157213,0,0,5,9,4,10.557561542106967,0,8.600679981043768,1.676295402113444,2.7755147227150947,1
1,1,1,2,1,1,1,3,3,2,3,1,0,0,1,0,0,19,0,0,0,0,0,0.0,0,0,0,0,0,0.0,0,13.59072075322236,-0.13505106838525885,0.9961861645184265,1
2,13,1,15,0,13,1,22,27,10,9,0,0,0,1,0,0,41,0,1,6,9,5,12.027604487322668,0,1,7,8,6,12.18709468565166,0,9.906854889357643,-0.003513745295134374,-1.360489455515615,1
1,1,1,2,1,1,1,10,3,8,3,1,0,0,1,0,0,18,0,0,0,0,0,0.0,0,0,0,0,0,0.0,0,11.389892377006854,3.417427767589714,-1.181094627755656,1
1,1,4,13,1,1,1,1,1,10,10,1,0,0,1,0,0,18,0,0,6,7,6,13.382509190448273,0,0,6,7,6,13.546852165207723,0,10.739922569897908,0.7744263262347113,2.5090821219755384,1
1,8,1,9,1,1,1,1,28,9,9,1,0,0,1,0,0,18,0,0,5,9,2,10.646136535271385,0,0,5,5,3,11.706159039418585,0,12.195408850620062,0.5526091526976985,1.8905419362667129,1
1,8,1,7,1,1,1,3,2,3,3,1,0,0,0,0,0,18,0,0,5,9,5,12.31966117700131,0,0,5,11,5,14.244305025026746,0,9.396210377344858,1.2724030458256084,3.2661480431333847,1
1,7,2,6,1,1,1,1,2,4,3,1,0,0,1,0,0,18,0,0,6,11,1,11.137270127000063,0,0,6,11,3,10.862729872999937,2,7.6,2.6,0.32,1
1,1,1,10,1,1,1,22,27,10,10,0,0,0,1,0,0,18,0,0,6,11,5,12.364267680954505,0,0,6,11,6,12.404070808747552,0,8.325315549587755,1.2299595174453517,-1.0661586058788206,1
1,1,1,7,1,1,1,13,14,6,8,0,0,0,1,0,0,19,0,0,5,8,4,10.162079377456312,0,0,5,8,2,11.675841245087376,0,7.6,2.6,0.32,1
1,1,1,7,1,1,1,1,1,4,3,1,0,0,1,0,0,19,0,0,5,13,2,11.442716966779527,2,0,5,8,3,12.371522022146982,0,9.4,-0.8,-3.12,1
1,1,2,15,1,1,1,2,2,3,3,1,0,0,1,0,0,21,0,0,6,7,5,13.778316365830891,0,0,6,7,5,13.115689109562577,0,9.160268201020301,1.7084181708455422,1.0778445547812892,1
1,1,1,15,1,1,1,22,27,10,9,1,0,0,1,0,0,18,0,0,6,11,3,11.0,0,0,6,11,2,8.452696599650544,0,9.4,-0.8,-3.12,1
1,7,1,8,1,1,1,1,28,6,7,0,0,1,0,1,0,18,0,0,4,8,0,0.0,0,0,4,4,0,0.0,0,7.628477965178048,2.5462082879970196,0.2655754443263964,1
1,1,2,9,1,1,1,1,1,4,9,1,0,0,1,0,0,19,0,0,6,10,6,12.941079805187979,0,0,6,9,6,12.585007136889697,0,16.2,0.3,-0.92,1
1,7,1,5,1,1,1,2,1,3,4,1,0,0,1,0,0,18,0,0,6,6,5,13.362585885761534,0,0,6,7,1,10.453232357201918,0,10.546189879966926,1.0011555256623121,0.8589162975994715,1
1,1,2,12,1,1,1,22,27,7,7,1,0,0,1,0,1,19,0,0,8,9,6,12.20555131518079,0,0,8,9,6,12.20555131518079,0,9.4,-0.8,-3.12,1
1,15,1,5,1,14,1,1,10,10,8,0,0,0,1,0,0,20,0,0,6,12,5,11.963534589162707,0,0,6,11,4,11.867445426551084,0,14.918536895529403,0.3674454265510841,-0.006114470232810865,1
1,5,1,12,1,1,19,2,1,13,5,1,0,0,1,0,0,18,1,0,7,14,4,11.733245972847795,0,0,7,9,5,12.552265290738454,0,12.277182230028576,0.5094475207670326,1.811729297764175,1
1,1,1,6,1,1,1,13,14,4,4,1,0,0,1,0,0,18,0,0,5,9,5,12.560557272809712,2,0,5,7,3,12.621037879082305,0,9.4,-0.8,-3.12,1
1,15,1,4,1,14,1,1,2,10,7,0,0,0,1,1,0,20,0,0,6,12,4,11.685507637905651,0,0,6,12,4,12.562902825378059,0,12.4,0.5,1.79,1
4,12,1,17,0,1,1,22,27,10,10,0,0,0,1,0,0,34,0,0,5,12,2,10.236473441649522,0,0,5,7,3,11.002270515024003,0,12.7,3.7,-1.7,1
1,7,2,7,1,1,14,1,1,25,33,0,0,0,1,0,0,19,1,0,5,10,3,13.946813046141717,0,0,5,12,1,10.404249271811043,0,8.9,1.4,3.51,1
1,8,1,2,1,1,1,2,2,3,3,1,0,0,1,1,0,20,0,0,0,0,0,0.0,0,0,0,0,0,0.0,0,7.6,2.6,0.32,1
1,1,4,9,1,1,1,22,27,10,9,1,0,0,1,0,0,21,0,0,5,6,4,13.70643513663616,0,0,5,5,5,13.384116443567892,0,10.98991317623856,0.8935648633638404,1.9172522978226558,1
1,16,1,4,1,15,1,23,18,6,5,0,0,0,0,0,0,22,0,0,6,8,6,11.147240203475302,0,0,6,10,4,12.343560474775703,0,10.102461661714964,1.0907955727018663,2.919075983385789,1
1,3,2,2,1,1,1,22,27,6,8,1,0,0,1,0,0,18,0,0,0,0,0,0.0,0,0,0,0,0,0.0,0,7.6,2.6,0.32,1
1,14,1,6,1,1,1,1,2,4,3,0,0,0,1,0,0,19,0,0,5,7,5,12.576963974592267,0,0,5,9,4,12.713132505293277,0,10.9327229809442,1.0460720508154644,1.8638747822145874,1
1,1,2,7,1,1,1,1,1,4,6,0,0,0,0,1,0,18,0,0,5,9,4,11.721536119517332,0,0,5,11,2,11.836273773497156,0,10.730098849153128,0.7345095093988623,2.270523961255381,1
1,8,1,10,1,1,1,13,27,4,6,0,0,0,0,0,0,19,0,0,6,8,6,13.508168784073058,0,0,7,10,6,13.330271066656511,0,11.1,0.6,2.02,1
1,1,1,14,1,1,1,22,27,10,7,0,0,0,1,0,0,19,0,0,5,6,3,12.976689464763522,0,0,5,6,3,12.965034197145282,0,7.725876890276981,2.362232540587924,0.07943527635954661,1
1,1,1,14,1,1,1,22,27,10,10,0,0,0,1,0,0,20,0,0,5,7,3,11.880056074609389,0,0,5,7,2,11.899579440429585,0,7.6,2.6,0.32,1
1,13,1,14,0,1,1,2,1,3,3,0,0,0,1,0,0,19,0,0,5,12,4,13.411065704374769,0,0,5,8,4,11.145770512699963,0,13.9,-0.3,0.79,1
1,10,1,7,1,1,1,1,2,6,3,0,0,0,1,0,0,21,0,0,5,9,5,11.994615616971373,0,0,5,8,2,11.492219614189182,0,11.748499186645477,0.8664692075119196,1.7696405995826712,1
1,3,2,7,1,1,1,22,28,5,5,0,0,0,1,1,0,18,0,0,5,9,2,12.157131038974708,0,0,5,8,2,13.05976912056896,2,7.6,2.6,0.32,1
3,12,1,6,1,1,1,22,27,10,10,0,0,0,0,0,0,42,0,0,5,11,4,12.403756216268983,0,0,5,13,2,10.346243783731017,0,9.407824216138827,1.2153366486767903,3.166064508160522,1
1,8,2,7,1,1,1,1,14,5,9,0,0,0,1,0,0,19,0,0,5,12,3,11.543141355119632,1,0,5,7,4,12.412445035076534,0,10.770575934641107,-0.20608376165552078,-0.8768240536373901,1
1,1,1,5,1,1,1,13,14,8,9,0,0,0,0,0,0,18,0,0,5,9,2,11.356461882685805,0,0,5,6,3,11.609039561021017,0,7.847422321664788,2.3716101646171186,0.9271363123928262,1
1,8,2,2,1,1,1,12,27,9,9,1,0,0,1,0,1,18,0,0,0,0,0,0.0,0,0,0,0,0,0.0,0,12.600556136005634,3.579620585691031,-1.5199542672944113,1
1,1,1,5,1,1,1,3,1,3,6,1,0,0,1,0,0,19,0,0,6,10,3,10.939238211742934,0,0,6,9,0,0.0,0,10.535429270457607,-0.3079806494683702,-1.261680760684383,1
1,13,1,14,0,12,1,22,27,6,7,0,0,0,1,0,0,28,0,1,6,7,6,11.69754644012834,0,1,6,9,5,12.837490757279385,0,9.4,-0.8,-3.12,1
1,1,1,12,1,1,1,10,1,5,11,0,0,0,1,0,0,19,0,0,6,9,5,12.704067558366168,0,0,7,9,6,13.467203846464843,0,13.879662208169158,-0.3022597546478715,0.7723287186536449,1
1,1,2,7,1,1,1,13,28,5,5,0,0,0,1,1,0,18,0,0,5,6,4,12.360822391595454,0,0,5,12,2,10.854077743063916,0,12.183692288712692,0.6412010029640083,1.31596526636224,1
2,12,1,17,0,1,1,22,27,10,7,0,0,0,1,0,0,35,0,0,5,7,4,10.83339238736805,0,0,5,8,3,11.138751096141217,0,7.6,2.6,0.32,1
1,1,1,14,1,1,1,1,12,5,5,0,0,0,1,0,0,19,0,0,6,8,6,13.252355801532438,0,0,6,7,5,13.253674991364274,0,11.645382491268323,0.5580475006716674,1.923509251544835,1
1,8,1,13,1,1,1,13,14,28,36,0,0,0,0,0,0,20,0,0,5,11,4,12.183424454419173,0,0,5,9,3,13.1573691227721,0,11.348548703501752,0.5201093453030083,1.9108161052474448,1
1,1,1,5,1,1,1,1,1,9,8,0,0,0,1,0,0,19,0,0,5,7,3,12.297554686891159,0,0,5,7,3,10.27875069803389,0,7.6,2.6,0.32,1
2,12,1,17,0,1,1,20,25,11,11,0,0,0,1,1,0,38,0,0,5,7,3,10.841259988602241,0,0,5,7,3,11.759213280143795,0,7.6,2.6,0.32,1
1,1,1,4,0,1,1,1,27,6,7,0,0,0,1,0,0,20,0,0,6,7,3,11.509675639881696,0,0,5,8,1,11.006450426587797,0,10.456772947917187,0.8606432038698653,0.5485118049125202,1
1,8,1,9,1,1,1,13,1,8,5,1,0,0,1,0,0,19,0,0,5,8,3,11.457124414217775,0,0,5,10,3,12.286646476043858,0,10.8,1.4,1.74,1
1,1,2,7,1,1,1,3,1,3,3,0,0,0,1,1,0,20,0,0,5,9,4,11.66142167795078,0,0,5,8,3,11.738152683743495,1,7.6,2.6,0.32,1
1,5,1,5,1,1,1,23,28,3,3,1,0,0,1,0,0,20,0,0,5,7,4,11.602745080415112,0,0,5,8,3,12.563585484528254,0,14.316470482490669,3.1804202020565704,-3.0624536923849925,1
1,1,1,5,1,1,1,1,28,5,7,1,0,0,1,1,0,19,0,0,5,5,3,9.86167732681304,0,0,5,7,1,11.986709705696015,0,10.8,1.4,1.74,1
1,1,3,13,1,1,1,1,1,10,10,0,0,0,1,0,0,18,0,0,6,6,6,14.165047205076963,0,0,6,7,5,13.427299415104608,0,8.9,1.4,3.51,1
1,12,1,9,1,1,1,2,1,3,5,0,0,0,1,0,0,35,0,0,7,10,6,12.99766349101412,0,0,7,11,6,13.148090045190749,0,11.732644635895092,0.8885497157994663,1.4541895470644077,1
1,1,1,13,1,1,1,23,14,5,8,0,0,0,1,0,0,19,0,0,6,8,3,11.68455465645843,0,0,6,10,5,13.603890921137342,0,10.80562908769671,1.384989099475443,1.7452538151835948,1
1,10,1,17,0,1,1,23,28,4,4,0,0,0,1,0,0,24,0,0,5,10,2,11.062405452921848,0,0,5,11,3,12.75799296385199,0,11.748396306300872,2.705022691298756,-1.9799969394427621,1
1,1,1,6,1,1,1,1,11,5,6,0,0,0,1,0,0,20,0,0,6,9,6,13.920390931742297,0,0,6,12,5,12.870680682796804,0,13.326210579633988,0.006021024195206615,1.1725262802440084,1
1,8,1,9,1,1,1,13,14,4,4,0,0,0,1,0,0,19,0,0,5,10,3,10.533048336696078,0,0,5,9,3,10.746552668011764,0,12.435948700605294,0.8834528064564684,1.3717967829584143,1
1,1,2,12,1,1,1,3,1,4,5,1,0,0,1,0,0,19,0,0,6,10,5,12.51091978195432,0,0,6,8,6,11.476386512112441,0,12.366414017216421,0.5025835371371985,1.7959421354155565,1
1,1,2,13,1,1,1,22,27,10,8,1,0,0,1,0,1,18,0,0,6,8,6,13.564848483052943,0,0,6,6,5,12.808868814767152,0,12.406007906777747,0.5640843389626383,1.7201080178188726,1
1,12,1,7,1,14,1,1,1,5,9,0,0,0,1,0,0,23,0,1,5,6,4,13.621796495015934,0,0,5,5,2,13.210898247507968,0,14.780773215039112,0.5891017524920326,-0.22089939851926688,1
1,8,3,9,1,1,1,2,28,3,9,1,0,0,1,0,0,18,0,0,5,15,3,10.512399869859005,0,0,5,11,2,11.942149951197127,0,13.252079453407823,-0.09173982430965755,1.0746222401101346,1
1,8,1,15,1,1,1,1,1,4,5,0,0,0,1,0,0,19,0,0,6,10,3,13.565143034973389,0,0,6,12,3,10.351523631693277,0,10.20406716301076,0.29645522228739973,-2.7740074631893092,1
1,8,2,14,1,1,1,1,1,5,2,1,0,0,1,0,0,18,0,0,7,10,5,11.723749534152864,0,0,7,9,6,13.13470439208979,0,13.9,-0.3,0.79,1
1,12,1,6,1,1,1,22,15,29,35,0,0,0,1,0,0,28,0,0,6,16,0,1.2396747860210615,0,0,6,6,0,1.0073519250725869,0,9.225252005327865,1.3163637700585489,3.3501618716674493,1
1,1,2,14,1,1,1,22,27,9,9,1,0,0,1,0,0,19,0,0,5,9,3,11.085682422144027,0,0,5,9,3,11.495301822378613,0,9.4,-0.8,-3.12,1
1,13,1,11,1,1,1,13,27,9,8,0,0,0,1,1,0,20,0,0,6,7,5,11.369678409366188,0,0,6,8,5,11.115160795316905,0,8.681699859709449,2.8333078128785085,-0.10843798364962476,1
1,12,1,16,0,1,1,22,27,10,9,0,0,0,1,0,0,25,0,0,5,8,3,11.13531380796646,0,0,5,8,3,11.351485355974845,0,10.36699581450733,1.5623765695597516,1.5478543926876271,1
1,2,4,10,1,1,14,1,1,7,5,0,0,0,1,0,0,22,1,0,7,9,5,13.20805211564212,0,0,6,8,5,13.04219300648412,0,10.23867010785154,0.9132108698721669,2.603355245136911,1
1,1,2,13,1,1,1,3,1,4,5,1,0,0,1,0,0,19,0,0,6,10,5,13.24616731721131,0,0,6,9,6,11.73492565710351,0,11.741110038633373,0.5506838431820482,1.9065728393187111,1
1,1,5,12,1,1,1,1,1,5,5,1,0,0,1,0,0,20,0,0,7,8,6,13.125970441089509,0,0,7,8,7,13.459152951029923,0,13.66104396907153,-0.17255678350481574,0.9493040206189803,1
1,15,1,4,1,14,1,3,3,7,2,1,0,0,1,1,0,20,0,0,6,12,4,11.68835264631081,0,0,6,11,4,11.5,0,15.304361997454635,2.6548492239179544,-3.690812156486971,1
1,13,1,13,1,1,1,13,14,2,2,0,0,1,1,0,0,20,0,0,6,12,4,12.338237608456431,0,0,6,7,5,14.470586068679085,0,13.9,-0.3,0.79,1
1,15,1,4,1,14,1,3,3,6,2,0,0,0,1,1,0,20,0,0,6,12,3,11.38779985324364,0,0,6,11,4,11.5,0,15.5,2.8,-4.06,1
1,1,1,6,1,1,1,13,14,8,9,1,0,0,1,0,0,18,0,0,5,8,2,10.75625587642269,0,0,5,6,3,11.427093127371151,0,9.24003760910522,1.8824835460164664,0.8222615177884736,1
1,14,1,10,1,1,1,3,2,3,4,0,0,0,1,0,0,32,0,1,7,14,4,11.887903768206765,0,1,8,10,4,10.856086310725079,0,9.623728098470876,1.4,2.8357901398455523,1
1,1,1,9,1,1,1,2,28,3,6,1,0,0,1,0,0,20,0,0,5,8,4,12.188310408269897,0,0,5,12,3,13.320344898077662,0,9.4,-0.8,-3.12,1
1,1,1,10,1,1,1,13,28,10,9,0,0,0,1,0,1,19,0,0,6,11,4,10.639055332197266,0,0,6,10,3,10.570708500852051,0,11.563306337309571,0.715149798977539,2.2011751713792966,1
1,1,1,13,1,1,1,3,1,3,8,0,0,0,0,1,0,24,0,0,6,9,5,15.213795817363216,0,0,7,7,6,13.50549265743235,0,11.762641520777208,0.5490275753248302,1.9027634232471096,1
1,8,2,8,1,1,1,1,1,5,8,1,0,0,1,0,0,18,0,0,5,5,4,12.495171664939738,0,0,5,5,3,11.262070837650654,0,11.047585832469869,0.7397711134136825,1.9710801103052111,1
1,1,1,9,1,1,1,2,1,3,5,0,0,0,1,1,0,20,0,0,5,10,5,11.463861651286692,0,0,5,13,2,11.5,0,12.252474338445632,2.8329190307384144,-0.6595028368860973,1
1,8,1,7,1,1,1,3,3,3,3,0,0,1,0,0,0,18,0,0,6,9,5,12.41728389426933,0,0,6,12,5,14.057551172542107,0,8.9,1.4,3.51,1
1,1,1,12,1,1,1,23,1,10,5,1,0,0,1,0,0,19,0,0,6,9,5,12.846269129675647,0,0,6,7,5,13.38507651870259,0,15.516017973308777,0.4393296721037674,-0.5830755201854354,1
1,1,5,12,1,1,14,1,1,10,6,1,0,0,1,0,0,20,1,0,7,11,4,12.979044945985216,0,0,7,9,5,13.593530104107046,0,11.310293474757742,0.583823578864789,1.9827942313890148,1
2,9,1,17,0,1,1,22,27,10,9,0,0,0,1,0,0,41,0,0,5,10,3,10.737908014414302,0,0,5,9,4,12.264903552432804,0,9.4,-0.8,-3.12,1
1,1,2,12,1,1,1,22,27,10,10,1,0,0,1,0,0,19,0,0,7,8,6,13.068640547044419,0,0,8,9,6,12.926836341150342,0,14.188944161887816,2.2535970998804067,-1.368178158207858,1
1,4,1,8,1,1,1,22,14,6,6,0,0,0,1,0,0,19,0,0,5,7,4,10.65509586972001,0,0,5,8,3,12.0,0,10.8,1.4,1.74,1
1,1,1,6,1,1,1,1,28,6,8,0,0,0,1,0,0,20,0,0,6,7,4,11.452540131718555,0,0,6,8,3,11.268159539490304,0,10.917312828917453,1.0871657895534603,1.849491973656289,1
1,13,1,5,1,13,1,22,27,10,7,0,0,0,1,1,0,41,0,1,6,11,5,13.605848123807098,0,0,6,15,5,13.392485400557739,0,14.295618603108363,0.40023059983640197,0.43812462778324635,1
1,1,1,11,1,1,1,23,14,10,6,0,0,0,1,0,0,18,0,0,6,10,4,12.147178777429211,0,0,6,10,3,11.91492179937258,0,8.870972087773476,2.1233854670849466,0.8839938639494798,1
1,1,1,6,1,1,1,13,14,7,9,0,0,0,1,0,0,19,0,0,5,9,3,10.269866309379971,0,0,5,7,2,11.460267381240056,0,7.6,2.6,0.32,1
1,1,1,12,1,1,1,1,27,6,10,0,0,0,1,0,0,19,0,0,5,8,4,11.941925079158954,0,0,5,6,4,11.372049947227364,0,7.6,2.6,0.32,1
1,15,1,9,1,14,1,7,29,4,4,0,0,0,1,0,0,22,0,2,6,12,2,13.348607612818096,0,0,6,11,1,13.022911419227146,0,11.26006332243167,0.7931265742318564,2.3501974529764365,1
2,2,1,7,0,2,1,22,20,10,8,1,0,0,1,0,0,45,0,7,11,12,11,13.307774449672745,0,4,8,12,8,13.383787822978018,0,10.954631513124385,1.0558045415776642,0.5702661605029303,1
1,1,1,13,1,1,1,22,27,10,10,1,0,0,1,0,0,19,0,0,6,11,4,12.068924343763676,0,0,6,11,3,11.185718621780845,0,7.6,2.6,0.32,1
1,8,2,9,1,1,1,22,14,8,8,0,0,0,1,0,0,19,0,0,5,7,5,11.369165203961558,0,0,5,9,4,10.98714529699817,0,15.5,2.8,-4.06,1
1,8,1,15,1,1,1,1,1,8,1,0,0,0,1,0,0,18,0,0,6,10,6,12.272548916874307,0,0,6,10,5,12.682490727862113,0,13.582026263646643,-0.13041400727820915,1.0019824909022386,1
1,8,2,5,1,1,1,2,1,3,4,0,0,0,1,0,0,18,0,0,6,6,5,12.746229005703977,0,0,6,8,1,10.217517995110876,0,10.455596507741113,1.4,2.060839042788542,1
1,1,1,7,1,1,1,1,27,8,9,1,0,0,1,0,0,20,0,0,5,7,4,11.322527977846415,0,0,5,8,4,11.78498134810239,0,8.632089529108528,2.212966426584302,0.7779897285419095,1
1,8,1,15,1,1,1,1,14,20,41,1,0,0,1,0,0,20,0,0,6,7,6,12.949633585052535,0,0,6,8,5,12.48855308751194,0,8.9,1.4,3.51,1
1,2,1,2,1,1,1,2,12,2,9,1,0,0,1,0,0,19,0,0,0,0,0,0.0,0,0,0,0,0,0.0,0,15.615593631261481,0.3307582299336062,-0.5032259843996358,1
1,1,1,10,1,1,1,13,28,10,9,0,0,0,1,0,0,19,0,0,5,5,5,11.955277113100738,0,0,5,7,4,12.414578348255533,0,11.729156696511067,0.20930123515479537,0.6920531266231118,1
1,14,1,7,1,13,1,1,14,5,7,0,0,0,1,1,0,20,0,1,5,12,4,12.340252043052423,0,0,5,11,1,14.786614439472936,0,13.9,-0.3,0.79,1
1,8,1,9,1,1,1,2,2,5,3,0,0,0,1,0,0,19,0,0,5,8,4,11.42695857106915,0,0,5,7,4,11.92695857106915,0,15.5,2.8,-4.06,1
1,1,2,13,1,1,1,22,27,8,8,1,0,0,1,0,0,18,0,0,5,7,3,11.378179506349165,0,0,5,7,4,11.084086574404681,0,9.4,-0.8,-3.12,1
1,1,4,13,1,1,1,3,14,3,4,1,0,0,1,0,0,17,0,0,7,12,5,12.507338940944662,0,0,7,12,5,12.507338940944662,0,10.8,1.4,1.74,1
1,8,1,11,1,1,1,13,14,5,6,0,0,0,1,1,0,18,0,0,5,8,4,11.360860746482864,0,0,5,8,3,11.652902960091902,0,14.042192432385985,3.2685810038759335,-2.83127647872533,1
1,1,1,2,1,1,1,9,3,8,3,1,0,0,1,0,0,18,0,0,0,0,0,0.0,0,0,0,0,0,0.0,0,11.09998877491011,3.3548995396864947,-1.0662700637879259,1
1,1,3,12,1,1,1,2,1,5,3,1,0,0,1,0,0,19,0,0,7,10,4,12.520102411663014,0,0,7,9,5,11.4149032444533,0,12.4,0.5,1.79,1
1,15,1,6,1,14,1,2,3,5,3,0,0,0,0,0,0,27,0,0,6,8,5,14.16011809538048,0,0,6,12,3,15.029288099068127,0,11.280957432002788,0.586080197538247,1.987984454337968,1
1,8,2,12,1,1,1,3,2,2,10,1,0,0,1,1,0,18,0,0,7,8,6,12.955812669017229,0,0,7,7,6,13.659450943729853,0,15.650612787380613,0.41191220997802347,-0.6493759285985978,1
1,8,1,15,1,1,1,1,14,3,10,1,0,0,1,0,0,19,0,0,6,8,5,13.068267037943487,0,0,6,8,4,10.843735746632662,0,8.470404733779453,2.787734354344588,-0.024748541614606934,1
1,5,1,15,1,1,1,22,27,10,8,1,0,0,1,0,1,19,0,0,6,10,4,12.501430814671178,0,0,6,11,4,12.46287997747714,0,9.4,-0.8,-3.12,1
1,5,1,7,1,1,12,1,2,20,30,0,0,0,1,0,0,19,0,0,6,10,2,13.545314373502757,0,0,5,10,2,11.120366304616699,0,9.06520865339547,1.3575177748411646,3.428811747474226,1
1,8,1,16,0,1,1,22,27,5,6,0,0,0,1,0,0,22,0,0,5,9,3,12.118900575561677,0,0,5,8,4,12.077784569064114,0,10.24064245572982,1.6097590791013183,1.4917850897301068,1
1,11,1,7,1,1,1,2,27,3,6,0,0,0,1,0,0,19,0,0,5,7,3,11.83369311416496,0,0,5,9,4,11.071659859106045,0,10.8,1.4,1.74,1
1,8,1,16,0,1,1,22,27,6,6,0,0,0,1,0,0,21,0,0,5,8,4,12.25,0,0,5,8,4,11.624352382225055,0,10.8,1.4,1.74,1
1,10,1,10,1,1,1,13,7,29,32,0,0,0,0,1,0,22,0,0,6,11,5,11.7717145211274,0,0,6,10,3,12.321683647632684,0,13.761006482454832,0.4434702069144216,0.48600802776133245,1
2,12,1,13,0,6,1,22,27,10,10,0,0,0,1,0,0,30,0,0,5,8,0,0.0,0,0,5,7,0,0.0,0,8.510993598724152,0.879234313521047,-1.421009988672823,1
1,1,1,4,0,1,1,3,1,3,10,0,0,0,0,0,0,25,0,0,6,6,6,12.337194609791657,0,0,6,7,5,11.976735144487172,0,10.869765407509615,1.2139589133076958,1.8051143803423064,1
1,12,1,10,1,8,1,22,27,6,8,0,0,0,1,1,0,25,0,0,5,7,5,11.153339100940116,0,0,5,11,4,11.77601038169221,0,9.4,-0.8,-3.12,1
1,1,6,12,1,1,1,1,1,4,5,1,0,0,1,0,0,20,0,0,7,8,6,13.41224749519057,0,0,8,8,7,13.436532853055414,0,13.27482616532074,-0.09905126742452341,1.064629934519818,1
1,1,1,12,1,1,1,23,14,9,8,0,0,0,1,0,0,19,0,0,6,9,4,12.503659916974742,0,0,6,8,5,12.637289433639944,0,11.06338948436268,0.697628041699516,1.9858301854051694,1
1,1,1,5,1,1,1,22,27,10,7,0,0,0,0,0,1,19,0,0,6,6,5,11.745905433408236,0,0,6,6,5,12.66190895880148,0,8.372577975730307,1.8868510993258703,2.2157874942920612,1
1,12,1,3,0,1,1,22,27,9,7,0,0,0,1,0,0,48,0,0,6,8,5,12.41383104641403,0,0,6,11,4,11.59532623917451,0,14.001681321786144,-0.10299243903934752,0.48177849333575384,1
3,12,1,17,0,1,1,22,27,10,10,0,0,0,1,0,0,29,0,0,5,9,3,10.707964935800652,0,0,5,8,4,10.505310586291664,0,12.46459986593628,3.415041942975498,-1.2738018625372665,1
1,6,1,15,1,1,1,22,27,10,8,1,0,0,1,0,1,19,0,0,6,10,4,12.588944227751625,0,0,6,11,4,12.509288605625862,0,9.4,-0.8,-3.12,1
1,1,1,10,1,1,1,23,27,5,5,0,0,0,1,0,0,19,0,0,5,11,3,11.049517120816246,0,0,5,6,3,12.623792802040612,0,15.680070231429427,0.8050746323256979,-1.035870062710013,1
1,13,1,9,1,1,1,2,14,9,9,0,0,0,1,0,0,20,0,2,9,17,5,11.16654474775582,1,3,9,15,6,10.571238567931148,0,7.600598511016881,2.598869479190336,0.31885617894551643,1
1,7,2,11,1,1,1,22,27,8,8,1,0,0,1,0,1,18,0,0,6,9,4,11.941061268576794,0,0,6,8,5,12.79690463331768,0,11.094693657116023,0.6141502476906058,2.015047413308288,1
1,1,1,10,1,1,1,1,27,10,10,0,0,0,1,0,0,21,0,0,5,7,4,11.715404305082844,0,0,5,8,5,12.099361709039284,0,8.871829875702833,2.123063796611438,0.8843745073431318,1
1,11,1,5,0,1,1,22,14,6,5,0,0,0,1,0,0,19,0,1,6,6,5,11.832268299117514,0,0,6,7,4,13.27040356171094,0,12.006883383625393,2.8609640959675824,-0.4450941261428185,1
1,15,1,6,1,14,1,1,14,8,6,1,0,0,1,0,0,19,0,0,5,11,4,12.727315929404066,0,0,5,9,4,13.165494972095654,0,14.847387055942985,1.6139668599411006,-1.2214394561041348,1
1,14,1,13,1,1,1,3,3,5,4,0,0,0,1,0,0,18,0,0,3,3,2,7.761064996834635,0,0,5,6,3,14.0809002916918,0,11.872438072289876,2.6982145085614295,-0.20167735193535563,1
1,13,1,6,1,1,1,13,28,5,9,1,0,0,0,0,0,18,0,0,6,11,4,12.808217544408139,0,0,6,12,2,11.538811696272093,0,13.305474387665232,0.026030174506162962,0.9721933328122676,1
1,13,1,13,0,1,1,22,27,10,7,0,0,0,1,0,0,25,0,0,6,8,5,11.788244649334521,0,0,6,7,5,12.0,0,7.6,2.6,0.32,1
1,1,1,15,1,1,1,1,14,5,5,0,0,0,1,0,0,18,0,0,6,9,4,12.430389444543398,0,0,6,8,4,12.013828676890562,0,8.527717143366043,0.8476453958641401,-1.4529705406551057,1
1,1,1,15,1,1,1,3,1,4,5,1,0,0,1,0,0,18,0,0,6,8,5,11.588405616003039,0,0,6,12,4,12.486011259479648,0,9.36691826574666,1.4,3.0750287734886372,1
1,15,1,6,1,14,1,1,14,8,6,1,0,0,1,0,0,19,0,0,5,11,4,12.724667666041071,0,0,5,9,4,13.144441278359857,0,14.868242129926557,1.5937076452142018,-1.2167917539020816,1
1,1,1,11,1,1,1,23,14,8,5,0,0,0,1,1,0,19,0,0,6,9,4,12.712830618970395,0,0,6,11,2,13.446032572355259,0,10.889206514471052,1.1621159614105288,1.823259413506315,1
1,13,1,3,0,1,1,22,27,8,5,0,0,0,1,0,0,45,0,2,7,10,6,12.118876661523196,0,1,6,8,5,11.76573055126933,0,13.904944097024979,3.312696540241971,-2.7155957389210537,1
1,2,1,16,1,1,1,13,14,7,8,1,0,0,1,0,0,18,0,0,7,7,6,11.638222540241667,0,0,7,8,6,13.365906261139287,0,15.807471055335004,0.19760114487000097,-0.6281632628795027,1
1,11,1,7,1,1,1,22,2,10,3,1,0,0,1,0,0,27,0,0,5,10,3,10.562191511947567,0,0,5,12,3,10.975123395220972,3,7.838815405878661,2.510444222795502,0.425974336358656,1
1,8,2,9,1,1,1,13,1,9,4,1,0,0,1,0,0,20,0,0,5,9,2,11.445674010186037,0,0,5,9,3,10.0,0,10.730583269265054,0.2957744570418088,0.9030576494249276,1
1,10,1,6,1,1,1,3,2,4,3,0,0,0,0,0,0,24,0,0,5,10,3,11.683653147702952,0,0,5,16,4,13.118464891025834,0,11.471144067841319,0.7388486682693751,2.2464663438036947,1
1,14,1,6,1,13,1,1,14,9,9,0,0,0,1,0,0,20,0,0,5,13,5,12.279030063342503,0,0,5,11,4,11.480020501867754,0,15.791137307942128,0.19334016728925107,-0.6160194767743656,1
1,1,1,11,1,1,1,13,27,7,8,0,0,0,1,0,0,19,0,0,6,11,4,11.82709548610767,0,0,6,11,3,11.15344386574877,0,15.5,2.8,-4.06,1
1,15,1,6,1,14,1,1,1,8,7,0,0,0,1,0,0,20,0,4,7,11,6,13.80183185204213,0,2,7,11,5,13.389749473002833,0,11.06318086000515,0.8437534931415326,2.44695112022604,1
1,12,1,17,0,1,1,22,27,8,6,0,0,0,1,0,0,39,0,0,5,8,4,11.616810373986535,0,0,5,6,4,12.275107780489902,0,14.486896598378458,0.8371121593582613,-0.9890303138346992,1
1,8,1,10,1,1,1,1,1,8,10,0,0,0,1,0,0,20,0,0,6,11,4,10.715665809273007,0,0,6,12,4,11.248215934668725,0,15.5,2.8,-4.06,1
1,12,1,11,1,1,1,13,14,5,7,0,0,0,1,0,0,18,0,0,6,9,5,12.122776713829971,0,0,6,7,2,12.919199220303794,0,15.385740615030615,1.0909948311131155,-1.1014635200788911,1
1,1,1,11,1,1,1,13,27,9,9,0,0,0,1,0,0,19,0,0,6,6,6,12.2244826736154,0,0,6,7,4,12.80888070127617,0,11.340147377028932,0.9636855225498422,1.4654201342151105,1
1,1,1,16,0,1,1,22,27,10,10,0,0,0,1,0,0,27,0,0,5,10,5,11.649045387115956,0,0,5,10,4,10.640943340240163,0,15.621626816963605,2.3656185108442633,-3.514416849620395,1
1,1,1,8,1,1,1,22,27,10,10,1,0,0,1,0,0,19,0,0,5,8,2,10.0,0,0,5,9,1,12.721381637191719,0,8.7016842478027,2.1868684070739874,0.8088723849624481,1
1,2,3,5,1,1,1,22,27,10,10,0,0,0,1,0,0,21,0,0,6,6,6,11.691997352458433,0,0,6,6,6,12.2173280382502,0,7.6,2.6,0.32,1
1,8,1,12,1,1,1,1,27,4,9,1,0,0,1,0,0,19,0,0,7,10,6,12.010031755390948,0,0,7,11,6,12.262084354543715,0,13.471911084905347,3.451885722708995,-2.3506107715630797,1
1,8,3,11,1,1,1,1,1,5,3,1,0,0,1,1,0,19,0,0,6,7,4,12.504929337151204,0,0,6,12,2,11.63616385908095,0,7.974231459231022,1.893118354785847,-0.39519789986373155,1
1,15,1,6,1,14,1,22,27,8,8,0,0,0,1,0,0,20,0,2,6,11,5,12.865067190304933,0,1,6,16,2,12.6071976436278,0,13.938234030523759,0.41904031418296006,0.6929962571791086,1
1,8,3,8,1,1,1,1,14,7,6,0,0,0,0,0,0,19,0,0,5,10,3,11.345924204628002,0,0,5,7,4,12.208350613399727,0,11.189265283801994,0.8113317841652017,2.3849896319601633,1
1,8,2,6,1,1,1,23,27,5,6,1,0,0,1,1,0,19,0,0,5,6,4,12.656215213110947,0,0,5,8,4,11.106489972202901,0,13.83508966990956,2.3040692633773157,-2.0054298054203072,1
1,4,1,2,1,1,1,2,27,3,8,1,0,0,1,0,0,18,0,0,0,0,0,0.0,0,0,0,0,0,0.0,0,10.064293529243905,0.2438898316689917,-0.8139524627675907,1
1,8,4,7,1,1,1,22,27,5,6,1,0,0,1,1,0,19,0,0,5,8,4,12.622038184158164,0,0,5,8,3,13.647956441831422,2,7.6,2.6,0.32,1
1,1,1,10,1,1,1,22,27,8,10,0,0,0,1,0,0,19,0,0,6,11,2,12.752357996798604,0,0,6,9,6,10.98073928761988,0,7.6,2.6,0.32,1
1,12,1,6,1,1,1,22,7,10,5,1,0,0,1,0,0,28,0,0,5,11,4,10.790309070251723,0,0,5,11,4,10.806460619832185,2,9.574101677711717,3.025786636369194,-0.46189909587797423,1
1,1,5,12,1,1,1,1,1,4,5,1,0,0,1,0,0,20,0,0,7,8,6,13.211410427181175,0,0,7,8,7,13.763184924219996,0,13.983208766390593,-0.27829336528941057,0.7281360910748201,1
1,2,3,12,1,1,1,1,14,5,10,0,0,0,1,0,0,19,0,0,6,9,6,13.131598224172324,0,0,7,11,6,13.531976690705388,0,15.5,2.8,-4.06,1
1,1,1,6,1,1,1,2,1,4,2,0,0,0,1,0,0,18,0,0,5,10,2,13.732392527441023,0,0,5,7,3,11.13380373627949,0,7.84084672530308,2.1450672966497386,-0.14028485280144115,1
1,8,1,7,1,1,1,1,28,5,9,1,0,0,1,0,0,20,0,0,5,10,2,10.98451614864672,1,0,5,11,2,11.232516087841887,0,9.98601287027351,0.12087736757265766,-1.0856981789076747,1
1,8,3,6,1,1,12,1,1,29,34,0,0,0,1,1,0,20,1,0,5,9,4,14.1077291779051,0,0,5,12,1,10.712851698075497,0,8.9,1.4,3.51,1
1,14,2,14,1,1,1,1,1,5,5,0,0,0,1,1,0,22,0,0,5,13,1,11.746444689339917,0,0,5,8,3,10.866969210631641,0,9.4,-0.8,-3.12,1
1,1,1,6,1,1,1,1,1,4,2,1,0,0,1,0,0,19,0,0,5,13,3,11.680974827238245,2,0,5,8,3,12.212683448507837,0,9.4,-0.8,-3.12,1
1,8,1,11,1,1,1,13,14,5,5,0,0,0,1,0,0,19,0,0,5,9,4,11.392271136131008,0,0,5,6,5,10.658079040145564,0,12.456908454452403,1.107023514158967,1.1279649798703766,1
1,1,3,10,1,1,1,13,27,8,8,1,0,0,1,0,0,19,0,0,6,6,5,12.55305363482606,0,0,6,7,5,12.343475140980308,0,8.285893252586101,1.3044238562262536,-0.9908182160534382,1
1,12,1,7,1,1,1,22,2,10,4,0,0,0,1,1,0,28,0,0,5,12,4,10.661750197455737,0,0,5,13,3,10.676499605088527,2,8.635201263716716,2.2117995261062315,0.7793705607742927,1
1,1,1,11,1,1,1,3,14,3,8,0,0,0,1,0,0,19,0,0,6,12,3,12.441715168297739,0,0,6,10,5,11.556396250494132,0,15.818897741695965,0.20058201957286054,-0.6366587557826524,1
1,8,1,8,1,1,1,13,1,8,7,1,0,0,1,1,0,19,0,0,5,7,3,11.81554262677638,0,0,5,9,3,12.222420716393557,0,10.095667731420399,1.4,2.396141113360997,1
1,15,1,4,1,14,1,1,28,9,7,0,0,0,1,1,0,20,0,0,6,13,3,11.799714069443825,0,0,6,15,3,10.731998990737845,0,15.5,2.8,-4.06,1
1,12,1,7,0,1,1,13,27,9,5,0,0,0,1,0,0,32,0,0,5,9,4,11.951537490116936,0,0,5,7,3,13.623588880103942,0,7.6,2.6,0.32,1
1,1,2,9,1,1,1,1,14,5,8,0,0,0,1,0,0,20,0,0,5,12,0,0.44764869751384373,0,0,5,11,0,0.4689653021573601,0,9.540689590647208,-0.6081505582083527,-3.0594608428124137,1
2,13,1,8,1,13,1,22,27,10,9,0,0,0,1,1,0,41,0,1,7,12,5,13.331414506791406,0,0,6,13,6,13.521896759018636,0,11.805746291759775,0.8342677108851266,1.771429571617493,1
1,2,1,15,1,1,1,22,14,6,8,0,0,0,1,0,0,18,0,0,6,8,4,12.159510681992588,0,0,6,8,6,12.323693019522045,0,15.5,2.8,-4.06,1
1,8,1,12,1,1,1,1,28,4,10,0,0,0,1,0,0,18,0,0,7,9,6,11.629990270053973,0,0,7,9,6,12.950793809521606,0,13.12469185184499,2.2843604938500324,-0.8187644074216451,1
1,1,1,7,1,1,1,23,28,8,7,0,0,0,1,1,0,18,0,0,5,9,2,11.166000501645284,0,0,5,9,2,13.250999247532073,2,7.6,2.6,0.32,1
1,9,1,11,0,1,1,23,28,6,6,0,0,0,1,0,0,23,0,0,5,5,4,11.185727953107802,0,0,5,10,2,11.212815422404304,0,10.8,1.4,1.74,1
1,13,1,9,1,1,1,13,27,6,6,0,0,0,1,0,0,21,0,0,5,14,2,10.87309444487544,0,0,5,8,4,12.34030488881993,0,10.591067110869755,1.0716768885096124,1.0147043991621438,1
1,8,3,10,1,1,1,22,14,6,5,1,0,0,1,0,0,18,0,0,5,8,4,11.408999703359312,0,0,5,7,3,12.339199367166533,0,10.392960759400163,1.5526397152249394,1.5593763369838216,1
1,1,5,15,1,1,1,1,14,4,4,1,0,0,1,0,0,18,0,0,6,6,6,12.22144698413364,0,0,6,10,5,11.385608605064569,0,8.033086745150664,2.437592470568501,0.5121822431606069,1
1,16,1,4,1,15,1,24,17,5,5,0,0,0,0,0,0,22,0,0,6,8,6,11.104347700744944,0,0,6,10,4,12.243477968404868,0,9.752172889417036,1.1808698284356194,3.0912178943436284,1
1,9,1,7,1,1,1,13,14,6,5,1,0,0,1,0,0,21,0,5,10,13,9,11.18997601023038,0,2,8,16,6,11.374144676044516,0,9.225855323955484,-0.033763425404130576,-0.8108415956497206,1
1,11,1,4,1,1,1,22,27,4,8,0,0,0,1,0,0,27,0,0,5,6,0,0.0,0,0,5,5,0,0.0,0,10.437400747951932,0.9786281440274676,1.6981660775766527,1
1,1,3,15,1,1,1,16,1,7,10,1,0,0,1,0,0,18,0,0,6,6,5,12.2,0,0,6,7,5,11.65971383565863,0,10.8,1.4,1.74,1
1,1,1,10,1,1,1,13,14,8,8,1,0,0,1,0,1,19,0,0,5,6,5,14.043587002852574,0,0,5,6,4,14.6138043870291,0,12.4,0.5,1.79,1
1,12,1,6,1,1,1,22,1,10,6,0,0,0,1,1,0,26,0,3,8,14,6,11.235436232917085,0,0,6,14,1,11.177181164585424,0,11.42782995444556,1.0468456506243728,1.7596196860764237,1
1,12,1,5,0,1,1,22,27,6,6,0,0,0,1,0,1,25,0,0,6,12,3,11.6958518729007,0,0,6,14,2,11.347925936450352,0,10.946777667271318,0.6875556187021035,1.9455777241032122,1
1,14,1,4,1,1,1,1,1,5,7,0,0,0,1,1,0,19,0,2,6,7,3,11.615944760313106,0,0,6,12,4,10.525653894923918,0,14.206233509609623,-0.22011299749314184,0.5623220428554543,1
1,11,1,11,1,1,1,1,27,9,9,1,0,0,1,0,0,26,0,0,6,7,6,13.872659552428562,0,0,6,7,6,13.94075923886692,0,7.783869153383568,2.2526915991643706,-0.031394382021931067,1
1,1,1,15,1,1,1,1,14,6,6,1,0,0,1,0,0,18,0,0,6,9,4,13.07783099530958,0,0,6,9,4,11.263476858482978,0,9.4,-0.8,-3.12,1
1,12,1,7,1,14,1,1,1,5,10,0,0,0,1,0,0,24,0,1,5,6,4,14.074228511109176,0,0,5,5,2,13.437114255554588,0,15.891288163631613,0.3628857444454121,-0.7679308361592765,1
1,8,4,11,1,1,1,13,1,10,4,1,0,0,1,0,0,18,0,0,6,8,5,13.02878974249266,0,0,7,9,6,12.230207258511589,0,11.1,0.6,2.02,1
1,8,1,6,1,1,1,2,14,3,10,0,0,0,1,0,0,18,0,0,5,5,2,13.808957851404871,0,0,5,7,3,12.600438721820355,0,7.844533950201765,2.5082997686743385,0.42851194040203305,1
1,1,1,14,1,1,1,1,14,5,5,0,0,0,1,1,0,19,0,0,6,10,4,12.379706438612546,0,0,6,9,3,12.759789237978238,0,8.940965026886639,2.0133278007370956,0.7306705394840332,1
1,13,1,12,1,1,1,13,27,26,41,0,0,0,1,0,0,21,0,0,7,12,4,13.185970975766905,0,0,7,8,5,12.346688880406084,0,13.795478327256737,-0.24425510787025895,0.8596811151621764,1
1,1,3,6,1,1,1,1,28,9,8,0,0,0,1,0,0,18,0,0,5,5,5,13.426540615797188,0,0,5,6,5,13.557147742598627,0,11.42897596264102,0.5746941567199215,1.9617965604558196,1
1,12,1,9,1,12,1,1,1,5,7,0,0,0,1,0,0,29,0,0,5,6,5,13.39279056208685,0,0,5,7,5,13.109414788106541,0,10.88804111824895,-0.5592874661656113,-2.6385749323312226,1
1,9,1,11,1,1,1,13,14,5,6,0,0,0,1,0,1,19,0,0,6,10,4,11.40912970170488,0,0,6,6,5,11.00711663180676,0,13.064497655470927,0.46502643918574077,1.3161082509667872,1
1,4,1,4,1,1,1,13,14,9,9,0,0,0,1,1,0,18,0,0,6,8,4,12.16515070115366,1,0,6,10,4,11.657731424116331,1,15.846816472422686,1.5613697413475454,-2.504280395132517,1
1,15,1,4,1,14,1,1,22,6,10,0,0,0,1,0,0,20,0,0,6,16,4,12.214638283249064,0,0,6,14,3,11.718179854646442,0,15.770444236893821,1.834127725379211,-2.846864423076289,1
1,1,1,15,1,1,1,3,1,5,5,1,0,0,1,1,0,19,0,0,6,8,5,11.745095398188482,0,0,6,11,4,12.219950227032097,0,10.47543551346916,0.9948880108222162,2.7357859762380135,1
1,1,4,12,1,1,1,22,27,8,8,0,0,0,1,0,0,18,0,0,8,8,6,12.936032014056405,1,0,8,8,6,12.936032014056405,1,9.4,-0.8,-3.12,1
1,8,1,10,1,1,1,13,14,5,7,0,0,0,1,1,0,18,0,0,6,12,3,10.777275750537822,0,0,6,9,4,12.0,0,15.5,2.8,-4.06,1
1,15,1,7,1,14,1,4,1,3,7,1,0,0,1,0,0,19,0,1,6,13,4,11.667592948509464,0,1,6,12,3,11.600826208973011,0,13.224070514905364,0.060495725383806376,1.2406196567297578,1
1,8,1,10,1,1,1,22,27,9,9,0,0,0,1,0,0,20,0,0,6,8,1,10.20653555462714,0,0,6,12,5,11.5978599418989,0,13.02911356672292,3.59421349641049,-1.9773957205236043,1
1,6,1,9,1,1,8,1,2,27,4,0,0,1,1,1,0,37,1,0,5,9,1,11.140924639875033,0,0,5,9,1,10.132116849882843,0,10.867474344206197,0.6845547839250192,2.1774832850603483,1
1,8,1,9,1,1,1,22,27,10,10,1,0,0,1,0,0,18,0,0,5,9,3,11.498045878500022,0,0,5,9,4,10.771690748649757,0,7.621104512199763,2.5601359214004473,0.2796669322404517,1
1,12,1,5,0,1,1,22,27,6,6,0,0,0,1,0,0,37,0,0,5,8,4,11.222690765022552,0,0,5,12,3,12.052773582678594,0,9.01847387981958,2.068072295067658,0.9494477841699378,1
1,1,1,6,1,1,1,1,1,3,5,0,0,0,1,0,0,18,0,0,5,9,3,14.142380654113262,0,0,5,7,4,12.727951662969744,0,10.646941374738864,1.4573969844729264,1.6720802350403703,1
1,13,1,5,1,1,1,13,14,8,8,0,0,0,1,1,0,18,0,3,6,6,4,12.97465210117503,0,1,6,7,5,12.146769412467563,0,13.987450250946146,-0.27718689105752703,0.7249826395139521,1
1,1,1,11,1,1,1,3,1,3,2,0,0,0,1,1,0,20,0,0,6,11,3,10.33839032335755,0,0,6,10,4,10.977654919762713,0,14.789380320949148,3.0284134682663453,-3.4610491276571387,1
1,1,1,12,1,1,1,1,28,7,8,0,0,0,1,0,0,19,0,0,6,11,5,11.077350252114847,0,0,6,9,5,11.678113365361146,0,11.1,0.6,2.02,1
1,1,1,14,1,1,1,1,14,5,5,0,0,0,1,1,0,19,0,0,6,10,4,12.423135761638362,0,0,6,9,3,12.676089021041543,0,8.292543046553444,2.204261116255175,0.6563780511831012,1
1,1,1,13,1,1,1,13,1,5,8,0,0,0,1,0,0,18,0,0,6,7,5,12.423387452351665,0,0,6,9,3,12.094078155315005,0,13.604970904932143,-0.20516921944247463,0.9196020667619513,1
1,15,1,4,1,14,1,22,27,10,5,0,0,0,1,0,0,23,0,0,6,9,6,11.47261154966306,0,0,6,12,4,13.0,0,12.453356300553322,0.47154330637156133,1.7544291329644517,1
1,13,1,15,0,1,1,3,2,3,3,0,0,0,1,0,0,22,0,1,2,2,1,6.357241118094731,0,0,4,5,1,14.219972486933475,0,11.766300649950399,2.5697323657294304,-0.009512755699669917,1
1,1,1,7,1,1,1,22,27,10,10,1,0,0,1,0,0,19,0,0,5,9,2,12.755821458327537,0,0,5,9,2,11.204134922839078,0,10.723264319437874,3.2736452453689537,-0.9170576324048055,1
1,1,1,9,1,1,1,23,27,8,6,0,0,0,1,0,0,19,0,0,5,11,3,10.994943146433167,0,0,5,9,4,11.596460202503216,0,13.092920405006435,0.13044245066323534,1.3280530633290444,1
1,9,1,15,1,1,1,1,14,20,41,1,0,0,1,0,0,21,0,0,7,7,6,12.995073210909732,0,0,7,8,5,12.508411591129725,0,8.9,1.4,3.51,1
1,7,1,6,1,1,1,13,27,4,8,0,0,0,0,0,0,18,0,0,6,11,5,13.553199932273072,0,0,6,11,4,13.63985412786478,0,11.1,0.6,2.02,1
1,12,1,4,1,1,1,21,27,4,9,0,0,0,1,0,1,29,0,0,6,6,0,0.0,0,0,6,6,0,0.0,0,11.082694616901957,0.6461476882614458,2.003848309108494,1
1,1,1,11,1,1,1,13,14,8,7,0,0,0,1,0,0,20,0,0,6,6,6,14.083125162337657,0,0,6,7,4,14.567685353535348,0,12.464847196969698,1.1917034343434438,1.0356109419191817,1
1,1,4,12,1,1,1,1,1,5,4,1,0,0,1,0,0,20,0,0,7,8,5,12.919997534961093,0,0,7,8,6,13.149994864502276,0,13.367737959614665,-0.016126911794487664,1.1448413602568905,1
1,13,1,7,1,1,1,13,27,10,9,0,0,0,1,1,0,22,0,0,5,7,5,11.48989089144769,0,0,5,7,3,12.351476278948914,0,11.133902465001468,2.7520988603956256,0.4472021466690401,1
1,1,2,10,1,1,1,1,1,10,10,0,0,0,1,1,0,21,0,0,6,6,4,11.973831358308871,0,0,6,7,3,11.630537538793506,0,8.9,1.4,3.51,1
1,15,1,6,1,14,1,23,3,6,6,0,0,0,1,0,0,19,0,0,5,9,2,14.16106891280968,0,0,5,7,3,11.309312940258305,0,12.649160336921451,3.157710260495488,-1.1085652528528915,1
1,15,1,4,1,14,1,3,3,7,2,1,0,0,1,1,0,20,0,0,6,12,4,11.696197965525574,0,0,6,11,4,11.5,0,15.28699021919337,2.641960485207984,-3.658029929768133,1
1,14,1,3,0,1,1,22,27,10,10,0,0,0,1,0,0,27,0,8,12,13,8,11.181841522522095,0,4,11,12,7,11.692656253109968,0,12.148054601509383,2.7151406228230224,-2.20157963982419,1
1,1,1,8,1,1,1,22,28,5,9,0,0,0,1,0,0,18,0,0,5,8,2,10.596387274035813,0,0,5,7,2,12.347102943909878,0,7.6,2.6,0.32,1
1,8,1,8,1,1,1,13,1,6,5,0,0,0,1,1,0,20,0,0,5,8,3,11.242671206713243,0,0,5,11,1,6.175891038882138,0,12.304561481622114,0.5749178971749695,1.278924707244836,1
1,1,1,16,1,1,1,3,1,3,6,0,0,0,1,0,0,18,0,0,6,9,5,12.164834706677059,0,0,6,10,5,10.825788159719407,0,15.338241318409978,2.4865925544193295,-3.5696689964302415,1
1,12,1,7,1,1,1,10,1,29,29,0,0,0,1,1,0,24,0,0,6,10,6,11.82015278788071,0,0,6,11,3,11.782864489234528,0,14.612139949316745,0.5392665829796683,0.0435917841817548,1
1,8,5,6,1,1,1,13,1,6,6,1,0,0,1,0,0,21,0,0,6,6,1,11.056960604385777,0,0,6,8,0,2.2784241754310997,0,9.4,-0.8,-3.12,1
1,8,1,16,0,1,1,22,27,6,6,0,0,0,1,0,0,21,0,0,5,6,4,12.25,0,0,5,8,4,11.79519816991976,0,10.8,1.4,1.74,1
1,5,1,8,1,1,1,1,27,21,43,1,0,0,1,1,0,20,0,0,5,8,5,11.33699150029648,0,0,5,10,2,12.498974402930358,0,8.9,1.4,3.51,1
1,1,4,14,1,1,1,23,1,5,5,1,0,0,1,0,0,18,0,0,6,6,5,13.164303054803256,0,0,6,6,5,12.513138901240728,0,15.507299389578183,2.773930751506492,-4.027257023892154,1
1,8,1,10,1,1,1,1,1,4,4,1,0,0,0,0,0,20,0,0,6,10,5,11.481676631111771,0,0,6,13,3,14.538959924324056,0,7.932037530090785,2.2935038183777365,1.1347690161458504,1
1,6,1,2,1,1,10,1,3,3,4,0,0,0,1,0,0,19,0,0,6,9,6,12.529388994386391,0,0,6,7,4,12.34589438512413,0,8.9,1.4,3.51,1
2,12,1,17,0,1,1,21,26,10,10,0,0,0,1,0,0,42,0,0,5,10,3,10.689751435428619,0,0,5,9,4,12.5,0,9.275342248685453,-0.5645353586280762,-2.881765186376642,1
1,1,1,13,1,1,1,2,1,4,5,1,0,0,1,1,0,19,0,0,6,9,5,13.91295745583118,0,0,6,9,6,11.99330441967932,0,10.959392813265751,0.6803469638481421,1.9517050807290792,1
1,1,1,9,1,1,1,22,27,10,10,0,0,0,1,0,0,18,0,0,5,8,2,10.0,0,0,5,9,2,11.173914901808025,0,7.6,2.6,0.32,1
1,12,1,11,0,1,1,13,27,7,10,0,0,0,1,0,0,26,0,0,5,7,5,11.921860948028911,0,0,5,7,4,11.02920788578186,0,12.168654446596598,3.58539605710907,-1.4895454866912015,1
1,13,1,6,1,9,1,13,28,32,42,1,0,0,1,0,0,21,0,0,5,11,3,11.23148708046281,0,0,5,11,3,11.920746563681321,0,8.9,1.4,3.51,1
1,2,1,11,1,1,1,20,28,29,35,1,0,1,1,1,0,19,0,0,6,7,6,12.184178144244386,0,0,7,9,5,11.748847387377738,0,10.82448614504778,0.7001868563462617,2.2065980199449124,1
1,12,1,12,1,6,1,22,27,25,37,0,0,0,1,0,0,30,0,0,7,11,4,13.686938167461898,0,0,7,11,3,11.72574365480803,0,12.4,0.5,1.79,1
1,14,1,6,1,13,1,5,30,3,2,0,0,0,1,1,0,23,0,2,6,11,3,14.101294786412726,0,0,6,11,1,13.968920917805187,0,12.833035211914405,0.47720867305713655,1.4811775199242005,1
1,8,1,8,1,1,1,22,14,7,8,1,0,0,1,0,0,21,0,0,6,11,5,12.032600002897434,0,0,6,10,3,12.994459950641355,0,12.545804650893261,2.055249609528128,0.09380589460838551,1
1,13,1,12,1,1,1,23,28,8,8,0,0,0,1,0,0,21,0,0,7,13,6,10.825159362511139,0,0,8,10,7,11.93679642839749,0,12.923167892585658,3.628267463097467,-1.8880986523221979,1
1,12,1,6,1,1,1,22,14,10,5,0,0,0,1,0,0,28,0,0,5,14,3,12.85570177065549,0,0,5,9,4,11.504338559251696,0,10.981465131947099,1.3565433617460432,-2.439490761404582,1
1,1,1,11,1,1,1,13,14,10,6,0,0,0,1,0,0,21,0,0,6,8,5,11.585285012015929,0,0,6,10,3,13.191750136552459,0,11.434449098753776,1.9742487710278758,-2.2445703878089813,1
1,1,1,9,1,1,1,13,27,10,10,0,0,0,1,0,0,19,0,0,5,6,3,11.132521172269644,0,0,5,10,3,11.967890802719499,0,10.298757001683814,1.5879661243685699,1.5175734194971922,1
1,12,1,16,0,1,1,13,27,6,6,0,0,0,1,0,0,27,0,0,5,8,4,11.282801719409978,0,0,5,7,4,12.903781623064067,0,7.823051691987844,2.6481091884679664,0.23165403572246163,1
1,8,1,10,1,1,1,1,1,9,10,0,0,0,1,0,0,19,0,0,6,10,4,11.116774354815162,0,0,6,12,5,11.618722816621222,0,15.156495317242598,2.545141686986444,-3.4117734212481285,1
1,8,3,5,1,1,1,22,27,5,5,0,0,0,1,0,0,20,0,0,5,9,4,13.253529123242084,0,0,5,7,4,14.149632893921092,1,9.00513948510472,1.7970631513687314,1.0024963213365785,1
1,1,2,7,1,1,1,3,1,3,4,0,0,0,1,1,0,18,0,0,5,9,4,11.961995320403078,0,0,5,9,2,11.11876462374038,0,8.776484791310004,1.5140140387907655,3.206912680214548,1
1,10,1,15,0,1,1,1,2,5,3,0,0,0,1,1,0,30,0,0,5,5,4,13.09082097467313,0,0,5,6,4,13.031572516244815,0,11.985613509111507,2.835216353134984,-0.40658445860188874,1
1,1,1,6,1,1,1,22,27,10,7,0,0,0,1,0,0,19,0,0,5,9,2,11.041590049618202,0,0,5,10,2,12.650275821374468,1,9.039705790533901,2.0601103285497873,0.9588694445494185,1
1,1,5,15,1,1,1,22,2,5,4,1,0,0,1,0,0,20,0,0,6,8,5,13.309314346986369,0,0,6,9,4,11.379196797488053,0,11.770782071642067,0.5991500750674492,-3.485333630712056,1
1,5,1,2,1,1,10,1,1,3,9,0,0,0,1,1,0,20,0,6,12,12,11,14.578641612148655,0,4,11,15,10,12.772086104789466,0,8.9,1.4,3.51,1
1,8,5,10,1,1,1,13,1,7,5,1,0,0,1,0,0,19,0,0,6,8,4,11.835913398080187,0,0,6,13,4,10.754881747860322,0,9.865445222773982,-0.41669216948025095,-1.7127126793774925,1
1,8,1,9,1,1,1,13,1,8,5,1,0,0,1,0,0,19,0,0,5,8,3,11.192211415490316,0,0,5,10,3,12.120528948338892,0,10.8,1.4,1.74,1
1,1,1,16,1,1,1,13,27,10,8,1,0,0,0,0,0,20,0,0,6,9,5,11.921223041737738,0,0,6,7,5,13.242270802363183,0,10.549169868496804,0.14637518582089737,0.354548896513867,1
1,6,1,10,1,1,16,2,1,12,6,0,0,0,1,0,0,19,1,0,6,12,3,11.951169610998914,0,0,6,9,4,11.839624028744531,0,10.663832564620398,0.9464430548118978,2.643202282529405,1
1,1,1,10,1,1,1,13,28,10,10,0,0,0,1,0,1,18,0,0,6,11,4,10.415257867984273,0,0,6,11,4,10.753178722496724,0,12.338968528062912,0.5267012689724764,1.7713091117192665,1
2,3,1,11,0,2,1,22,14,10,8,1,0,0,1,0,0,45,0,7,11,11,11,12.709859979363689,0,5,9,12,9,12.974924231642804,0,13.852217023083663,-0.27800466141946334,0.786435238230051,1
1,8,3,10,1,1,1,22,14,6,6,0,0,0,1,0,0,19,0,0,5,7,4,11.222621244574553,0,0,5,8,4,11.589318668618304,0,12.344161805995178,1.8599630911474994,-0.16556137761106893,1
1,6,1,13,1,1,8,2,14,15,32,0,0,0,1,0,0,20,0,0,7,11,2,4.119992205484285,4,0,7,10,3,11.930768731120788,0,8.9,1.4,3.51,1
1,1,1,5,1,1,1,13,27,5,5,0,0,0,1,0,0,19,0,1,6,8,6,13.256098085711198,1,0,6,12,4,11.456881664284943,0,13.9,-0.3,0.79,1
1,1,1,9,1,1,1,13,27,10,10,0,0,0,1,0,0,19,0,0,5,6,3,11.056176284781136,0,0,5,10,3,12.132698813805801,0,9.973018815066183,1.7101179443501817,1.3730270991856184,1
1,8,2,5,1,1,1,1,2,4,4,0,0,0,1,0,0,18,0,0,6,7,5,11.50880331583655,0,0,6,8,2,10.652819895019302,0,9.766368499552772,1.4,2.7029093451534703,1
1,14,1,7,1,1,1,3,3,3,3,0,0,1,0,0,0,32,0,1,6,13,4,12.849168217963742,0,1,7,9,4,11.24315642400877,0,9.700644319794385,1.10885661098386,2.967745437957439,1
1,1,1,11,1,1,1,22,14,10,10,1,0,0,1,0,0,24,0,0,5,7,5,13.056134980939802,0,0,5,7,4,12.467361977127762,0,7.6,2.6,0.32,1
1,8,3,2,1,1,1,1,27,4,7,1,0,0,1,1,0,19,0,0,0,0,0,0.0,0,0,0,0,0,0.0,0,10.8,1.4,1.74,1
1,6,1,2,1,1,1,4,1,7,8,1,0,0,1,0,0,18,0,0,0,0,0,0.0,0,0,0,0,0,0.0,0,11.997107049566397,0.7266272846189021,1.77740959529895,1
1,1,3,12,1,1,1,1,1,6,6,1,0,0,1,0,0,19,0,0,7,10,5,12.788585233933436,0,0,7,7,7,12.041231221467735,0,12.4,0.5,1.79,1
1,12,1,12,0,1,1,22,27,10,10,0,0,0,1,0,0,33,0,0,6,14,5,11.152738735158033,0,0,6,14,4,12.63611891963506,0,15.513740526933857,0.3361189196350602,-0.43058863894493465,1
1,1,4,11,1,1,1,13,27,8,7,1,0,0,1,0,0,19,0,0,6,7,5,12.929595898686523,0,0,6,7,5,12.854194408889287,0,7.670015669097434,2.535370151602369,0.49180768032370337,1
1,9,1,17,0,1,1,22,27,6,6,0,0,0,1,0,0,24,0,0,5,8,2,11.339970083739509,0,0,5,9,3,13.58652705745104,0,7.6,2.6,0.32,1
1,1,1,8,1,1,1,3,28,2,5,1,0,0,1,0,0,21,0,0,6,10,4,12.30607576393196,1,0,6,13,3,12.854241647381617,0,10.510656988389687,-0.6765936679567014,-2.154962483421405,1
1,15,1,6,1,14,1,1,1,8,8,0,0,0,1,0,0,20,0,2,6,11,5,14.158247502760116,0,0,6,10,4,13.956667938561234,0,12.803996947453038,0.28453496135837997,1.520668701697975,1
1,7,2,8,1,1,1,22,27,8,9,1,0,0,1,0,0,19,0,0,5,7,3,12.0,0,0,5,9,3,12.797666417314186,1,9.326579905585616,1.952532535405394,1.0861698331036171,1
1,14,1,12,1,1,1,9,27,26,42,1,0,0,1,0,0,21,0,0,7,11,4,12.931648172033634,0,0,7,9,4,12.650728293814133,0,12.539735883653716,0.16248979955773657,1.5299836792923787,1
1,8,1,16,0,1,1,22,27,6,6,0,0,0,1,0,0,20,0,0,5,6,4,12.352546528914141,0,0,5,8,4,11.956518386237374,0,10.8,1.4,1.74,1
1,2,1,6,1,1,1,1,1,6,4,0,0,0,1,0,0,18,0,0,5,10,2,11.842649008057936,1,0,5,6,4,12.496476825785397,0,8.166463570991429,1.5300132547939695,-0.7625748245613959,1
1,1,1,2,1,1,1,2,2,3,3,1,0,0,1,1,0,18,0,0,0,0,0,0.0,0,0,0,0,0,0.0,0,7.6,2.6,0.32,1
1,1,1,15,1,1,1,4,2,5,5,1,0,0,1,1,0,19,0,0,6,7,5,12.139932802297363,0,0,6,9,3,12.013948103149202,0,12.27795409744449,0.5313832320857031,1.849976843541566,1
1,8,1,6,1,1,1,1,14,6,7,0,0,0,0,1,0,19,0,0,5,9,4,13.75580293496753,0,0,6,10,4,14.226136897173696,0,11.1,0.6,2.02,1
1,8,1,13,1,1,1,22,27,9,9,1,0,0,1,0,0,18,0,0,6,7,5,13.010148104285554,0,0,6,9,5,13.182195751530555,0,10.845202832312964,1.279459113832098,1.7821893101587656,1
1,8,1,11,1,1,1,13,14,5,6,0,0,0,1,1,0,18,0,0,5,9,3,11.123178181378062,0,0,5,8,3,11.771744242644303,0,14.541325819106069,3.1081452724301917,-3.25197461896083,1
1,7,1,9,1,1,1,22,27,10,10,1,0,0,1,0,1,20,0,0,5,8,1,10.826832898590522,0,0,5,11,4,11.906435150386695,0,11.914508746339003,2.749142166620899,-0.2778474144243006,1
1,1,1,15,1,1,1,22,27,9,9,0,0,0,1,0,0,19,0,0,6,10,4,11.362722483385195,0,0,6,10,3,11.868179157436218,0,9.4,-0.8,-3.12,1
1,8,1,7,1,1,1,2,3,3,3,0,0,0,0,0,0,18,0,0,6,9,5,12.194739028861287,0,0,6,10,4,13.405490565360607,0,8.9,1.4,3.51,1
1,8,1,10,1,1,1,13,1,8,5,1,0,0,1,0,0,19,0,0,6,8,4,12.040553816402614,0,0,6,9,4,12.652494321739944,0,10.8,1.4,1.74,1
1,1,3,12,1,1,1,2,14,3,4,0,0,0,1,0,0,17,0,0,7,13,4,12.437754550362717,0,0,7,13,4,12.48189234726209,0,10.461021719812823,1.5271168550701915,1.58957838816694,1
1,14,1,11,0,1,1,22,27,10,9,0,0,0,1,0,0,36,0,9,15,23,12,10.814729107820813,0,8,12,19,9,12.175797806454957,0,14.575426833315191,2.254350262284375,-3.9175247907075867,1
1,12,1,2,1,1,1,13,14,10,5,0,0,0,1,1,0,21,0,0,0,0,0,0.0,0,0,0,0,0,0.0,0,13.9,-0.3,0.79,1
1,5,1,8,1,1,1,13,28,7,7,0,0,0,1,0,0,18,0,0,5,12,3,10.88456544334249,0,0,5,6,3,10.711413608356224,0,14.872502598438635,-0.04630366997253005,0.0669654594217105,1
1,2,1,2,1,1,1,20,14,10,8,0,0,0,1,1,0,20,0,0,0,0,0,0.0,0,0,0,0,0,0.0,0,13.9,-0.3,0.79,1
1,2,1,2,1,1,1,3,9,2,7,1,0,0,1,0,0,20,0,0,0,0,0,0.0,0,0,0,0,0,0.0,0,15.202258821814025,0.03971969264713693,-0.1782011240443403,1
1,1,5,9,1,1,1,23,27,9,10,0,0,0,1,1,0,22,0,0,5,6,4,13.388776938960564,0,0,5,5,5,13.38179474770986,0,11.30910262614507,0.5839151826042254,1.9830049199897184,1
1,9,1,10,1,1,4,1,2,25,13,0,0,1,1,1,0,34,0,0,6,11,2,12.897343905506489,0,0,6,9,3,11.953148138021385,0,11.825455022693657,0.5441957674851032,1.8916502652157376,1
1,8,1,10,1,1,1,1,1,9,9,0,0,0,1,0,1,19,0,0,6,11,4,11.084812128574558,0,0,6,12,5,11.6725604678731,0,15.5,2.8,-4.06,1
1,8,3,2,1,1,1,2,28,3,6,1,0,0,1,1,0,21,0,0,0,0,0,0.0,0,0,0,0,0,0.0,0,10.8,1.4,1.74,1
2,12,1,16,0,1,1,22,27,10,10,0,0,0,1,0,0,34,0,0,5,11,2,11.488145077967502,0,0,5,8,3,11.819153711856238,0,9.4,-0.8,-3.12,1
3,13,1,11,1,1,1,22,27,10,10,0,0,0,1,0,0,38,0,0,7,12,4,13.507837481619944,1,0,7,12,5,13.090984335746642,0,10.410937063851586,0.7886153860524906,0.38939580737050217,1
1,1,1,9,1,1,1,13,27,10,10,0,0,0,1,0,1,19,0,0,5,11,3,10.419395386726778,0,0,5,11,3,11.251047490441751,0,11.46902143711468,0.9073031212623273,1.504887815116371,1
1,13,1,12,1,1,1,22,14,10,10,0,0,0,1,0,0,23,0,0,7,11,6,11.950629061099267,0,0,7,7,6,12.52538442622733,0,15.779357700796785,0.7086239477974083,-1.0137431409652877,1
1,15,1,6,1,14,1,1,1,8,7,0,0,0,1,0,0,20,0,4,7,11,6,13.837107422123234,0,2,7,11,5,13.465803602097694,0,11.201461094723081,0.8081957184997792,2.3789962620218006,1
1,1,3,9,1,1,1,1,28,8,9,0,0,0,1,0,0,19,0,0,5,6,4,10.703360660498866,0,0,5,6,4,11.91316032582515,0,11.99579239099018,0.5310928930007555,1.8615136539017374,1
1,1,1,10,1,1,1,13,28,10,9,0,0,0,1,0,1,19,0,0,6,11,4,10.65765194942749,0,0,6,10,3,10.556761037929382,0,11.498218177003782,0.7318867544847417,2.233161353015284,1
1,15,1,6,1,14,1,1,1,4,7,1,0,0,1,0,0,20,0,1,5,10,4,13.79326044585681,0,0,5,10,2,13.296630222928405,0,13.32686699188914,0.014298746383374583,0.9656375347436505,1
1,1,2,14,1,1,1,22,27,8,7,0,0,0,1,0,0,18,0,0,5,7,3,11.846695679545157,0,0,5,6,4,11.577532639488302,0,9.4,-0.8,-3.12,1
1,1,1,6,1,1,1,1,1,3,3,0,0,0,0,0,0,18,0,0,5,5,5,13.61738367177584,0,0,5,5,5,13.773441616835884,0,8.49424934284389,1.7745390681441018,2.514350310516929,1
1,14,1,3,0,1,1,22,12,14,14,0,0,0,1,0,0,50,0,7,11,13,11,12.441707912824617,0,5,9,11,9,12.073347765424405,0,12.7,3.7,-1.7,1
1,14,1,4,1,1,1,1,1,5,4,0,0,0,1,1,0,21,0,0,6,12,5,11.615217380469257,0,0,6,12,5,11.946190470652542,0,15.877086967140126,1.453260831642402,-2.368495604542857,1
2,6,1,17,0,1,1,22,27,10,9,0,0,0,1,0,0,40,0,0,5,9,3,10.825280276424612,0,0,5,8,4,11.976575087798778,0,9.4,-0.8,-3.12,1
1,1,1,6,1,1,1,1,1,3,5,0,0,0,1,0,0,18,0,0,5,9,3,13.908107530044237,0,0,5,7,4,12.757700631105493,0,10.31375293161847,1.5823426506430738,1.524227863405696,1
1,8,1,9,1,1,1,23,14,27,38,0,0,0,1,0,0,20,0,0,5,8,5,12.92793876647971,0,0,5,7,4,11.618625844319807,0,9.700180098589087,1.1279387664797103,3.0747020263675364,1
1,13,1,17,0,1,1,20,27,10,9,0,0,0,1,0,0,31,0,0,5,5,5,10.266927812261182,0,0,5,8,4,11.074314492814395,0,9.4,-0.8,-3.12,1
1,8,4,6,1,1,1,13,14,6,6,0,0,0,1,1,0,18,0,0,5,8,4,12.498161397622923,0,0,5,10,5,11.280356073072518,0,12.441920134197371,0.49779367714750683,1.7601043253487176,1
1,12,1,9,1,1,1,13,14,8,6,0,0,0,1,0,0,25,0,0,5,12,4,13.656079556675833,0,0,5,8,3,12.375681773296668,0,10.527045319890004,-0.6747727422344441,-2.1407228442733532,1
1,15,1,7,1,1,1,3,3,3,3,0,0,1,0,0,0,32,0,1,6,14,3,12.563088423074323,0,2,7,9,3,10.936642358055822,0,9.43091194175579,1.2069411120888038,3.150427821265397,1
1,8,3,12,1,1,1,1,1,5,5,0,0,0,1,0,0,18,0,0,7,9,6,12.431660168163551,0,0,7,9,6,12.628256251890532,0,14.414593883431774,0.6970256491490603,-0.7698627091525618,1
1,1,2,6,1,1,1,1,1,3,6,0,0,0,1,0,0,18,0,0,5,10,4,11.726879397367437,0,0,5,13,3,12.048404519744231,0,11.1,0.6,2.02,1
1,1,4,12,1,1,1,13,14,7,9,1,0,0,1,0,0,18,0,0,7,9,5,13.42534642052275,0,0,7,7,7,12.290654496912007,0,12.194561482945721,0.5158029628503291,1.826346814555757,1
1,15,2,6,1,14,1,1,14,5,4,0,0,0,1,0,0,19,0,0,5,10,2,12.71780856753893,0,0,5,9,2,15.176560315299405,0,13.264382864922142,1.8187237835928576,-0.5289055552865536,1
1,1,3,11,1,1,1,22,27,8,8,1,0,0,1,0,1,18,0,0,6,8,6,11.798407443381915,0,0,6,8,5,11.882082478963323,0,8.496309615720795,0.9069707258607205,-1.392947265599742,1
1,1,4,11,1,1,1,1,1,4,9,1,0,0,1,0,0,18,0,0,6,9,6,12.326754498781431,0,0,6,9,6,11.93506876924219,0,16.2,0.3,-0.92,1
1,12,1,10,1,5,1,22,27,10,8,0,0,0,1,0,0,40,0,0,5,6,5,11.815810494506522,0,0,5,8,5,12.184584964678105,0,7.6,2.6,0.32,1
1,1,1,13,1,1,1,3,1,3,8,0,0,0,0,1,0,23,0,0,6,9,5,14.876575196022598,0,0,7,7,6,13.428277896050968,0,11.93637473388532,0.5356634820088215,1.8720260086202896,1
1,1,1,8,1,1,1,1,13,5,9,0,0,0,1,0,0,19,0,0,5,6,5,11.689394784586074,0,0,5,11,4,11.951300205198331,0,11.480760693943449,1.0266796194503667,1.5313797873399109,1
1,8,2,5,1,1,1,2,3,4,4,1,0,0,1,0,0,19,0,0,5,6,5,12.174186353463185,0,0,5,6,5,13.772209830964373,0,12.7,3.7,-1.7,1
1,1,1,10,1,1,1,22,1,3,4,0,0,0,1,0,0,20,0,0,6,10,1,12.192952058822929,0,0,5,10,0,1.4701109243651775,0,9.4,-0.8,-3.12,1
1,1,1,12,1,1,1,11,1,5,9,0,0,0,1,0,0,19,0,0,6,8,5,12.576448734983513,0,0,7,9,5,12.977986956638226,0,13.9,-0.3,0.79,1
2,12,1,17,0,1,1,19,24,12,12,0,0,0,1,0,0,40,0,0,5,9,3,10.999373372158363,0,0,5,8,4,12.5,0,7.6033837903448385,2.593608396015304,0.3135332006743074,1
1,1,1,6,1,1,1,1,1,9,2,0,0,0,1,0,0,18,0,0,5,7,4,13.807580314523873,1,0,5,6,4,13.657301932554137,0,11.790299820032617,3.503790157261937,-1.3396873796991937,1
1,1,1,8,1,1,1,1,28,5,6,0,0,0,1,1,0,20,0,0,5,9,3,11.271803535257966,0,0,5,8,2,11.009690460114651,0,15.363364512383418,2.7593000675184647,-3.891385994005068,1
1,1,1,12,1,1,1,22,28,7,7,1,0,0,1,0,0,18,0,0,8,9,6,12.239768130775717,0,0,8,9,6,12.239768130775717,0,9.4,-0.8,-3.12,1
1,11,1,12,1,1,1,23,27,6,8,1,0,0,1,0,1,24,0,0,7,10,6,13.273681264806704,2,0,7,11,6,13.207197528834019,2,9.4,-0.8,-3.12,1
1,1,1,10,1,1,1,22,27,7,8,0,0,0,1,0,0,19,0,0,6,12,3,10.8243865533505,0,0,6,11,4,10.850231459667192,0,7.6,2.6,0.32,1
1,13,2,12,0,1,1,18,28,30,41,0,0,1,1,0,0,20,0,3,8,15,5,11.6876911619938,0,1,7,12,4,12.090385642063696,0,8.9,1.4,3.51,1
1,8,3,11,1,1,1,1,1,5,3,1,0,0,1,1,0,19,0,0,6,7,5,12.070071219630579,0,0,6,12,2,12.335300078372699,0,7.6,2.6,0.32,1
2,12,1,17,0,1,7,22,14,10,8,0,0,0,1,0,1,31,0,0,5,11,4,10.882582284374118,0,0,5,10,4,10.670036570832941,0,14.68382446000188,1.218659891253642,-1.5859678943806976,1
1,2,1,7,1,1,1,13,14,10,9,0,0,0,0,1,0,18,0,0,5,6,5,15.22127618751017,0,0,5,6,5,14.065653743297396,0,9.508509515652971,1.178723812489829,3.0978731007623064,1
1,1,1,10,1,1,1,13,14,10,4,0,0,0,1,1,0,20,0,0,5,7,5,12.43381849131962,0,0,5,9,4,12.921896981559785,0,12.668758792623914,3.3667604546550804,-1.3365606208581968,1
1,1,1,15,1,1,1,22,14,5,8,1,0,0,1,0,0,18,0,0,6,8,4,11.962426874089385,0,0,6,7,5,12.22130321272466,0,15.5,2.8,-4.06,1
1,14,1,15,0,14,1,22,27,7,7,0,0,0,1,0,0,29,0,2,6,9,6,12.135797284124033,0,2,7,9,7,13.140002199807856,0,10.380286644770367,0.5367545155959546,-2.698179686189721,1
1,1,4,12,1,1,1,3,14,3,4,1,0,0,1,0,0,17,0,0,7,13,5,12.465883869880779,0,0,7,13,5,12.465883869880779,0,10.8,1.4,1.74,1
1,14,1,7,1,1,1,1,1,7,3,0,0,1,0,0,0,24,0,0,5,6,0,0.0,0,0,5,7,0,0.0,0,11.467011688781234,0.5272160258143803,2.1135456413030083,1
1,1,2,13,1,1,1,1,1,7,3,1,0,0,1,0,0,19,0,0,6,7,5,13.991987379313258,0,0,6,7,5,14.591356344976193,0,9.697791379820268,1.4012620686741324,1.3389272416269875,1
1,12,1,17,0,7,1,22,27,10,10,0,0,0,1,1,0,37,0,0,5,10,3,12.60862808652185,0,0,5,7,3,13.826553963937787,0,8.316137840705533,1.2472951897784357,-1.0486189844594653,1
1,1,2,2,1,1,1,23,27,5,10,1,0,0,1,0,0,18,0,0,0,0,0,0.0,0,0,0,0,0,0.0,0,7.6733849960577345,2.5724806264783497,0.3525645920006197,1
1,1,3,5,1,1,1,2,1,10,3,1,0,0,1,0,0,19,0,0,5,6,5,12.14372761282853,0,0,5,8,5,12.240848409727127,0,12.496632401268755,1.5307456135333937,0.6658430652401426,1
1,8,1,15,1,1,1,1,14,9,9,1,0,0,1,0,0,19,0,0,6,6,6,13.02994315536073,0,0,6,7,6,12.785614488461379,0,8.072562153636099,2.163788781258985,1.4795948231531986,1
1,1,1,9,1,1,1,13,14,6,8,0,0,0,1,1,0,19,0,0,5,7,4,10.186249670186553,0,0,5,9,2,12.03724993403731,0,8.315198733516368,2.2871005540865887,0.5390296121393878,1
1,8,2,12,1,1,1,3,1,2,8,1,0,0,1,1,0,18,0,0,7,8,6,13.086987076582961,0,0,7,7,6,13.32557815205932,0,12.444755499028513,1.0649572131608585,0.9298056245526217,1
1,1,2,10,1,1,1,22,1,6,3,1,0,0,1,1,0,20,0,0,5,9,2,14.09619686155943,0,0,5,10,2,12.034196216158403,0,8.057334624135386,1.7361457099664934,-0.5540172816809599,1
1,7,1,7,1,1,1,13,14,10,9,0,0,0,0,1,0,19,0,0,5,6,5,15.785575352356917,0,0,5,7,5,13.723043536069014,0,11.06033221898152,0.6144246476430838,2.0468659062352437,1
1,1,1,10,1,1,1,22,27,10,10,0,0,0,1,0,0,19,0,0,5,7,5,10.921851006000855,0,0,5,11,2,11.526772003429059,0,10.12850561645949,1.6518103938276911,1.4420243673038986,1
1,8,1,11,1,1,1,22,27,8,8,1,0,0,1,0,0,18,0,0,6,10,4,11.659043272716891,0,0,6,8,5,12.368655646909751,0,11.047539200299834,0.7398954658671077,1.9710365869465123,1
1,10,1,8,1,1,1,1,14,3,6,0,0,0,0,0,0,22,0,0,6,10,5,13.383238456038269,0,0,6,11,5,13.799475717573193,0,11.867525476930153,2.0870806115521727,0.23550326613739303,1
1,8,1,14,1,1,1,1,14,9,8,1,0,0,1,0,0,19,0,0,6,6,6,13.775189310924842,0,0,6,7,6,12.992279388743864,0,8.414498625012575,1.848155115373008,2.3186543183000863,1
1,1,3,12,1,1,2,2,2,5,3,1,0,0,1,0,0,19,0,0,7,9,5,12.338531337537813,0,0,7,8,5,11.846460168670236,0,12.4,0.5,1.79,1
1,12,1,7,1,12,1,13,14,6,4,1,0,0,0,0,0,22,0,0,5,9,1,12.0,0,0,5,7,2,10.63224719675623,0,11.22319102961994,1.1619550458387837,1.7532247196756232,1
1,1,2,5,1,1,1,1,27,10,8,0,0,0,1,0,0,18,0,0,5,6,5,13.54714133618771,0,0,5,7,5,13.528284801712626,0,10.274498402997095,1.0717151982873743,1.619042081455732,1
1,13,1,7,1,12,1,1,14,4,5,0,0,0,1,1,0,23,0,0,5,12,1,11.742844003746091,0,0,5,9,1,10.965697204869919,0,13.342866997190432,-0.00286239850156339,1.1614220018730457,1
1,16,1,6,1,15,1,1,1,5,4,1,0,0,1,0,0,21,0,6,8,10,7,13.259381334034606,0,3,8,14,4,12.281304894966578,0,9.11889779414079,1.3437119957923682,3.402427369736526,1
1,1,4,11,1,1,1,1,1,4,4,0,0,0,1,0,0,20,0,0,6,8,5,12.270414377649358,0,0,6,9,5,11.697650568732964,0,13.154805719885829,0.4602733831639038,1.2517043418708966,1
1,1,2,14,1,1,1,22,27,8,7,1,0,0,1,0,0,18,0,0,5,7,3,11.488940984018905,0,0,5,7,4,10.824941392978733,0,9.7267760664397,-0.2864947527376156,-1.985620226502187,1
1,1,1,8,1,1,1,23,27,4,5,0,0,0,1,0,0,18,0,0,5,10,3,11.508003769057693,0,0,5,8,4,12.355178893276918,0,13.580338996050775,0.7655366798307504,0.12670341680535824,1
1,3,2,7,1,1,1,1,28,18,40,1,0,0,1,1,0,19,0,0,5,7,4,10.859888702098377,0,0,5,10,2,12.0,0,8.9,1.4,3.51,1
1,12,1,4,0,1,16,1,1,5,7,0,0,0,1,0,0,25,1,1,6,6,6,11.523335319434144,0,0,6,6,4,11.845414040846277,0,9.50718025993085,1.2438679331606384,3.2116142722625534,1
1,3,1,5,1,1,1,23,27,2,2,1,0,0,1,0,0,20,0,0,5,7,3,11.502475143247226,0,0,5,8,3,12.85007101929364,0,13.714850859483356,3.373797938023207,-2.5553742958502577,1
1,8,1,12,1,1,1,1,1,5,10,0,0,0,0,1,0,19,0,0,6,7,5,11.593866214581151,0,0,6,9,2,11.740415960283048,0,12.338115790750981,0.5565171470075269,1.2686419350924416,1
1,6,1,13,1,1,10,3,12,14,28,0,0,0,1,0,0,20,0,0,7,13,1,2.1093208583715923,4,0,7,11,2,12.142006578412378,0,9.292155427190211,1.2573980264762867,3.2444038243120836,1
1,8,1,8,1,1,1,2,2,3,3,1,0,0,0,0,0,18,0,0,6,9,5,12.012623900961499,0,0,6,12,4,14.323711031141734,0,8.491684652364823,1.7769064747401635,2.508056954649065,1
1,1,2,15,1,1,1,23,1,9,9,1,0,0,1,0,0,18,0,0,6,6,5,12.208577782572739,0,0,6,6,5,10.815085065903784,0,10.841705770439873,1.4124229954501748,1.6885333045635615,1
1,15,1,6,1,14,1,1,1,5,8,0,0,0,1,0,0,20,0,2,6,11,5,14.18555540501383,0,0,6,11,3,13.657987757661227,0,13.520829381613057,-0.0977756701936302,1.0427804122579625,1
1,1,1,15,1,1,1,3,1,3,6,0,0,0,1,0,0,18,0,0,6,8,5,12.28999773111427,0,0,6,8,5,11.094025865297338,0,15.682009529320071,2.149965966714029,-3.2435572541928206,1
1,1,4,7,1,1,1,1,14,5,7,0,0,0,0,1,0,18,0,0,5,6,5,12.190062550586118,0,0,5,8,4,12.049687247069409,0,8.9,1.4,3.51,1
1,12,2,10,1,1,1,3,3,3,3,0,0,0,1,0,0,19,0,0,5,13,3,12.195595448637647,0,0,5,8,4,11.101468183787452,0,13.268221829209725,3.5173572691825883,-2.178929827476769,1
1,1,3,10,1,1,1,11,1,6,11,0,0,0,1,0,0,19,0,0,6,9,4,12.38302286459676,0,0,6,7,5,11.137347848623778,0,13.746795108743536,1.4992350806806871,-0.7515327052095735,1
1,15,1,7,1,14,1,2,14,4,5,0,0,0,1,1,0,20,0,0,5,11,0,12.735407295440485,0,0,5,7,2,12.58100360069829,0,12.367434744054213,0.5183179564695048,1.7889823357516943,1
1,16,1,4,1,15,1,24,16,4,5,0,0,0,0,0,0,22,0,0,6,8,6,11.070840333272931,0,0,6,10,4,12.165294110970175,0,9.47852938839561,1.2512353001268428,3.2256941291312997,1
1,1,2,3,0,1,1,2,1,4,10,0,0,0,1,0,0,20,0,0,6,9,5,11.812657474652825,0,0,6,8,4,12.014357503416472,0,8.860453527000137,0.2191433378886285,-2.0888667404891526,1
1,15,1,4,1,14,1,4,4,4,3,0,0,0,1,1,0,20,0,0,6,14,4,11.364059697585597,0,0,6,15,3,10.956033435883233,0,15.910067102180331,1.3354746350702449,-2.2205561416482276,1
1,1,1,2,1,1,1,3,2,3,3,1,0,0,1,0,0,18,0,0,0,0,0,0.0,0,0,0,0,0,0.0,0,10.415099642505794,1.3683939064037154,1.1821242655173994,1
1,15,1,4,1,14,1,3,1,5,5,0,0,0,1,1,0,19,0,0,6,9,4,11.530232937247993,0,0,6,11,5,11.383721562079987,0,13.337221054687767,1.195357556703827,0.021373170992439405,1
1,1,1,10,1,1,1,23,14,10,6,0,0,0,1,0,0,20,0,0,5,10,5,11.021021538998177,0,0,5,10,3,11.09384410283242,0,7.6914980002616105,2.515540307450821,0.5445220160265674,1
1,1,1,9,1,1,1,23,27,6,6,0,0,0,1,0,0,18,0,0,5,11,4,11.44718967991505,0,0,5,8,4,12.108709030074332,0,14.400061538341923,-0.16954916391080277,0.41821511714578785,1
1,8,1,10,1,1,1,13,27,9,8,1,0,0,1,0,0,19,0,0,6,12,1,10.11227220683242,0,0,6,12,3,10.764034025854052,0,7.779635530931872,2.532636675900548,0.3997132668510182,1
4,12,1,8,1,1,1,13,14,10,10,0,0,0,1,1,0,25,0,0,5,8,4,11.85272801987571,0,0,5,5,4,10.36690824414086,0,11.055818405962713,0.717817584099431,1.9787638455651992,1
1,8,1,14,1,1,1,1,14,5,8,1,0,0,1,0,0,20,0,0,6,8,5,13.347373689683996,0,0,6,9,4,12.86467520204456,0,13.331515723792052,3.497012803066841,-2.2322775386247287,1
1,1,1,7,1,1,1,22,27,10,10,0,0,0,1,0,0,18,0,0,5,7,3,10.0,0,0,5,8,1,14.241067231230264,0,9.59387467284361,1.8522969976836463,1.2047818860743518,1
1,8,1,12,1,1,1,1,28,4,9,0,0,0,1,0,0,18,0,0,7,11,6,11.761317733111653,0,0,7,9,7,12.52977305862369,0,12.7,3.7,-1.7,1
1,9,1,7,1,1,14,2,2,3,3,0,0,0,1,0,0,21,1,1,6,8,6,13.967267429862405,0,0,5,7,5,13.424903192968493,0,9.140453000376535,0.34200679834324665,0.3215932150071481,1
1,12,1,7,1,1,1,13,14,10,7,0,0,0,1,1,0,24,0,0,5,12,2,11.631926497207587,0,0,5,10,1,11.435180399255357,0,9.11759019962768,0.4426031216382149,0.6247539529369845,1
1,1,1,8,1,1,1,1,1,4,6,0,0,0,1,0,0,20,0,0,5,9,3,10.737666266555353,0,0,5,12,2,12.437353294215864,0,7.819263470244474,2.474706588431729,0.4264993998330304,1
1,1,1,11,1,1,1,13,14,6,7,0,0,0,1,0,1,18,0,0,6,6,6,14.003769497470431,0,0,7,7,7,14.13512671561157,0,12.4,0.5,1.79,1
1,8,1,7,1,1,1,1,1,4,5,0,0,0,1,1,0,20,0,0,5,5,5,11.147531741617318,0,0,5,9,2,10.901672351366724,0,10.8,1.4,1.74,1
1,8,1,5,1,1,1,3,27,3,9,0,0,0,1,0,0,18,0,0,5,8,5,12.47507898610853,0,0,5,6,5,12.286814107402588,0,15.420252755547294,2.6454897138728812,-3.818266165252733,1
1,8,2,8,1,1,1,23,27,5,8,1,0,0,1,1,0,21,0,0,5,7,3,12.301304443420126,0,0,5,9,3,10.804781912224804,0,10.492522656833199,1.5153040036875502,1.603556928969732,1
1,1,2,9,1,1,1,22,1,6,4,1,0,0,1,0,0,19,0,0,5,8,2,14.140032409617913,0,0,5,9,2,12.345963326414275,0,7.8899513855731325,2.4912682304100757,0.44866592734807753,1
1,7,2,8,1,1,1,22,27,9,9,1,0,0,1,0,0,19,0,0,5,7,3,12.0,0,0,5,9,3,12.707420101213712,0,10.096681802976327,1.6637443238838772,1.4279025500707454,1
1,1,2,2,1,1,1,2,3,3,3,1,0,0,1,0,0,18,0,0,0,0,0,0.0,0,0,0,0,0,0.0,0,12.4,0.5,1.79,1
1,8,2,15,1,1,1,13,1,10,4,1,0,0,1,0,0,19,0,0,7,11,6,11.765379632690436,0,0,7,10,3,12.986089081881149,0,15.90787071950412,0.317184075323287,-0.7515960618317874,1
1,14,1,17,0,12,1,22,27,10,10,0,0,0,1,0,0,32,0,1,5,11,3,11.855858521030143,0,2,6,9,6,11.849850865154341,0,8.994597335916719,-0.034239412287134785,-2.3452304641963955,1
1,1,1,4,1,1,1,13,14,9,9,0,0,0,1,1,0,18,0,0,6,8,4,12.043783136048303,1,0,6,10,4,12.276706006153658,0,15.591944585701434,2.471626479637733,-3.6475628584249926,1
1,1,1,12,1,1,1,13,14,8,4,0,0,0,1,0,0,21,0,0,6,8,5,12.582823886562963,0,0,6,9,4,12.302036948018474,0,12.7,3.7,-1.7,1
1,1,1,11,1,1,1,22,14,10,8,1,0,0,1,0,0,20,0,0,6,9,5,12.662299394912008,0,0,6,8,5,12.50773769419122,0,10.829180703307264,0.7547538838244208,1.8884591987492425,1
1,1,1,6,1,1,1,1,28,5,5,1,0,0,1,1,0,18,0,0,5,5,1,5.664725210363979,0,0,5,6,1,13.269111741277673,0,10.8,1.4,1.74,1
1,1,1,6,1,1,1,23,27,2,2,0,0,0,1,0,0,20,0,0,5,8,2,11.33780087547739,0,0,5,8,2,13.322164477973196,0,12.631646605195956,3.685257110924618,-1.6729266946070254,1
1,13,1,8,1,1,1,13,14,7,6,1,0,0,1,0,0,22,0,3,8,13,7,11.22619655166301,0,1,6,15,4,11.214137284478937,0,10.248237068736286,-0.4324306035476094,-1.7317186641682787,1
1,1,1,13,1,1,1,22,27,10,8,1,0,0,1,0,0,18,0,0,6,7,5,13.554864748318614,0,0,6,6,5,12.79405401221694,0,12.328648146603262,0.5401354175356654,1.7877702545813519,1
1,1,1,11,1,1,1,13,14,5,5,1,0,0,1,0,0,20,0,0,7,8,6,13.926677025404544,0,0,7,7,6,13.977479697063448,0,12.68911371321595,3.5838796076367934,-1.5733561970788774,1
1,12,1,4,0,1,1,13,27,6,5,0,0,0,1,0,0,33,0,0,5,7,4,12.90535018363056,0,0,5,6,0,3.768171325639214,0,11.293828749212683,3.396708161594893,-1.1430458967469845,1
1,1,1,6,1,1,1,1,1,3,3,0,0,0,0,0,0,18,0,0,5,5,5,13.685523634465968,0,0,5,5,5,13.823329803805441,0,8.54170395971737,1.7307348064147345,2.630796639614164,1
1,9,1,9,1,1,1,1,27,5,6,1,0,0,1,0,0,20,0,0,5,8,2,11.893563301300802,0,0,5,9,3,12.281467185660045,0,9.698022756357755,-0.33167852572352907,-2.0854352886437963,1
1,1,1,7,1,1,1,3,3,3,10,0,0,1,0,0,0,23,0,0,5,9,5,14.012582673609444,0,0,5,10,3,13.080529111100443,0,11.170462972212887,0.5773511875030006,1.9890466229207677,1
1,14,1,6,1,1,1,1,1,4,4,0,0,0,1,0,0,20,0,0,6,12,4,11.7814396453055,0,0,6,16,3,12.618678489816663,0,12.956810640834998,0.20303432488800138,1.4187929061100018,1
2,12,1,13,0,5,1,22,27,10,10,0,0,0,1,0,0,32,0,0,5,7,0,0.0,0,0,5,7,0,0.0,0,9.4,-0.8,-3.12,1
1,1,1,15,1,1,1,1,28,4,9,1,0,0,1,0,0,19,0,0,6,9,4,12.246563169114193,0,0,6,10,3,13.103473709142651,0,9.4,-0.8,-3.12,1
1,15,1,4,1,14,1,4,3,4,2,0,0,0,1,1,0,20,0,0,6,12,3,10.916929752089146,0,0,6,13,2,11.5,0,15.5,2.8,-4.06,1
1,12,7,17,0,1,1,22,28,10,6,0,0,0,1,0,0,28,0,0,5,7,3,12.372077306025002,0,0,5,7,4,14.093547899914714,0,11.050210887045518,1.2592563760368969,1.7478190902201725,1
1,1,1,10,1,1,1,13,27,7,8,0,0,0,1,0,0,19,0,0,6,11,4,11.786727594149088,0,0,6,12,3,11.24763561365213,0,15.5,2.8,-4.06,1
1,1,1,16,0,1,1,22,27,10,4,0,0,0,1,0,0,41,0,0,5,9,4,12.334899178983909,0,0,5,10,4,11.751174384237931,0,7.6,2.6,0.32,1
1,1,1,7,1,1,1,1,1,10,8,0,0,0,1,0,0,20,0,0,5,6,3,11.921341060216035,0,0,5,7,3,10.535225419850438,0,8.094390727740759,2.1436393282392987,1.5331587857638638,1
1,8,1,11,1,1,1,22,27,10,10,1,0,0,1,0,0,18,0,0,6,8,4,12.244612159306428,0,0,6,10,4,11.845017881332982,0,9.001622888106219,2.074391416960168,0.9419701565971345,1
2,13,1,15,0,13,1,22,27,10,9,0,0,0,1,0,0,41,0,1,6,9,5,12.037506010820389,0,1,7,8,6,12.201025898944964,0,9.884288626502373,-0.03897501549627258,-1.4388266251417658,1
1,1,1,7,1,1,1,23,28,8,7,0,0,0,1,1,0,18,0,0,5,9,2,10.981856187764025,0,0,5,9,2,13.527215718353961,2,7.6,2.6,0.32,1
1,8,2,5,1,1,1,3,3,4,4,0,0,0,1,0,0,20,0,0,5,6,5,12.157786589272431,0,0,5,6,5,13.68693022418126,0,13.33879836669146,3.494671953563459,-2.2384157662113737,1
1,1,1,15,1,1,1,13,27,9,9,1,0,0,0,0,0,21,0,0,7,9,6,11.631077326323195,0,0,7,7,6,13.153702975052283,0,10.797513862331087,0.7728492215250929,1.873078161703671,1
1,8,1,12,1,1,1,10,1,8,5,0,0,0,1,0,0,19,0,0,7,8,0,0.0,6,0,7,7,0,0.0,6,8.973788243239506,0.005066651658710342,-2.3054619759688344,1
1,1,2,8,1,1,1,1,14,5,9,0,0,0,0,0,0,18,0,0,5,5,5,11.467551268161909,0,0,5,10,4,11.816887817040477,0,10.29165259049237,1.4,2.213565744646581,1
1,13,1,4,1,1,1,1,2,4,4,1,0,0,1,1,0,22,0,1,7,14,5,11.677371845518875,0,0,6,13,4,12.191251366029311,0,14.235297634433987,3.206511474646218,-2.994036577594361,1
2,12,1,17,0,1,1,22,27,10,4,0,0,0,1,0,0,34,0,0,5,8,4,10.968002947866603,0,0,5,9,3,10.824659788311259,0,7.6,2.6,0.32,1
1,1,1,9,1,1,1,22,27,10,9,0,0,0,1,0,0,18,0,0,5,7,2,10.11786438571794,0,0,5,9,3,11.63080059252623,0,7.977166034297408,2.458562737138472,0.4873674277194746,1
1,15,1,4,1,14,1,2,1,4,7,0,0,0,1,0,0,19,0,0,6,9,5,12.562309185721697,0,0,6,11,4,12.185803667554449,0,12.990171769845388,0.18524172274912676,1.3965521534364085,1
1,1,1,15,1,1,1,3,1,4,7,1,0,0,1,0,0,18,0,0,6,7,6,12.166666666666666,0,0,6,9,3,12.62090128149163,0,11.075410599484524,1.2450815377899556,1.7486065812338913,1
1,4,1,15,1,1,1,13,14,5,5,1,0,0,1,0,0,21,0,0,6,9,5,12.401865481159195,0,0,6,8,4,11.324300444565301,0,11.617336379191315,3.4664843170804795,-1.2711802913659715,1
1,1,1,14,1,1,1,22,27,10,8,0,0,0,1,0,1,18,0,0,5,6,3,12.042241220194938,0,0,5,5,4,13.124425446471728,0,8.276034196350889,1.3230465180038753,-0.9719764641372555,1
2,12,1,17,0,1,1,20,25,11,11,0,0,0,1,0,0,41,0,0,5,9,3,10.835172956234969,0,0,5,8,4,12.5,0,8.490066036331168,0.9187641535966837,-1.3810150916551198,1
1,8,1,8,1,1,1,1,27,5,6,1,0,0,1,0,0,21,0,0,5,8,3,11.986367226921171,1,0,5,9,2,12.622360154160473,0,9.4,-0.8,-3.12,1
1,8,4,16,1,1,1,13,27,8,8,1,0,0,1,0,0,19,0,0,6,9,4,12.670269210191101,0,0,6,13,3,11.400983700443915,0,10.8,1.4,1.74,1
1,12,1,9,1,1,1,22,1,10,4,0,0,0,1,1,0,28,0,1,7,13,6,10.862577863775558,0,0,5,15,1,10.274844272448885,1,9.920498328163568,1.7298131269386623,1.349721133122583,1
1,1,2,2,1,1,1,1,3,3,3,1,0,0,1,0,0,18,0,0,0,0,0,0.0,0,0,0,0,0,0.0,0,12.4,0.5,1.79,1
1,1,2,7,1,1,1,3,1,3,4,0,0,0,1,1,0,18,0,0,5,9,4,11.86469475786706,0,0,5,8,2,11.422828881665435,0,8.460257963067948,1.8059157263988181,2.4309406939898084,1
1,8,2,10,1,1,1,13,2,10,7,1,0,0,1,0,0,18,0,0,7,7,6,13.532812176404619,0,0,7,8,6,13.347592930380701,0,10.21347238759093,1.4,2.2863967757705557,1
1,1,1,14,1,1,1,1,14,7,6,1,0,0,1,0,0,19,0,0,6,9,5,12.623490264694953,0,0,6,8,4,12.894071975477447,0,12.315257580381957,0.5476676110351493,1.7873517993869361,1
1,13,1,4,1,1,1,1,2,4,3,0,0,0,0,0,0,37,0,1,6,9,5,15.945593629647126,0,0,6,10,4,16.380305985223675,0,13.808597297807172,-0.2706205600094477,0.8301519013204215,1
1,1,1,5,1,1,1,1,1,4,9,1,0,0,1,0,0,19,0,0,5,9,5,11.90116940217484,0,0,5,6,5,13.60129751768801,0,8.185649421551126,2.3803814669183274,0.5798819308133125,1
1,1,1,11,1,1,1,13,14,6,6,0,0,0,1,0,0,18,0,0,6,7,6,13.748728462089202,0,0,7,7,7,13.757922750769435,0,12.4,0.5,1.79,1
1,1,1,14,1,1,1,22,27,10,7,0,0,0,1,0,0,20,0,0,5,6,3,12.720008039663114,0,0,5,7,2,12.440016079326226,1,7.6,2.6,0.32,1
1,1,2,13,1,1,1,22,28,8,6,1,0,0,1,0,0,18,0,0,6,9,4,11.512345077151101,0,0,6,8,4,10.563492450402864,0,9.46243221161445,1.9015879206445812,1.1464542939039122,1
1,8,1,9,1,1,1,2,28,4,7,1,0,0,1,0,0,18,0,0,5,12,4,11.82231950982487,0,0,5,9,4,11.431094085780648,0,13.65124731375482,-0.22004377942119205,0.8992735014577042,1
1,1,1,15,1,1,1,13,14,6,7,0,0,0,1,0,0,18,0,0,6,6,6,13.945847018590142,0,0,6,7,6,13.84187705278852,0,15.72137212609607,2.0093852639426064,-3.0669878915119133,1
1,15,1,7,1,1,1,1,1,5,4,0,0,0,1,0,0,20,0,0,5,10,5,12.345105528260701,0,0,5,14,3,12.363403685507134,0,11.69136281326109,0.55451055282607,1.9153742714999609,1
2,8,1,9,1,1,1,22,27,9,9,0,0,0,1,0,1,20,0,0,5,8,3,10.228575327731711,0,0,5,12,3,12.238634812833979,0,12.7,3.7,-1.7,1
1,14,1,6,1,1,1,1,1,3,4,0,0,0,1,0,0,19,0,0,5,7,5,13.822773526282193,0,0,5,9,3,12.696787338851495,0,13.9,-0.3,0.79,1
1,11,1,3,1,1,1,1,1,5,4,0,0,0,1,0,0,22,0,0,3,3,0,0.0,0,0,3,3,0,0.0,0,13.831138053714335,3.3364199113061064,-2.6533877881306536,1
1,11,1,9,1,1,1,13,27,6,9,1,0,0,1,0,0,18,0,0,5,10,1,13.085091606790845,0,0,5,11,1,12.627637410186269,0,9.063853429134646,2.0510549640745075,0.9695849591784995,1
1,8,1,10,1,1,1,1,1,4,8,1,0,0,1,0,0,21,0,0,6,14,3,12.093774991340014,0,0,6,11,2,11.159749990377794,0,7.6,2.6,0.32,1
1,1,1,11,1,1,1,13,1,4,8,0,0,0,1,0,0,21,0,0,6,9,5,13.103181667463371,0,0,7,9,6,12.490034514928624,0,11.1,0.6,2.02,1
1,11,1,9,1,1,1,2,28,3,6,1,0,0,1,0,0,18,0,0,5,8,2,12.080649758707077,0,0,5,10,3,10.91244283416258,0,10.064510305637704,1.4,2.42516671527435,1
2,12,1,17,0,11,1,23,14,10,6,0,0,0,1,0,1,34,0,0,5,9,3,11.57243872850419,0,0,5,7,4,11.581391183463058,0,12.971376461907928,2.795411793640237,-1.1368938415410474,1
1,13,1,7,1,1,1,1,28,5,7,0,0,0,1,0,0,19,0,0,5,8,4,11.84691872808856,0,0,5,12,1,8.892646644929878,0,13.716302473706271,0.31232508764576083,0.40882763294051405,1
1,1,1,12,1,1,1,11,11,6,8,1,0,0,1,0,0,18,0,0,6,7,6,14.57142118162869,0,0,6,8,5,14.510254754546121,0,11.657219711061618,0.5571369453029524,1.9214149741967905,1
1,8,1,5,1,1,1,13,14,8,8,0,0,0,1,1,0,18,0,0,5,6,5,12.8219933754088,0,0,5,9,5,11.210796628777729,3,15.481105899638976,0.3422878882565308,-0.5055786950859984,1
1,1,1,10,1,1,1,16,27,30,40,1,0,0,1,0,0,19,0,0,6,9,5,12.725781597856576,0,0,6,9,4,11.507971358373528,0,11.536555711142958,0.5664187914505417,1.942763220336246,1
2,12,1,8,1,1,1,22,27,10,10,0,0,0,1,0,0,39,0,0,5,14,3,15.04022613296327,0,0,5,11,4,12.567819093629385,0,9.4,-0.8,-3.12,1
1,1,1,7,1,1,1,22,27,10,8,1,0,0,1,1,0,18,0,0,5,9,3,10.6016249931738,0,0,5,8,1,14.1951250204786,1,7.9122000327657585,2.4829249877128405,0.45853876453980563,1
1,8,1,15,1,1,1,2,3,19,23,0,0,0,1,0,0,22,0,0,6,8,5,11.831033115140071,0,0,6,6,5,13.91929405854615,0,11.1,0.6,2.02,1
1,12,1,7,1,1,1,1,28,4,6,0,0,0,1,1,0,21,0,0,5,6,3,11.280216352651253,0,0,5,10,2,10.5,0,14.763740376818497,1.373496980085837,-1.8282130172310675,1
1,1,1,10,1,1,1,1,2,12,12,1,0,0,1,0,0,19,0,0,5,8,4,12.387893958017322,0,0,5,10,4,11.89971348507831,0,10.153581436521119,0.9737823115828199,2.8280516985325117,1
1,8,1,15,1,1,1,22,14,10,11,0,0,0,1,0,0,18,0,0,6,6,5,12.647294162679575,0,0,6,7,5,13.259597429941127,0,13.300821435399701,1.1683513875546168,0.0900627751328229,1
1,14,1,17,0,1,1,22,27,5,10,0,0,0,1,0,0,32,0,8,10,15,8,10.401628733135292,0,7,10,14,9,10.420774459435297,0,7.983453757148201,1.8756984587200656,-0.41282273588322793,1
1,12,1,16,0,1,1,1,1,5,3,0,0,0,1,0,0,24,0,0,5,12,3,12.555967963510765,0,0,5,9,4,11.027983981755382,0,13.396288328403115,-0.35596796351076515,0.35233052534581644,1
1,8,1,15,1,1,1,1,1,4,5,0,0,0,1,0,0,19,0,0,6,9,3,13.518344427585477,0,0,6,11,3,10.398322239081189,0,10.574712133523015,0.8018801820768371,-2.6145178092113093,1
1,8,5,8,1,1,1,13,27,8,10,0,0,0,1,0,1,19,0,0,5,5,5,12.387568363518334,0,0,5,8,3,11.065814546079414,0,12.7,3.7,-1.7,1
2,12,1,10,1,12,1,22,27,10,8,0,0,0,1,1,0,42,0,0,7,9,6,12.191451550845356,0,0,7,9,6,12.253878909521717,0,11.129616453811192,1.2145907447312054,1.7503005141815997,1
1,13,1,6,1,1,1,3,28,3,7,0,0,0,1,0,0,22,0,2,6,8,4,12.3977572672952,0,1,6,10,5,11.5035280895954,0,11.604390511496499,0.9475303372832193,1.7651372034842656,1
1,1,2,12,1,1,1,2,1,10,10,0,0,0,1,0,0,18,0,0,7,7,6,14.396172593218964,0,0,7,7,6,14.145384459447095,0,11.408845608064837,2.9185118154076646,0.07024062683742138,1
1,1,1,11,1,1,1,1,13,5,5,0,0,0,1,0,0,19,0,0,6,9,5,13.351325123712295,0,0,6,9,5,12.42163806523178,0,12.591796449966285,0.3977085600179813,1.6621357000224766,1
2,13,1,14,0,1,1,17,3,8,3,0,0,0,1,0,0,24,0,1,8,14,7,11.387561873725865,0,1,8,13,7,12.276212974310639,0,12.563454327725355,2.2435128290704505,-0.11151867920495984,1
1,1,1,6,1,1,1,13,14,4,4,1,0,0,1,0,0,18,0,0,5,9,5,12.553931675005584,2,0,5,7,3,12.597375029781851,0,9.4,-0.8,-3.12,1
1,1,1,6,1,1,1,1,1,3,7,0,0,0,0,0,0,19,0,0,5,9,4,14.188526920079042,0,0,5,8,4,12.78454066276681,0,10.873767695905151,1.2032861442529312,1.808849849511474,1
1,8,3,5,1,1,1,22,27,10,10,0,0,0,0,0,0,18,0,0,5,6,5,11.845297119045663,0,0,5,6,5,12.464108642863016,0,7.623329382139039,2.57846518571781,0.37724671463348897,1
1,1,1,12,1,1,1,2,14,3,9,0,0,0,1,0,0,19,0,0,7,11,4,12.571383994027755,0,0,7,11,5,11.901304642563778,0,16.11162235204517,0.6156344569815336,-1.3164368779688063,1
1,8,2,13,1,1,1,13,2,10,5,1,0,0,1,0,0,18,0,0,7,9,6,12.995662785341025,0,0,7,8,5,13.449490296814702,0,12.638001421468392,1.0255923030342164,0.8346141146100144,1
1,1,1,8,1,1,1,13,27,5,9,0,0,0,1,1,0,25,0,0,5,11,3,10.080809905642935,0,0,5,11,1,12.595950471785322,0,7.6,2.6,0.32,1
1,15,1,6,1,14,1,3,1,3,4,1,0,0,1,0,0,19,0,0,6,10,5,12.394140432367355,0,0,6,17,3,11.558379991508296,0,12.783240016983408,0.2956053242755162,1.5345066553443953,1
1,9,1,9,1,1,1,1,27,6,6,1,0,0,1,0,0,21,0,0,5,7,3,12.111297981240819,0,0,5,8,3,12.742389950707224,0,9.303948317559293,-0.6185690442786647,-2.9364345624466486,1
1,14,1,15,1,1,1,13,27,7,6,1,0,0,1,0,0,22,0,0,6,13,3,11.333333333333334,1,0,6,10,2,11.586423655500118,0,15.892127580862438,1.3995443540627202,-2.301027708702777,1
1,14,1,8,1,1,1,3,1,3,3,0,0,0,1,1,0,18,0,0,5,9,4,12.62390573950098,0,0,5,10,3,11.550340436599695,0,13.9,-0.3,0.79,1
2,13,1,3,0,5,1,22,27,8,9,0,0,1,1,0,0,39,0,3,9,12,8,11.607060112139115,0,3,8,11,7,12.446612198770994,0,12.662346068591392,0.09781733509562418,1.3336836912973529,1
1,10,1,6,1,1,1,13,14,4,4,0,0,0,1,0,0,22,0,0,5,12,3,10.929981846956366,0,0,5,10,3,11.2633151802897,0,13.787207794173552,1.5292186859997319,-0.8277953535210574,1
1,7,1,5,1,1,1,1,1,4,4,1,0,0,1,0,0,18,0,0,6,6,1,14.764620224685755,0,0,6,6,4,12.672611835230446,0,9.710701303414803,-0.3763164044343595,-2.986304287621509,1
1,8,2,8,1,1,1,23,27,5,8,1,0,0,1,1,0,20,0,0,5,7,3,12.218778935796966,0,0,5,9,3,11.406039182050678,1,9.70027778365087,1.8123958311309236,1.2519982664950737,1
1,1,1,16,1,1,1,13,27,8,5,0,0,0,1,0,1,18,0,0,6,8,4,12.574055281050791,0,0,6,7,4,12.651558118480745,0,11.122828481987721,0.21675123527144202,-3.385485044765321,1
3,5,1,17,0,1,1,22,27,10,8,0,0,0,1,0,0,37,0,0,5,7,4,10.902317908596597,0,0,5,7,4,11.373951442292427,0,8.696688941895497,0.5284764430862852,-1.7758944222891706,1
1,7,1,14,1,1,1,22,27,10,6,0,0,0,1,0,0,23,0,0,6,8,5,12.195469453093402,0,0,6,8,5,11.879798193296645,0,15.5,2.8,-4.06,1
1,1,1,15,1,1,1,3,2,5,5,1,0,0,1,0,0,19,0,0,6,7,6,12.848543224514252,0,0,6,8,3,13.115798003750594,0,11.916487531708075,0.5371932667916864,1.875544513620879,1
1,1,1,10,1,1,1,22,27,10,10,0,0,0,1,1,0,22,0,0,5,8,5,11.645343108335313,0,0,6,11,3,11.677545228847524,0,15.816187773462177,1.6707579519207931,-2.641671987612516,1
1,8,1,7,1,1,1,1,27,5,7,1,0,0,1,0,0,21,0,0,5,9,3,11.73507907300979,1,0,5,10,2,11.80567365394848,0,9.4,-0.8,-3.12,1
1,1,1,9,1,1,1,22,28,5,8,1,0,0,1,0,0,18,0,0,5,13,0,1.0274876917282516,0,0,5,9,3,11.140111957962944,0,7.6,2.6,0.32,1
1,15,1,5,1,1,1,3,1,3,7,0,0,0,1,0,0,20,0,0,6,6,5,12.288214431650157,0,0,6,7,4,12.666160823737618,0,9.73803710067649,1.4,2.7293022798961126,1
1,1,2,11,1,1,1,1,14,4,10,0,0,0,1,0,0,19,0,0,6,8,5,13.096218200008268,0,0,7,11,6,13.119482816887961,0,15.63692649113116,2.3109768173887124,-3.4457868826402223,1
1,1,2,5,1,1,1,22,27,10,9,0,0,0,1,0,1,21,0,0,5,6,5,11.542184469484638,0,0,5,6,5,12.482317952378237,0,8.197514546473732,2.3759320450723505,0.5851470799977189,1
1,1,1,16,1,1,1,13,14,7,8,1,0,0,1,0,0,18,0,0,7,7,6,11.650993982594288,0,0,7,8,6,13.426114489373076,0,15.983716959801187,0.24357833733944018,-0.7591982614174045,1
1,1,1,5,1,1,1,13,28,10,7,1,0,0,1,0,0,18,0,0,5,9,5,13.429326441373176,1,0,5,6,5,11.885336779313413,0,9.4,-0.8,-3.12,1
1,1,1,11,1,1,1,23,14,10,7,0,0,0,1,0,0,18,0,0,6,10,4,11.992518115210583,0,0,6,9,4,11.63653260737905,0,8.376057968673864,2.308978261747301,0.6643757235990273,1
1,12,1,11,1,4,1,22,27,29,38,0,0,0,1,0,0,41,0,0,6,11,3,11.68088957735415,0,0,6,13,3,11.432432544132572,0,10.491828280716529,0.8211533524667168,2.43189811896926,1
1,5,5,9,1,1,1,13,28,6,6,1,0,0,1,1,0,19,0,0,5,6,3,12.302259381133567,0,0,5,12,2,11.823243612581388,0,9.83728874263972,-0.1128319758518701,-1.6019833648364041,1
1,8,4,12,1,1,1,13,1,10,5,1,0,0,1,0,0,18,0,0,7,8,6,13.494134814049751,0,0,8,9,7,13.087413566408488,0,10.992802397301727,0.8858602738620611,1.9199489041482787,1
1,6,3,6,1,1,1,22,14,10,5,0,0,0,1,0,0,18,0,0,5,7,3,12.40207959370654,0,0,5,7,3,14.438185718648594,0,7.6,2.6,0.32,1
1,7,1,9,1,1,1,22,27,10,10,1,0,0,1,0,1,20,0,0,5,8,3,11.814524274762363,0,0,5,9,4,12.586359223908826,0,10.995779932195285,1.636996760025871,1.3855352806569583,1
1,1,1,9,1,1,1,22,27,10,10,1,0,0,1,0,0,19,0,0,5,10,3,10.832304837202487,0,0,5,10,4,11.346793682167704,0,7.6,2.6,0.32,1
1,14,1,7,1,1,1,13,27,5,8,0,0,0,0,0,0,19,0,0,6,13,3,11.880992649199458,0,0,6,10,3,11.994908822901492,0,12.512430885007328,0.4609249985443688,1.2152227933042061,1
1,8,1,14,1,1,1,1,1,4,4,1,0,0,0,0,1,18,0,0,6,7,6,12.843534477643487,0,0,6,8,5,14.039905576443655,0,10.852370671752205,0.8979618272637186,2.5505492698817736,1
1,6,3,6,1,1,1,22,1,4,9,0,0,0,1,0,0,19,0,0,6,9,5,13.129032222292329,0,0,6,7,4,13.960151764780113,0,14.281878920857249,-0.20037941195028272,0.5060813240583057,1
1,1,1,10,1,1,1,23,27,6,6,0,0,0,1,0,0,18,0,0,5,11,4,11.220872492206185,0,0,5,7,4,12.306736569319588,0,15.310988218870104,0.06808388318350578,-0.2590390670729914,1
1,1,1,12,1,1,1,3,1,3,7,0,0,0,1,0,0,19,0,0,7,10,5,13.43011360547614,0,0,7,8,7,12.583265787062095,0,12.4,0.5,1.79,1
1,8,3,10,1,1,1,22,14,6,6,0,0,0,1,0,0,19,0,0,5,7,4,11.241432195080385,0,0,5,8,4,11.871482926205774,0,11.283224197466293,1.5439391226495334,1.1436807775947901,1
1,1,1,14,1,1,1,13,28,4,8,1,0,0,1,0,1,18,0,0,6,8,5,12.098687475993387,0,0,6,10,4,11.415572896661157,0,7.6,2.6,0.32,1
1,8,1,6,1,1,1,1,14,7,7,0,0,0,0,1,0,19,0,0,5,8,4,13.74647444806728,0,0,6,10,5,14.204214952958107,0,11.1,0.6,2.02,1
1,8,1,10,1,1,1,22,27,9,9,1,0,0,1,0,0,18,0,0,6,9,4,11.676830443077632,0,0,6,9,4,11.573869109793513,0,9.006605797208437,1.796225258738036,1.0032085300726694,1
1,1,1,10,1,1,1,22,14,10,5,0,0,0,1,0,0,19,0,0,5,10,3,12.775037701339786,0,0,5,11,2,12.94658623714179,0,10.8,1.4,1.74,1
1,13,1,8,1,13,1,1,2,5,5,0,0,0,1,0,0,29,0,0,6,6,6,13.625612752668463,0,0,6,9,5,13.945602124365964,0,10.018278312085439,-0.2908296253414038,-1.2506173387534392,1
1,6,3,5,1,1,1,22,27,10,10,0,0,0,1,0,0,19,0,0,6,6,6,11.788772539116806,0,0,6,6,6,12.410878411566944,0,7.6,2.6,0.32,1
1,8,1,6,1,1,1,13,1,5,6,0,0,0,1,1,0,20,0,0,5,9,3,11.410188753724487,0,0,5,10,0,0.0,0,13.09169878352038,-0.3898112462755134,0.08767605412548551,1
1,13,1,13,0,1,1,23,14,7,6,0,0,0,1,0,0,24,0,0,7,8,6,11.745504560881818,0,0,7,8,6,11.98037605699478,0,12.7,3.7,-1.7,1
1,8,4,12,1,1,1,2,28,3,9,0,0,0,1,0,0,21,0,0,7,8,6,13.35733261997631,0,0,7,10,6,14.152797073611,0,11.361828745902423,0.579859327238275,1.9736764526480328,1
4,12,1,17,0,1,1,22,14,9,8,0,0,0,1,0,0,30,0,0,5,10,4,11.258061030724154,0,0,5,9,4,10.870951476712714,0,13.800043219020505,-0.24518499107576108,0.8206319167517806,1
1,1,1,8,1,1,1,1,1,4,6,0,0,0,0,1,0,18,0,0,5,9,3,11.40012549649829,0,0,5,8,2,13.213747872150188,0,9.214877340634793,1.285499148860075,3.29674216475189,1
1,1,1,14,1,1,1,1,14,7,5,0,0,0,1,1,0,19,0,0,6,10,6,12.762603780851151,0,0,6,8,4,12.966387431954479,0,12.247062815392878,0.5117643988159325,1.817058117276645,1
1,15,1,5,1,14,1,22,27,10,7,0,0,0,1,0,0,21,0,1,6,9,6,12.344428030201145,0,0,6,12,2,13.0,0,13.509595498128311,-0.09178426566843256,1.0502696679144594,1
1,8,1,11,1,1,1,1,1,6,7,0,0,0,1,0,1,19,0,0,6,11,5,11.960021133730745,0,0,6,10,5,12.1236387369295,0,15.5,2.8,-4.06,1
1,12,1,11,1,1,1,13,27,8,10,0,0,0,1,0,0,25,0,0,6,7,6,12.014480013234904,0,0,6,8,5,10.834172831234374,0,12.713900812705507,3.6536639576483063,-1.6711558136360707,1
1,15,1,6,1,14,1,1,1,6,9,0,0,0,1,0,0,20,0,2,6,12,4,12.981462433153126,0,1,6,11,5,13.255398488505202,0,12.4,0.5,1.79,1
1,8,1,8,1,1,1,22,1,10,3,1,0,0,1,0,0,19,0,0,5,8,3,11.537389830598235,0,0,5,11,2,10.870723163931569,0,10.408211525251389,1.5469206780307292,1.5661438643303036,1
1,14,1,6,1,1,3,1,2,5,5,0,0,0,1,1,0,23,0,0,5,6,0,2.7481445197260923,0,0,5,5,0,0.0,0,13.469480465523304,3.4526669932246516,-2.3485621066553577,1
1,1,2,2,1,1,1,1,3,3,3,1,0,0,1,0,0,18,0,0,0,0,0,0.0,0,0,0,0,0,0.0,0,12.4,0.5,1.79,1
5,12,1,3,0,1,1,22,27,10,9,0,0,0,1,0,0,48,0,0,6,7,5,10.671536404863897,0,0,6,9,4,11.799123447124499,0,10.80905771304685,1.3950328670388248,1.7372242492275785,1
1,12,1,4,1,1,1,13,14,9,6,1,0,0,1,0,0,24,0,0,6,10,5,11.797304327713936,0,0,6,12,4,11.265163156609109,0,12.462674380650983,0.5465003469345997,1.6717273784489528,1
1,1,1,9,1,1,1,22,27,10,8,0,0,0,1,0,0,19,0,0,5,6,4,12.443494839645277,0,0,5,7,5,13.07603093092788,0,10.8,1.4,1.74,1
1,8,1,14,1,1,1,13,27,9,6,0,0,0,0,0,0,18,0,0,6,7,5,12.712021678809768,0,0,6,6,5,11.977120369641273,0,11.1,0.6,2.02,1
1,14,1,6,1,1,1,2,2,3,5,0,0,0,1,0,0,20,0,0,6,11,4,11.765656950116249,0,0,6,14,3,13.144768329458381,0,13.430291496512544,-0.04948879814002327,1.103139002324971,1
1,1,1,10,1,1,1,1,1,10,11,0,0,0,1,0,0,19,0,0,5,8,5,12.800660061792128,0,0,5,9,4,12.362787805415989,0,8.9,1.4,3.51,1
1,12,1,12,1,1,1,22,27,6,7,1,0,0,1,0,0,25,0,0,7,10,6,13.252120234757912,2,0,7,10,6,13.252120234757912,2,9.347144513615694,-0.7001618590518661,-3.0189872926877706,1
1,8,1,8,1,1,1,3,1,3,4,0,0,0,0,0,0,21,0,0,5,9,4,11.659337398400663,0,0,5,11,4,14.029506925629752,0,8.9,1.4,3.51,1
1,1,1,10,1,1,1,22,27,8,7,0,0,0,1,0,0,18,0,0,5,7,3,12.139835298455788,0,0,5,7,4,12.30243823692092,0,9.4,-0.8,-3.12,1
2,12,1,17,0,1,1,22,27,10,10,0,0,0,1,0,0,28,0,0,5,9,3,10.586018084146065,0,0,5,9,3,12.2125079543604,0,11.793556598049445,0.8411244135971876,1.7710486436890451,1
1,8,1,8,1,1,1,22,1,10,3,1,0,0,1,0,0,19,0,0,5,8,3,11.377571016706378,0,0,5,11,2,10.71090435003971,0,10.715063647923754,1.431851132028592,1.7023094937661658,1
1,15,1,5,1,14,2,9,2,6,4,1,0,0,1,0,0,22,0,0,6,12,5,12.867368100372222,0,0,6,16,2,11.5,0,12.4,0.5,1.79,1
1,15,1,4,1,14,1,3,3,7,2,1,0,0,1,1,0,20,0,0,6,12,4,12.01508569379664,0,0,6,11,4,11.5,0,14.580881678021722,2.118073503048375,-2.3255347794926053,1
1,1,4,12,1,1,1,10,1,6,10,0,0,0,1,0,0,18,0,0,6,8,5,13.907866879298362,0,0,6,8,6,11.321143771789629,0,12.269132799396441,0.5736128003395023,1.7859103999811388,1
1,8,4,12,1,1,1,1,1,5,5,1,0,0,1,0,0,18,0,0,6,8,6,12.485387886501348,0,0,7,9,6,12.935829233382622,0,13.733877332021564,-0.2114012437448335,0.9007484453189581,1
1,1,1,9,1,1,1,22,27,10,10,0,0,0,1,0,0,19,0,0,5,8,2,10.0,0,0,5,9,2,11.080139196628457,0,7.6,2.6,0.32,1
2,13,1,17,0,6,1,22,27,10,10,0,0,0,1,0,0,37,0,0,5,10,4,15.757632761617348,0,0,5,5,5,17.53913438992915,0,9.4,-0.8,-3.12,1
1,1,1,8,1,1,1,1,1,4,7,0,0,0,0,0,0,21,0,0,5,9,3,10.995679964084504,0,0,5,12,2,12.549351994612676,0,7.945463962288729,2.4025920215492977,0.48779678168309704,1
