Marital status,Application mode,Application order,Course,Daytime/evening attendance,Previous qualification,Nacionality,Mother's qualification,Father's qualification,Mother's occupation,Father's occupation,Displaced,Educational special needs,Debtor,Tuition fees up to date,Gender,Scholarship holder,Age at enrollment,International,Curricular units 1st sem (credited),Curricular units 1st sem (enrolled),Curricular units 1st sem (evaluations),Curricular units 1st sem (approved),Curricular units 1st sem (grade),Curricular units 1st sem (without evaluations),Curricular units 2nd sem (credited),Curricular units 2nd sem (enrolled),Curricular units 2nd sem (evaluations),Curricular units 2nd sem (approved),Curricular units 2nd sem (grade),Curricular units 2nd sem (without evaluations),Unemployment rate,Inflation rate,GDP,Target
1,8,5,2,1,1,1,13,10,6,10,1,0,0,1,1,0,20,0,0,0,0,0,0.0,0,0,0,0,0,0.0,0,10.8,1.4,1.74,0
1,6,1,11,1,1,1,1,3,4,4,1,0,0,0,1,0,19,0,0,6,6,6,14.0,0,0,6,6,6,13.666666666666666,0,13.9,-0.3,0.79,2
1,1,5,5,1,1,1,22,27,10,10,1,0,0,0,1,0,19,0,0,6,0,0,0.0,0,0,6,0,0,0.0,0,10.8,1.4,1.74,0
1,8,2,15,1,1,1,23,27,6,4,1,0,0,1,0,0,20,0,0,6,8,6,13.428571428571429,0,0,6,10,5,12.4,0,9.4,-0.8,-3.12,2
2,12,1,3,0,1,1,22,28,10,10,0,0,0,1,0,0,45,0,0,6,9,5,12.333333333333334,0,0,6,6,6,13.0,0,13.9,-0.3,0.79,2
2,12,1,17,0,12,1,22,27,10,8,0,0,1,1,1,0,50,0,0,5,10,5,11.857142857142858,0,0,5,17,5,11.5,5,16.2,0.3,-0.92,2
1,1,1,12,1,1,1,13,28,8,11,1,0,0,1,0,1,18,0,0,7,9,7,13.3,0,0,8,8,8,14.345,0,15.5,2.8,-4.06,2
1,9,4,11,1,1,1,22,27,10,10,1,0,0,0,1,0,22,0,0,5,5,0,0.0,0,0,5,5,0,0.0,0,15.5,2.8,-4.06,0
1,1,3,10,1,1,15,1,1,10,10,0,0,0,1,0,1,21,1,0,6,8,6,13.875,0,0,6,7,6,14.142857142857142,0,16.2,0.3,-0.92,2
1,1,1,10,1,1,1,1,14,5,8,1,0,1,0,0,0,18,0,0,6,9,5,11.4,0,0,6,14,2,13.5,0,8.9,1.4,3.51,0
1,1,1,14,1,1,1,23,14,6,8,1,0,0,1,0,0,18,0,0,6,6,6,12.333333333333334,0,0,6,7,5,14.2,0,13.9,-0.3,0.79,2
1,1,1,12,1,1,1,13,28,10,10,1,0,0,1,0,1,18,0,0,8,8,7,13.214285714285714,0,0,8,8,7,13.214285714285714,0,12.7,3.7,-1.7,2
1,1,2,16,1,1,1,13,27,5,10,1,0,0,1,0,0,19,0,0,6,6,0,0.0,0,0,6,0,0,0.0,0,12.7,3.7,-1.7,0
1,17,1,11,1,16,1,1,1,5,8,1,0,0,1,0,1,21,0,0,6,7,6,10.571428571428571,0,0,6,8,5,11.0,0,8.9,1.4,3.51,2
1,1,1,6,1,1,1,23,27,6,6,1,0,0,1,0,1,18,0,0,5,7,4,13.25,0,0,5,5,5,12.0,0,10.8,1.4,1.74,2
1,1,1,15,1,1,1,13,27,10,4,1,0,0,1,0,0,20,0,0,6,6,5,13.2,0,0,6,7,0,0.0,0,15.5,2.8,-4.06,0
1,9,1,10,1,1,1,13,28,6,9,1,0,0,1,0,0,18,0,0,6,10,1,12.0,0,0,6,14,2,11.0,0,10.8,1.4,1.74,1
1,8,2,12,1,1,1,13,1,6,5,1,0,0,1,0,0,18,0,0,7,8,7,13.30625,0,0,8,8,8,14.545,0,15.5,2.8,-4.06,2
1,1,1,8,1,1,1,3,14,4,6,1,0,0,1,0,0,20,0,0,5,8,4,12.5,1,0,5,8,4,12.25,2,10.8,1.4,1.74,2
1,1,1,16,1,1,1,13,14,8,8,1,0,0,1,0,0,18,0,0,7,7,6,11.666666666666666,0,0,7,8,6,13.5,0,16.2,0.3,-0.92,1
1,1,3,2,1,1,1,1,1,10,9,0,0,0,1,0,1,21,0,0,0,0,0,0.0,0,0,0,0,0,0.0,0,11.1,0.6,2.02,2
1,9,4,13,1,1,1,1,28,5,8,1,0,0,1,0,0,20,0,0,7,14,7,11.4375,0,0,8,9,8,11.425,0,12.7,3.7,-1.7,1
1,1,4,12,1,1,1,13,14,2,2,1,0,0,1,0,0,18,0,0,8,12,7,12.857142857142858,0,0,8,12,7,12.857142857142858,0,12.7,3.7,-1.7,2
1,1,4,14,1,1,1,1,28,5,8,1,0,0,1,0,1,19,0,0,6,8,6,13.375,0,0,6,7,6,12.285714285714286,0,11.1,0.6,2.02,2
1,1,1,12,1,1,1,13,14,4,8,0,0,0,1,0,0,19,0,0,7,8,6,13.296666666666669,0,0,8,9,7,14.114285714285714,0,11.1,0.6,2.02,2
1,1,1,10,1,1,1,13,28,10,10,1,0,1,1,0,1,18,0,0,6,8,5,11.6,0,0,6,12,4,11.0,0,7.6,2.6,0.32,1
1,8,2,10,1,1,1,13,28,8,9,1,0,0,1,0,0,21,0,0,6,9,6,11.375,0,0,6,9,6,13.285714285714286,0,16.2,0.3,-0.92,2
1,1,1,6,1,1,1,13,14,4,4,1,0,0,1,0,0,18,0,0,5,9,5,12.666666666666666,2,0,5,7,4,13.0,0,9.4,-0.8,-3.12,1
1,1,1,9,1,1,1,13,1,10,10,1,0,0,1,0,0,20,0,0,5,6,5,12.0,0,0,5,6,5,12.333333333333334,0,16.2,0.3,-0.92,2
1,8,2,12,1,1,1,3,3,2,11,1,0,0,1,1,0,19,0,0,7,9,6,12.933333333333332,0,0,7,7,6,13.716666666666669,0,16.2,0.3,-0.92,1
1,15,1,4,1,14,1,4,5,5,3,0,0,0,1,1,0,21,0,0,6,15,5,11.857142857142858,0,0,6,17,5,10.571428571428571,0,16.2,0.3,-0.92,1
1,16,1,5,1,1,1,27,3,16,22,1,0,0,1,1,0,20,0,2,6,7,6,12.833333333333334,0,0,6,9,4,13.4,0,8.9,1.4,3.51,2
1,1,1,9,1,1,1,1,1,5,7,0,0,0,0,1,0,18,0,0,5,9,3,11.333333333333334,0,0,5,8,2,13.5,0,8.9,1.4,3.51,1
1,9,1,3,0,1,1,13,1,10,6,1,0,0,1,0,0,19,0,0,6,6,6,12.666666666666666,0,0,6,8,6,14.375,0,12.4,0.5,1.79,2
1,1,1,17,0,1,1,2,27,4,10,0,0,0,1,1,0,34,0,0,5,6,5,12.4,0,0,5,9,5,13.428571428571429,0,13.9,-0.3,0.79,2
1,12,1,1,1,1,1,23,27,10,7,0,0,1,0,1,0,37,0,0,7,7,0,0.0,0,0,7,7,1,10.0,0,8.9,1.4,3.51,0
1,12,1,7,1,8,1,19,27,1,1,1,0,0,1,1,0,43,0,0,5,0,0,0.0,0,0,5,0,0,0.0,0,7.6,2.6,0.32,0
1,14,1,9,1,1,1,22,27,7,7,0,0,0,1,0,0,55,0,0,5,10,1,10.0,0,0,5,8,2,12.0,2,16.2,0.3,-0.92,0
4,12,1,17,0,1,1,13,14,10,4,1,0,0,1,0,0,39,0,0,5,8,5,11.0,0,0,5,5,5,11.6,0,7.6,2.6,0.32,2
1,15,1,8,1,14,3,4,4,4,7,0,0,1,0,0,0,20,1,2,6,13,3,11.666666666666666,0,1,6,11,3,12.0,0,12.4,0.5,1.79,0
1,1,5,15,1,1,1,3,3,3,3,0,0,1,1,0,0,18,0,0,6,6,4,12.75,0,0,5,5,0,0.0,0,12.7,3.7,-1.7,0
1,1,2,9,1,1,1,3,14,3,8,1,0,0,1,0,0,22,0,0,5,5,5,14.8,0,0,5,5,5,15.8,0,8.9,1.4,3.51,2
1,1,6,12,1,1,1,1,3,3,3,1,1,0,1,0,0,22,0,0,7,9,5,13.928,0,0,8,9,7,14.342857142857142,0,11.1,0.6,2.02,2
1,8,1,15,1,1,1,1,28,6,6,0,0,0,0,0,0,20,0,0,6,7,4,13.0,0,0,6,7,5,13.8,0,12.4,0.5,1.79,0
1,12,1,17,0,1,1,22,27,10,10,0,0,0,1,0,0,29,0,0,5,0,0,0.0,0,0,5,0,0,0.0,0,16.2,0.3,-0.92,0
1,8,1,17,0,1,1,23,28,5,6,0,0,0,1,0,0,24,0,0,5,9,2,11.5,0,0,5,11,3,14.333333333333334,1,7.6,2.6,0.32,1
1,8,2,10,1,1,1,13,14,10,10,1,0,0,1,0,0,18,0,0,6,6,6,11.666666666666666,0,0,6,8,5,13.2,0,11.1,0.6,2.02,2
1,8,6,12,1,1,1,22,14,8,8,1,0,0,1,0,1,22,0,0,7,8,6,13.516666666666666,0,0,8,9,7,13.771428571428572,0,11.1,0.6,2.02,2
1,15,1,3,0,14,1,1,14,10,10,0,0,0,1,0,1,21,0,3,6,6,6,11.5,0,2,6,7,6,13.285714285714286,0,12.4,0.5,1.79,2
1,1,1,10,1,1,1,22,28,10,10,0,0,0,1,0,1,19,0,0,6,7,5,12.333333333333334,0,0,6,7,6,12.833333333333334,0,12.7,3.7,-1.7,2
1,12,1,11,1,1,1,13,28,10,8,0,0,0,1,0,1,24,0,0,6,6,6,13.666666666666666,0,0,6,6,6,14.166666666666666,0,12.4,0.5,1.79,2
1,1,1,12,1,1,1,22,28,7,7,1,0,0,1,0,1,19,0,0,8,10,6,11.833333333333334,0,0,8,10,6,11.833333333333334,0,9.4,-0.8,-3.12,1
1,1,1,15,1,1,1,1,14,8,8,1,0,0,1,0,1,20,0,0,6,11,4,14.0,0,0,6,12,3,11.0,0,9.4,-0.8,-3.12,1
1,1,3,8,1,1,1,22,27,12,12,0,0,0,1,0,0,19,0,0,5,7,5,14.714285714285714,0,0,5,5,5,15.8,0,7.6,2.6,0.32,2
1,12,1,17,0,1,1,23,28,10,10,0,0,0,1,0,0,27,0,0,5,12,5,10.6,0,0,5,10,5,11.0,0,9.4,-0.8,-3.12,0
1,1,1,12,1,1,1,1,14,6,6,1,0,0,1,0,0,18,0,0,7,9,7,13.044444444444444,0,0,8,10,8,13.595,0,15.5,2.8,-4.06,2
2,4,1,11,1,3,1,1,3,5,4,0,0,0,1,0,0,39,0,0,6,10,0,0.0,0,0,6,6,0,0.0,0,12.4,0.5,1.79,0
1,12,1,8,1,15,1,3,3,3,3,1,0,0,1,0,0,27,0,0,6,9,5,13.0,0,5,11,13,10,12.9,0,12.4,0.5,1.79,0
1,8,1,12,1,1,1,23,28,8,11,1,0,0,1,0,0,18,0,0,8,8,8,14.935,0,0,8,8,8,14.935,0,9.4,-0.8,-3.12,2
1,1,3,2,1,1,1,23,27,5,10,1,0,0,1,0,0,18,0,0,0,0,0,0.0,0,0,0,0,0,0.0,0,7.6,2.6,0.32,1
1,1,2,12,1,1,1,13,14,10,10,0,0,0,1,0,0,18,0,0,7,8,6,13.133333333333333,0,0,8,12,7,12.221428571428572,0,16.2,0.3,-0.92,2
1,15,1,10,1,14,1,13,1,10,10,0,0,0,1,0,1,21,0,3,6,7,6,12.0,0,2,6,7,6,12.0,0,13.9,-0.3,0.79,2
1,8,3,2,1,1,1,1,27,5,8,1,0,0,1,1,1,19,0,0,0,0,0,0.0,0,0,0,0,0,0.0,0,10.8,1.4,1.74,1
1,8,1,5,1,1,1,1,1,4,5,1,0,0,1,1,0,19,0,0,6,6,5,11.4,0,0,6,8,1,10.0,0,10.8,1.4,1.74,1
1,14,1,5,1,1,1,1,1,4,4,0,0,0,1,1,0,24,0,0,6,6,0,0.0,0,0,6,6,0,0.0,0,12.7,3.7,-1.7,1
4,13,1,12,1,12,1,1,1,6,6,1,0,0,1,1,0,29,0,2,7,10,5,11.9,0,1,8,10,5,11.0,0,13.9,-0.3,0.79,0
1,1,3,2,1,1,1,13,14,6,4,1,0,0,1,1,1,19,0,0,0,0,0,0.0,0,0,0,0,0,0.0,0,10.8,1.4,1.74,2
1,15,1,4,1,14,1,13,27,10,10,1,0,0,1,1,0,23,0,0,6,8,6,12.571428571428571,0,0,6,7,6,12.428571428571429,0,8.9,1.4,3.51,2
1,1,3,9,1,1,1,1,28,8,8,0,0,1,1,1,0,19,0,0,5,8,5,11.2,0,0,5,10,4,10.75,3,16.2,0.3,-0.92,0
1,12,1,11,1,1,1,13,27,8,11,0,0,0,1,1,0,26,0,0,6,7,6,12.0,0,0,6,8,5,10.8,0,12.7,3.7,-1.7,1
1,8,1,9,1,1,1,23,27,6,6,0,0,0,1,1,0,18,0,0,5,9,0,0.0,0,0,5,5,0,0.0,0,7.6,2.6,0.32,1
1,8,1,12,1,1,1,22,14,9,5,0,0,0,1,1,0,24,0,0,7,8,7,11.975,0,0,8,8,8,13.75,0,13.9,-0.3,0.79,2
1,1,1,2,1,1,1,13,14,6,11,1,0,0,1,1,0,19,0,0,0,0,0,0.0,0,0,0,0,0,0.0,0,15.5,2.8,-4.06,0
1,8,4,11,1,1,1,23,27,6,8,1,0,0,1,1,0,18,0,0,6,12,3,11.666666666666666,0,0,6,12,1,12.0,0,12.4,0.5,1.79,0
1,1,2,15,1,1,1,23,28,10,10,1,0,0,1,1,0,18,0,0,6,8,6,12.333333333333334,0,0,6,11,3,12.333333333333334,0,10.8,1.4,1.74,2
1,8,3,9,1,1,1,13,14,5,8,1,0,1,1,1,0,18,0,0,5,8,3,10.333333333333334,0,0,5,11,3,10.857142857142858,0,10.8,1.4,1.74,0
1,9,4,11,1,1,1,13,27,8,8,1,0,0,1,1,1,21,0,0,6,8,4,10.5,0,0,6,11,1,11.0,0,9.4,-0.8,-3.12,0
1,8,4,15,1,1,1,1,14,10,9,1,0,1,1,1,1,19,0,0,6,6,6,13.666666666666666,0,0,6,6,6,13.333333333333334,0,8.9,1.4,3.51,2
1,8,4,12,1,1,1,23,27,10,10,0,0,0,1,1,1,22,0,0,7,7,7,14.842857142857142,0,0,8,9,8,15.055555555555555,0,16.2,0.3,-0.92,2
2,12,1,3,0,1,1,22,27,10,7,0,0,0,1,1,0,33,0,0,6,8,6,12.0,0,0,6,6,6,11.666666666666666,0,10.8,1.4,1.74,2
1,1,6,16,1,1,1,13,14,10,10,1,0,0,1,1,0,20,0,0,6,8,5,12.2,0,0,6,7,5,12.2,0,10.8,1.4,1.74,0
1,12,1,17,0,2,1,3,3,3,3,1,0,0,1,1,0,35,0,0,1,1,0,0.0,1,0,5,0,0,0.0,0,10.8,1.4,1.74,0
1,12,1,4,1,4,1,3,3,5,3,0,0,1,1,1,0,24,0,6,12,17,6,12.166666666666666,0,7,12,14,10,13.3,0,12.4,0.5,1.79,0
1,8,1,11,1,1,1,13,14,5,5,0,0,0,1,1,0,18,0,0,5,6,5,12.0,0,0,5,8,3,11.333333333333334,0,12.7,3.7,-1.7,1
2,12,1,3,0,1,1,22,27,10,7,1,0,0,1,0,0,33,0,0,6,7,6,11.0,0,0,6,11,5,11.0,0,9.4,-0.8,-3.12,2
1,13,1,12,1,1,1,22,28,10,8,1,0,0,1,0,1,22,0,0,8,8,7,13.08,0,0,8,8,7,13.08,0,10.8,1.4,1.74,2
1,12,1,14,1,1,1,1,14,5,6,0,0,0,1,0,1,25,0,0,5,7,4,10.5,0,0,5,7,5,11.6,0,9.4,-0.8,-3.12,2
1,8,1,5,1,1,1,13,28,5,1,1,0,0,1,1,0,20,0,0,6,9,6,10.666666666666666,1,0,6,6,5,11.2,0,7.6,2.6,0.32,2
1,1,6,9,1,1,1,23,27,10,10,1,0,0,1,1,0,23,0,0,5,6,4,14.0,0,0,5,5,5,13.8,0,11.1,0.6,2.02,1
1,14,2,7,1,1,1,23,14,10,7,1,0,1,1,1,0,18,0,0,5,9,2,10.0,0,0,5,9,0,0.0,0,15.5,2.8,-4.06,1
1,12,1,12,1,1,1,1,1,5,11,0,0,0,1,1,0,24,0,0,7,18,0,0.0,0,0,7,7,0,0.0,0,13.9,-0.3,0.79,0
1,8,2,15,1,1,14,13,1,10,10,1,0,0,0,0,0,21,1,0,6,6,6,14.0,0,0,6,6,6,13.5,0,8.9,1.4,3.51,2
1,6,1,8,1,1,14,1,1,5,5,0,0,0,1,0,0,26,1,0,6,7,2,12.0,1,0,6,6,0,0.0,0,8.9,1.4,3.51,0
2,12,1,16,1,8,1,22,24,1,1,0,0,0,1,0,0,39,0,0,6,12,3,12.666666666666666,0,0,6,14,0,0.0,1,7.6,2.6,0.32,0
2,12,1,3,0,1,1,22,14,10,10,0,0,0,1,0,0,44,0,2,8,11,8,11.875,0,0,6,7,6,12.333333333333334,0,12.7,3.7,-1.7,2
1,6,1,7,1,1,12,23,3,10,3,1,0,0,1,1,0,19,1,0,5,9,5,14.0,0,0,5,11,3,13.25,0,13.9,-0.3,0.79,1
1,1,5,15,1,1,1,22,1,6,6,1,0,0,1,0,0,18,0,0,6,6,6,13.666666666666666,0,0,6,6,6,13.333333333333334,0,8.9,1.4,3.51,2
1,1,5,12,1,1,1,22,27,8,8,1,0,0,1,0,1,18,0,0,7,7,7,13.75,0,0,8,9,8,14.47777777777778,0,12.4,0.5,1.79,2
1,1,1,6,1,1,1,1,2,10,2,1,0,0,1,0,0,19,0,0,5,7,5,14.2,2,0,5,7,5,13.8,0,12.7,3.7,-1.7,1
1,1,4,12,1,1,1,3,3,3,3,1,0,1,0,0,0,19,0,0,7,10,4,11.96,0,0,7,7,0,0.0,0,13.9,-0.3,0.79,0
1,17,1,6,1,16,1,23,28,10,10,0,0,0,1,0,0,21,0,7,10,12,8,12.875,0,4,9,14,5,13.4,0,8.9,1.4,3.51,0
1,1,4,2,1,1,1,1,1,10,11,1,0,0,1,0,0,20,0,0,0,0,0,0.0,0,0,0,0,0,0.0,0,16.2,0.3,-0.92,2
2,12,1,3,0,1,1,22,27,7,6,1,0,0,1,0,0,36,0,0,6,0,0,0.0,0,0,6,0,0,0.0,0,9.4,-0.8,-3.12,0
4,12,1,4,1,9,1,22,27,10,7,0,0,0,1,0,0,43,0,13,18,19,18,14.63157894736842,0,10,13,14,13,14.23076923076923,1,15.5,2.8,-4.06,2
1,9,1,16,1,1,1,13,14,10,8,1,0,0,1,0,0,19,0,0,6,0,0,0.0,0,0,6,0,0,0.0,0,11.1,0.6,2.02,0
1,16,1,5,1,1,1,3,1,3,9,0,0,1,1,0,0,20,0,4,10,12,10,13.0,0,5,11,11,11,12.272727272727272,0,11.1,0.6,2.02,2
1,1,2,10,1,1,1,22,28,5,8,1,0,0,1,0,0,19,0,0,6,0,0,0.0,0,0,6,0,0,0.0,0,16.2,0.3,-0.92,0
1,1,1,6,1,1,1,1,1,5,5,1,0,0,1,0,0,20,0,0,6,15,4,14.2,0,0,6,17,4,13.25,0,15.5,2.8,-4.06,0
1,1,5,12,1,1,1,3,4,5,4,1,0,0,1,0,0,20,0,2,7,9,6,13.266666666666666,0,0,7,10,5,12.3,0,12.4,0.5,1.79,0
1,8,2,16,1,1,1,13,1,10,4,1,0,0,1,0,0,20,0,0,7,12,6,11.666666666666666,0,0,7,10,3,13.0,0,16.2,0.3,-0.92,1
1,1,1,10,1,1,1,22,27,7,8,1,0,0,1,0,0,18,0,0,6,8,6,13.857142857142858,0,0,6,6,6,15.0,0,13.9,-0.3,0.79,2
1,8,2,9,1,1,1,1,28,5,8,1,0,0,1,0,1,18,0,0,5,9,3,13.0,0,0,5,11,3,11.0,0,8.9,1.4,3.51,1
1,1,1,6,1,1,1,13,14,10,10,1,0,0,1,0,0,19,0,0,5,6,5,13.4,0,0,5,5,5,12.8,0,10.8,1.4,1.74,2
1,1,3,15,1,1,1,1,28,5,8,1,0,0,1,0,0,18,0,0,6,6,6,12.666666666666666,0,0,6,7,6,12.571428571428571,0,10.8,1.4,1.74,2
1,8,2,12,1,1,1,22,27,10,10,1,0,0,1,0,0,18,0,0,7,7,6,12.516666666666666,1,0,7,7,6,12.516666666666666,1,7.6,2.6,0.32,0
1,14,1,12,1,1,1,23,28,10,6,0,0,0,1,0,0,20,0,0,7,11,6,11.616666666666667,0,0,7,7,7,13.0,0,13.9,-0.3,0.79,1
1,8,1,10,1,1,1,13,27,10,8,1,0,0,1,0,1,20,0,0,6,13,2,10.0,0,0,6,12,4,10.75,0,7.6,2.6,0.32,1
1,8,1,9,1,1,1,13,14,4,4,0,0,0,1,0,0,20,0,0,5,11,3,10.333333333333334,0,0,5,10,3,10.666666666666666,0,12.4,0.5,1.79,1
1,1,2,6,1,1,1,22,28,10,8,0,0,0,1,0,0,18,0,0,5,12,5,13.142857142857142,2,0,5,6,5,11.4,0,9.4,-0.8,-3.12,2
1,1,1,9,1,1,1,2,14,5,6,0,0,0,1,0,0,18,0,0,5,5,5,12.6,0,0,5,5,5,14.0,0,11.1,0.6,2.02,2
1,8,1,11,1,1,1,1,1,5,6,1,0,0,1,0,0,21,0,0,6,12,3,11.0,0,0,6,12,2,11.0,0,9.4,-0.8,-3.12,0
1,1,2,9,1,1,1,13,14,10,8,1,0,0,1,0,0,19,0,0,5,8,5,10.8,0,0,5,9,4,11.25,2,16.2,0.3,-0.92,2
1,1,1,2,1,1,1,3,14,3,10,0,0,0,1,0,0,19,0,0,0,0,0,0.0,0,0,0,0,0,0.0,0,10.8,1.4,1.74,0
1,1,1,14,1,1,1,23,28,10,10,0,0,0,1,0,1,19,0,0,5,5,5,12.8,0,0,5,5,5,14.2,0,9.4,-0.8,-3.12,2
1,1,1,6,1,1,1,13,28,5,8,1,0,0,1,0,0,19,0,0,6,15,6,14.166666666666666,0,0,6,13,6,12.2,0,15.5,2.8,-4.06,2
1,8,6,13,1,1,1,1,1,5,6,1,0,0,1,0,0,19,0,0,7,12,5,12.1,0,0,7,0,0,0.0,0,13.9,-0.3,0.79,0
1,15,1,6,1,14,1,22,27,10,10,1,0,0,1,0,0,20,0,1,6,7,6,14.166666666666666,0,1,6,17,5,13.77777777777778,0,12.4,0.5,1.79,2
1,1,1,16,1,1,1,13,28,10,4,1,0,0,1,0,1,18,0,0,6,8,5,12.8,0,0,6,7,5,13.4,0,9.4,-0.8,-3.12,1
1,8,3,10,1,1,1,1,29,6,4,1,0,0,1,0,0,18,0,0,6,7,6,13.0,0,0,6,6,6,13.666666666666666,0,12.4,0.5,1.79,2
1,8,6,12,1,1,1,1,27,9,10,1,0,0,1,0,0,19,0,0,7,7,7,13.467142857142855,0,0,8,9,8,15.011111111111113,0,12.4,0.5,1.79,2
1,1,3,12,1,1,1,13,14,6,9,1,0,0,1,0,1,18,0,0,7,9,7,13.2375,0,0,8,9,7,13.742857142857144,0,13.9,-0.3,0.79,0
1,8,2,5,1,1,1,22,27,10,10,1,0,0,1,0,0,18,0,0,6,6,6,12.333333333333334,0,0,6,6,6,13.0,0,7.6,2.6,0.32,2
1,1,4,9,1,1,1,1,14,5,9,1,0,0,1,0,0,19,0,0,5,7,5,12.4,0,0,5,5,5,14.6,0,8.9,1.4,3.51,2
1,8,6,12,1,1,1,1,14,4,4,1,0,0,1,0,0,19,0,0,7,8,5,14.0,0,0,7,7,0,0.0,0,13.9,-0.3,0.79,0
1,14,1,10,1,1,1,23,27,10,8,0,0,0,1,0,0,20,0,5,9,15,9,11.666666666666666,0,2,7,8,7,11.714285714285714,0,7.6,2.6,0.32,2
1,1,1,14,1,1,1,1,28,4,10,0,0,1,0,0,1,19,0,0,6,7,5,12.0,0,0,6,9,4,12.5,0,12.4,0.5,1.79,0
1,8,1,14,1,1,1,13,14,6,6,1,0,0,1,0,0,20,0,0,5,7,4,12.2,0,0,5,5,4,11.5,0,7.6,2.6,0.32,2
1,1,1,15,1,1,1,1,1,20,39,0,0,1,1,0,1,18,0,0,6,6,6,14.833333333333334,0,0,6,6,6,14.833333333333334,0,8.9,1.4,3.51,2
1,1,2,12,1,1,1,13,1,5,8,0,0,0,1,0,1,20,0,0,7,9,5,13.188,0,0,8,9,7,12.892857142857142,0,11.1,0.6,2.02,1
1,9,1,12,1,1,1,13,1,5,9,0,0,0,1,0,0,18,0,0,7,8,7,17.125,0,0,8,8,8,17.5875,0,13.9,-0.3,0.79,2
1,1,5,12,1,1,1,22,27,10,10,1,0,0,1,0,0,19,0,0,7,7,6,12.666666666666666,0,0,7,7,6,12.666666666666666,0,7.6,2.6,0.32,2
1,1,6,15,1,1,1,13,1,5,5,1,0,0,1,0,1,19,0,0,6,8,6,12.666666666666666,0,0,6,10,5,12.0,0,12.4,0.5,1.79,2
1,16,1,9,1,1,1,3,1,4,4,1,0,1,0,0,0,22,0,0,5,8,0,0.0,0,0,5,7,0,0.0,0,8.9,1.4,3.51,1
1,1,3,10,1,1,1,1,10,10,11,1,0,0,1,0,1,19,0,0,6,7,6,11.333333333333334,0,0,6,6,6,11.5,0,12.4,0.5,1.79,2
1,1,3,12,1,1,1,13,14,10,8,1,0,0,1,0,1,19,0,0,7,10,7,13.605,0,0,8,11,8,12.33125,0,15.5,2.8,-4.06,2
1,8,5,16,1,1,1,22,28,6,7,1,0,0,1,0,1,19,0,0,6,10,5,12.0,0,0,6,9,5,10.8,0,9.4,-0.8,-3.12,2
1,1,4,11,1,1,1,10,14,10,10,1,0,0,1,0,0,19,0,0,5,10,0,0.0,0,0,5,10,0,0.0,0,7.6,2.6,0.32,0
1,8,1,11,1,1,1,1,27,10,11,1,0,0,1,0,0,20,0,0,6,8,5,11.2,0,0,6,12,3,11.666666666666666,0,7.6,2.6,0.32,0
1,1,1,9,1,1,1,3,14,3,11,0,0,0,1,0,0,18,0,0,5,10,5,13.375,0,0,5,9,5,14.166666666666666,0,13.9,-0.3,0.79,2
1,1,1,12,1,1,1,1,14,10,10,0,0,0,1,0,1,20,0,0,7,8,6,13.863333333333337,0,0,8,9,7,14.178571428571429,0,11.1,0.6,2.02,2
1,1,1,2,1,1,1,3,27,3,9,1,0,0,1,0,0,18,0,0,0,0,0,0.0,0,0,0,0,0,0.0,0,9.4,-0.8,-3.12,1
1,1,1,6,1,1,1,1,28,5,8,0,0,0,1,0,0,19,0,0,5,6,5,12.4,0,0,5,6,5,13.4,0,7.6,2.6,0.32,2
1,8,1,16,1,1,1,23,28,8,7,1,0,0,1,0,0,18,0,0,6,11,3,12.333333333333334,0,0,6,10,5,10.833333333333334,0,9.4,-0.8,-3.12,1
1,1,1,16,1,1,1,22,27,10,10,1,0,0,1,0,0,18,0,0,6,7,6,13.333333333333334,0,0,6,8,5,11.8,0,7.6,2.6,0.32,2
1,14,1,16,1,1,1,3,27,3,6,1,0,0,1,0,0,21,0,0,6,10,3,12.666666666666666,0,0,6,12,3,10.0,0,9.4,-0.8,-3.12,0
1,1,1,16,1,1,1,23,27,7,7,0,0,0,1,0,0,19,0,0,6,8,6,12.0,0,0,6,10,4,11.5,0,7.6,2.6,0.32,0
1,1,1,9,1,1,1,23,28,10,10,0,0,0,1,0,1,18,0,0,5,5,5,10.6,0,0,5,5,5,11.8,0,12.4,0.5,1.79,2
1,8,2,10,1,1,1,1,27,8,10,1,0,0,1,0,1,18,0,0,6,8,6,12.25,0,0,6,7,6,11.857142857142858,0,12.7,3.7,-1.7,2
1,1,3,10,1,1,1,13,1,10,11,1,0,0,1,0,0,20,0,0,6,10,4,11.0,0,0,6,9,6,11.833333333333334,0,9.4,-0.8,-3.12,2
1,12,1,3,0,1,1,1,14,7,9,0,0,0,1,0,1,24,0,0,6,11,5,11.0,0,0,6,9,5,12.6,0,11.1,0.6,2.02,2
1,1,1,14,1,1,1,13,1,5,2,0,0,0,1,0,0,19,0,0,6,6,6,13.166666666666666,0,0,6,9,6,13.0,0,10.8,1.4,1.74,0
1,1,1,12,1,1,1,13,27,10,8,1,0,0,1,0,1,18,0,0,7,9,7,12.855555555555554,0,0,8,12,7,12.761111111111113,0,15.5,2.8,-4.06,2
1,1,2,12,1,1,1,13,14,10,10,1,0,0,1,0,0,18,0,0,7,8,7,14.91875,0,0,8,8,8,15.355,0,15.5,2.8,-4.06,2
1,8,5,16,1,1,1,10,10,5,5,1,0,0,1,0,0,21,0,0,6,13,4,11.5,0,0,6,10,3,11.0,0,10.8,1.4,1.74,0
1,8,2,14,1,1,1,1,14,6,5,0,0,0,1,0,0,19,0,0,5,5,5,14.2,0,0,5,5,5,14.2,0,7.6,2.6,0.32,2
1,8,1,15,1,1,1,13,27,8,8,0,0,0,1,0,1,19,0,0,6,6,6,12.5,0,0,6,7,6,13.0,0,15.5,2.8,-4.06,2
3,12,1,4,1,1,1,1,27,7,7,0,0,1,1,0,0,47,0,0,1,1,0,0.0,0,0,6,0,0,0.0,0,8.9,1.4,3.51,1
1,8,3,10,1,1,1,13,14,8,9,0,0,0,1,0,0,19,0,0,6,10,5,11.666666666666666,0,0,6,12,4,11.0,0,13.9,-0.3,0.79,2
1,12,1,12,1,3,1,2,2,2,2,0,0,0,1,0,0,29,0,1,8,8,7,14.257142857142856,0,1,8,8,7,14.257142857142856,0,12.7,3.7,-1.7,2
1,14,1,10,1,1,1,13,14,5,9,1,0,0,1,0,0,21,0,0,6,13,3,12.0,0,0,6,12,2,11.333333333333334,0,16.2,0.3,-0.92,0
1,12,1,6,1,1,1,22,14,10,8,1,0,0,1,0,0,28,0,0,5,13,4,11.25,1,0,5,11,4,10.5,0,12.7,3.7,-1.7,1
1,8,2,13,1,1,1,22,27,4,11,0,0,0,1,0,0,20,0,0,7,8,7,12.457142857142856,0,0,8,8,8,13.5625,0,15.5,2.8,-4.06,2
1,8,1,12,1,1,1,2,28,5,6,1,0,0,1,0,0,19,0,0,7,7,6,11.683333333333332,0,0,7,7,6,11.683333333333332,0,7.6,2.6,0.32,2
1,13,1,3,0,1,1,13,2,5,7,0,0,0,1,0,0,26,0,0,6,10,3,11.666666666666666,0,0,6,8,5,12.0,0,9.4,-0.8,-3.12,2
1,8,2,11,1,1,1,22,27,10,9,1,0,1,0,0,0,20,0,0,6,8,4,11.75,0,0,6,6,6,13.166666666666666,0,11.1,0.6,2.02,0
1,1,1,14,1,1,1,22,27,10,10,1,0,0,1,0,1,18,0,0,5,6,3,11.666666666666666,0,0,5,6,4,13.5,0,7.6,2.6,0.32,1
1,12,1,16,1,1,1,22,14,10,6,0,0,0,1,0,0,27,0,0,6,9,5,13.2,0,0,6,10,5,12.0,0,7.6,2.6,0.32,2
1,1,2,12,1,1,1,19,24,12,12,1,0,0,1,0,0,20,0,0,7,8,4,11.95,0,0,7,8,4,11.95,0,7.6,2.6,0.32,0
1,1,5,16,1,1,1,22,14,10,6,1,0,0,1,0,0,18,0,0,6,8,5,12.4,0,0,6,12,5,10.4,0,9.4,-0.8,-3.12,0
1,4,1,12,1,3,1,1,1,10,6,0,0,0,1,0,0,33,0,2,7,8,6,14.35,0,3,8,10,6,14.583333333333334,0,16.2,0.3,-0.92,0
1,14,1,16,1,1,1,3,1,4,4,1,0,0,1,0,0,35,0,19,21,21,21,12.61904761904762,0,13,19,19,19,12.789473684210526,0,12.4,0.5,1.79,2
1,15,1,17,0,14,1,22,14,10,9,0,0,0,1,0,1,26,0,2,6,7,6,12.666666666666666,0,2,6,7,6,13.166666666666666,1,9.4,-0.8,-3.12,1
1,12,1,15,1,12,1,13,14,4,5,0,0,1,0,0,0,27,0,0,6,6,5,12.0,0,0,6,6,0,0.0,0,11.1,0.6,2.02,0
1,9,3,5,1,1,1,1,27,6,6,1,0,0,0,0,0,19,0,0,6,6,6,12.166666666666666,0,0,6,6,0,0.0,0,15.5,2.8,-4.06,0
1,8,2,11,1,1,1,1,14,5,7,0,0,0,1,0,0,20,0,0,6,0,0,0.0,0,0,6,0,0,0.0,0,11.1,0.6,2.02,0
1,9,2,9,1,1,1,3,3,6,8,1,0,1,0,0,0,20,0,0,5,9,3,10.0,0,0,5,9,3,10.571428571428571,0,10.8,1.4,1.74,0
1,14,1,10,1,1,1,1,27,6,10,0,0,1,0,0,0,21,0,5,10,18,8,11.5,0,0,6,12,4,10.0,0,9.4,-0.8,-3.12,1
1,8,3,12,1,1,1,23,1,10,5,1,0,0,1,0,1,18,0,0,7,7,6,13.05,0,0,7,7,6,13.05,0,7.6,2.6,0.32,2
1,12,1,6,1,1,1,1,14,10,10,1,0,0,1,0,0,24,0,0,6,10,2,11.0,0,0,6,6,0,0.0,0,8.9,1.4,3.51,0
1,8,4,5,1,1,1,1,3,5,2,1,0,0,1,0,0,20,0,0,6,7,6,11.5,0,0,6,6,6,12.0,0,16.2,0.3,-0.92,2
1,1,1,11,1,1,1,13,28,10,9,0,0,0,1,0,1,21,0,0,6,7,6,12.0,0,0,6,6,6,12.5,0,13.9,-0.3,0.79,2
1,1,1,3,0,1,1,1,27,8,4,0,0,0,1,0,0,23,0,0,6,13,2,10.0,0,0,5,12,1,10.0,0,9.4,-0.8,-3.12,1
1,12,1,9,1,1,1,10,3,5,4,1,0,0,1,0,0,24,0,0,5,5,0,0.0,0,0,5,5,0,0.0,0,7.6,2.6,0.32,0
1,16,1,16,1,1,1,1,1,5,11,0,0,0,1,0,0,21,0,0,6,0,0,0.0,0,0,6,0,0,0.0,0,12.4,0.5,1.79,0
1,1,4,12,1,1,1,23,28,10,9,1,0,0,1,0,0,18,0,0,8,8,7,12.242857142857144,0,0,8,8,7,12.242857142857144,0,12.7,3.7,-1.7,2
1,12,1,17,0,15,1,13,1,4,5,1,0,0,1,0,0,27,0,0,5,0,0,0.0,0,0,5,0,0,0.0,0,8.9,1.4,3.51,0
1,9,6,12,1,1,1,22,27,6,6,1,0,0,1,0,0,18,0,0,8,8,8,12.93375,0,0,8,8,8,12.93375,0,9.4,-0.8,-3.12,2
1,4,1,7,1,3,1,3,2,3,3,0,0,0,1,0,0,35,0,0,5,0,0,0.0,0,0,5,0,0,0.0,0,13.9,-0.3,0.79,0
1,1,1,16,1,1,1,13,14,4,9,0,0,0,1,0,0,18,0,0,7,9,7,12.571428571428571,0,0,7,8,7,14.428571428571429,0,11.1,0.6,2.02,2
1,12,1,12,1,1,1,1,3,28,19,0,0,0,1,0,0,35,0,0,3,4,3,11.816666666666668,0,0,3,3,3,11.333333333333334,0,11.1,0.6,2.02,1
1,1,1,6,1,1,1,1,1,5,8,1,0,0,1,0,0,19,0,0,5,9,4,13.75,0,0,5,13,4,14.333333333333334,2,10.8,1.4,1.74,2
1,1,4,10,1,1,1,13,14,5,1,1,0,0,1,0,0,20,0,0,6,8,6,11.166666666666666,0,0,6,6,6,11.333333333333334,0,7.6,2.6,0.32,2
1,1,4,12,1,1,1,13,14,8,8,1,0,0,1,0,0,18,0,0,8,8,7,12.324285714285711,0,0,8,8,7,12.324285714285711,0,10.8,1.4,1.74,2
1,15,1,10,1,14,1,23,28,6,11,0,0,1,1,0,0,21,0,3,6,6,6,12.166666666666666,0,2,6,7,6,11.714285714285714,0,13.9,-0.3,0.79,2
1,8,2,10,1,1,1,13,27,10,9,0,0,0,1,0,1,18,0,0,6,11,5,11.142857142857142,0,0,6,11,4,11.25,0,16.2,0.3,-0.92,2
1,1,1,10,1,1,1,19,24,1,1,1,0,0,1,0,0,18,0,0,6,9,4,11.0,0,0,6,9,4,10.75,0,7.6,2.6,0.32,2
1,1,2,12,1,1,1,13,28,10,10,1,0,0,1,0,0,18,0,0,8,8,7,12.914285714285713,0,0,8,8,7,12.914285714285713,0,12.7,3.7,-1.7,2
1,1,4,15,1,1,1,3,14,2,5,1,0,0,1,0,1,18,0,0,6,6,6,13.833333333333334,0,0,6,6,6,14.166666666666666,0,16.2,0.3,-0.92,2
1,1,1,6,1,1,1,13,1,9,8,1,0,0,1,0,0,19,0,0,6,8,6,13.857142857142858,0,0,6,9,5,13.4,0,13.9,-0.3,0.79,2
1,12,1,11,1,12,1,3,14,3,4,0,0,0,1,0,1,36,0,0,6,7,6,13.714285714285714,0,0,6,6,5,12.8,0,16.2,0.3,-0.92,0
1,1,2,12,1,1,1,23,1,8,5,1,0,0,1,0,1,18,0,0,8,8,7,12.642857142857142,0,0,8,8,7,12.642857142857142,0,12.7,3.7,-1.7,2
1,1,1,12,1,1,1,22,27,10,10,0,0,0,1,0,1,18,0,0,7,7,6,12.916666666666666,0,0,7,7,6,12.916666666666666,0,7.6,2.6,0.32,2
1,14,1,8,1,1,1,1,3,10,3,1,0,0,1,0,1,20,0,0,6,8,6,15.625,0,0,6,8,6,15.857142857142858,0,13.9,-0.3,0.79,2
1,12,1,17,0,1,1,22,27,10,10,0,0,0,1,0,1,26,0,0,5,7,0,0.0,0,0,5,8,0,0.0,0,16.2,0.3,-0.92,0
1,14,1,15,1,1,1,1,1,5,6,0,0,0,1,0,0,21,0,0,6,8,6,11.714285714285714,0,0,6,7,6,12.0,0,7.6,2.6,0.32,2
1,12,1,13,1,15,1,1,1,5,6,0,0,0,1,0,0,25,0,0,7,10,6,12.125,0,0,8,9,8,13.3125,0,15.5,2.8,-4.06,1
1,9,1,9,1,1,1,13,3,6,6,1,0,0,1,0,1,19,0,0,5,7,5,11.6,0,0,5,5,5,11.6,0,12.4,0.5,1.79,2
1,12,1,3,0,1,1,13,27,9,8,1,0,0,1,0,0,24,0,0,6,11,1,10.0,0,0,6,6,0,0.0,6,9.4,-0.8,-3.12,0
1,12,1,3,0,1,1,1,14,6,5,0,0,0,1,0,1,27,0,0,6,16,1,10.0,0,0,6,13,0,0.0,0,8.9,1.4,3.51,0
1,8,1,6,1,1,1,13,27,2,4,0,0,0,1,0,0,21,0,0,5,10,0,0.0,1,0,5,9,2,13.5,0,7.6,2.6,0.32,0
1,1,1,9,1,1,1,23,28,8,8,0,0,0,1,0,1,18,0,0,5,7,4,13.0,0,0,5,8,3,12.333333333333334,0,9.4,-0.8,-3.12,2
2,1,4,16,1,1,1,22,27,6,8,0,1,0,1,0,1,19,0,0,6,6,6,13.333333333333334,0,0,6,6,6,14.5,0,10.8,1.4,1.74,2
1,1,3,11,1,1,1,1,1,4,4,1,0,0,1,0,0,18,0,0,6,9,4,11.25,0,0,6,13,2,12.5,0,9.4,-0.8,-3.12,0
1,16,1,12,1,1,1,13,1,6,10,0,0,0,1,0,1,19,0,0,7,9,5,13.85,0,0,8,9,7,12.19285714285714,0,11.1,0.6,2.02,2
1,9,1,12,1,1,1,1,28,5,6,1,0,0,1,0,1,19,0,0,7,8,6,13.741666666666667,0,0,8,9,7,14.9125,0,16.2,0.3,-0.92,2
2,4,1,17,0,17,1,25,5,4,4,0,0,0,1,0,0,33,0,2,6,7,6,15.333333333333334,0,0,5,5,5,15.8,0,11.1,0.6,2.02,2
2,4,1,9,1,3,1,1,4,4,11,0,0,0,1,0,0,45,0,0,5,6,5,11.0,0,0,5,5,5,13.8,0,12.4,0.5,1.79,2
1,1,1,10,1,1,1,1,1,10,10,0,0,0,1,0,1,20,0,0,6,6,6,12.0,0,0,6,7,6,12.857142857142858,0,11.1,0.6,2.02,2
1,12,2,14,1,1,1,19,24,1,1,1,0,0,1,0,0,28,0,0,5,5,0,0.0,0,0,5,5,0,0.0,0,7.6,2.6,0.32,0
1,14,1,12,1,1,1,1,1,6,9,1,0,0,1,0,1,19,0,0,8,15,7,11.571428571428571,0,0,8,15,7,11.571428571428571,0,12.7,3.7,-1.7,2
1,1,2,11,1,1,1,1,27,5,6,1,0,0,1,0,0,18,0,0,6,10,6,12.857142857142858,0,0,6,6,3,12.666666666666666,0,12.7,3.7,-1.7,2
1,12,1,11,1,3,1,13,14,5,7,0,0,0,1,0,0,38,0,0,6,0,0,0.0,0,0,6,0,0,0.0,0,15.5,2.8,-4.06,0
1,1,2,14,1,1,1,1,3,5,4,0,0,0,1,0,0,19,0,0,5,5,5,13.0,0,0,5,5,5,13.2,0,9.4,-0.8,-3.12,2
1,1,1,11,1,1,1,1,27,10,10,0,0,0,1,0,1,21,0,0,6,9,5,11.0,0,0,6,8,5,12.0,0,15.5,2.8,-4.06,2
1,1,1,9,1,1,1,22,1,10,11,0,0,0,1,0,0,21,0,0,5,12,3,12.0,0,0,5,12,1,15.0,3,16.2,0.3,-0.92,0
1,1,1,10,1,1,1,23,27,10,10,0,0,0,1,0,1,22,0,0,6,6,5,12.6,0,0,6,6,6,13.0,0,10.8,1.4,1.74,2
1,1,1,16,1,1,1,13,14,6,8,0,0,0,1,0,1,18,0,0,6,8,5,13.4,0,0,6,7,6,13.166666666666666,0,9.4,-0.8,-3.12,2
1,8,2,10,1,1,1,22,27,4,10,0,1,0,1,0,1,18,0,0,6,9,6,11.333333333333334,0,0,6,9,6,11.571428571428571,0,15.5,2.8,-4.06,2
1,1,1,8,1,1,1,13,1,10,10,1,0,0,0,0,0,25,0,0,5,14,4,13.5,2,0,5,10,4,14.25,0,9.4,-0.8,-3.12,0
1,12,1,6,1,12,1,13,14,10,8,0,0,1,0,0,0,24,0,2,6,11,3,11.75,0,1,6,14,3,10.333333333333334,0,16.2,0.3,-0.92,0
1,1,3,12,1,1,1,3,1,5,5,1,0,0,1,0,0,19,0,0,7,10,6,12.471428571428572,0,0,7,8,7,11.4625,0,12.4,0.5,1.79,1
1,7,1,2,1,1,1,3,3,4,4,1,0,0,1,0,0,24,0,11,17,19,11,12.909090909090908,0,9,13,15,9,13.555555555555555,0,12.4,0.5,1.79,1
1,1,2,9,1,1,1,22,14,6,6,1,0,0,1,0,1,20,0,0,5,5,5,11.6,0,0,5,5,5,13.6,0,12.4,0.5,1.79,2
1,12,1,9,1,1,1,22,1,10,2,0,0,0,0,0,0,25,0,0,5,5,0,0.0,0,0,5,9,0,0.0,0,10.8,1.4,1.74,0
1,1,1,9,1,1,1,23,14,10,11,0,0,0,1,0,1,20,0,5,10,13,9,12.9,0,4,10,12,10,12.363636363636363,0,8.9,1.4,3.51,2
1,4,1,12,1,3,1,13,28,6,4,0,0,0,1,0,0,23,0,0,8,8,8,13.22,0,0,8,8,8,13.22,0,9.4,-0.8,-3.12,2
1,8,3,12,1,1,1,13,27,8,7,1,0,0,1,0,1,19,0,0,8,8,7,13.151428571428571,0,0,8,8,7,13.151428571428571,0,10.8,1.4,1.74,2
1,15,1,4,1,14,1,22,27,10,11,0,0,1,0,0,0,29,0,0,6,13,3,12.75,0,0,6,8,3,11.333333333333334,0,13.9,-0.3,0.79,0
1,1,3,11,1,1,1,13,27,5,8,1,0,0,1,0,0,21,0,0,6,8,6,11.333333333333334,0,0,6,8,4,12.25,0,11.1,0.6,2.02,2
1,1,1,14,1,1,1,13,1,10,9,1,0,0,1,0,1,18,0,0,6,10,6,13.25,0,0,6,13,5,14.142857142857142,0,11.1,0.6,2.02,2
1,1,3,5,1,1,1,13,28,10,10,1,0,0,1,0,0,19,0,0,6,7,5,12.4,0,0,6,6,5,12.4,0,9.4,-0.8,-3.12,1
1,1,3,15,1,1,1,23,27,8,8,1,0,0,1,0,1,18,0,0,6,6,6,15.0,0,0,6,6,6,12.833333333333334,0,8.9,1.4,3.51,0
1,1,1,6,1,1,1,7,14,12,7,0,0,0,1,0,0,19,0,0,5,6,5,14.4,0,0,5,6,5,13.0,0,7.6,2.6,0.32,2
1,1,1,15,1,1,1,22,27,10,9,1,0,0,1,0,0,18,0,0,6,12,1,11.0,0,0,6,12,0,0.0,0,9.4,-0.8,-3.12,1
1,8,1,9,1,1,1,1,1,5,5,0,0,0,1,0,0,18,0,0,5,8,5,12.4,0,0,5,6,5,10.8,0,8.9,1.4,3.51,2
2,12,1,13,1,12,1,23,27,8,8,1,0,1,0,0,1,37,0,0,7,13,1,16.0,0,0,7,12,0,0.0,0,8.9,1.4,3.51,0
1,8,1,17,0,15,1,22,27,7,7,0,0,0,1,0,0,29,0,0,5,10,5,13.571428571428571,0,0,5,14,5,12.333333333333334,3,16.2,0.3,-0.92,2
1,8,3,5,1,1,1,22,27,10,10,0,0,0,1,0,0,18,0,0,6,6,6,11.833333333333334,0,0,6,6,6,12.5,0,7.6,2.6,0.32,1
1,1,1,10,1,1,1,1,1,10,9,1,0,0,1,0,1,19,0,0,6,8,5,11.666666666666666,0,0,6,9,5,12.666666666666666,0,12.4,0.5,1.79,2
1,14,1,10,1,1,1,1,1,4,2,1,0,1,0,0,0,22,0,6,10,16,6,11.833333333333334,0,2,7,8,2,13.0,0,16.2,0.3,-0.92,0
1,1,1,11,1,1,1,22,28,10,8,0,0,0,1,0,1,20,0,0,6,8,6,11.166666666666666,0,0,6,10,5,10.6,0,15.5,2.8,-4.06,2
1,12,1,3,0,1,1,22,27,13,13,0,0,0,1,0,0,34,0,0,6,0,0,0.0,0,0,6,0,0,0.0,0,12.7,3.7,-1.7,0
1,14,1,7,1,1,1,22,28,10,10,0,0,1,0,0,0,30,0,8,12,17,8,11.75,0,6,12,19,6,12.166666666666666,2,7.6,2.6,0.32,0
1,1,1,10,1,1,1,1,1,5,5,0,0,0,1,0,0,18,0,0,6,7,6,14.0,0,0,6,7,6,14.0,0,10.8,1.4,1.74,2
1,1,1,10,1,1,1,23,14,10,6,0,0,0,1,0,0,18,0,0,6,6,6,12.833333333333334,0,0,6,6,6,12.0,0,12.4,0.5,1.79,2
1,1,2,15,1,1,1,3,1,2,4,1,0,0,1,0,0,18,0,0,6,11,4,12.25,0,0,6,10,3,11.666666666666666,0,9.4,-0.8,-3.12,2
1,8,4,12,1,1,1,4,1,3,4,1,0,0,1,0,0,18,0,0,8,8,7,14.828571428571427,0,0,8,8,7,14.828571428571427,0,12.7,3.7,-1.7,2
1,1,2,15,1,1,1,23,28,10,10,1,0,0,1,0,1,19,0,0,6,7,5,11.4,0,0,6,8,5,12.8,0,12.7,3.7,-1.7,2
1,1,1,5,1,1,1,22,27,10,10,1,0,0,1,0,1,19,0,0,6,6,6,13.0,0,0,6,8,6,12.5,0,10.8,1.4,1.74,2
1,1,5,12,1,1,1,1,1,10,10,0,0,0,1,0,1,18,0,0,8,8,7,13.671428571428573,0,0,8,8,7,13.671428571428573,0,12.7,3.7,-1.7,2
1,15,1,4,1,14,1,22,28,5,9,0,0,0,1,0,1,21,0,0,6,9,6,12.666666666666666,0,0,6,8,5,12.8,0,13.9,-0.3,0.79,2
1,1,2,9,1,1,1,1,14,10,10,1,0,0,0,0,0,20,0,0,5,10,2,10.0,0,0,5,12,1,13.0,0,7.6,2.6,0.32,0
1,8,1,9,1,1,1,10,14,5,9,1,0,0,1,0,0,20,0,0,5,10,5,13.5,0,0,5,8,5,12.333333333333334,0,13.9,-0.3,0.79,2
1,1,1,12,1,1,1,5,1,3,6,0,0,0,1,0,0,19,0,2,7,8,7,12.67,0,1,8,8,8,13.55,0,11.1,0.6,2.02,2
1,1,1,10,1,1,1,1,28,5,6,0,0,0,1,0,0,20,0,0,6,8,6,14.5,0,0,6,7,6,15.428571428571429,0,16.2,0.3,-0.92,2
1,8,3,12,1,1,1,10,1,5,11,1,0,0,1,0,0,18,0,0,7,7,7,13.685714285714283,0,0,8,8,8,15.3875,0,13.9,-0.3,0.79,2
1,13,1,16,1,1,1,22,28,4,4,0,0,0,1,0,0,20,0,0,6,8,5,11.0,0,0,6,10,3,10.666666666666666,0,12.7,3.7,-1.7,0
2,4,1,8,1,3,1,5,4,3,1,0,0,1,0,0,0,29,0,7,9,16,7,11.555555555555555,4,5,7,12,5,13.2,2,7.6,2.6,0.32,0
1,1,1,12,1,1,1,13,14,6,7,0,0,0,1,0,1,18,0,0,7,7,7,13.79714285714286,0,0,8,8,8,13.775,0,12.4,0.5,1.79,1
1,1,1,12,1,1,1,13,14,6,6,1,0,0,1,0,1,20,0,0,7,8,7,14.00375,0,0,8,11,7,13.812857142857142,0,15.5,2.8,-4.06,2
1,7,2,9,1,1,1,23,27,10,10,1,0,0,1,0,1,22,0,0,5,8,4,12.0,0,0,5,8,4,11.4,2,16.2,0.3,-0.92,2
4,1,1,3,0,1,1,24,14,5,11,1,0,0,1,0,1,47,0,0,6,9,5,14.166666666666666,0,0,6,7,6,14.166666666666666,0,16.2,0.3,-0.92,2
2,16,1,17,0,1,1,22,27,9,5,0,0,0,1,0,0,31,0,1,5,5,5,14.0,0,0,5,5,5,13.8,0,8.9,1.4,3.51,2
1,1,1,5,1,1,1,13,27,8,6,0,0,0,1,0,1,21,0,0,6,7,5,13.8,0,0,6,6,6,12.833333333333334,0,16.2,0.3,-0.92,2
1,1,1,3,0,1,1,23,28,1,1,0,0,0,1,0,0,21,0,0,6,8,5,12.8,0,0,6,10,6,11.857142857142858,0,7.6,2.6,0.32,2
2,12,1,15,1,9,1,1,1,5,5,0,0,0,1,0,0,24,0,0,6,6,6,12.166666666666666,0,0,6,6,6,13.833333333333334,0,7.6,2.6,0.32,2
1,8,1,5,1,1,1,4,27,3,10,0,0,0,1,0,0,18,0,0,6,8,6,12.5,0,0,6,6,6,12.333333333333334,0,15.5,2.8,-4.06,1
1,12,1,3,0,11,1,19,1,12,3,0,0,0,1,0,0,32,0,0,6,9,4,12.0,0,0,6,12,4,11.5,0,7.6,2.6,0.32,2
1,9,2,3,0,1,1,3,1,4,5,1,0,0,1,0,1,19,0,0,6,8,6,10.833333333333334,0,0,6,9,6,11.5,0,10.8,1.4,1.74,2
1,12,1,12,1,1,1,3,3,2,2,1,0,0,1,0,0,24,0,0,8,8,8,13.385,0,0,8,8,8,13.385,0,9.4,-0.8,-3.12,2
1,8,4,6,1,1,1,13,14,5,11,1,0,0,1,0,0,19,0,0,6,14,6,15.666666666666666,0,0,6,9,6,14.5,0,15.5,2.8,-4.06,2
1,15,1,4,1,14,1,13,27,7,7,0,0,1,1,0,1,19,0,0,6,9,6,14.333333333333334,0,0,6,7,6,13.833333333333334,0,13.9,-0.3,0.79,2
1,15,1,4,1,14,1,22,27,10,5,0,0,0,1,0,0,24,0,0,6,10,6,11.428571428571429,0,0,6,12,5,13.0,0,12.4,0.5,1.79,1
1,8,4,10,1,1,1,13,14,29,29,1,0,0,1,0,1,18,0,0,6,9,6,11.666666666666666,0,0,6,8,6,11.666666666666666,0,8.9,1.4,3.51,2
1,1,1,5,1,1,1,23,27,4,7,1,0,0,1,0,1,19,0,0,6,9,5,12.0,0,0,6,10,2,11.333333333333334,0,8.9,1.4,3.51,0
2,1,1,12,1,1,1,3,28,3,5,0,0,0,1,0,1,19,0,0,8,8,7,14.725714285714288,0,0,8,8,7,14.725714285714288,0,10.8,1.4,1.74,2
1,8,2,15,1,1,1,13,28,10,9,1,0,0,1,0,1,18,0,0,6,6,6,14.166666666666666,0,0,6,6,6,13.666666666666666,0,12.4,0.5,1.79,2
1,1,1,10,1,1,1,1,1,4,4,1,0,0,1,0,0,18,0,0,6,10,6,11.571428571428571,0,0,6,8,6,12.333333333333334,0,12.4,0.5,1.79,2
1,8,4,13,1,1,1,1,1,5,11,1,0,0,1,0,0,20,0,0,7,7,7,12.5,0,0,8,8,8,13.1375,0,12.4,0.5,1.79,2
1,1,1,12,1,1,1,13,28,6,8,0,0,0,1,0,0,18,0,0,8,10,8,12.86,2,0,8,10,8,12.86,2,9.4,-0.8,-3.12,2
1,8,4,14,1,1,1,23,28,10,8,1,0,0,1,0,0,18,0,0,6,10,6,12.25,0,0,6,9,6,13.714285714285714,0,11.1,0.6,2.02,2
1,1,2,6,1,1,1,23,27,10,10,1,0,0,1,0,1,21,0,0,5,7,4,12.0,0,0,5,5,5,12.2,0,10.8,1.4,1.74,2
1,1,1,12,1,1,1,13,14,5,10,0,0,0,1,0,1,18,0,0,7,9,7,15.116666666666667,0,0,8,9,8,16.168888888888887,0,15.5,2.8,-4.06,2
1,16,1,14,1,1,1,13,14,6,6,0,0,1,0,0,0,18,0,0,5,6,2,12.5,0,0,5,6,4,10.25,0,9.4,-0.8,-3.12,0
1,8,2,10,1,1,1,1,9,5,4,1,0,0,1,0,0,19,0,0,6,11,0,0.0,0,0,6,0,0,0.0,0,9.4,-0.8,-3.12,0
1,1,1,14,1,1,1,1,14,5,11,1,0,0,1,0,0,19,0,0,6,8,4,11.0,0,0,6,9,4,11.0,0,10.8,1.4,1.74,1
1,8,4,14,1,1,1,1,14,6,6,1,0,0,1,0,0,18,0,0,6,8,6,11.875,0,0,6,11,4,14.6,0,11.1,0.6,2.02,2
1,12,1,8,1,3,1,3,1,12,12,1,0,0,1,0,0,34,0,1,5,6,1,11.0,0,0,5,5,0,0.0,0,12.7,3.7,-1.7,0
1,1,3,6,1,1,1,9,9,12,12,0,0,0,1,0,0,19,0,0,5,5,5,15.2,0,0,5,6,5,13.2,0,7.6,2.6,0.32,2
1,15,1,8,1,14,1,22,27,8,9,1,0,1,0,0,0,19,0,2,6,7,5,11.6,0,1,6,12,2,11.0,0,12.4,0.5,1.79,0
1,16,1,10,1,1,1,3,14,3,2,0,0,1,1,0,0,26,0,0,6,6,6,14.833333333333334,0,0,6,7,6,15.142857142857142,0,11.1,0.6,2.02,2
1,8,1,16,1,1,1,19,24,1,1,1,0,0,1,0,0,21,0,0,6,12,3,11.333333333333334,0,0,6,10,3,11.333333333333334,0,7.6,2.6,0.32,0
1,8,2,9,1,1,1,13,14,5,9,0,0,0,1,0,1,18,0,0,5,5,5,11.2,0,0,5,5,5,11.8,0,11.1,0.6,2.02,2
1,8,4,16,1,1,1,23,28,6,8,1,0,0,1,0,1,20,0,0,6,8,5,13.4,0,0,6,9,5,13.666666666666666,0,9.4,-0.8,-3.12,2
1,16,1,9,1,1,1,1,1,5,5,0,0,0,1,0,0,25,0,0,5,12,2,10.5,0,0,5,5,0,0.0,0,11.1,0.6,2.02,0
1,1,1,9,1,1,1,1,28,5,4,0,0,0,1,0,0,18,0,0,5,5,5,16.2,0,0,5,5,5,16.4,0,11.1,0.6,2.02,2
1,1,1,12,1,1,1,13,14,4,7,1,0,0,1,0,1,18,0,0,7,7,7,14.542857142857144,0,0,8,11,8,14.88181818181818,0,16.2,0.3,-0.92,2
1,1,1,12,1,1,1,26,14,4,6,0,0,0,1,0,0,19,0,0,7,7,7,13.694285714285714,0,0,8,9,8,14.355555555555554,0,11.1,0.6,2.02,2
1,1,1,10,1,1,1,13,28,6,10,0,0,0,1,0,1,18,0,0,6,8,6,11.285714285714286,0,0,6,10,6,11.857142857142858,0,12.4,0.5,1.79,2
1,8,1,12,1,1,1,23,28,8,8,0,0,0,1,0,0,20,0,0,7,11,6,11.757142857142856,0,0,8,12,6,13.083333333333334,0,15.5,2.8,-4.06,1
1,4,1,6,1,15,1,13,14,10,6,0,0,1,0,0,0,26,0,0,3,3,0,0.0,0,0,6,0,0,0.0,0,8.9,1.4,3.51,0
1,13,1,12,1,1,1,22,27,8,10,1,0,0,1,0,1,19,0,0,8,8,7,13.058571428571428,0,0,8,8,7,13.058571428571428,0,10.8,1.4,1.74,2
1,1,1,12,1,1,1,1,1,6,2,0,0,0,1,0,0,19,0,0,7,7,7,14.3,0,0,8,9,8,14.055555555555555,0,16.2,0.3,-0.92,2
1,14,4,9,1,1,1,22,27,10,10,0,0,0,1,0,0,19,0,3,10,15,5,11.8,0,4,10,14,8,12.0,0,7.6,2.6,0.32,2
1,3,3,6,1,1,1,1,14,8,6,1,0,0,1,0,0,19,0,0,5,9,3,10.333333333333334,1,0,5,8,3,13.0,0,7.6,2.6,0.32,1
1,1,1,11,1,1,1,13,14,6,9,1,0,0,1,0,0,18,0,0,6,7,6,10.571428571428571,0,0,6,11,3,11.666666666666666,0,16.2,0.3,-0.92,2
1,14,1,12,1,6,1,1,27,10,10,1,0,0,1,0,0,19,0,0,7,7,6,13.333333333333334,0,0,7,7,6,13.333333333333334,0,7.6,2.6,0.32,2
1,1,1,10,1,1,1,1,1,10,7,0,0,1,1,0,0,18,0,0,6,10,6,11.857142857142858,0,0,6,9,5,11.0,0,13.9,-0.3,0.79,2
1,1,1,16,1,1,1,2,14,5,5,1,0,0,1,0,0,18,0,0,6,9,5,12.6,0,0,6,8,5,11.4,0,9.4,-0.8,-3.12,1
1,1,1,6,1,1,1,13,28,10,6,1,0,0,1,0,0,18,0,0,5,11,5,14.0,3,0,5,7,5,11.6,0,9.4,-0.8,-3.12,1
1,1,1,16,1,1,1,1,28,10,7,1,0,0,1,0,0,18,0,0,7,12,5,12.0,0,0,7,9,6,12.666666666666666,0,11.1,0.6,2.02,1
1,15,1,7,1,14,1,13,27,5,8,0,0,1,1,0,0,26,0,0,5,6,0,0.0,0,0,5,5,0,0.0,0,16.2,0.3,-0.92,0
1,1,1,10,1,1,1,23,28,8,8,1,0,0,1,0,0,20,0,0,6,7,6,12.0,0,0,6,7,6,13.0,0,12.4,0.5,1.79,2
1,1,1,3,0,1,1,22,28,10,11,0,0,0,1,0,0,19,0,0,6,6,6,12.666666666666666,0,0,6,6,6,11.666666666666666,0,12.7,3.7,-1.7,2
1,1,1,10,1,1,1,19,27,5,10,1,0,0,1,0,1,18,0,0,6,6,6,12.166666666666666,0,0,6,9,6,13.666666666666666,0,9.4,-0.8,-3.12,2
1,15,1,10,1,14,1,23,27,8,8,0,0,0,1,0,0,19,0,3,6,6,6,13.333333333333334,0,2,6,6,6,14.666666666666666,0,13.9,-0.3,0.79,2
1,4,1,16,1,15,1,26,3,3,2,0,0,1,1,0,0,40,0,0,7,8,7,15.0,0,0,7,7,7,14.571428571428571,0,12.4,0.5,1.79,2
1,1,4,12,1,1,1,23,28,8,8,1,0,0,1,0,1,18,0,0,8,8,8,13.39125,0,0,8,8,8,13.39125,0,9.4,-0.8,-3.12,2
1,8,1,10,1,1,1,3,1,10,11,0,0,0,1,0,0,19,0,0,6,9,5,12.166666666666666,0,0,6,8,6,12.428571428571429,0,13.9,-0.3,0.79,2
1,8,1,8,1,1,1,2,7,4,6,0,0,0,1,0,0,18,0,0,5,9,4,11.25,0,0,5,6,4,12.5,0,7.6,2.6,0.32,2
1,1,1,6,1,1,1,1,2,4,2,1,0,0,1,0,0,19,0,0,5,13,4,12.0,2,0,5,8,3,12.0,0,9.4,-0.8,-3.12,1
1,1,1,2,1,1,1,3,3,3,3,1,0,0,1,0,0,18,0,0,0,0,0,0.0,0,0,0,0,0,0.0,0,15.5,2.8,-4.06,0
2,12,1,3,0,1,1,22,27,10,10,1,0,0,1,0,0,33,0,0,6,7,6,12.833333333333334,0,0,6,8,6,12.857142857142858,0,12.4,0.5,1.79,2
1,12,1,4,1,3,1,3,3,2,3,0,0,0,1,0,0,35,0,0,6,10,6,14.0,0,0,6,11,6,13.1,0,16.2,0.3,-0.92,2
1,13,1,9,1,1,1,22,28,10,2,1,0,0,1,0,0,26,0,3,5,5,4,13.0,0,1,5,7,2,12.0,0,9.4,-0.8,-3.12,1
1,1,1,15,1,1,1,13,14,8,6,1,0,0,1,0,0,18,0,0,6,7,6,13.5,0,0,6,8,6,12.5,0,9.4,-0.8,-3.12,2
1,14,1,10,1,1,1,22,27,10,10,0,0,0,1,0,0,36,0,10,16,24,13,10.692307692307692,1,9,13,19,9,12.307692307692308,0,15.5,2.8,-4.06,1
4,12,1,17,0,1,1,22,27,7,7,0,0,0,1,0,0,39,0,0,5,6,5,11.0,0,0,5,9,5,11.666666666666666,0,10.8,1.4,1.74,2
2,12,1,10,1,1,1,22,27,10,10,0,0,0,1,0,0,44,0,0,6,8,6,13.0,0,0,6,6,6,13.833333333333334,0,12.7,3.7,-1.7,2
1,1,2,3,0,1,1,3,1,4,10,0,0,0,1,0,0,20,0,0,6,10,5,12.0,0,0,6,9,4,11.25,0,9.4,-0.8,-3.12,1
1,1,1,11,1,1,1,13,14,10,10,1,0,0,1,0,0,24,0,0,6,9,4,12.6,0,0,6,6,4,11.5,0,12.7,3.7,-1.7,0
1,14,1,15,1,1,1,13,14,10,9,0,0,0,1,0,1,20,0,0,6,6,6,13.666666666666666,0,0,6,6,6,13.333333333333334,0,12.4,0.5,1.79,2
1,1,4,2,1,1,1,1,1,10,6,1,0,0,0,0,0,19,0,0,0,0,0,0.0,0,0,0,0,0,0.0,0,9.4,-0.8,-3.12,0
2,1,1,12,1,1,1,22,28,10,8,0,0,1,1,0,1,18,0,0,7,7,6,14.2,0,0,7,7,6,14.2,0,7.6,2.6,0.32,2
1,1,1,11,1,1,1,13,14,5,7,0,0,1,0,0,0,22,0,0,6,10,5,11.0,0,0,6,12,0,0.0,0,10.8,1.4,1.74,0
1,8,1,6,1,1,1,13,1,5,6,1,0,0,1,0,0,18,0,0,6,7,6,15.0,0,0,6,7,6,16.428571428571427,0,11.1,0.6,2.02,2
1,12,1,12,1,12,1,23,27,10,10,0,0,0,1,0,0,24,0,0,7,9,6,12.585714285714284,0,0,8,9,7,13.44285714285714,0,13.9,-0.3,0.79,2
1,12,1,17,0,1,1,22,27,12,9,0,0,0,1,0,0,33,0,0,5,0,0,0.0,0,0,5,0,0,0.0,0,12.7,3.7,-1.7,0
1,12,1,4,1,1,1,22,27,4,9,0,0,1,1,0,1,30,0,0,6,6,0,0.0,0,0,6,6,0,0.0,0,11.1,0.6,2.02,1
1,12,1,6,1,17,1,3,29,3,4,0,0,0,1,0,0,26,0,0,6,0,0,0.0,0,0,6,0,0,0.0,0,8.9,1.4,3.51,0
1,8,4,16,1,1,1,13,28,5,2,1,0,0,1,0,0,18,0,0,6,7,6,11.666666666666666,0,0,6,10,6,11.833333333333334,0,10.8,1.4,1.74,2
1,1,1,15,1,1,1,22,28,10,8,0,0,1,1,0,0,19,0,0,6,13,3,12.666666666666666,0,0,6,12,2,10.0,0,10.8,1.4,1.74,0
1,8,4,9,1,1,1,13,28,10,11,1,0,0,1,0,0,20,0,0,5,10,3,10.333333333333334,0,0,5,9,4,11.0,2,16.2,0.3,-0.92,1
1,17,1,6,1,16,1,13,27,10,9,1,0,0,1,0,1,22,0,7,11,18,8,13.5,0,4,9,16,7,13.714285714285714,0,8.9,1.4,3.51,2
1,1,4,12,1,1,1,1,1,10,2,1,0,0,1,0,0,19,0,0,7,8,5,13.98,0,0,7,8,5,13.98,0,7.6,2.6,0.32,1
1,1,1,6,1,1,1,22,28,8,6,1,0,0,1,0,1,21,0,0,6,13,6,16.153846153846153,0,0,6,10,6,15.75,0,15.5,2.8,-4.06,2
1,1,4,12,1,1,1,13,28,5,9,1,0,0,1,0,1,21,0,0,7,7,6,14.033333333333331,0,0,7,7,6,14.033333333333331,0,7.6,2.6,0.32,2
1,8,1,6,1,1,1,13,27,3,8,0,0,0,1,0,0,19,0,0,5,8,1,11.0,0,0,5,6,5,11.2,0,7.6,2.6,0.32,1
1,1,1,16,1,1,1,23,27,29,46,1,0,0,1,0,1,19,0,0,7,8,7,13.857142857142858,0,0,7,8,6,13.666666666666666,0,8.9,1.4,3.51,2
1,1,6,12,1,1,1,13,14,10,6,1,0,0,1,0,0,18,0,0,8,8,7,13.414285714285716,0,0,8,8,7,13.414285714285716,0,12.7,3.7,-1.7,0
2,14,1,3,0,1,1,22,29,10,5,0,0,0,1,0,0,50,0,7,11,11,11,13.545454545454543,0,3,7,7,7,13.571428571428571,0,16.2,0.3,-0.92,2
4,12,1,17,0,1,1,23,14,10,8,0,0,0,1,0,1,31,0,0,5,11,4,11.25,0,0,5,10,4,10.833333333333334,0,13.9,-0.3,0.79,1
1,8,1,15,1,1,1,1,14,5,8,0,0,0,1,0,1,19,0,0,6,6,6,13.833333333333334,0,0,6,7,6,14.428571428571429,0,15.5,2.8,-4.06,2
4,12,1,17,0,1,1,1,27,20,43,0,0,0,1,0,0,35,0,0,5,8,5,12.0,0,0,5,9,5,12.857142857142858,0,13.9,-0.3,0.79,2
2,12,1,6,1,12,1,23,28,5,8,0,0,0,1,0,0,31,0,0,6,0,0,0.0,0,0,6,0,0,0.0,0,12.7,3.7,-1.7,0
2,16,1,3,0,12,1,22,27,10,10,0,0,1,1,0,0,42,0,5,11,14,10,11.9,0,5,11,14,10,12.8,0,11.1,0.6,2.02,1
1,9,4,9,1,1,1,22,27,10,10,1,0,0,0,0,0,34,0,0,5,5,0,0.0,0,0,5,0,0,0.0,0,9.4,-0.8,-3.12,0
1,1,1,12,1,1,1,1,1,5,5,1,0,0,1,0,1,18,0,0,7,7,7,15.135714285714286,0,0,8,8,8,15.287499999999998,0,12.4,0.5,1.79,2
1,8,1,16,1,1,1,3,3,4,4,1,0,0,0,0,1,18,0,0,7,7,7,12.285714285714286,0,0,7,8,6,13.333333333333334,0,8.9,1.4,3.51,1
1,15,1,6,1,14,1,22,28,6,7,1,0,0,1,0,0,21,0,2,6,16,5,12.666666666666666,0,1,6,15,2,13.5,0,16.2,0.3,-0.92,1
4,12,1,12,1,12,1,23,14,6,8,0,0,0,1,0,1,26,0,0,7,13,5,12.74,0,0,8,12,6,10.978571428571428,0,16.2,0.3,-0.92,0
1,14,1,12,1,1,1,13,27,9,9,0,0,0,1,0,0,20,0,0,7,8,6,13.25,0,0,8,8,8,13.75,0,13.9,-0.3,0.79,1
1,1,1,10,1,1,1,23,28,6,8,0,0,0,1,0,0,19,0,0,6,13,3,10.333333333333334,0,0,6,12,3,10.333333333333334,0,7.6,2.6,0.32,1
1,1,1,16,1,1,1,13,14,6,6,0,0,0,1,0,1,19,0,0,6,7,6,13.428571428571429,0,0,6,6,6,13.166666666666666,0,15.5,2.8,-4.06,2
1,17,1,9,1,16,1,3,4,3,2,0,0,0,1,0,0,20,0,6,11,19,9,12.555555555555555,0,3,9,14,8,11.11111111111111,0,8.9,1.4,3.51,2
1,1,1,10,1,1,1,19,24,1,1,0,0,0,1,0,0,19,0,0,6,8,6,11.5,0,0,6,7,6,11.166666666666666,0,7.6,2.6,0.32,2
1,1,1,16,1,1,1,22,27,10,10,0,0,0,1,0,0,18,0,0,6,6,6,13.666666666666666,0,0,6,9,6,12.333333333333334,0,7.6,2.6,0.32,2
1,12,1,17,0,3,1,22,27,10,10,0,0,0,1,0,0,28,0,10,14,16,11,11.272727272727272,0,6,11,16,10,12.0,0,10.8,1.4,1.74,2
1,8,1,16,1,1,1,1,14,5,6,1,0,0,1,0,0,22,0,0,6,10,5,13.166666666666666,0,0,6,8,5,12.4,0,15.5,2.8,-4.06,1
1,15,1,3,0,14,1,22,27,8,8,0,0,0,1,0,1,21,0,3,6,6,6,14.666666666666666,0,2,6,6,6,14.166666666666666,0,13.9,-0.3,0.79,2
1,15,1,6,1,14,1,4,28,5,6,1,0,0,1,0,0,21,0,0,6,11,4,12.75,0,0,6,19,1,11.0,0,12.4,0.5,1.79,1
1,12,1,12,1,1,1,1,14,6,4,0,1,0,1,0,0,26,0,0,7,11,5,11.2,0,0,8,13,5,12.14,0,16.2,0.3,-0.92,1
1,1,6,15,1,1,1,18,27,8,8,1,0,1,0,0,0,18,0,0,6,8,5,13.0,0,0,6,8,5,11.4,0,7.6,2.6,0.32,0
1,8,2,6,1,1,1,1,1,10,11,0,0,0,0,0,0,20,0,0,5,8,2,10.5,0,0,5,8,2,12.333333333333334,0,7.6,2.6,0.32,0
1,8,2,6,1,1,1,1,14,5,4,0,0,0,1,0,0,18,0,0,6,7,6,14.857142857142858,0,0,6,7,6,14.0,0,11.1,0.6,2.02,2
1,1,4,12,1,1,1,1,1,5,10,1,0,0,1,0,1,19,0,0,8,11,7,12.86,0,0,8,11,7,12.86,0,10.8,1.4,1.74,2
1,16,1,10,1,1,1,3,14,4,11,1,0,0,1,0,0,20,0,5,11,12,11,11.727272727272728,0,5,11,14,11,12.0,0,12.4,0.5,1.79,2
1,15,1,6,1,14,1,23,27,5,7,1,0,0,1,0,1,22,0,3,6,11,6,13.142857142857142,0,2,6,10,3,12.0,0,13.9,-0.3,0.79,2
1,8,1,14,1,1,1,22,14,6,9,1,0,1,1,0,0,18,0,0,6,6,5,11.8,0,0,6,9,4,13.714285714285714,0,10.8,1.4,1.74,0
1,8,1,9,1,1,1,23,27,7,5,1,0,0,1,0,0,19,0,0,5,10,3,10.666666666666666,0,0,5,9,0,0.0,3,16.2,0.3,-0.92,0
1,8,4,5,1,1,1,1,3,4,4,0,0,0,1,0,1,18,0,0,6,9,5,11.6,0,0,6,8,4,11.2,0,8.9,1.4,3.51,1
1,8,1,11,1,1,1,22,27,8,8,1,0,0,1,0,0,20,0,0,6,13,3,10.333333333333334,0,0,6,12,3,10.333333333333334,0,10.8,1.4,1.74,1
1,1,1,15,1,1,1,23,27,10,10,1,1,0,1,0,0,19,0,0,6,11,4,12.25,0,0,6,11,3,11.0,0,7.6,2.6,0.32,1
1,1,1,11,1,1,1,13,28,10,10,0,0,0,1,0,0,19,0,0,6,6,6,12.0,0,0,6,7,4,12.75,0,12.4,0.5,1.79,1
1,8,1,12,1,1,1,22,27,6,6,1,0,0,1,0,0,19,0,0,8,8,7,14.731428571428571,0,0,8,8,7,14.731428571428571,0,10.8,1.4,1.74,2
1,1,1,2,1,1,1,1,14,4,10,1,0,0,1,0,0,18,0,0,0,0,0,0.0,0,0,0,0,0,0.0,0,12.7,3.7,-1.7,2
1,4,1,5,1,15,1,1,14,4,10,1,0,0,1,0,0,21,0,9,13,14,13,13.615384615384617,1,6,12,12,12,14.25,0,13.9,-0.3,0.79,2
1,12,1,17,0,15,1,1,14,10,10,0,0,0,1,0,0,27,0,0,5,5,5,15.8,0,0,5,5,5,14.8,0,8.9,1.4,3.51,2
1,8,1,10,1,1,1,1,14,5,5,0,0,0,1,0,0,19,0,0,6,6,6,14.666666666666666,0,0,6,7,6,14.571428571428571,0,15.5,2.8,-4.06,2
4,12,1,6,1,1,1,19,24,1,1,0,0,0,1,0,0,25,0,0,5,5,0,0.0,0,0,5,5,0,0.0,0,7.6,2.6,0.32,0
1,1,2,12,1,1,1,13,14,8,8,1,0,0,1,0,1,18,0,0,8,8,7,14.654285714285717,0,0,8,8,7,14.654285714285717,0,10.8,1.4,1.74,2
1,12,1,12,1,3,1,13,1,5,9,0,0,0,1,0,0,24,0,0,8,8,7,12.401428571428571,0,0,8,8,7,12.401428571428571,0,10.8,1.4,1.74,2
1,1,3,12,1,1,1,1,1,5,11,1,0,0,1,0,0,20,0,0,7,8,7,11.5875,0,0,8,9,7,14.071428571428571,0,13.9,-0.3,0.79,2
1,4,1,17,0,15,1,22,27,7,7,0,0,0,1,0,0,26,0,3,5,5,5,14.0,0,1,5,5,5,15.6,0,12.4,0.5,1.79,2
1,1,1,10,1,1,1,1,28,10,8,1,0,0,1,0,1,20,0,0,6,9,6,12.333333333333334,0,0,6,6,6,11.833333333333334,0,8.9,1.4,3.51,2
1,1,1,6,1,1,1,22,27,12,12,0,0,0,1,0,0,18,0,0,5,5,5,14.0,0,0,5,6,5,15.4,0,7.6,2.6,0.32,2
1,1,1,6,1,1,1,1,1,10,10,1,0,0,1,0,0,19,0,0,6,13,6,15.23076923076923,0,0,6,10,6,12.375,0,15.5,2.8,-4.06,2
1,1,1,16,1,1,1,13,14,10,10,1,0,0,1,0,0,23,0,0,6,9,5,11.6,0,0,6,9,3,11.0,0,12.7,3.7,-1.7,0
1,1,4,12,1,1,1,22,27,10,10,1,0,0,1,0,1,18,0,0,7,7,6,11.6,0,0,7,7,6,11.6,0,7.6,2.6,0.32,2
1,1,4,12,1,1,1,1,14,5,6,0,0,0,1,0,0,18,0,0,7,0,0,0.0,0,0,8,0,0,0.0,0,12.7,3.7,-1.7,0
1,1,1,12,1,1,1,2,1,3,9,0,0,0,1,0,1,19,0,0,7,7,7,12.901428571428571,0,0,8,9,8,13.094444444444443,0,11.1,0.6,2.02,2
1,13,1,17,0,1,1,1,2,5,4,0,0,0,1,0,0,30,0,4,7,9,7,14.142857142857142,0,1,5,5,5,14.8,0,7.6,2.6,0.32,2
1,15,1,6,1,14,1,1,2,5,7,1,0,0,1,0,0,29,0,0,6,0,0,0.0,0,0,6,0,0,0.0,0,15.5,2.8,-4.06,0
1,1,6,12,1,1,1,3,1,4,4,1,0,0,1,0,0,19,0,0,8,8,8,13.25375,0,0,8,8,8,13.25375,0,9.4,-0.8,-3.12,2
1,8,6,13,1,1,1,13,2,6,4,1,0,0,1,0,0,20,0,0,7,7,7,13.785714285714286,0,0,8,8,8,14.1,0,12.4,0.5,1.79,2
1,1,1,12,1,1,1,22,27,10,4,0,0,0,1,0,0,20,0,0,7,7,6,13.916666666666666,0,0,7,7,6,13.916666666666666,0,7.6,2.6,0.32,2
1,1,4,14,1,1,1,23,28,4,8,1,0,0,1,0,0,19,0,0,6,8,6,13.5,0,0,6,9,6,13.571428571428571,0,11.1,0.6,2.02,2
1,8,1,9,1,1,1,23,2,10,3,1,0,0,1,0,0,20,0,0,5,8,3,11.333333333333334,0,0,5,12,2,10.666666666666666,0,10.8,1.4,1.74,1
3,1,2,6,1,1,1,13,1,5,5,1,0,0,1,0,0,21,0,0,5,8,0,0.0,4,0,5,12,0,0.0,4,10.8,1.4,1.74,0
1,8,1,14,1,1,1,13,28,5,11,0,0,0,1,0,0,19,0,0,6,10,5,11.5,0,0,6,9,4,14.6,0,11.1,0.6,2.02,2
1,1,3,12,1,1,1,22,28,10,10,1,0,0,1,0,1,18,0,0,8,8,7,12.082857142857142,0,0,8,8,7,12.082857142857142,0,10.8,1.4,1.74,2
1,12,1,3,0,1,1,22,27,8,9,0,0,0,1,0,1,27,0,0,6,8,6,11.833333333333334,0,0,6,10,5,12.8,0,15.5,2.8,-4.06,2
1,8,2,9,1,1,1,23,28,7,9,1,0,0,1,0,1,19,0,0,5,6,5,13.4,0,0,5,5,5,12.4,0,12.4,0.5,1.79,2
1,1,1,12,1,1,1,1,1,12,4,0,0,0,1,0,1,19,0,0,7,7,0,0.0,2,0,7,7,0,0.0,2,7.6,2.6,0.32,0
1,1,1,15,1,1,1,1,14,5,9,1,0,0,1,0,0,19,0,0,6,7,5,14.2,0,0,6,7,6,14.571428571428571,0,15.5,2.8,-4.06,2
1,1,6,12,1,1,1,13,14,6,6,1,0,0,1,0,1,18,0,0,8,8,7,13.814285714285717,0,0,8,8,7,13.814285714285717,0,12.7,3.7,-1.7,2
1,8,1,11,1,1,1,13,14,6,6,0,0,0,1,0,1,20,0,0,6,10,4,11.25,0,0,6,6,6,10.5,0,12.4,0.5,1.79,1
1,1,1,14,1,1,1,13,27,5,6,0,0,0,1,0,1,18,0,0,6,6,6,14.5,0,0,6,8,6,13.666666666666666,0,12.7,3.7,-1.7,2
1,1,5,14,1,1,1,7,1,3,5,1,0,0,1,0,0,19,0,0,6,0,0,0.0,0,0,6,0,0,0.0,0,7.6,2.6,0.32,0
2,12,1,12,1,12,1,22,27,10,10,1,0,0,1,0,0,36,0,0,7,7,6,11.3,0,0,7,7,6,11.3,0,7.6,2.6,0.32,2
1,14,1,13,1,1,1,3,4,4,3,0,0,0,1,0,0,18,0,0,2,2,0,0.0,0,0,4,4,1,16.0,0,10.8,1.4,1.74,1
1,14,1,8,1,1,1,13,28,5,6,1,0,1,1,0,0,18,0,0,5,11,1,12.0,0,0,5,9,3,12.0,0,12.7,3.7,-1.7,1
1,8,6,12,1,1,1,13,28,10,4,1,0,0,1,0,0,19,0,0,8,9,7,12.3,0,0,8,9,7,12.3,0,12.7,3.7,-1.7,2
1,1,5,12,1,1,1,13,14,8,9,1,0,0,1,0,1,18,0,0,8,8,7,12.694285714285714,0,0,8,8,7,12.694285714285714,0,10.8,1.4,1.74,2
1,8,1,14,1,1,1,13,14,2,2,0,0,0,1,0,0,18,0,0,5,5,4,11.0,0,0,5,5,4,11.0,0,9.4,-0.8,-3.12,2
1,1,1,10,1,1,1,22,14,10,4,1,0,0,1,0,1,19,0,0,6,6,6,13.0,0,0,6,6,6,14.166666666666666,0,12.4,0.5,1.79,2
1,1,1,12,1,1,1,3,1,3,2,0,0,0,1,0,1,19,0,0,7,8,7,14.4125,0,0,8,8,8,16.05,0,13.9,-0.3,0.79,2
1,1,2,12,1,1,1,1,14,8,8,1,0,0,1,0,0,18,0,0,7,8,7,12.92875,0,0,8,8,8,14.0625,0,15.5,2.8,-4.06,0
1,1,2,15,1,1,1,1,14,10,8,1,0,0,1,0,0,20,0,0,6,6,6,13.333333333333334,0,0,6,10,5,12.8,0,11.1,0.6,2.02,2
1,1,3,11,1,1,1,13,28,4,11,1,0,0,1,0,1,20,0,0,6,8,5,12.8,0,0,6,9,5,12.8,0,12.4,0.5,1.79,1
1,9,1,12,1,1,1,23,27,6,6,1,0,0,1,0,0,20,0,0,8,8,7,14.402857142857142,0,0,8,8,7,14.402857142857142,0,10.8,1.4,1.74,2
1,1,4,12,1,1,1,22,27,10,9,1,0,0,1,0,1,18,0,0,8,8,7,13.381428571428572,0,0,8,8,7,13.381428571428572,0,10.8,1.4,1.74,2
1,1,2,12,1,1,1,13,14,8,6,1,0,0,1,0,0,18,0,0,7,8,7,14.13125,0,0,8,8,8,13.98375,0,15.5,2.8,-4.06,2
1,8,4,6,1,1,1,13,27,5,8,0,0,0,1,0,0,19,0,0,5,11,5,11.714285714285714,2,0,5,6,5,12.6,0,9.4,-0.8,-3.12,2
1,1,3,9,1,1,1,13,28,10,8,1,0,0,1,0,0,19,0,0,5,5,5,11.8,0,0,5,8,4,11.25,0,9.4,-0.8,-3.12,1
2,12,1,3,0,1,1,19,24,13,13,0,0,0,1,0,0,44,0,0,6,9,6,11.166666666666666,0,1,6,15,2,11.0,1,7.6,2.6,0.32,2
1,4,1,4,1,3,1,23,27,6,7,0,0,0,1,0,0,32,0,0,6,7,0,0.0,0,0,6,6,0,0.0,0,12.4,0.5,1.79,0
1,14,1,16,1,1,1,22,14,10,9,0,0,0,1,0,0,22,0,0,6,9,5,13.6,0,0,6,8,5,12.0,0,12.7,3.7,-1.7,0
2,12,1,4,1,1,1,1,14,5,10,1,0,0,1,0,0,36,0,4,12,14,12,13.846153846153848,0,5,12,18,11,14.090909090909092,0,8.9,1.4,3.51,2
1,8,1,15,1,1,1,22,27,6,8,0,0,0,1,0,1,18,0,0,6,7,6,12.5,0,0,6,8,6,13.333333333333334,0,16.2,0.3,-0.92,2
1,1,1,8,1,1,1,3,3,4,3,1,0,0,1,0,0,20,0,0,5,5,5,16.4,0,0,5,5,5,14.6,0,12.7,3.7,-1.7,2
1,16,1,5,1,1,1,13,14,6,8,0,0,0,1,0,1,20,0,5,11,11,11,13.818181818181818,0,5,11,11,11,13.454545454545457,0,11.1,0.6,2.02,2
1,8,1,10,1,1,1,3,1,3,4,0,0,0,1,0,0,19,0,0,6,8,5,10.6,0,0,6,11,4,10.5,0,15.5,2.8,-4.06,2
1,12,1,9,1,12,1,3,1,4,6,1,0,1,1,0,0,24,0,0,5,8,5,10.2,0,0,5,6,5,12.2,0,12.4,0.5,1.79,2
1,8,1,10,1,1,1,1,1,5,10,0,0,0,1,0,0,20,0,0,6,11,5,10.6,0,0,6,11,4,10.4,0,15.5,2.8,-4.06,1
1,14,1,3,0,1,1,3,3,3,4,0,0,0,1,0,0,27,0,7,10,10,9,11.444444444444445,0,4,11,11,5,10.8,0,10.8,1.4,1.74,0
1,1,1,16,1,1,1,1,28,6,11,1,0,0,1,0,0,20,0,0,6,9,5,14.333333333333334,0,4,8,8,8,12.625,0,15.5,2.8,-4.06,1
1,14,6,10,1,1,1,19,24,1,1,0,0,0,1,0,1,23,0,15,16,18,16,13.0,0,11,13,15,13,13.266666666666667,0,9.4,-0.8,-3.12,2
1,1,5,12,1,1,1,13,28,5,9,1,0,0,1,0,1,18,0,0,8,9,8,13.31,1,0,8,9,8,13.31,1,9.4,-0.8,-3.12,2
1,8,1,10,1,1,1,22,27,5,10,1,0,0,1,0,1,18,0,0,6,10,5,10.571428571428571,1,0,6,9,5,12.2,0,12.7,3.7,-1.7,2
1,8,3,12,1,1,1,1,27,10,10,1,0,0,1,0,1,20,0,0,8,8,7,13.487142857142857,0,0,8,8,7,13.487142857142857,0,10.8,1.4,1.74,2
1,1,1,11,1,1,1,13,28,10,8,0,0,0,1,0,1,20,0,0,6,6,6,12.333333333333334,0,0,6,7,6,11.833333333333334,0,13.9,-0.3,0.79,2
1,1,1,14,1,1,1,23,14,8,11,0,0,0,1,0,0,23,0,0,6,11,6,11.875,0,0,6,9,5,12.833333333333334,0,11.1,0.6,2.02,0
1,1,2,12,1,1,1,13,14,10,10,1,0,0,1,0,0,20,0,0,7,7,6,13.966666666666669,0,0,7,7,6,13.966666666666669,0,7.6,2.6,0.32,2
1,12,1,11,1,7,1,19,24,1,1,1,0,0,0,0,0,28,0,0,5,10,0,0.0,0,0,5,10,0,0.0,0,7.6,2.6,0.32,0
1,1,1,14,1,1,1,1,14,4,6,1,0,0,1,0,0,21,0,0,5,8,4,11.5,0,0,5,5,5,12.8,0,7.6,2.6,0.32,2
1,1,2,13,1,1,1,13,14,10,10,1,0,0,1,0,0,21,0,0,2,2,2,12.5,0,0,7,0,0,0.0,0,12.4,0.5,1.79,0
1,4,1,12,1,3,1,19,24,1,1,0,0,0,1,0,0,28,0,0,7,0,0,0.0,0,0,8,0,0,0.0,0,7.6,2.6,0.32,0
1,1,1,12,1,1,1,3,1,4,4,0,1,0,1,0,0,18,0,0,7,10,6,11.98,0,0,8,11,7,13.225,0,16.2,0.3,-0.92,2
1,8,1,10,1,1,1,23,14,29,39,1,0,0,1,0,1,21,0,0,6,8,5,13.2,0,0,6,7,5,11.8,0,8.9,1.4,3.51,1
1,1,1,12,1,1,1,1,1,5,5,0,0,0,1,0,0,19,0,0,7,10,6,11.614285714285714,0,0,8,8,8,14.0375,0,13.9,-0.3,0.79,2
1,9,6,12,1,1,1,1,14,2,2,1,0,0,1,0,1,18,0,0,8,8,7,14.314285714285717,0,0,8,8,7,14.314285714285717,0,12.7,3.7,-1.7,2
1,1,3,12,1,1,1,3,1,3,6,0,0,0,1,0,0,19,0,0,7,0,0,0.0,0,0,8,0,0,0.0,0,7.6,2.6,0.32,0
1,15,1,6,1,14,1,23,28,10,8,0,0,0,1,0,0,20,0,2,6,9,6,12.666666666666666,0,1,6,12,2,13.0,0,13.9,-0.3,0.79,1
1,1,3,12,1,1,1,1,14,10,6,1,0,0,1,0,1,20,0,0,7,9,6,12.766666666666666,0,0,8,10,7,12.128571428571428,0,12.4,0.5,1.79,2
1,8,1,16,1,1,1,1,27,8,10,0,0,0,1,0,1,18,0,0,6,7,6,12.666666666666666,0,0,6,7,5,12.2,0,10.8,1.4,1.74,2
1,14,2,14,1,1,1,23,14,5,4,1,0,0,1,0,0,20,0,4,6,7,6,11.5,0,0,6,10,4,10.571428571428571,0,10.8,1.4,1.74,0
1,12,1,14,1,1,1,1,14,6,5,0,0,0,1,0,0,31,0,2,6,13,5,11.4,0,0,6,14,4,11.75,0,13.9,-0.3,0.79,0
1,8,3,12,1,1,1,22,27,10,8,1,0,0,1,0,1,19,0,0,7,8,7,14.70625,0,0,8,8,8,14.4775,0,15.5,2.8,-4.06,2
1,1,3,12,1,1,1,23,28,6,6,1,0,0,1,0,1,19,0,0,7,9,6,11.814285714285717,0,0,8,8,7,13.542857142857144,0,13.9,-0.3,0.79,2
1,1,1,5,1,1,1,13,1,4,9,0,0,0,1,0,0,23,0,1,6,8,6,13.0,1,0,6,8,6,11.875,0,13.9,-0.3,0.79,2
1,1,1,14,1,1,1,22,27,6,6,0,0,0,1,0,0,19,0,0,6,7,6,14.857142857142858,0,0,6,6,6,13.333333333333334,0,12.4,0.5,1.79,2
1,1,6,12,1,1,1,1,3,4,3,1,0,0,1,0,0,20,0,0,7,7,6,12.6,0,0,7,7,6,12.6,0,7.6,2.6,0.32,2
1,1,1,6,1,1,1,22,27,10,5,1,0,1,1,0,0,22,0,0,6,9,5,13.333333333333334,0,0,6,17,4,11.4,0,12.4,0.5,1.79,1
1,1,1,16,1,1,1,3,1,3,6,1,1,0,1,0,0,18,0,0,7,10,6,10.666666666666666,0,0,7,12,6,12.833333333333334,0,13.9,-0.3,0.79,1
1,4,3,8,1,3,1,13,27,12,6,0,0,1,0,0,0,27,0,1,5,6,2,11.5,0,0,5,5,1,11.0,0,12.7,3.7,-1.7,0
1,12,1,13,1,12,1,22,28,10,10,0,0,0,1,0,0,29,0,0,7,9,1,10.0,0,0,7,0,0,0.0,0,12.7,3.7,-1.7,0
1,8,1,11,1,1,1,1,14,5,4,1,0,0,1,0,0,18,0,0,6,10,5,11.8,0,0,6,10,5,12.2,0,11.1,0.6,2.02,2
1,8,1,5,1,1,1,13,28,10,8,0,0,0,1,0,0,18,0,0,6,7,5,11.8,0,0,6,6,6,12.666666666666666,0,16.2,0.3,-0.92,2
1,8,1,12,1,1,1,23,28,8,8,0,0,0,1,0,0,18,0,0,8,8,8,12.77125,0,0,8,8,8,12.77125,0,9.4,-0.8,-3.12,2
1,8,3,6,1,1,1,22,28,10,10,1,0,0,1,0,0,20,0,0,5,13,3,11.333333333333334,2,0,5,8,5,12.6,0,9.4,-0.8,-3.12,1
1,8,2,11,1,1,1,23,28,10,10,1,0,0,1,0,0,18,0,0,6,6,6,12.666666666666666,0,0,6,7,5,14.6,0,11.1,0.6,2.02,2
1,1,1,5,1,1,1,1,1,5,5,0,0,0,0,0,0,18,0,1,6,10,5,12.2,1,0,6,11,4,10.833333333333334,0,13.9,-0.3,0.79,1
1,4,2,6,1,3,1,3,3,2,2,0,0,0,0,0,0,28,0,0,5,9,1,12.0,1,0,4,10,0,0.0,4,10.8,1.4,1.74,0
1,1,2,12,1,1,1,22,1,8,8,1,0,0,1,0,1,18,0,0,8,12,7,11.721428571428572,0,0,8,12,7,11.721428571428572,0,12.7,3.7,-1.7,2
1,12,1,12,1,12,1,22,28,23,34,0,0,0,1,0,0,27,0,0,7,12,4,14.0,0,0,7,14,3,12.525,0,12.4,0.5,1.79,1
1,12,1,1,1,1,1,3,1,3,5,0,0,0,1,0,0,26,0,0,7,9,7,14.75,0,0,7,12,5,13.8,3,16.2,0.3,-0.92,1
1,1,2,15,1,1,1,13,1,10,4,1,0,0,1,0,0,18,0,0,6,6,6,12.666666666666666,0,0,6,6,6,13.666666666666666,0,12.7,3.7,-1.7,2
1,1,1,8,1,1,1,5,5,3,3,0,0,0,1,0,0,18,0,0,5,12,4,13.0,2,0,5,6,5,14.0,0,9.4,-0.8,-3.12,0
1,1,2,9,1,1,1,1,14,5,7,0,1,0,1,0,0,21,0,0,5,6,0,0.0,0,0,5,5,0,0.0,0,15.5,2.8,-4.06,0
1,1,2,5,1,1,1,4,1,3,4,1,0,0,1,0,0,18,0,0,6,8,4,10.75,0,0,6,9,0,0.0,0,9.4,-0.8,-3.12,1
2,12,1,3,0,1,1,19,24,13,13,0,0,0,0,0,0,32,0,0,5,5,0,0.0,0,0,5,10,0,0.0,0,10.8,1.4,1.74,0
1,12,2,14,1,1,1,19,24,1,1,0,0,0,1,0,0,28,0,0,5,6,4,12.5,0,0,5,7,4,11.75,0,7.6,2.6,0.32,2
1,12,1,17,0,1,1,22,14,10,3,0,0,0,0,0,0,40,0,0,4,4,0,0.0,0,0,5,0,0,0.0,0,12.7,3.7,-1.7,0
2,9,2,3,0,1,1,22,27,10,11,0,0,1,0,0,0,39,0,0,5,5,0,0.0,0,0,4,4,0,0.0,0,9.4,-0.8,-3.12,0
2,9,2,10,1,1,1,22,27,10,11,0,0,1,0,0,0,39,0,0,6,0,0,0.0,0,0,6,0,0,0.0,0,9.4,-0.8,-3.12,0
2,12,1,4,1,1,1,22,14,10,5,0,0,0,1,0,0,50,0,0,6,7,6,12.5,0,0,6,15,5,12.4,0,8.9,1.4,3.51,2
1,8,2,16,1,1,1,1,1,10,5,1,0,0,1,0,0,23,0,0,6,10,5,12.8,0,0,6,9,3,11.666666666666666,0,10.8,1.4,1.74,0
4,12,1,3,0,12,1,19,24,1,1,0,0,0,1,0,0,48,0,0,6,11,1,10.0,0,0,6,11,1,11.0,0,9.4,-0.8,-3.12,0
1,8,2,16,1,1,1,22,27,10,10,1,0,0,1,0,0,23,0,0,6,11,4,11.25,0,0,6,10,5,10.2,0,7.6,2.6,0.32,0
1,1,6,12,1,1,1,22,1,6,6,1,0,0,1,0,1,18,0,0,8,8,7,12.61,0,0,8,8,7,12.61,0,10.8,1.4,1.74,2
1,8,1,8,1,1,1,3,14,3,10,0,0,0,1,0,0,18,0,0,5,14,2,12.0,2,0,5,6,5,12.6,0,9.4,-0.8,-3.12,2
1,6,1,10,1,1,12,3,27,3,9,1,0,0,0,0,0,20,1,0,6,9,5,13.0,0,0,6,7,6,13.5,0,13.9,-0.3,0.79,2
1,9,3,6,1,1,18,1,1,10,10,1,0,0,1,0,1,18,1,0,5,9,4,12.0,0,0,5,8,5,13.0,0,10.8,1.4,1.74,2
1,1,1,13,1,1,18,5,3,2,2,1,0,0,1,0,0,18,1,0,7,8,4,12.0,0,0,8,8,0,0.0,0,16.2,0.3,-0.92,0
1,14,1,7,1,1,1,1,1,10,4,0,0,0,1,1,0,31,0,0,5,12,1,12.0,0,0,5,9,1,11.0,4,16.2,0.3,-0.92,0
1,12,1,7,1,12,1,13,14,6,4,1,0,0,1,1,0,24,0,0,5,9,1,12.0,0,0,5,6,3,10.5,0,10.8,1.4,1.74,1
1,12,1,2,1,1,1,3,1,3,11,1,0,0,1,1,0,24,0,0,0,0,0,0.0,0,0,0,0,0,0.0,0,9.4,-0.8,-3.12,2
1,12,1,9,1,1,1,22,27,10,10,0,0,1,0,1,0,26,0,0,5,5,0,0.0,0,0,5,9,0,0.0,0,10.8,1.4,1.74,0
1,1,1,8,1,1,1,3,3,3,3,1,0,1,1,1,0,18,0,0,6,11,5,13.625,0,0,6,9,4,11.75,0,16.2,0.3,-0.92,0
1,8,1,9,1,1,1,22,27,5,8,0,0,0,1,1,1,19,0,0,5,12,3,11.666666666666666,0,0,5,10,3,11.666666666666666,0,12.7,3.7,-1.7,1
1,8,1,14,1,1,1,13,27,10,9,1,0,0,1,1,0,22,0,0,6,0,0,0.0,0,0,6,0,0,0.0,0,13.9,-0.3,0.79,0
1,1,2,12,1,1,1,4,2,3,4,1,0,0,1,1,0,18,0,0,8,8,7,11.69,0,0,8,8,7,11.69,0,10.8,1.4,1.74,2
1,15,1,5,1,14,1,1,14,5,8,0,0,1,0,1,0,20,0,0,6,11,0,0.0,6,0,6,12,0,0.0,12,16.2,0.3,-0.92,0
1,15,1,2,1,14,1,4,4,3,3,0,0,0,1,1,0,25,0,0,0,0,0,0.0,0,0,0,0,0,0.0,0,15.5,2.8,-4.06,2
1,14,1,17,0,1,1,3,3,5,5,1,0,0,1,1,0,24,0,0,5,10,4,11.5,0,0,5,11,5,11.285714285714286,0,13.9,-0.3,0.79,2
1,12,1,7,1,1,1,3,3,5,5,1,0,0,1,1,0,27,0,0,5,10,1,14.0,0,0,5,0,0,0.0,0,8.9,1.4,3.51,0
1,8,1,11,1,1,1,3,14,5,5,0,0,0,1,1,0,21,0,0,6,7,5,11.0,0,0,6,7,5,12.4,0,15.5,2.8,-4.06,2
1,15,1,4,1,14,1,13,28,4,10,1,0,0,1,1,0,21,0,0,6,7,6,12.857142857142858,0,0,6,6,6,13.166666666666666,0,12.4,0.5,1.79,2
1,9,3,15,1,1,1,13,1,10,10,1,0,0,1,1,0,19,0,0,6,9,4,12.5,0,0,6,6,6,11.333333333333334,0,10.8,1.4,1.74,0
1,12,1,12,1,1,1,13,14,6,6,0,0,0,1,1,0,28,0,0,7,7,7,14.528571428571428,0,0,8,11,8,15.018181818181818,0,16.2,0.3,-0.92,2
1,1,1,9,1,1,1,13,14,6,8,0,0,0,1,1,0,20,0,0,5,8,5,10.0,0,0,5,10,2,12.0,0,7.6,2.6,0.32,1
1,15,1,4,1,14,1,1,14,5,11,0,0,0,1,1,1,21,0,0,6,8,6,13.0,0,0,6,10,6,12.625,0,15.5,2.8,-4.06,2
1,1,1,12,1,1,1,1,1,6,4,0,0,0,1,1,1,18,0,0,7,7,7,15.957142857142856,0,0,8,9,8,15.188888888888888,0,16.2,0.3,-0.92,2
1,8,2,7,1,1,1,13,1,10,11,1,0,0,1,1,1,18,0,0,5,6,5,13.2,0,0,5,8,5,12.6,0,8.9,1.4,3.51,1
1,1,2,9,1,1,1,13,1,6,11,0,0,0,1,1,0,20,0,0,5,9,4,10.2,0,0,5,6,3,11.0,0,15.5,2.8,-4.06,1
1,12,1,7,1,15,1,1,1,6,11,0,0,0,1,1,0,25,0,2,5,6,5,14.2,0,1,5,5,2,13.5,0,16.2,0.3,-0.92,1
1,1,1,14,1,1,1,23,14,6,7,0,0,1,1,1,0,22,0,0,6,8,6,12.625,0,0,6,11,2,14.5,0,11.1,0.6,2.02,1
1,1,1,12,1,1,1,22,27,10,10,0,0,0,1,1,0,18,0,0,8,11,6,13.496666666666668,1,0,8,11,6,13.496666666666668,1,9.4,-0.8,-3.12,1
1,8,2,9,1,1,1,13,28,10,8,1,0,0,1,1,0,19,0,0,5,8,5,13.25,0,0,5,8,5,11.0,0,13.9,-0.3,0.79,2
1,1,5,7,1,1,1,10,14,5,6,1,0,0,1,1,0,19,0,0,5,12,3,12.0,0,0,5,10,3,12.0,0,12.4,0.5,1.79,0
1,12,1,15,1,12,1,13,1,8,10,1,0,1,0,1,0,25,0,0,6,10,4,13.0,0,0,6,9,4,13.75,0,12.7,3.7,-1.7,0
1,14,1,5,1,1,1,10,10,2,11,0,0,1,1,1,0,21,0,5,11,12,9,11.77777777777778,0,3,8,11,3,13.666666666666666,0,15.5,2.8,-4.06,0
1,8,3,7,1,1,1,1,2,4,3,1,0,0,1,1,0,19,0,0,5,10,2,11.0,0,0,6,10,0,0.0,0,11.1,0.6,2.02,0
1,8,2,9,1,1,1,1,1,5,5,0,0,0,1,1,0,20,0,0,5,14,0,0.0,0,0,5,5,0,0.0,0,11.1,0.6,2.02,0
1,15,1,4,1,14,1,3,2,3,3,0,0,0,1,1,0,25,0,9,14,16,14,12.428571428571429,0,3,9,13,6,10.857142857142858,0,15.5,2.8,-4.06,0
1,8,1,9,1,1,1,13,1,8,5,1,0,0,1,1,0,20,0,0,5,8,3,11.0,0,0,5,11,3,12.0,0,10.8,1.4,1.74,1
1,1,1,2,1,1,1,22,27,10,10,1,0,0,1,1,0,18,0,0,0,0,0,0.0,0,0,0,0,0,0.0,0,7.6,2.6,0.32,2
1,15,1,11,1,14,1,24,29,32,44,1,0,1,1,1,0,23,0,0,6,12,3,11.5,0,0,6,12,3,10.666666666666666,0,8.9,1.4,3.51,1
1,13,1,12,1,1,1,1,3,10,11,1,0,0,1,1,0,23,0,0,8,8,8,12.5075,0,0,8,8,8,12.5075,0,9.4,-0.8,-3.12,2
1,17,1,4,1,16,1,3,28,20,30,0,0,0,1,1,0,21,0,7,12,18,11,12.090909090909092,0,5,12,14,11,12.0,0,8.9,1.4,3.51,2
1,1,1,8,1,1,1,1,1,4,4,1,0,0,1,1,0,20,0,0,5,14,2,11.0,3,0,5,9,3,12.666666666666666,0,9.4,-0.8,-3.12,1
1,12,1,17,0,1,1,1,1,5,11,0,0,0,1,1,0,25,0,0,5,13,1,10.0,0,0,5,8,2,11.333333333333334,0,12.4,0.5,1.79,0
1,1,1,8,1,1,1,13,28,10,10,1,0,0,1,1,0,18,0,0,6,6,6,13.5,0,0,6,9,5,13.2,0,8.9,1.4,3.51,2
1,1,6,5,1,6,1,1,1,10,10,1,0,0,1,1,0,22,0,0,6,6,6,14.166666666666666,0,0,6,8,6,13.625,0,10.8,1.4,1.74,2
1,12,1,14,1,1,1,13,14,4,10,0,0,0,1,1,0,27,0,0,6,7,6,14.0,0,0,6,7,6,14.714285714285714,0,8.9,1.4,3.51,2
1,12,1,4,1,12,1,4,1,3,5,0,0,0,1,1,0,25,0,0,3,4,0,0.0,0,0,3,5,0,0.0,0,16.2,0.3,-0.92,0
1,8,4,7,1,1,1,19,26,1,6,1,0,0,1,1,0,18,0,0,5,9,3,11.666666666666666,0,0,5,10,3,11.333333333333334,4,7.6,2.6,0.32,0
1,8,1,6,1,1,1,23,14,9,9,0,0,0,1,1,0,20,0,0,5,7,5,14.6,1,0,5,5,5,14.2,0,12.7,3.7,-1.7,2
1,12,1,4,1,1,1,3,4,3,3,0,0,0,1,1,0,27,0,0,6,10,5,13.0,0,0,6,13,5,11.5,0,16.2,0.3,-0.92,2
1,1,1,3,0,1,1,1,1,10,10,0,0,0,1,1,0,20,0,0,6,7,6,12.166666666666666,0,0,6,9,6,12.0,0,7.6,2.6,0.32,2
1,1,1,9,1,1,1,23,27,10,10,1,0,0,1,1,0,22,0,0,5,9,0,0.0,0,0,5,5,1,12.0,0,7.6,2.6,0.32,0
1,8,6,7,1,1,1,13,3,6,11,1,0,0,1,1,0,19,0,0,5,10,3,10.5,0,0,5,11,3,10.8,0,12.4,0.5,1.79,0
1,1,6,9,1,1,1,3,14,5,6,0,0,0,1,1,0,20,0,0,5,14,3,12.4,0,0,5,8,5,10.833333333333334,0,13.9,-0.3,0.79,1
1,14,4,2,1,1,1,13,10,10,11,0,0,0,1,1,0,19,0,0,0,0,0,0.0,0,0,0,0,0,0.0,0,9.4,-0.8,-3.12,2
2,12,1,6,1,7,1,1,1,5,5,1,0,0,0,1,0,29,0,0,5,12,0,0.0,4,0,5,8,0,0.0,1,9.4,-0.8,-3.12,0
1,1,2,12,1,1,1,3,1,10,10,0,0,0,1,1,0,19,0,0,8,8,7,13.828571428571427,0,0,8,8,7,13.828571428571427,0,12.7,3.7,-1.7,2
1,12,2,17,0,1,1,13,27,10,9,1,0,0,1,0,1,28,0,0,5,7,5,10.6,0,0,5,6,5,10.2,0,9.4,-0.8,-3.12,1
2,1,1,10,1,1,1,22,27,6,6,0,0,0,1,0,0,20,0,0,6,7,6,11.5,0,0,6,6,6,11.666666666666666,0,7.6,2.6,0.32,2
1,1,4,5,1,1,1,22,27,10,9,1,0,0,1,0,0,20,0,0,6,6,4,13.5,0,0,6,8,6,13.625,0,10.8,1.4,1.74,2
1,12,1,3,0,1,1,19,5,1,2,1,0,0,1,0,0,31,0,0,6,12,0,0.0,0,0,6,0,0,0.0,0,7.6,2.6,0.32,0
1,8,5,12,1,1,1,10,1,6,6,1,0,0,1,0,0,18,0,0,7,8,7,12.5375,0,0,8,9,7,12.614285714285714,0,13.9,-0.3,0.79,2
1,8,1,14,1,1,1,1,14,9,8,1,0,0,1,0,0,19,0,0,6,6,6,14.833333333333334,0,0,6,8,6,13.285714285714286,0,8.9,1.4,3.51,1
1,1,1,9,1,1,1,22,28,10,9,1,0,0,1,0,0,18,0,0,5,10,4,12.0,0,0,5,9,4,12.8,0,13.9,-0.3,0.79,2
1,8,1,11,1,1,1,22,27,8,8,0,0,0,1,0,0,19,0,0,6,8,5,11.8,0,0,6,8,5,11.6,0,10.8,1.4,1.74,2
1,1,1,9,1,1,1,1,14,4,4,0,0,0,1,0,1,18,0,0,5,5,5,15.0,0,0,5,5,5,15.2,0,12.7,3.7,-1.7,2
1,8,1,6,1,1,1,23,14,12,12,0,0,0,1,0,0,19,0,0,5,7,3,12.0,0,0,5,7,5,13.2,0,7.6,2.6,0.32,2
1,8,1,15,1,1,1,23,28,10,9,1,0,0,1,0,1,18,0,0,6,6,6,12.833333333333334,0,0,6,7,6,12.285714285714286,0,15.5,2.8,-4.06,2
1,1,3,11,1,1,1,22,27,10,4,1,0,0,1,0,0,19,0,0,6,12,6,11.666666666666666,0,0,6,14,3,12.0,0,7.6,2.6,0.32,2
1,1,4,13,1,1,1,22,1,6,5,0,0,0,1,0,0,19,0,0,7,9,7,12.1625,0,0,8,8,8,13.825,0,13.9,-0.3,0.79,2
1,1,2,14,1,1,1,13,1,10,4,1,0,0,1,0,0,18,0,0,6,6,6,13.833333333333334,0,0,6,11,6,14.555555555555555,0,10.8,1.4,1.74,2
1,1,1,12,1,1,1,3,14,3,9,0,0,0,1,0,0,19,0,0,7,12,4,12.45,0,0,7,11,5,11.7,0,16.2,0.3,-0.92,1
1,15,1,14,1,14,1,22,1,10,5,0,0,0,1,0,1,20,0,2,6,9,6,12.125,0,2,6,7,6,13.571428571428571,0,11.1,0.6,2.02,2
1,8,1,14,1,1,1,1,14,5,9,1,0,0,1,0,0,20,0,0,6,8,5,13.4,0,0,6,10,4,13.0,0,12.7,3.7,-1.7,1
1,8,1,4,1,1,1,22,27,5,7,0,0,1,1,0,0,20,0,0,6,8,6,13.333333333333334,0,0,6,8,5,14.0,0,11.1,0.6,2.02,1
1,12,1,17,0,3,1,22,27,10,10,0,0,0,1,0,0,29,0,10,15,15,11,11.454545454545457,0,9,13,16,11,11.545454545454543,0,10.8,1.4,1.74,0
1,8,1,16,1,1,1,23,10,8,1,0,0,0,0,0,1,20,0,0,6,10,4,12.0,0,0,6,14,3,10.0,0,7.6,2.6,0.32,0
4,12,1,16,1,1,1,22,1,10,11,0,0,1,0,0,0,31,0,0,7,8,6,12.666666666666666,0,0,7,9,5,12.6,0,8.9,1.4,3.51,0
1,8,1,14,1,1,1,13,27,8,5,0,1,0,1,0,0,20,0,0,6,7,6,12.666666666666666,0,0,6,9,6,13.77777777777778,0,10.8,1.4,1.74,2
1,8,1,4,1,1,1,23,27,10,10,1,0,0,1,0,0,21,0,12,18,22,18,11.88888888888889,1,11,13,13,13,11.461538461538462,0,15.5,2.8,-4.06,2
1,4,1,8,1,3,1,13,28,10,10,1,0,0,1,0,0,23,0,0,6,0,0,0.0,0,0,6,0,0,0.0,0,12.4,0.5,1.79,0
1,8,5,5,1,1,1,13,28,6,8,0,0,1,0,0,0,21,0,0,6,6,4,13.0,0,0,6,8,4,11.6,0,10.8,1.4,1.74,0
1,4,1,12,1,15,1,1,1,10,5,0,0,0,1,0,0,24,0,4,7,7,7,16.885714285714283,0,3,8,9,8,15.744444444444444,0,16.2,0.3,-0.92,2
1,12,1,3,0,1,1,1,1,5,5,0,0,0,1,0,0,27,0,0,6,6,6,12.5,0,1,6,6,6,12.333333333333334,0,15.5,2.8,-4.06,2
1,1,1,12,1,1,1,1,27,4,9,0,0,0,1,0,1,18,0,0,7,9,7,13.055555555555555,0,0,8,8,8,15.8125,0,13.9,-0.3,0.79,2
1,1,3,2,1,1,1,7,1,7,7,1,0,0,0,0,0,21,0,0,0,0,0,0.0,0,0,0,0,0,0.0,0,9.4,-0.8,-3.12,0
1,8,1,8,1,1,1,13,3,4,3,1,0,1,1,0,1,19,0,0,5,7,0,0.0,0,0,5,5,0,0.0,0,7.6,2.6,0.32,0
1,1,6,12,1,1,1,23,14,8,8,1,0,0,1,0,1,19,0,0,8,8,7,12.355714285714283,0,0,8,8,7,12.355714285714283,0,10.8,1.4,1.74,2
1,8,1,6,1,1,1,13,28,32,44,0,0,0,1,0,0,18,0,0,6,0,0,0.0,0,0,6,0,0,0.0,0,12.4,0.5,1.79,0
1,14,3,12,1,1,1,23,27,7,6,1,0,0,1,0,1,18,0,0,7,8,5,11.98,0,0,7,8,5,11.98,0,7.6,2.6,0.32,1
1,1,2,16,1,1,1,22,27,29,41,1,0,1,1,0,1,20,0,0,7,7,7,13.857142857142858,0,0,7,8,7,12.571428571428571,0,8.9,1.4,3.51,2
2,1,1,3,0,1,1,1,27,5,8,1,0,0,1,0,0,24,0,0,6,9,5,13.0,0,0,6,6,6,14.166666666666666,0,9.4,-0.8,-3.12,2
1,1,1,5,1,1,1,1,1,2,2,1,0,0,1,0,0,20,0,0,6,6,6,12.833333333333334,0,0,6,10,6,11.166666666666666,0,12.4,0.5,1.79,2
1,8,3,9,1,1,1,1,14,6,8,0,0,0,1,0,0,20,0,0,5,11,4,11.0,0,0,5,7,5,13.2,0,12.4,0.5,1.79,1
1,1,1,12,1,1,1,13,27,10,10,1,0,0,1,0,1,19,0,0,8,8,7,12.357142857142858,0,0,8,8,7,12.357142857142858,0,12.7,3.7,-1.7,2
1,1,6,12,1,1,1,1,27,10,10,1,0,0,1,0,1,18,0,0,8,8,7,13.857142857142858,0,0,8,8,7,13.857142857142858,0,12.7,3.7,-1.7,2
1,8,2,10,1,3,1,22,27,8,9,1,0,0,1,0,1,20,0,0,6,6,6,12.333333333333334,0,0,6,6,6,10.666666666666666,0,9.4,-0.8,-3.12,2
1,8,1,12,1,1,1,22,27,10,9,1,0,0,1,0,0,20,0,0,7,8,7,12.847142857142858,0,0,8,10,8,13.788888888888888,0,16.2,0.3,-0.92,2
1,8,2,12,1,1,1,13,27,5,8,1,0,0,1,0,1,19,0,0,7,9,6,12.339999999999998,0,0,8,9,8,13.01875,0,11.1,0.6,2.02,2
1,15,1,6,1,14,1,3,1,3,4,1,0,0,1,0,0,19,0,0,6,10,5,12.666666666666666,0,0,6,19,4,11.75,0,12.4,0.5,1.79,1
1,1,1,15,1,1,1,3,14,5,6,1,0,0,1,0,0,20,0,0,6,6,6,13.833333333333334,0,0,6,6,6,12.5,0,12.7,3.7,-1.7,2
1,8,2,9,1,1,1,1,28,5,4,1,0,0,1,0,0,19,0,0,5,15,2,10.75,0,0,5,11,2,10.0,0,13.9,-0.3,0.79,0
1,8,5,16,1,1,1,23,28,10,8,1,0,0,1,0,0,19,0,0,6,11,4,13.25,0,0,6,10,4,10.25,0,9.4,-0.8,-3.12,0
1,8,1,12,1,1,1,23,27,8,6,1,0,0,1,0,1,18,0,0,8,8,8,13.73125,0,0,8,8,8,13.73125,0,9.4,-0.8,-3.12,2
1,8,4,5,1,1,1,23,27,10,10,0,0,0,1,0,1,23,0,0,6,6,6,13.333333333333334,0,0,6,8,3,12.666666666666666,0,11.1,0.6,2.02,0
1,1,1,16,1,1,1,13,14,10,9,1,0,0,1,0,0,21,0,0,6,8,5,12.0,0,0,6,9,5,10.8,0,12.7,3.7,-1.7,0
1,15,1,3,0,14,1,22,28,7,7,1,0,0,1,0,0,23,0,5,9,10,9,10.88888888888889,0,3,8,10,6,11.333333333333334,0,11.1,0.6,2.02,2
1,1,3,12,1,1,1,13,27,10,8,1,0,0,1,0,0,19,0,0,7,8,7,13.025,0,0,8,9,8,13.811111111111112,0,13.9,-0.3,0.79,2
1,8,2,15,1,1,1,1,28,6,7,1,0,0,1,0,0,18,0,0,6,6,6,13.0,0,0,6,6,6,14.166666666666666,0,12.4,0.5,1.79,2
1,1,1,15,1,1,1,13,27,10,10,1,1,0,1,0,0,19,0,0,6,10,5,11.8,0,0,6,10,5,12.0,0,10.8,1.4,1.74,2
1,12,1,12,1,1,1,13,27,10,10,0,0,0,1,0,1,25,0,0,8,8,7,12.042857142857144,0,0,8,8,7,12.042857142857144,0,12.7,3.7,-1.7,2
1,1,2,16,1,1,1,1,28,5,10,1,0,0,1,0,0,19,0,0,6,9,5,12.2,0,0,6,10,4,13.0,0,9.4,-0.8,-3.12,1
1,1,1,12,1,1,1,1,14,6,8,0,0,0,1,0,1,19,0,0,7,8,7,12.8375,0,0,8,8,8,15.5,0,13.9,-0.3,0.79,2
1,12,1,13,1,1,1,23,28,29,44,0,0,1,1,0,1,24,0,0,7,13,7,11.0,0,0,8,13,7,11.7,0,12.7,3.7,-1.7,2
1,1,1,14,1,1,1,22,27,10,8,1,0,0,1,0,1,18,0,0,6,7,6,13.5,0,0,6,9,5,14.0,0,8.9,1.4,3.51,2
1,8,5,10,1,1,1,22,27,8,6,1,0,0,1,0,1,19,0,0,6,8,6,12.125,0,0,6,7,6,12.714285714285714,0,16.2,0.3,-0.92,2
1,1,5,12,1,1,1,22,27,10,10,0,0,0,1,0,1,18,0,0,8,12,7,12.62857142857143,0,0,8,12,7,12.62857142857143,0,12.7,3.7,-1.7,2
1,12,1,17,0,1,1,23,1,10,5,0,0,0,1,0,0,27,0,0,5,9,3,10.666666666666666,0,0,5,7,4,11.4,0,10.8,1.4,1.74,1
1,8,3,10,1,1,1,1,1,5,6,0,0,0,1,0,0,19,0,0,6,11,5,11.2,0,0,6,13,5,11.6,0,15.5,2.8,-4.06,2
1,9,1,15,1,1,1,1,1,4,4,0,0,0,1,0,1,18,0,0,6,6,6,12.666666666666666,0,0,6,6,6,11.833333333333334,0,12.7,3.7,-1.7,0
2,12,1,14,1,1,1,22,27,10,1,0,0,1,0,0,0,34,0,0,6,7,4,13.5,0,0,6,6,0,0.0,6,12.7,3.7,-1.7,0
1,1,6,9,1,1,1,22,27,10,10,0,0,0,1,0,0,18,0,0,5,9,3,11.666666666666666,0,0,5,15,2,11.0,0,7.6,2.6,0.32,1
1,1,1,9,1,1,1,22,28,5,10,1,0,0,1,0,0,18,0,0,5,8,2,10.5,0,0,5,7,3,12.333333333333334,0,7.6,2.6,0.32,1
1,1,3,12,1,1,1,22,28,8,8,1,0,0,1,0,0,18,0,0,8,8,8,14.26875,0,0,8,8,8,14.26875,0,9.4,-0.8,-3.12,1
1,1,2,15,1,1,1,23,28,8,8,1,0,1,0,0,0,20,0,0,6,0,0,0.0,0,0,6,0,0,0.0,0,8.9,1.4,3.51,0
1,1,1,9,1,1,1,13,27,10,10,1,0,0,1,0,1,19,0,0,5,8,2,10.5,0,0,5,11,3,13.333333333333334,0,7.6,2.6,0.32,1
1,1,1,10,1,1,1,22,1,4,6,0,0,0,1,0,0,21,0,0,6,11,5,11.2,0,0,6,15,1,10.0,0,7.6,2.6,0.32,1
2,12,1,17,0,3,1,13,14,10,8,0,0,0,1,0,0,26,0,0,5,5,5,12.0,0,0,5,6,5,14.833333333333334,0,10.8,1.4,1.74,2
1,14,2,13,1,1,1,1,14,5,4,0,0,0,1,0,0,27,0,0,7,9,7,12.228571428571428,0,1,8,10,8,13.2125,0,10.8,1.4,1.74,2
1,1,1,14,1,1,1,1,28,6,2,1,0,0,1,0,0,20,0,0,5,6,4,11.5,0,0,5,5,4,10.75,0,9.4,-0.8,-3.12,2
1,8,1,10,1,1,1,13,1,6,1,1,0,0,1,0,0,18,0,0,6,8,6,15.375,0,0,6,7,6,16.428571428571427,0,16.2,0.3,-0.92,2
1,17,1,6,1,16,1,1,1,6,6,1,0,0,0,0,0,23,0,7,12,19,9,13.666666666666666,0,4,9,15,6,13.5,0,8.9,1.4,3.51,1
1,12,1,12,1,12,1,1,5,5,4,0,0,0,1,0,0,24,0,0,8,11,7,12.614285714285714,0,0,8,11,7,12.614285714285714,0,12.7,3.7,-1.7,2
1,15,1,10,1,14,1,23,28,7,10,1,0,0,1,0,1,19,0,3,6,7,5,12.2,0,2,6,6,6,11.5,0,13.9,-0.3,0.79,2
1,1,1,15,1,1,1,13,28,4,6,0,0,0,1,0,0,19,0,0,6,13,4,11.75,0,0,6,10,4,11.0,0,10.8,1.4,1.74,2
1,1,4,10,1,1,1,13,28,10,7,1,0,1,1,0,1,19,0,0,6,9,5,11.4,0,0,6,9,3,10.0,0,8.9,1.4,3.51,1
1,1,1,10,1,1,1,22,14,6,11,0,0,1,1,0,0,18,0,0,6,10,5,10.6,0,0,6,14,2,10.0,0,7.6,2.6,0.32,1
1,16,1,3,0,1,1,1,28,6,8,0,0,0,1,0,0,22,0,14,16,16,13,10.923076923076923,0,13,13,13,11,11.454545454545457,0,16.2,0.3,-0.92,2
1,14,1,5,1,1,1,1,14,6,11,0,0,0,1,0,0,20,0,0,6,6,5,12.4,0,0,6,9,5,12.4,0,12.7,3.7,-1.7,2
1,12,1,4,1,1,1,13,14,10,10,0,0,0,1,0,0,25,0,0,6,6,0,0.0,0,0,6,6,0,0.0,0,11.1,0.6,2.02,0
1,15,1,4,1,14,1,1,3,5,3,0,0,0,1,0,0,21,0,0,6,6,6,15.833333333333334,0,0,6,8,6,15.5,0,15.5,2.8,-4.06,2
1,1,1,12,1,1,1,13,14,32,44,1,0,0,1,0,0,19,0,0,7,12,5,11.8,0,0,7,9,6,11.708333333333334,0,11.1,0.6,2.02,1
1,8,4,15,1,1,1,1,14,5,2,1,0,0,1,0,0,18,0,0,6,7,6,12.571428571428571,0,0,6,6,6,13.666666666666666,0,13.9,-0.3,0.79,2
1,1,3,14,1,1,1,22,27,1,1,1,0,0,1,0,0,18,0,0,5,7,3,12.0,0,0,5,7,4,13.25,1,7.6,2.6,0.32,2
1,8,3,12,1,1,1,3,3,10,8,1,0,0,1,1,0,19,0,0,7,8,7,13.3625,0,0,8,9,8,14.444444444444445,0,13.9,-0.3,0.79,2
1,1,1,6,1,1,5,3,3,7,7,1,0,0,1,0,1,19,1,0,5,6,5,15.4,0,0,5,5,5,16.0,0,10.8,1.4,1.74,2
1,8,2,15,1,1,1,22,28,6,6,1,0,1,0,0,0,18,0,0,6,9,5,12.2,0,0,6,9,4,11.75,0,10.8,1.4,1.74,0
1,16,1,10,1,14,1,23,28,6,8,1,0,0,1,0,1,20,0,6,11,11,11,12.818181818181818,0,6,11,11,11,13.545454545454543,0,12.4,0.5,1.79,2
1,8,5,12,1,1,1,1,14,5,9,1,0,0,1,0,0,19,0,0,7,0,0,0.0,0,0,8,0,0,0.0,0,12.4,0.5,1.79,0
1,13,1,12,1,1,1,13,27,6,8,1,0,0,1,0,0,28,0,12,17,21,17,13.394736842105264,0,11,17,19,17,13.554736842105264,0,16.2,0.3,-0.92,2
1,1,1,10,1,1,1,22,1,10,10,1,0,0,1,0,1,20,0,0,6,8,6,14.25,0,0,6,8,6,11.0,0,12.7,3.7,-1.7,2
1,13,1,3,0,1,1,22,28,12,8,1,0,0,1,0,0,30,0,9,11,19,9,13.444444444444445,1,5,7,7,7,14.714285714285714,0,7.6,2.6,0.32,0
1,1,4,12,1,1,1,1,14,10,8,1,0,0,1,0,1,19,0,0,7,8,7,12.285714285714286,0,0,8,10,8,11.7375,0,12.4,0.5,1.79,2
1,1,2,5,1,1,1,13,14,4,4,1,0,0,1,0,0,22,0,0,6,7,6,11.666666666666666,0,0,6,7,5,13.2,0,12.7,3.7,-1.7,2
1,1,1,11,1,1,1,23,28,6,9,1,0,0,1,0,0,18,0,0,6,8,6,12.166666666666666,0,0,6,6,6,13.5,0,11.1,0.6,2.02,2
1,8,1,16,1,1,1,22,27,10,10,1,0,0,1,0,0,23,0,0,6,11,2,10.0,0,0,6,15,2,11.0,0,7.6,2.6,0.32,0
1,8,4,5,1,1,1,1,14,6,8,1,0,0,1,0,0,18,0,0,6,6,6,14.0,0,0,6,6,6,15.0,0,11.1,0.6,2.02,2
1,1,1,16,1,1,1,22,14,8,8,1,0,0,1,0,0,18,0,0,6,9,5,11.833333333333334,0,0,6,6,4,12.0,0,15.5,2.8,-4.06,1
2,12,1,15,1,12,1,22,27,1,1,0,0,1,0,1,0,50,0,0,6,7,1,15.0,0,0,5,12,0,0.0,0,10.8,1.4,1.74,0
1,1,1,2,1,1,14,3,3,3,6,1,0,0,1,0,1,19,1,0,0,0,0,0.0,0,0,0,0,0,0.0,0,13.9,-0.3,0.79,2
1,8,2,11,1,1,14,13,28,10,10,1,0,0,1,0,0,22,1,0,6,7,6,10.833333333333334,0,0,6,6,6,10.666666666666666,0,13.9,-0.3,0.79,2
1,15,1,10,1,14,14,1,1,5,7,0,0,1,1,0,1,23,1,3,6,7,6,13.142857142857142,0,2,6,6,6,14.0,0,12.4,0.5,1.79,2
1,9,4,6,1,1,1,1,1,5,6,0,0,1,0,0,1,20,0,2,5,8,5,14.4,1,0,5,6,5,14.0,0,12.7,3.7,-1.7,0
4,12,1,10,1,12,1,22,27,10,11,0,0,0,0,0,0,44,0,0,6,0,0,0.0,0,0,6,0,0,0.0,0,13.9,-0.3,0.79,0
4,12,1,4,1,12,1,22,27,10,10,0,0,0,1,1,0,49,0,6,12,17,7,12.0,0,3,12,19,9,11.22222222222222,0,15.5,2.8,-4.06,2
2,14,1,17,0,1,1,22,27,10,10,0,0,0,1,1,0,46,0,6,10,13,9,12.2,0,4,10,12,10,12.8,0,7.6,2.6,0.32,2
1,12,1,6,1,14,1,22,27,2,10,1,0,0,0,1,0,41,0,3,3,3,3,12.333333333333334,0,2,2,2,2,11.0,0,12.4,0.5,1.79,0
1,8,3,12,1,1,1,23,14,10,9,1,0,0,1,1,0,18,0,0,7,8,7,11.8375,0,0,8,9,8,12.48125,0,13.9,-0.3,0.79,2
3,12,1,17,0,1,1,22,1,10,3,0,0,0,1,1,0,43,0,0,5,5,5,11.8,0,0,5,6,5,14.0,0,9.4,-0.8,-3.12,2
4,12,2,9,1,12,1,22,27,10,8,0,0,1,0,1,0,70,0,0,5,5,0,0.0,0,0,5,9,0,0.0,0,10.8,1.4,1.74,0
4,12,1,8,1,12,1,22,28,10,5,0,0,0,1,1,0,48,0,0,6,0,0,0.0,0,0,6,0,0,0.0,0,15.5,2.8,-4.06,0
2,14,1,4,1,1,1,22,27,10,8,0,0,0,1,1,0,41,0,18,19,19,19,12.68421052631579,0,12,13,13,13,12.384615384615383,0,15.5,2.8,-4.06,2
1,1,1,11,1,1,1,13,14,10,4,0,0,0,1,1,0,21,0,0,6,8,6,12.571428571428571,0,0,6,10,4,13.0,0,12.7,3.7,-1.7,1
1,12,1,1,1,1,14,23,27,10,9,0,0,1,0,1,0,35,1,0,7,18,3,11.25,0,0,7,7,0,0.0,0,16.2,0.3,-0.92,0
2,12,1,8,1,12,1,2,1,3,10,1,0,0,1,1,0,44,0,1,5,13,4,14.0,3,1,5,9,4,15.5,2,10.8,1.4,1.74,2
1,1,1,9,1,1,1,3,1,6,6,1,0,1,1,1,0,18,0,0,5,15,4,13.333333333333334,0,0,5,6,2,13.5,0,13.9,-0.3,0.79,0
2,1,1,3,0,1,1,22,27,1,1,1,0,0,1,1,0,45,0,0,6,7,6,13.666666666666666,0,0,6,6,6,13.666666666666666,0,7.6,2.6,0.32,2
1,1,1,11,1,1,1,3,1,3,2,0,0,0,1,1,0,20,0,0,6,12,3,10.0,0,0,6,9,5,10.8,0,15.5,2.8,-4.06,1
1,15,1,4,1,14,1,1,28,10,2,1,0,0,1,1,0,22,0,0,6,12,5,12.6,0,0,6,11,6,11.714285714285714,0,12.4,0.5,1.79,2
1,14,1,7,1,1,1,22,28,6,8,0,0,0,1,1,0,39,0,0,5,10,3,17.333333333333332,0,0,5,11,1,17.0,0,13.9,-0.3,0.79,0
1,15,1,6,1,14,1,2,2,7,7,0,0,0,0,1,0,20,0,2,6,10,5,13.2,0,1,6,21,3,12.0,0,12.4,0.5,1.79,1
2,12,1,9,1,12,1,22,14,10,4,0,0,0,1,1,0,49,0,0,5,9,3,14.0,0,0,5,8,3,13.666666666666666,0,8.9,1.4,3.51,0
1,4,1,13,1,4,1,5,5,3,3,1,0,0,1,1,0,43,0,4,4,4,4,13.875,0,1,1,1,1,12.5,0,11.1,0.6,2.02,0
2,12,1,17,0,1,1,22,27,10,10,1,0,0,1,1,0,32,0,0,5,5,0,0.0,0,0,5,5,0,0.0,0,7.6,2.6,0.32,0
1,12,1,10,1,9,1,22,27,10,10,0,0,0,1,1,0,47,0,3,9,9,9,13.11111111111111,0,3,7,7,7,14.857142857142858,0,10.8,1.4,1.74,2
5,12,1,17,0,1,1,22,27,10,10,0,0,0,1,1,1,37,0,0,5,8,5,13.0,0,0,5,11,4,13.333333333333334,2,16.2,0.3,-0.92,0
2,12,1,3,0,1,1,13,1,5,9,0,0,0,1,1,0,41,0,6,10,10,10,12.5,0,3,7,7,7,12.142857142857142,0,10.8,1.4,1.74,2
2,12,1,4,1,1,1,22,27,10,7,0,0,0,1,1,0,60,0,17,18,18,18,14.11111111111111,0,11,13,13,13,14.23076923076923,0,15.5,2.8,-4.06,2
2,12,1,11,1,1,1,1,14,10,10,0,0,0,1,1,0,47,0,6,11,11,11,14.727272727272728,0,6,9,9,9,15.77777777777778,0,10.8,1.4,1.74,2
1,12,1,3,0,1,1,22,9,10,8,0,0,1,0,1,0,50,0,0,6,6,0,0.0,0,0,5,6,0,0.0,0,12.4,0.5,1.79,0
2,12,1,17,0,12,1,23,28,12,12,1,0,0,1,1,0,45,0,0,5,5,0,0.0,0,0,5,5,0,0.0,0,7.6,2.6,0.32,0
1,12,1,7,1,1,1,22,27,10,9,0,0,1,0,1,0,45,0,0,5,5,0,0.0,0,0,5,5,0,0.0,0,15.5,2.8,-4.06,0
2,12,1,6,1,1,1,22,27,12,12,0,0,0,1,1,0,33,0,0,5,7,4,13.5,0,0,5,6,5,11.6,0,7.6,2.6,0.32,2
1,1,1,12,1,1,1,3,3,3,3,0,0,0,1,1,0,18,0,0,8,8,7,13.105714285714283,0,0,8,8,7,13.105714285714283,0,10.8,1.4,1.74,2
2,12,1,6,1,1,1,22,27,7,7,0,0,0,1,1,0,43,0,0,5,8,5,13.5,2,0,5,5,5,14.4,0,9.4,-0.8,-3.12,2
1,14,1,3,0,1,1,13,27,5,11,0,0,0,1,1,0,44,0,9,13,18,13,11.846153846153848,0,9,11,11,11,12.0,0,12.7,3.7,-1.7,2
1,12,1,8,1,7,1,19,26,1,12,0,0,0,1,1,0,29,0,0,5,5,0,0.0,0,0,5,5,0,0.0,0,7.6,2.6,0.32,0
4,12,1,14,1,1,1,2,1,4,10,0,0,1,0,1,0,53,0,0,6,11,3,14.333333333333334,0,0,6,6,0,0.0,0,12.7,3.7,-1.7,0
2,13,1,17,0,6,1,22,27,10,10,0,0,0,1,1,0,37,0,0,5,10,5,15.8,0,0,5,5,5,17.6,0,9.4,-0.8,-3.12,1
1,14,1,14,1,1,1,23,1,9,11,1,0,0,1,1,0,18,0,0,6,16,5,13.8,0,0,6,7,5,12.4,0,13.9,-0.3,0.79,1
1,14,1,1,1,12,1,23,28,5,5,0,0,1,1,1,0,35,0,3,10,18,6,12.666666666666666,0,1,9,11,3,12.0,2,16.2,0.3,-0.92,0
1,1,1,11,1,1,1,13,1,4,8,0,0,0,1,1,0,23,0,0,6,10,6,13.0,0,0,6,9,6,12.0,0,11.1,0.6,2.02,1
1,1,1,2,1,1,1,13,28,10,6,1,0,0,1,1,0,22,0,0,0,0,0,0.0,0,0,0,0,0,0.0,0,7.6,2.6,0.32,2
1,12,1,3,0,1,1,22,27,12,6,0,0,0,0,1,0,33,0,0,6,6,1,11.0,0,0,6,0,0,0.0,0,10.8,1.4,1.74,0
1,4,3,8,1,3,1,22,18,12,11,0,0,0,0,1,0,41,0,0,5,9,0,0.0,4,0,5,9,0,0.0,3,10.8,1.4,1.74,0
4,4,1,12,1,3,1,22,28,10,8,0,0,0,1,1,0,51,0,4,7,7,7,15.2,0,6,8,8,8,16.575,0,13.9,-0.3,0.79,2
1,16,1,14,1,1,1,10,5,4,4,0,0,0,1,1,0,19,0,2,6,7,6,14.428571428571429,0,1,7,8,7,14.375,0,11.1,0.6,2.02,2
1,12,1,17,0,1,1,22,27,10,10,0,0,0,1,1,0,35,0,0,5,5,0,0.0,0,0,5,5,0,0.0,0,11.1,0.6,2.02,0
1,1,2,2,1,1,14,13,1,5,8,1,0,0,1,1,0,20,1,0,0,0,0,0.0,0,0,0,0,0,0.0,0,7.6,2.6,0.32,2
1,14,1,14,1,1,1,3,2,3,3,1,0,0,1,1,0,18,0,0,6,13,4,13.75,0,0,6,8,5,11.2,0,13.9,-0.3,0.79,1
1,1,1,15,1,1,1,13,27,10,10,0,0,1,0,1,1,18,0,0,6,11,5,12.166666666666666,0,0,6,15,3,12.0,0,13.9,-0.3,0.79,0
1,15,1,4,1,14,1,2,1,5,7,0,0,0,1,1,0,21,0,0,6,12,5,12.142857142857142,0,0,6,11,5,11.666666666666666,0,13.9,-0.3,0.79,2
1,1,1,11,1,1,1,1,14,7,7,1,0,0,1,1,0,21,0,0,6,9,6,12.0,0,0,6,8,5,11.6,0,13.9,-0.3,0.79,2
2,12,2,9,1,1,1,13,27,5,8,0,0,0,1,1,0,34,0,0,5,10,3,11.666666666666666,1,0,5,7,4,12.75,0,9.4,-0.8,-3.12,2
4,12,1,8,1,1,1,22,27,7,8,1,0,0,1,1,0,34,0,0,6,9,0,0.0,0,0,6,6,0,0.0,0,16.2,0.3,-0.92,0
1,8,2,14,1,1,1,3,3,5,11,1,0,0,1,1,0,21,0,0,6,10,6,11.875,0,0,6,8,5,12.0,0,11.1,0.6,2.02,2
1,14,1,15,1,1,1,3,27,4,8,0,0,0,1,1,0,32,0,6,11,15,7,11.285714285714286,0,5,7,10,6,12.333333333333334,0,13.9,-0.3,0.79,1
1,8,2,11,1,1,1,22,27,6,8,1,0,0,1,1,0,30,0,0,6,17,2,10.0,0,0,6,15,3,11.333333333333334,0,7.6,2.6,0.32,0
1,1,1,2,1,1,1,1,3,4,8,1,0,1,1,1,0,19,0,6,12,13,11,12.0,0,4,11,15,10,11.181818181818182,0,8.9,1.4,3.51,1
1,16,1,15,1,1,1,1,14,9,9,1,0,0,1,1,0,20,0,1,7,7,6,13.833333333333334,0,1,6,7,5,13.0,0,8.9,1.4,3.51,0
1,1,1,5,1,1,1,13,14,10,8,1,0,0,1,1,0,18,0,0,6,0,0,0.0,0,0,6,0,0,0.0,0,12.4,0.5,1.79,0
1,1,1,11,1,1,1,3,3,3,3,0,0,0,1,1,0,19,0,0,6,7,6,14.428571428571429,0,0,6,6,6,12.5,0,8.9,1.4,3.51,2
1,8,3,12,1,1,1,3,3,4,4,1,0,0,1,1,0,18,0,0,7,8,5,14.2,0,0,7,9,6,12.4,0,12.4,0.5,1.79,0
1,12,1,17,0,1,1,1,14,5,9,0,0,0,1,1,0,27,0,0,5,8,4,11.5,0,0,5,9,3,10.333333333333334,0,12.7,3.7,-1.7,0
1,12,1,15,1,9,1,1,1,10,10,1,0,0,1,1,0,52,0,0,6,7,5,13.0,0,0,6,6,6,15.0,0,9.4,-0.8,-3.12,2
2,14,1,4,1,1,1,1,1,5,6,1,0,0,0,1,0,29,0,0,6,6,0,0.0,0,0,6,8,0,0.0,0,15.5,2.8,-4.06,0
1,16,1,4,1,14,1,1,14,5,5,1,0,1,0,1,0,22,0,0,6,12,3,11.333333333333334,0,0,6,13,2,11.0,0,8.9,1.4,3.51,0
1,14,1,6,1,1,11,23,28,10,7,1,0,0,1,1,0,28,1,13,18,45,18,12.5,12,10,13,26,12,11.428571428571429,6,15.5,2.8,-4.06,2
1,12,1,14,1,6,1,1,1,12,4,1,0,0,1,1,0,30,0,0,5,5,0,0.0,0,0,5,5,0,0.0,0,7.6,2.6,0.32,0
1,1,2,12,1,1,1,1,1,6,4,1,0,0,1,0,0,18,0,0,7,7,7,13.471428571428572,0,0,8,9,8,13.944444444444445,0,16.2,0.3,-0.92,2
1,1,2,14,1,1,1,23,27,6,6,1,0,0,1,0,0,21,0,0,5,5,4,11.75,0,0,5,5,3,13.333333333333334,0,9.4,-0.8,-3.12,2
1,1,1,5,1,1,1,22,27,10,10,1,0,1,1,0,1,20,0,0,6,9,6,13.333333333333334,0,0,6,10,6,14.666666666666666,0,12.7,3.7,-1.7,2
1,13,1,12,1,1,1,22,27,4,4,1,0,0,1,0,1,21,0,0,8,8,8,13.105,0,0,8,8,8,13.105,0,9.4,-0.8,-3.12,2
2,12,1,17,0,12,1,13,27,8,10,0,0,1,0,0,0,32,0,0,5,5,0,0.0,0,0,5,6,0,0.0,0,10.8,1.4,1.74,0
1,1,3,5,1,1,1,22,27,10,10,1,0,0,1,1,1,20,0,0,6,6,6,15.5,0,0,6,7,6,12.166666666666666,0,12.4,0.5,1.79,2
1,1,4,2,1,1,1,1,14,5,6,1,0,1,0,1,0,19,0,0,0,0,0,0.0,0,0,0,0,0,0.0,0,15.5,2.8,-4.06,0
1,6,1,14,1,1,14,1,1,10,6,0,0,1,0,1,0,18,1,0,6,6,4,11.25,0,0,6,7,3,12.333333333333334,0,8.9,1.4,3.51,0
1,14,1,17,0,1,1,22,2,10,5,1,0,0,0,1,0,23,0,10,15,24,12,11.0,0,10,14,21,11,11.363636363636363,1,7.6,2.6,0.32,0
1,1,1,11,1,1,1,1,1,4,4,1,0,0,1,1,0,20,0,0,6,10,6,12.333333333333334,0,0,6,9,4,13.0,0,12.4,0.5,1.79,2
2,14,2,9,1,1,1,22,27,10,10,1,0,0,1,0,0,46,0,4,9,18,8,11.375,2,0,5,11,5,11.8,0,9.4,-0.8,-3.12,2
1,8,1,4,1,1,1,3,3,3,3,0,0,0,1,1,0,27,0,16,18,19,18,12.22222222222222,0,9,12,15,12,12.384615384615383,0,15.5,2.8,-4.06,2
1,3,1,2,1,1,1,3,14,2,11,1,0,0,1,1,0,20,0,0,0,0,0,0.0,0,0,0,0,0,0.0,0,16.2,0.3,-0.92,1
2,14,3,3,0,12,1,22,27,10,10,1,0,0,1,1,0,41,0,5,9,11,9,12.0,0,3,7,8,6,12.0,0,9.4,-0.8,-3.12,2
1,6,1,9,1,1,8,1,3,30,4,0,0,1,1,1,0,40,1,0,5,10,1,11.0,0,0,5,10,1,10.0,0,11.1,0.6,2.02,1
2,15,1,3,0,14,1,1,1,6,6,0,0,0,1,1,0,37,0,12,16,17,16,14.125,0,6,11,14,10,13.0,0,12.4,0.5,1.79,2
1,1,4,9,1,1,1,23,28,6,11,0,0,0,1,1,0,20,0,0,5,8,5,10.2,0,0,5,7,5,11.2,0,12.4,0.5,1.79,1
1,15,1,8,1,14,1,1,1,5,5,1,0,0,1,0,0,20,0,0,5,7,4,12.0,1,0,5,6,4,12.4,0,10.8,1.4,1.74,1
1,4,1,17,0,15,1,1,27,5,2,0,0,0,1,0,0,26,0,8,9,11,9,12.333333333333334,0,4,7,7,7,12.571428571428571,0,12.4,0.5,1.79,2
2,12,1,3,0,1,1,22,27,10,8,0,0,0,1,1,0,54,0,4,9,9,9,14.333333333333334,0,2,7,7,7,13.857142857142858,0,8.9,1.4,3.51,2
1,8,5,14,1,1,1,13,14,6,6,1,0,0,1,1,0,21,0,0,6,6,6,15.166666666666666,0,0,6,9,6,14.0,0,10.8,1.4,1.74,2
1,1,1,6,1,1,1,1,1,10,10,1,0,0,1,0,1,20,0,0,6,8,6,15.142857142857142,0,0,6,8,6,15.142857142857142,0,11.1,0.6,2.02,2
1,8,6,15,1,1,1,1,14,6,6,1,0,0,1,0,0,18,0,0,6,0,0,0.0,0,0,6,0,0,0.0,0,12.4,0.5,1.79,0
1,1,3,12,1,1,1,1,14,5,10,1,0,0,1,0,0,19,0,0,7,9,6,13.411428571428573,0,0,8,12,7,13.294444444444444,0,15.5,2.8,-4.06,1
1,1,2,10,1,1,1,23,1,5,11,1,0,0,1,0,0,18,0,0,6,7,6,12.333333333333334,0,0,6,7,6,12.166666666666666,0,9.4,-0.8,-3.12,2
1,1,1,6,1,1,1,3,1,3,9,1,0,0,1,0,0,19,0,0,6,13,4,11.8,0,0,6,18,4,12.2,0,12.4,0.5,1.79,1
1,15,1,6,1,14,1,1,1,5,8,1,0,1,1,0,0,22,0,2,6,9,6,12.0,0,1,6,12,3,12.0,0,13.9,-0.3,0.79,0
1,14,1,6,1,1,1,2,1,5,5,0,0,0,1,0,0,19,0,0,6,7,6,15.0,0,0,6,8,6,15.625,0,12.4,0.5,1.79,2
1,1,1,2,1,1,1,3,2,5,3,1,0,0,1,0,0,21,0,6,12,12,8,13.875,0,4,11,13,9,12.7,1,8.9,1.4,3.51,0
1,8,1,16,1,1,1,3,3,18,24,0,0,0,1,0,0,20,0,0,7,9,6,11.833333333333334,0,0,7,7,6,14.333333333333334,0,11.1,0.6,2.02,1
1,8,3,15,1,1,1,1,14,6,6,1,0,0,1,0,1,18,0,0,6,6,6,12.5,0,0,6,6,6,13.833333333333334,0,16.2,0.3,-0.92,2
1,8,1,15,1,1,1,23,28,8,8,1,0,0,1,0,1,18,0,0,6,6,6,15.0,0,0,6,6,6,15.5,0,8.9,1.4,3.51,2
1,8,1,14,1,1,1,1,1,6,5,1,0,1,1,0,0,20,0,0,6,10,2,11.666666666666666,0,0,6,10,4,10.5,0,15.5,2.8,-4.06,0
1,1,1,12,1,1,1,13,27,4,9,0,0,0,1,0,1,18,0,0,7,10,7,14.668,0,0,8,8,8,14.63375,0,15.5,2.8,-4.06,2
1,1,3,12,1,1,1,3,3,2,4,1,0,0,1,0,0,18,0,0,8,9,6,13.345,2,0,8,9,6,13.345,2,9.4,-0.8,-3.12,1
1,1,2,15,1,1,1,1,24,10,10,1,0,0,1,0,1,20,0,0,6,7,5,12.8,0,0,6,6,6,12.333333333333334,0,12.4,0.5,1.79,2
1,1,1,10,1,1,1,1,1,2,2,1,0,0,1,0,0,19,0,0,6,10,6,10.833333333333334,0,0,6,7,6,12.142857142857142,0,11.1,0.6,2.02,2
1,1,1,5,1,1,1,3,3,2,3,1,0,0,1,0,0,18,0,0,6,6,6,13.666666666666666,0,0,6,6,5,14.0,0,12.7,3.7,-1.7,2
1,1,1,12,1,1,1,3,1,5,6,0,0,0,1,0,0,18,0,0,8,8,7,14.537142857142856,0,0,8,8,7,14.537142857142856,0,10.8,1.4,1.74,2
1,3,3,6,1,1,1,22,27,1,12,0,0,1,1,0,1,18,0,0,5,5,5,14.4,0,0,5,5,5,14.0,0,7.6,2.6,0.32,0
1,8,3,2,1,1,1,13,1,6,5,1,0,0,1,0,1,20,0,0,0,0,0,0.0,0,0,0,0,0,0.0,0,12.7,3.7,-1.7,2
1,8,1,15,1,1,1,1,14,10,10,0,0,0,1,0,1,19,0,0,6,6,6,13.166666666666666,0,0,6,6,6,13.833333333333334,0,11.1,0.6,2.02,2
1,12,1,12,1,1,1,3,3,3,3,0,0,0,0,1,0,36,0,0,6,15,2,11.5,0,0,7,9,0,0.0,0,15.5,2.8,-4.06,0
1,8,1,10,1,1,1,1,30,10,3,0,0,0,1,0,1,19,0,0,6,7,6,11.333333333333334,0,0,6,7,6,12.428571428571429,0,11.1,0.6,2.02,2
1,8,3,10,1,1,1,3,1,3,6,1,0,0,1,0,0,18,0,0,6,6,6,12.0,0,0,6,6,5,13.6,0,8.9,1.4,3.51,2
1,1,3,15,1,1,1,13,14,4,4,0,0,0,1,0,1,18,0,0,6,6,6,13.166666666666666,0,0,6,6,6,12.166666666666666,0,12.4,0.5,1.79,2
1,1,3,15,1,1,1,23,28,6,9,1,0,0,1,0,1,18,0,0,6,6,6,14.833333333333334,0,0,6,6,6,14.166666666666666,0,8.9,1.4,3.51,2
1,15,1,5,1,1,1,1,1,10,9,1,0,0,1,0,0,19,0,2,7,7,7,13.0,0,5,9,9,9,13.22222222222222,0,12.4,0.5,1.79,2
1,9,3,12,1,1,1,1,1,5,9,1,0,0,1,0,0,18,0,0,7,8,7,13.087142857142856,0,0,8,8,8,12.95,0,11.1,0.6,2.02,2
1,1,1,8,1,1,1,1,27,10,10,1,0,0,1,0,1,19,0,0,6,8,6,13.333333333333334,0,0,6,7,6,13.666666666666666,0,8.9,1.4,3.51,2
1,1,1,16,1,1,1,3,1,4,8,1,0,0,1,0,0,18,0,0,6,7,6,12.166666666666666,0,0,6,10,4,12.75,0,10.8,1.4,1.74,1
1,17,1,5,1,16,1,25,14,4,6,1,0,0,0,0,1,22,0,0,6,8,6,11.0,0,0,6,10,4,12.0,0,8.9,1.4,3.51,1
1,1,2,10,1,1,1,13,1,10,9,1,0,1,0,0,0,18,0,0,6,0,0,0.0,0,0,6,0,0,0.0,0,11.1,0.6,2.02,0
1,8,4,9,1,1,1,13,14,6,6,1,0,0,1,0,0,19,0,0,5,7,5,13.6,0,0,5,6,5,12.2,0,8.9,1.4,3.51,2
1,1,1,15,1,1,1,23,28,10,10,1,0,0,1,0,0,18,0,0,6,6,6,15.5,0,0,6,6,6,14.0,0,11.1,0.6,2.02,2
1,1,3,16,1,1,1,1,3,6,4,0,0,0,1,0,0,19,0,0,7,7,7,13.857142857142858,0,0,7,7,7,14.285714285714286,0,11.1,0.6,2.02,2
1,8,2,9,1,1,1,13,1,10,4,1,0,1,1,0,0,20,0,0,5,10,2,11.5,0,0,5,8,3,10.0,0,11.1,0.6,2.02,1
1,8,3,5,1,1,1,1,28,4,6,1,0,0,1,0,1,18,0,0,6,6,6,13.0,0,0,6,6,6,12.166666666666666,0,16.2,0.3,-0.92,2
1,1,1,8,1,1,1,3,3,3,11,0,0,1,0,0,0,23,0,0,6,10,6,14.0,0,0,6,11,4,13.0,0,11.1,0.6,2.02,1
1,1,4,15,1,1,1,1,3,5,8,1,0,0,1,0,0,20,0,0,4,4,0,0.0,0,0,6,0,0,0.0,0,8.9,1.4,3.51,0
1,1,5,5,1,1,1,3,1,10,4,1,0,0,1,0,0,20,0,0,6,6,6,11.166666666666666,0,0,6,9,6,11.5,0,12.4,0.5,1.79,1
1,1,1,10,1,1,1,1,1,10,5,1,0,1,0,0,1,22,0,0,6,0,0,0.0,0,0,6,0,0,0.0,0,12.4,0.5,1.79,0
1,8,2,16,1,1,1,13,28,6,8,1,0,0,1,0,1,18,0,0,7,8,7,12.142857142857142,0,0,7,9,6,13.666666666666666,0,11.1,0.6,2.02,2
1,8,1,12,1,1,1,13,28,10,10,0,0,0,1,0,1,18,0,0,7,7,7,14.145714285714286,0,0,8,9,8,13.627777777777778,0,11.1,0.6,2.02,2
1,1,1,12,1,1,1,3,4,4,4,0,0,0,1,0,0,18,0,0,7,7,7,14.45,0,0,8,9,8,14.144444444444444,0,11.1,0.6,2.02,2
1,1,1,16,1,1,1,13,3,5,5,0,0,0,1,0,0,18,0,0,7,7,7,15.714285714285714,0,0,7,7,7,15.0,0,11.1,0.6,2.02,2
1,16,1,9,1,1,1,1,1,5,5,0,0,0,1,0,0,21,0,0,5,9,5,12.8,0,0,5,11,3,12.666666666666666,0,11.1,0.6,2.02,1
1,8,1,5,1,1,1,1,27,5,6,0,0,0,1,0,0,20,0,0,6,6,6,12.5,0,0,6,8,6,11.5,0,10.8,1.4,1.74,1
1,7,1,5,1,1,1,1,1,5,5,1,0,0,1,0,0,18,0,0,6,6,6,14.5,0,0,6,6,6,12.833333333333334,0,12.4,0.5,1.79,2
1,8,2,12,1,1,1,13,27,4,6,1,0,0,0,0,1,20,0,0,7,7,7,13.462857142857144,0,0,8,10,7,13.164285714285716,0,11.1,0.6,2.02,1
1,1,1,3,0,1,1,19,27,10,12,1,0,0,1,0,0,25,0,0,6,6,6,12.833333333333334,0,0,6,6,6,12.833333333333334,0,7.6,2.6,0.32,2
1,1,1,9,1,1,1,13,14,10,10,1,0,0,1,0,1,18,0,0,5,10,5,12.0,0,0,5,8,4,11.6,0,13.9,-0.3,0.79,2
1,1,3,2,1,1,1,10,14,10,4,1,0,0,1,0,0,19,0,0,0,0,0,0.0,0,0,0,0,0,0.0,0,13.9,-0.3,0.79,2
1,1,1,6,1,1,3,1,14,5,8,1,0,0,1,0,0,20,1,0,7,9,6,14.714285714285714,0,1,7,16,6,13.2,0,12.4,0.5,1.79,1
1,1,2,10,1,1,1,13,14,10,10,1,0,0,1,0,1,20,0,0,6,7,6,12.571428571428571,0,0,6,7,6,13.285714285714286,0,12.4,0.5,1.79,2
1,9,4,15,1,1,1,1,1,10,10,1,0,0,1,0,1,21,0,0,6,6,6,12.5,0,0,6,6,6,11.5,0,11.1,0.6,2.02,2
1,8,3,14,1,1,1,1,3,5,4,1,0,0,1,0,0,18,0,0,6,8,6,14.0,0,0,6,9,5,14.0,0,8.9,1.4,3.51,2
1,8,1,16,1,1,1,1,1,6,8,1,0,0,1,0,0,18,0,0,7,8,7,11.571428571428571,0,0,7,9,6,13.166666666666666,0,11.1,0.6,2.02,0
1,1,3,5,1,1,1,1,3,10,8,1,0,0,1,0,1,18,0,0,6,6,6,15.833333333333334,0,0,6,6,6,15.333333333333334,0,11.1,0.6,2.02,2
1,1,4,12,1,1,1,13,14,5,6,1,0,0,1,0,0,18,0,0,8,8,8,14.25,0,0,8,8,8,14.25,0,9.4,-0.8,-3.12,2
1,14,1,14,1,1,1,3,14,4,6,0,0,0,1,0,0,19,0,0,6,0,0,0.0,0,0,6,0,0,0.0,0,15.5,2.8,-4.06,0
1,8,1,11,1,1,1,24,3,4,4,1,0,0,1,0,0,20,0,0,6,8,6,11.666666666666666,0,0,6,10,6,11.0,0,13.9,-0.3,0.79,0
1,12,1,10,1,7,1,19,24,1,1,0,0,0,1,0,0,47,0,0,6,12,0,0.0,0,0,5,10,0,0.0,0,7.6,2.6,0.32,0
1,14,1,8,1,1,3,1,3,10,3,0,0,1,1,0,0,21,1,2,5,9,5,13.2,2,0,5,7,2,12.5,2,10.8,1.4,1.74,1
2,12,1,8,1,1,1,22,27,10,7,0,0,0,1,1,0,31,0,1,6,11,2,12.0,1,1,6,12,1,10.0,1,16.2,0.3,-0.92,0
2,12,1,7,1,1,1,22,27,12,6,1,0,0,1,1,0,46,0,0,5,6,0,0.0,0,0,5,5,0,0.0,0,7.6,2.6,0.32,0
1,1,3,7,1,1,1,3,1,4,5,1,0,0,1,1,0,18,0,0,5,9,4,12.0,0,0,5,10,2,11.0,0,8.9,1.4,3.51,1
1,8,3,7,1,1,1,3,3,4,5,1,1,0,1,1,0,19,0,0,5,10,3,13.333333333333334,0,0,5,9,4,10.75,0,8.9,1.4,3.51,0
1,16,1,13,1,1,1,1,27,24,44,1,0,0,1,1,0,23,0,0,7,11,5,12.414285714285713,0,0,7,13,2,13.5,0,8.9,1.4,3.51,1
1,15,1,8,1,14,1,3,1,3,9,0,0,0,0,1,0,22,0,0,5,5,0,0.0,0,0,5,5,0,0.0,0,12.7,3.7,-1.7,0
1,1,1,9,1,1,1,23,1,4,11,1,0,0,1,1,0,19,0,0,5,5,5,13.8,0,0,5,7,5,12.4,0,9.4,-0.8,-3.12,2
1,1,1,9,1,1,14,3,3,10,10,0,0,1,0,0,0,19,1,0,5,14,0,0.0,0,0,5,5,0,0.0,0,8.9,1.4,3.51,0
1,8,1,9,1,1,1,3,1,4,5,0,0,0,0,1,0,22,0,0,5,10,4,11.5,0,0,5,11,4,14.0,0,8.9,1.4,3.51,1
1,12,1,8,1,1,1,3,24,4,1,0,0,1,0,1,0,29,0,0,5,11,0,0.0,4,0,5,6,0,0.0,1,9.4,-0.8,-3.12,0
1,1,3,12,1,1,1,22,28,10,6,1,0,0,1,0,0,18,0,0,7,7,6,14.016666666666666,0,0,7,7,6,14.016666666666666,0,7.6,2.6,0.32,2
1,1,1,10,1,1,1,23,24,10,10,1,0,0,1,0,0,18,0,0,6,9,5,11.4,0,0,6,8,5,10.8,0,9.4,-0.8,-3.12,2
1,1,1,2,1,1,1,22,27,10,9,1,0,1,0,0,1,23,0,0,0,0,0,0.0,0,0,0,0,0,0.0,0,9.4,-0.8,-3.12,0
2,12,1,17,0,1,1,1,1,32,23,0,0,0,1,0,0,34,0,0,5,12,5,10.4,0,0,5,11,5,12.0,0,12.4,0.5,1.79,2
1,8,1,9,1,1,1,13,14,10,10,0,0,0,1,0,0,19,0,0,5,11,3,10.666666666666666,0,0,5,9,4,10.25,0,11.1,0.6,2.02,2
1,1,1,6,1,1,1,1,1,3,6,1,0,0,1,0,0,18,0,0,5,9,4,14.25,0,0,5,8,5,12.714285714285714,0,10.8,1.4,1.74,1
1,8,6,12,1,1,1,1,14,5,5,0,0,0,1,0,1,20,0,3,7,7,7,13.914285714285713,0,5,8,8,8,14.10625,0,11.1,0.6,2.02,2
1,1,6,12,1,1,1,3,3,2,2,1,0,0,1,0,0,19,0,0,7,9,7,13.761111111111113,0,0,8,11,7,12.82375,0,15.5,2.8,-4.06,2
1,3,2,16,1,1,1,13,14,5,6,1,0,0,1,0,0,22,0,0,6,10,5,12.6,0,0,6,9,4,11.25,0,12.7,3.7,-1.7,1
1,1,1,10,1,1,1,13,14,10,10,1,0,0,1,0,1,23,0,0,6,7,6,13.857142857142858,0,0,6,6,6,14.166666666666666,0,10.8,1.4,1.74,2
2,12,1,12,1,1,1,1,14,10,10,0,0,0,1,1,1,34,0,0,8,8,7,13.842857142857143,0,0,8,8,7,13.842857142857143,0,12.7,3.7,-1.7,2
1,8,4,7,1,1,1,13,14,6,6,1,0,1,0,1,0,18,0,0,5,12,0,0.0,0,0,5,8,0,0.0,0,9.4,-0.8,-3.12,1
1,1,3,15,1,1,1,1,29,5,2,1,1,0,1,1,0,21,0,0,6,6,5,11.8,0,0,6,9,0,0.0,0,16.2,0.3,-0.92,0
1,1,1,10,1,1,1,1,14,5,4,1,0,0,1,1,0,22,0,0,6,6,6,12.666666666666666,0,0,6,6,6,13.833333333333334,0,10.8,1.4,1.74,0
1,12,1,4,1,9,1,22,1,10,11,0,0,0,1,1,0,28,0,0,6,6,0,0.0,0,0,6,6,0,0.0,0,11.1,0.6,2.02,0
1,3,4,7,1,1,1,13,27,5,7,1,0,0,1,1,0,23,0,0,5,7,0,0.0,0,0,5,5,0,0.0,0,7.6,2.6,0.32,0
1,1,1,15,1,1,1,19,28,1,4,0,0,0,1,1,0,20,0,0,6,11,4,10.75,0,0,6,13,2,10.0,0,7.6,2.6,0.32,0
1,9,2,7,1,1,1,1,2,6,5,1,0,0,1,1,0,18,0,0,5,7,5,12.6,0,0,5,9,3,13.25,0,13.9,-0.3,0.79,0
1,12,2,9,1,9,1,13,28,10,10,1,0,1,0,1,0,28,0,0,5,5,0,0.0,0,0,5,5,0,0.0,0,9.4,-0.8,-3.12,0
1,15,1,5,1,14,1,1,14,6,9,0,0,0,1,1,0,21,0,2,7,7,2,12.0,0,5,9,10,7,12.142857142857142,0,12.4,0.5,1.79,0
1,12,1,14,1,1,1,23,14,10,9,0,0,1,0,1,0,25,0,0,6,7,3,14.0,0,0,6,9,2,14.5,0,13.9,-0.3,0.79,0
1,15,1,6,1,14,1,1,1,6,5,1,1,0,0,1,0,19,0,2,6,6,6,14.0,0,1,6,11,6,13.5,0,12.4,0.5,1.79,0
1,1,4,12,1,1,1,1,1,5,11,1,0,0,1,1,1,18,0,0,7,7,7,14.682857142857143,0,0,8,9,8,15.055555555555555,0,12.4,0.5,1.79,2
1,12,1,7,1,3,1,1,28,12,12,0,0,0,1,1,0,29,0,0,3,3,0,0.0,3,0,5,0,0,0.0,0,10.8,1.4,1.74,0
1,12,1,7,1,12,1,22,28,4,8,0,0,0,1,1,1,29,0,0,5,6,0,0.0,0,0,5,7,0,0.0,0,12.4,0.5,1.79,0
1,9,1,11,1,1,1,13,14,5,6,0,0,0,1,1,0,20,0,0,6,7,6,13.857142857142858,0,0,6,7,5,12.8,0,16.2,0.3,-0.92,2
1,1,1,2,1,1,1,13,1,10,8,0,0,0,1,1,0,18,0,0,0,0,0,0.0,0,0,0,0,0,0.0,0,9.4,-0.8,-3.12,2
1,1,1,11,1,1,1,1,1,29,44,0,0,0,1,1,0,20,0,0,6,8,6,13.142857142857142,0,0,6,7,6,12.5,0,8.9,1.4,3.51,2
2,12,1,7,1,1,1,19,24,1,1,1,0,0,1,1,0,33,0,0,5,14,1,18.0,0,0,5,9,2,13.0,0,9.4,-0.8,-3.12,0
1,13,1,17,0,1,1,13,14,6,6,0,0,0,1,1,0,30,0,11,15,15,13,11.461538461538462,0,6,11,15,10,11.583333333333334,1,16.2,0.3,-0.92,2
1,1,1,13,1,1,1,1,1,2,2,0,0,0,1,1,1,21,0,0,7,14,5,11.2,0,0,8,11,6,11.583333333333334,0,16.2,0.3,-0.92,1
1,1,1,4,1,1,1,1,14,32,45,0,0,1,1,1,0,18,0,0,6,6,5,15.0,0,0,6,8,4,14.5,0,8.9,1.4,3.51,2
1,1,1,12,1,1,1,23,28,10,10,0,0,0,1,1,1,19,0,0,7,9,7,14.244444444444444,0,0,8,12,8,12.233333333333333,0,15.5,2.8,-4.06,2
1,8,1,5,1,1,1,23,14,10,10,0,0,0,1,1,1,21,0,0,6,8,4,11.5,0,0,6,7,5,11.0,0,15.5,2.8,-4.06,0
1,12,2,13,1,1,1,13,14,5,6,0,0,0,1,1,1,25,0,0,7,7,2,10.0,0,0,7,7,0,0.0,0,15.5,2.8,-4.06,0
1,1,2,14,1,1,1,13,14,8,11,0,0,0,1,1,0,19,0,0,5,7,3,12.333333333333334,0,0,5,5,5,11.6,0,9.4,-0.8,-3.12,2
1,15,1,5,1,14,1,13,1,10,4,1,0,0,1,1,0,23,0,2,7,8,5,12.2,0,5,9,10,7,12.142857142857142,1,16.2,0.3,-0.92,0
1,8,2,5,1,1,1,23,28,10,9,1,0,0,1,1,1,19,0,0,6,6,6,13.666666666666666,0,0,6,7,5,13.2,0,12.4,0.5,1.79,2
1,1,1,2,1,1,1,3,2,3,6,1,0,0,1,1,0,19,0,0,0,0,0,0.0,0,0,0,0,0,0.0,0,9.4,-0.8,-3.12,2
1,12,1,4,1,1,1,13,27,10,7,0,0,1,0,1,0,31,0,0,6,15,1,11.0,0,0,6,10,0,0.0,0,16.2,0.3,-0.92,0
1,12,1,4,1,1,1,22,27,5,8,0,0,1,0,1,0,32,0,0,6,8,3,13.0,0,4,10,14,6,11.428571428571429,0,16.2,0.3,-0.92,0
1,7,2,12,1,1,1,2,28,5,10,1,0,0,1,0,1,19,0,0,8,12,7,12.599999999999998,0,0,8,12,7,12.599999999999998,0,10.8,1.4,1.74,2
1,13,1,15,1,6,1,19,24,1,1,1,0,0,1,0,0,34,0,8,10,11,10,12.2,0,5,10,12,9,12.333333333333334,0,7.6,2.6,0.32,2
1,7,6,15,1,1,1,23,12,1,1,1,0,0,1,0,0,21,0,0,6,6,6,13.166666666666666,0,0,6,6,6,13.0,0,7.6,2.6,0.32,2
1,14,2,10,1,1,1,22,27,10,8,1,0,0,1,0,1,53,0,4,7,16,6,11.0,0,2,7,9,7,11.0,0,9.4,-0.8,-3.12,2
1,1,1,12,1,1,1,13,14,5,8,0,0,0,1,0,1,19,0,0,7,7,7,14.014285714285714,0,0,8,8,8,15.35,0,13.9,-0.3,0.79,2
1,1,3,15,1,1,1,23,28,10,6,0,0,0,1,0,1,20,0,0,6,9,4,13.0,0,0,6,13,4,11.25,0,10.8,1.4,1.74,2
1,1,2,15,1,1,1,1,14,10,10,1,0,0,1,0,0,18,0,0,6,6,6,14.0,0,0,6,6,6,14.666666666666666,0,10.8,1.4,1.74,2
1,12,1,2,1,1,1,22,28,28,44,0,0,0,0,0,0,32,0,0,0,0,0,0.0,0,0,0,0,0,0.0,0,16.2,0.3,-0.92,0
1,14,1,12,1,1,1,22,27,10,10,1,0,0,1,0,1,21,0,0,8,8,7,14.428571428571429,0,0,8,8,7,14.428571428571429,0,12.7,3.7,-1.7,2
1,4,1,3,0,3,1,22,10,10,5,0,0,0,0,0,0,26,0,0,5,9,0,0.0,0,0,5,10,0,0.0,0,9.4,-0.8,-3.12,0
1,13,1,6,1,14,1,1,1,5,8,1,0,0,1,0,0,26,0,11,18,45,18,11.833333333333334,10,9,13,27,13,12.461538461538462,5,15.5,2.8,-4.06,2
2,15,1,17,0,14,1,1,27,5,10,0,0,0,0,0,0,21,0,0,5,12,3,11.333333333333334,0,0,5,10,1,13.0,0,15.5,2.8,-4.06,0
1,8,1,15,1,1,1,22,27,6,6,0,0,0,1,0,0,18,0,0,6,9,6,12.5,0,0,6,9,6,13.0,0,7.6,2.6,0.32,2
1,14,1,5,1,14,1,13,27,6,10,1,0,0,1,0,1,21,0,4,12,12,12,13.333333333333334,0,5,12,12,11,12.545454545454543,0,15.5,2.8,-4.06,2
1,1,1,11,1,1,1,23,14,10,6,1,0,0,1,0,0,21,0,0,6,10,6,10.833333333333334,0,0,6,10,4,11.0,0,7.6,2.6,0.32,1
1,8,1,14,1,1,1,13,14,8,8,0,0,0,1,0,1,19,0,0,6,6,6,13.0,0,0,6,6,6,14.0,0,13.9,-0.3,0.79,2
1,8,1,9,1,1,1,13,14,10,8,0,0,0,1,0,0,19,0,0,5,7,2,10.0,0,0,5,11,2,14.0,0,10.8,1.4,1.74,0
1,14,2,10,1,1,1,23,28,6,6,0,0,0,1,0,1,19,0,0,6,8,6,11.428571428571429,0,0,6,11,5,11.2,0,10.8,1.4,1.74,2
1,4,1,12,1,3,1,22,28,8,8,1,0,0,1,0,0,27,0,0,8,8,8,12.8875,0,0,8,8,8,12.8875,0,9.4,-0.8,-3.12,2
1,1,2,12,1,1,1,22,1,10,5,1,0,0,1,0,1,18,0,0,7,7,6,12.95,0,0,7,7,6,12.95,0,7.6,2.6,0.32,2
1,1,2,9,1,1,1,13,14,10,10,1,0,0,1,0,0,20,0,0,5,12,1,10.0,2,0,5,5,0,0.0,0,12.7,3.7,-1.7,0
1,1,3,12,1,1,1,1,1,6,6,1,0,0,1,0,1,19,0,0,7,7,7,13.094285714285714,0,0,8,8,8,12.55,0,12.4,0.5,1.79,2
1,1,4,14,1,1,1,1,1,8,8,1,0,0,1,0,0,20,0,0,6,7,0,0.0,0,0,6,6,0,0.0,0,16.2,0.3,-0.92,0
1,8,2,10,1,1,1,13,28,8,7,1,0,0,1,0,1,19,0,0,6,12,5,11.714285714285714,0,0,6,11,6,11.0,0,12.7,3.7,-1.7,2
1,8,5,10,1,1,1,13,1,6,6,1,0,0,1,0,0,20,0,0,6,8,4,11.25,0,0,6,15,3,10.0,0,9.4,-0.8,-3.12,1
1,1,1,2,1,1,1,23,14,8,11,0,0,0,1,0,0,20,0,0,0,0,0,0.0,0,0,0,0,0,0.0,0,15.5,2.8,-4.06,0
1,1,1,16,1,1,1,22,27,10,6,0,0,0,1,0,0,18,0,0,6,6,6,13.166666666666666,0,0,6,6,6,13.333333333333334,0,7.6,2.6,0.32,2
1,1,1,6,1,1,1,13,1,6,5,1,0,0,1,0,0,20,0,0,5,7,4,12.75,0,0,5,5,5,13.4,0,10.8,1.4,1.74,2
2,12,1,17,0,1,1,22,27,10,10,0,0,0,0,0,0,38,0,0,5,6,5,10.6,0,0,5,9,2,11.0,0,12.7,3.7,-1.7,0
4,12,1,3,0,1,1,22,27,10,8,0,0,0,1,0,0,42,0,0,6,8,5,11.2,0,0,6,6,6,12.0,0,8.9,1.4,3.51,2
1,12,1,12,1,1,1,22,27,10,7,0,0,0,1,0,0,32,0,0,7,0,0,0.0,0,0,8,0,0,0.0,0,13.9,-0.3,0.79,0
1,6,1,15,1,1,12,13,14,5,6,1,0,0,1,0,0,22,1,0,6,6,6,13.0,0,0,6,6,6,13.666666666666666,0,12.4,0.5,1.79,2
2,12,1,17,0,1,1,19,24,12,12,1,0,0,1,0,0,28,0,0,5,10,0,0.0,0,0,5,5,0,0.0,0,7.6,2.6,0.32,0
2,12,1,3,0,7,1,22,27,9,11,1,0,0,1,0,0,37,0,0,6,0,0,0.0,0,0,6,0,0,0.0,0,9.4,-0.8,-3.12,0
2,15,1,4,1,14,1,22,28,10,5,0,0,0,1,0,0,43,0,0,6,8,6,14.166666666666666,0,0,6,9,6,15.0,0,15.5,2.8,-4.06,2
6,12,1,3,0,1,1,22,1,10,8,0,0,0,1,0,1,41,0,0,6,10,5,12.833333333333334,0,0,6,6,6,12.333333333333334,0,13.9,-0.3,0.79,2
4,12,1,3,0,12,1,22,27,10,4,0,0,0,1,0,1,29,0,0,6,11,4,11.75,0,0,6,9,5,10.4,0,10.8,1.4,1.74,2
1,12,1,3,0,1,1,22,27,10,10,0,0,0,1,0,1,35,0,0,6,8,6,10.833333333333334,0,0,6,7,6,11.5,0,10.8,1.4,1.74,2
1,8,6,10,1,1,1,1,3,5,3,1,0,0,1,0,0,18,0,0,6,8,4,11.75,0,0,6,8,4,12.25,0,9.4,-0.8,-3.12,0
1,12,1,12,1,12,1,22,27,10,7,0,0,0,0,0,1,39,0,0,7,14,3,11.5,0,0,7,9,2,10.5,0,16.2,0.3,-0.92,0
4,12,1,17,0,1,1,22,27,10,10,0,0,0,1,0,0,37,0,0,5,14,2,10.0,0,0,5,7,3,11.333333333333334,0,12.7,3.7,-1.7,1
1,12,1,12,1,1,1,22,27,10,8,1,0,0,1,0,1,26,0,0,7,7,6,13.7,0,0,7,7,6,13.7,0,7.6,2.6,0.32,2
1,4,1,6,1,3,1,13,15,5,12,1,0,0,1,0,0,32,0,0,5,8,1,14.0,2,0,5,12,0,0.0,4,10.8,1.4,1.74,0
2,12,1,3,0,1,1,22,27,7,9,0,0,1,1,0,0,37,0,3,8,12,7,11.375,0,2,7,10,6,12.166666666666666,0,13.9,-0.3,0.79,1
1,12,1,6,1,1,1,22,14,29,35,1,0,1,1,0,0,28,0,0,6,17,0,0.0,0,0,6,6,0,0.0,0,8.9,1.4,3.51,1
1,1,1,10,1,1,1,13,27,1,1,1,0,0,1,0,0,19,0,0,6,10,0,0.0,4,0,6,0,0,0.0,0,7.6,2.6,0.32,0
1,1,5,9,1,1,1,22,28,8,8,1,0,0,1,0,0,18,0,0,5,9,1,11.0,0,0,5,9,2,12.5,0,7.6,2.6,0.32,1
1,1,1,16,1,1,1,13,28,10,10,0,0,0,1,0,1,19,0,0,7,10,6,13.0,0,0,7,7,7,13.285714285714286,0,12.4,0.5,1.79,2
2,4,1,14,1,3,1,22,27,8,8,0,0,0,1,0,0,32,0,4,11,15,8,13.6,0,2,8,10,8,15.11111111111111,0,13.9,-0.3,0.79,2
2,12,1,9,1,1,1,22,27,10,10,1,0,0,1,0,0,31,0,0,5,8,3,11.0,0,0,5,9,2,11.5,0,7.6,2.6,0.32,0
1,12,1,12,1,1,1,3,1,3,6,1,0,0,1,0,0,34,0,0,8,11,7,11.705714285714285,0,0,8,11,7,11.705714285714285,0,10.8,1.4,1.74,1
1,1,3,2,1,1,1,1,1,4,4,1,0,0,1,0,0,20,0,6,12,12,12,13.25,0,4,11,14,11,14.333333333333334,0,8.9,1.4,3.51,2
1,12,1,12,1,12,1,23,28,10,10,0,0,0,1,0,0,28,0,0,7,15,1,10.75,0,0,7,10,1,10.0,0,13.9,-0.3,0.79,0
1,15,1,17,0,14,1,22,27,7,7,0,0,0,1,0,0,31,0,2,6,8,6,12.0,0,2,7,8,7,13.428571428571429,0,9.4,-0.8,-3.12,1
1,1,1,15,1,1,1,13,28,5,11,1,0,0,1,0,0,18,0,0,6,7,6,12.666666666666666,0,0,6,8,4,12.25,0,7.6,2.6,0.32,1
4,12,1,3,0,12,1,22,27,12,8,0,0,0,0,0,0,31,0,0,6,8,5,11.4,0,0,6,9,3,11.0,0,9.4,-0.8,-3.12,0
1,1,3,15,1,1,1,13,14,6,6,1,0,0,1,0,0,19,0,0,6,6,6,13.0,0,0,6,8,5,12.4,0,12.4,0.5,1.79,2
1,1,1,10,1,1,1,22,14,10,5,1,0,0,1,0,1,19,0,0,6,8,6,14.0,0,0,6,8,6,12.285714285714286,0,16.2,0.3,-0.92,2
2,12,1,10,1,12,1,22,27,10,10,1,0,0,1,0,0,31,0,0,6,11,0,0.0,0,0,5,10,0,0.0,0,9.4,-0.8,-3.12,1
1,4,1,6,1,3,1,1,14,10,11,0,0,0,1,0,0,34,0,0,6,0,0,0.0,0,0,6,0,0,0.0,0,15.5,2.8,-4.06,0
1,7,1,13,1,1,1,22,27,10,8,1,0,0,1,0,1,18,0,0,7,7,7,15.285714285714286,0,0,8,8,8,16.075,0,12.4,0.5,1.79,2
1,8,2,11,1,1,1,22,27,8,8,1,0,0,1,0,0,18,0,0,6,6,6,13.166666666666666,0,0,6,6,6,12.666666666666666,0,11.1,0.6,2.02,2
1,1,1,9,1,1,1,3,14,4,4,0,0,1,1,1,0,19,0,0,5,7,5,13.6,0,0,5,11,5,12.833333333333334,5,16.2,0.3,-0.92,2
1,8,2,15,1,1,1,3,5,1,3,1,0,0,0,1,1,22,0,0,4,8,0,0.0,0,0,4,8,0,0.0,0,7.6,2.6,0.32,0
2,14,1,14,1,1,1,19,24,1,1,0,0,0,1,1,0,32,0,6,10,12,10,11.4,0,4,9,9,4,11.5,0,7.6,2.6,0.32,2
1,12,1,9,1,1,1,22,3,10,3,0,0,0,1,1,0,61,0,0,5,0,0,0.0,0,0,5,0,0,0.0,0,15.5,2.8,-4.06,0
1,12,1,17,0,1,1,22,27,10,10,1,0,0,1,1,0,30,0,0,5,7,5,11.0,0,0,5,5,5,11.6,0,7.6,2.6,0.32,2
2,12,1,17,0,1,1,22,27,10,10,0,0,1,0,1,0,45,0,0,5,9,0,0.0,0,0,5,11,0,0.0,0,12.4,0.5,1.79,0
1,15,1,4,1,14,1,1,14,5,9,0,0,0,1,1,0,20,0,0,6,7,6,13.571428571428571,0,0,6,6,6,12.666666666666666,0,12.4,0.5,1.79,2
1,9,5,12,1,1,1,13,1,2,11,0,0,0,1,0,0,19,0,0,7,0,0,0.0,0,0,8,0,0,0.0,0,9.4,-0.8,-3.12,0
1,13,1,7,1,1,1,3,1,3,10,1,0,0,1,1,0,26,0,4,10,14,4,11.25,0,4,11,11,4,12.0,0,7.6,2.6,0.32,0
1,8,4,14,1,1,1,1,1,5,12,1,0,0,1,1,0,19,0,0,5,6,3,13.333333333333334,0,0,5,5,1,11.0,0,7.6,2.6,0.32,0
1,8,1,15,1,1,1,13,27,10,10,0,0,0,1,1,1,19,0,0,6,6,6,12.0,0,0,6,7,6,11.666666666666666,0,16.2,0.3,-0.92,2
1,1,3,15,1,1,1,23,1,10,5,1,0,0,1,1,0,19,0,0,6,6,6,12.5,0,0,6,7,5,13.0,0,12.4,0.5,1.79,2
1,1,1,9,1,1,1,1,14,6,6,1,0,0,1,1,1,19,0,0,5,6,5,13.2,0,0,5,6,5,12.666666666666666,0,16.2,0.3,-0.92,2
1,1,3,14,1,1,1,11,9,1,1,1,0,0,0,1,0,19,0,0,5,5,0,0.0,0,0,4,4,0,0.0,0,7.6,2.6,0.32,0
1,12,1,14,1,1,1,19,24,1,1,1,0,0,0,1,0,28,0,0,5,7,3,11.666666666666666,0,0,5,8,2,11.5,1,7.6,2.6,0.32,0
1,14,1,9,1,1,1,22,27,10,10,0,0,0,1,1,0,24,0,10,15,16,15,13.466666666666669,1,10,14,14,14,13.642857142857142,0,9.4,-0.8,-3.12,2
1,1,1,8,1,1,1,3,1,3,5,0,0,0,1,1,0,18,0,0,5,7,3,13.666666666666666,0,0,5,5,5,13.2,0,7.6,2.6,0.32,2
1,1,2,7,1,1,1,23,28,6,6,0,0,0,1,1,0,18,0,0,5,9,2,11.666666666666666,0,0,5,9,2,12.5,2,7.6,2.6,0.32,1
1,1,1,15,1,1,1,1,3,4,8,1,0,0,1,1,1,18,0,0,6,7,6,11.666666666666666,0,0,6,12,5,10.2,0,12.4,0.5,1.79,2
1,15,1,4,1,14,1,4,1,3,9,0,0,0,1,1,0,21,0,0,6,9,5,13.4,0,0,6,9,5,12.4,0,8.9,1.4,3.51,2
2,12,1,17,0,1,1,13,27,10,6,0,0,0,0,1,0,28,0,0,5,5,0,0.0,0,0,5,6,0,0.0,0,12.4,0.5,1.79,0
1,12,1,4,1,9,1,22,14,10,11,0,0,0,1,1,0,58,0,0,6,9,0,0.0,0,0,6,6,0,0.0,0,13.9,-0.3,0.79,0
2,12,1,17,0,1,1,19,24,1,1,1,0,0,0,1,0,49,0,0,5,5,0,0.0,0,0,5,5,0,0.0,0,7.6,2.6,0.32,0
1,12,1,7,1,1,1,1,28,4,6,0,0,0,1,1,0,24,0,0,5,6,3,10.666666666666666,0,0,5,9,2,10.5,0,15.5,2.8,-4.06,1
1,14,1,14,1,1,1,19,24,1,1,0,0,0,1,1,0,25,0,0,5,5,4,13.75,0,0,5,5,4,14.75,0,7.6,2.6,0.32,2
4,13,1,9,1,1,1,22,28,8,4,1,0,0,1,1,0,33,0,0,5,5,1,10.0,0,0,5,5,0,0.0,0,7.6,2.6,0.32,0
2,12,2,7,1,12,1,22,27,8,8,0,0,0,0,1,0,33,0,0,5,11,0,0.0,0,0,5,5,0,0.0,0,9.4,-0.8,-3.12,0
2,14,1,16,1,1,1,22,27,8,8,0,0,0,1,1,0,40,0,0,2,4,1,16.0,0,0,4,5,4,15.5,0,13.9,-0.3,0.79,2
2,12,1,17,0,1,1,22,14,10,4,0,0,0,1,1,0,48,0,0,5,9,5,12.285714285714286,0,0,5,8,5,11.125,0,16.2,0.3,-0.92,2
1,8,3,7,1,1,1,1,14,10,4,1,0,1,0,1,0,18,0,0,5,10,3,12.0,0,0,5,8,3,10.333333333333334,0,8.9,1.4,3.51,1
1,12,1,12,1,12,1,23,28,10,9,1,0,0,1,1,0,24,0,0,7,7,6,12.666666666666666,1,0,7,7,6,12.666666666666666,1,7.6,2.6,0.32,2
2,1,1,6,1,1,1,13,14,30,29,0,0,0,1,1,1,23,0,0,5,6,5,11.8,0,0,5,7,4,13.25,1,10.8,1.4,1.74,2
1,12,1,17,0,12,1,13,27,8,6,1,0,1,0,1,0,39,0,0,5,6,5,10.6,0,0,5,7,5,14.666666666666666,0,10.8,1.4,1.74,0
1,9,1,4,1,1,1,1,28,10,7,0,0,0,1,1,0,21,0,5,11,16,9,11.9,0,3,9,14,8,12.25,0,15.5,2.8,-4.06,2
1,13,1,7,1,6,1,20,25,7,7,1,0,0,1,1,0,34,0,4,6,8,4,11.25,0,1,5,8,2,10.5,0,7.6,2.6,0.32,0
2,12,1,17,0,1,1,13,14,5,5,0,0,0,1,1,1,41,0,0,5,9,4,11.0,0,0,5,6,5,11.4,0,8.9,1.4,3.51,1
1,1,1,15,1,1,1,1,28,5,6,0,0,0,1,1,0,18,0,0,6,6,6,12.0,0,0,6,6,6,12.5,0,12.7,3.7,-1.7,2
2,12,1,17,0,1,1,23,28,10,4,0,0,0,1,1,0,34,0,0,5,10,4,11.75,0,0,5,10,4,10.833333333333334,0,13.9,-0.3,0.79,1
1,1,1,9,1,1,1,1,1,3,11,0,0,0,1,1,0,19,0,0,5,8,2,10.0,0,0,5,8,1,16.0,0,7.6,2.6,0.32,0
1,1,1,12,1,1,1,13,14,4,4,0,0,0,1,1,0,19,0,0,8,8,7,13.714285714285714,0,0,8,8,7,13.714285714285714,0,12.7,3.7,-1.7,2
1,4,1,4,1,4,1,1,1,5,7,0,0,0,1,1,0,28,0,0,6,14,6,14.875,0,0,6,12,6,15.8,0,16.2,0.3,-0.92,2
1,8,1,5,1,1,1,1,1,6,1,1,0,0,1,1,0,18,0,0,6,7,5,10.8,1,0,6,6,0,0.0,0,7.6,2.6,0.32,0
1,1,1,10,1,1,1,2,2,4,5,1,0,0,1,1,0,19,0,0,6,11,3,12.0,0,0,6,12,2,10.0,0,11.1,0.6,2.02,0
1,8,2,6,1,1,1,13,28,10,2,1,0,1,0,1,0,19,0,0,6,10,5,12.5,0,0,6,19,2,13.5,0,12.4,0.5,1.79,0
1,8,1,12,1,1,1,1,3,10,3,1,0,0,1,0,0,18,0,0,7,7,7,14.728571428571428,0,0,8,11,8,16.327272727272728,0,16.2,0.3,-0.92,2
1,1,1,8,1,1,1,3,3,3,3,1,0,0,1,0,0,18,0,0,6,8,6,12.0,0,0,6,8,5,14.8,0,12.4,0.5,1.79,2
1,1,1,15,1,1,1,1,3,4,4,1,0,0,1,0,0,18,0,0,6,8,6,11.428571428571429,0,0,6,7,6,11.0,0,11.1,0.6,2.02,0
1,15,2,10,1,14,1,3,14,5,10,1,0,0,1,0,0,19,0,3,6,6,6,14.166666666666666,0,2,6,6,6,13.5,0,12.4,0.5,1.79,2
2,4,1,10,1,3,1,22,27,29,43,0,0,0,1,0,0,31,0,1,6,12,5,12.5,0,0,6,10,5,14.6,0,12.7,3.7,-1.7,2
1,12,1,3,0,1,1,22,27,10,9,0,0,0,1,0,1,33,0,0,6,6,6,14.166666666666666,0,0,6,6,6,14.333333333333334,0,12.7,3.7,-1.7,2
1,1,3,12,1,1,1,3,1,19,26,1,0,0,1,0,1,20,0,0,7,10,5,14.46,0,0,7,8,6,13.55,0,12.4,0.5,1.79,1
1,15,1,6,1,14,3,13,1,7,5,1,0,0,1,0,0,22,1,0,6,12,5,12.8,0,0,6,19,2,11.5,0,12.4,0.5,1.79,1
1,8,1,11,1,1,1,1,14,4,4,1,0,0,1,0,0,19,0,0,6,8,6,12.666666666666666,0,0,6,8,5,13.4,0,11.1,0.6,2.02,2
1,1,3,5,1,1,1,19,24,1,1,1,0,0,1,0,0,18,0,0,6,6,6,12.5,0,0,6,6,6,13.0,0,7.6,2.6,0.32,0
1,8,3,5,1,1,1,23,1,6,6,0,1,0,1,0,0,18,0,0,6,0,0,0.0,0,0,6,0,0,0.0,0,15.5,2.8,-4.06,0
1,1,5,14,1,1,1,13,28,10,10,1,0,0,0,0,0,18,0,0,6,0,0,0.0,0,0,6,0,0,0.0,0,8.9,1.4,3.51,0
1,1,1,2,1,1,1,3,4,3,6,1,0,0,1,0,0,18,0,0,0,0,0,0.0,0,0,0,0,0,0.0,0,11.1,0.6,2.02,2
1,8,2,9,1,1,1,13,14,8,8,1,0,0,1,0,1,19,0,0,5,8,5,11.2,0,0,5,5,3,11.0,0,12.4,0.5,1.79,2
1,8,2,10,1,1,1,1,3,4,5,1,0,0,1,0,0,18,0,0,6,6,6,16.5,0,0,6,7,6,17.428571428571427,0,11.1,0.6,2.02,0
1,8,1,6,1,1,1,3,14,6,6,1,0,0,1,0,0,18,0,0,5,9,3,13.666666666666666,1,0,5,5,5,12.0,0,12.7,3.7,-1.7,2
1,8,6,12,1,1,1,22,27,10,7,1,0,0,1,0,1,18,0,0,8,8,7,15.228571428571428,0,0,8,8,7,15.228571428571428,0,12.7,3.7,-1.7,2
1,17,1,10,1,16,1,22,27,10,11,1,0,0,1,0,0,21,0,5,9,10,9,12.77777777777778,0,4,9,9,9,13.22222222222222,0,8.9,1.4,3.51,2
1,1,1,12,1,1,1,13,27,6,6,0,0,0,1,0,1,18,0,0,8,8,7,14.428571428571429,0,0,8,8,7,14.428571428571429,0,12.7,3.7,-1.7,2
1,8,3,14,1,1,1,1,28,4,4,1,0,0,1,0,0,18,0,0,6,8,6,13.875,0,0,6,7,6,13.714285714285714,0,11.1,0.6,2.02,2
1,1,2,12,1,1,1,13,14,10,11,1,0,0,1,0,0,18,0,0,7,10,7,13.128,0,0,8,13,6,13.193333333333332,0,15.5,2.8,-4.06,2
1,8,1,12,1,1,1,13,1,5,4,1,0,0,1,0,0,20,0,0,7,9,6,11.605,0,0,8,10,7,12.4125,0,16.2,0.3,-0.92,2
1,8,1,9,1,1,1,1,28,5,6,0,0,0,1,0,1,18,0,0,5,5,5,14.6,0,0,5,8,5,12.0,0,12.7,3.7,-1.7,2
1,1,2,15,1,1,1,13,1,5,6,1,0,0,1,0,0,18,0,0,6,0,0,0.0,0,0,6,0,0,0.0,0,11.1,0.6,2.02,0
1,9,2,9,1,1,1,22,28,29,28,1,0,0,1,0,1,20,0,0,5,6,5,11.8,0,0,5,6,5,11.6,0,8.9,1.4,3.51,2
1,8,1,11,1,1,1,13,14,10,9,1,0,0,1,0,0,20,0,0,6,6,6,12.333333333333334,0,0,6,6,6,12.333333333333334,0,12.4,0.5,1.79,2
1,8,1,9,1,1,1,22,1,10,10,1,0,1,1,0,1,19,0,0,5,5,4,11.0,0,0,5,5,0,0.0,0,11.1,0.6,2.02,0
1,16,1,5,1,1,1,3,1,4,6,0,0,0,1,0,1,19,0,5,11,11,11,13.181818181818182,0,5,11,11,11,12.909090909090908,0,11.1,0.6,2.02,2
1,8,4,14,1,1,1,13,27,10,13,1,1,1,0,0,1,18,0,0,6,6,1,11.0,0,0,6,0,0,0.0,0,12.7,3.7,-1.7,0
1,8,3,15,1,1,1,1,1,5,10,1,0,1,1,0,1,19,0,0,6,6,6,11.833333333333334,0,0,6,7,6,12.285714285714286,0,15.5,2.8,-4.06,2
1,1,2,12,1,1,1,1,28,5,8,1,0,0,1,0,1,20,0,0,8,8,8,12.98125,0,0,8,8,8,12.98125,0,9.4,-0.8,-3.12,2
1,15,1,9,1,14,1,13,1,5,10,1,0,0,1,0,0,21,0,4,7,10,6,11.333333333333334,0,1,5,6,5,11.2,0,11.1,0.6,2.02,2
1,14,2,12,1,1,1,26,3,3,3,0,0,0,1,0,0,21,0,0,8,12,6,11.68,0,0,8,12,6,11.68,0,10.8,1.4,1.74,2
1,8,1,5,1,1,1,23,28,10,10,0,0,0,1,0,0,20,0,0,6,6,6,14.5,0,0,6,7,6,13.5,0,11.1,0.6,2.02,2
1,9,2,16,1,1,1,23,28,29,36,1,0,0,1,0,0,19,0,0,7,7,7,13.142857142857142,0,0,7,8,7,12.857142857142858,0,8.9,1.4,3.51,2
1,8,3,6,1,1,1,1,14,5,12,0,0,0,0,0,0,21,0,0,5,8,2,11.5,0,0,5,7,2,10.5,0,7.6,2.6,0.32,0
1,1,1,6,1,1,1,18,14,5,12,0,0,0,1,0,0,18,0,0,5,6,5,14.2,0,0,5,7,5,11.8,0,7.6,2.6,0.32,2
1,1,5,11,1,1,1,13,27,10,10,0,0,0,1,0,1,19,0,0,6,8,5,11.666666666666666,0,0,6,7,5,12.2,0,8.9,1.4,3.51,2
1,8,2,12,1,1,1,13,14,10,5,1,0,0,1,0,0,18,0,0,7,8,7,13.175,0,0,8,8,8,14.875,0,13.9,-0.3,0.79,2
1,1,4,12,1,1,1,1,1,10,10,1,0,0,1,0,1,19,0,0,8,8,7,13.314285714285717,0,0,8,8,7,13.314285714285717,0,12.7,3.7,-1.7,2
1,1,2,9,1,1,1,1,14,5,4,1,0,0,1,0,1,18,0,0,5,13,3,10.6,0,0,5,12,3,10.5,0,13.9,-0.3,0.79,2
1,1,1,16,1,1,1,13,27,6,8,0,0,0,1,0,1,18,0,0,6,11,4,12.0,0,0,6,8,4,10.75,0,15.5,2.8,-4.06,1
1,1,1,15,1,1,1,22,27,9,9,0,0,0,1,0,0,18,0,0,6,7,6,13.428571428571429,0,0,6,7,6,14.142857142857142,0,13.9,-0.3,0.79,2
1,8,1,6,1,1,1,1,27,10,10,1,0,0,1,0,1,18,0,0,5,7,4,13.25,0,0,5,8,5,15.571428571428571,0,10.8,1.4,1.74,2
1,8,1,5,1,1,1,23,14,8,8,1,0,0,1,0,0,18,0,0,6,6,2,13.0,0,0,6,6,0,0.0,0,12.4,0.5,1.79,0
1,1,3,5,1,1,1,1,28,10,8,0,0,0,1,0,1,18,0,0,6,6,6,14.333333333333334,0,0,6,7,6,14.0,0,11.1,0.6,2.02,1
1,8,1,10,1,1,1,1,28,10,8,0,0,0,1,0,0,18,0,0,6,0,0,0.0,0,0,6,0,0,0.0,0,11.1,0.6,2.02,0
1,1,1,10,1,1,1,1,3,5,3,0,0,0,1,0,0,18,0,0,6,6,6,14.0,0,0,6,6,6,13.166666666666666,0,10.8,1.4,1.74,2
1,13,1,6,1,1,1,1,28,5,10,1,0,0,1,0,1,20,0,1,2,2,2,12.0,0,1,6,11,6,12.833333333333334,0,13.9,-0.3,0.79,2
1,1,1,16,1,1,1,3,1,3,6,0,0,0,1,0,0,18,0,0,6,9,5,12.333333333333334,0,0,6,10,5,10.6,0,15.5,2.8,-4.06,1
1,8,4,5,1,1,1,1,14,5,6,1,0,0,1,0,0,18,0,0,6,8,5,11.8,0,0,6,7,5,10.4,1,16.2,0.3,-0.92,2
1,9,6,12,1,1,1,22,27,10,8,0,0,0,1,0,1,20,0,0,8,8,7,12.791428571428572,1,0,8,8,7,12.791428571428572,1,10.8,1.4,1.74,2
4,14,1,14,1,1,1,22,27,10,7,0,0,0,1,0,0,40,0,4,8,8,8,11.625,0,3,7,12,5,11.2,0,9.4,-0.8,-3.12,2
1,1,6,12,1,1,1,23,28,10,10,1,0,0,1,0,1,18,0,0,7,11,6,11.994444444444444,0,0,8,11,7,12.43142857142857,0,15.5,2.8,-4.06,2
1,1,5,11,1,1,1,13,14,5,8,1,0,0,1,0,0,19,0,0,6,9,5,11.6,0,0,6,12,5,12.2,0,13.9,-0.3,0.79,2
1,4,1,17,0,15,1,1,14,5,10,0,0,0,1,0,0,24,0,0,5,5,0,0.0,0,0,5,6,0,0.0,0,12.4,0.5,1.79,0
1,1,3,15,1,1,1,3,28,3,11,1,0,0,1,0,0,19,0,0,6,8,6,13.166666666666666,0,0,6,7,6,13.166666666666666,0,10.8,1.4,1.74,0
1,1,6,12,1,1,1,2,1,5,5,1,0,0,1,0,0,19,0,0,8,8,7,14.1,0,0,8,8,7,14.1,0,10.8,1.4,1.74,2
1,1,1,12,1,1,1,1,14,10,7,1,0,0,1,0,1,20,0,0,7,8,6,12.396666666666668,0,0,8,9,7,12.94285714285714,0,11.1,0.6,2.02,2
1,1,1,12,1,1,1,23,28,6,6,0,0,0,1,0,0,18,0,0,7,7,7,15.014285714285714,0,0,8,8,8,16.0875,0,12.4,0.5,1.79,2
1,1,1,2,1,1,1,1,28,5,9,1,0,0,1,0,1,18,0,0,0,0,0,0.0,0,0,0,0,0,0.0,0,13.9,-0.3,0.79,2
1,8,2,12,1,1,1,13,27,5,8,1,0,0,1,0,0,19,0,0,7,8,7,14.05,0,0,8,8,8,15.1,0,13.9,-0.3,0.79,2
1,8,3,12,1,1,1,3,3,5,6,1,0,0,1,0,0,18,0,0,7,8,7,14.85,0,0,8,8,8,15.2,0,13.9,-0.3,0.79,0
1,15,1,6,1,14,1,3,3,3,3,1,0,0,1,0,0,19,0,0,6,10,6,13.0,0,0,6,19,5,13.0,0,12.4,0.5,1.79,2
1,1,2,12,1,1,1,22,27,10,8,1,0,0,1,0,1,19,0,0,7,8,7,14.7875,0,0,8,8,8,15.8625,0,13.9,-0.3,0.79,2
1,1,1,12,1,1,1,13,14,6,8,0,0,0,1,0,1,19,0,0,7,7,7,13.7,0,0,8,9,7,14.671428571428574,0,12.4,0.5,1.79,2
1,1,2,12,1,1,1,1,27,5,5,1,0,0,1,0,1,19,0,0,7,7,7,12.495714285714286,0,0,8,9,7,12.242857142857144,0,11.1,0.6,2.02,0
1,1,1,12,1,1,1,1,28,2,8,0,0,0,1,0,0,19,0,0,7,7,6,14.566666666666668,0,0,7,7,6,14.566666666666668,0,7.6,2.6,0.32,2
1,12,1,14,1,9,1,1,14,2,6,1,0,1,0,0,0,25,0,0,5,5,5,11.2,0,0,5,5,4,11.25,0,9.4,-0.8,-3.12,0
1,1,1,12,1,1,1,13,14,5,11,0,0,0,1,0,0,20,0,0,8,8,7,12.685714285714283,0,0,8,8,7,12.685714285714283,0,12.7,3.7,-1.7,2
1,17,1,10,1,16,1,1,14,6,6,0,0,1,0,0,0,23,0,5,9,12,7,13.571428571428571,0,4,9,14,4,13.25,0,8.9,1.4,3.51,0
1,1,1,5,1,1,1,13,14,8,8,0,0,0,1,0,0,20,0,0,6,0,0,0.0,0,0,6,0,0,0.0,0,15.5,2.8,-4.06,0
1,12,1,3,0,1,1,22,9,10,11,0,0,0,1,0,0,27,0,0,6,8,5,11.0,0,0,6,7,6,11.166666666666666,0,11.1,0.6,2.02,2
1,1,1,12,1,1,1,13,1,5,5,0,0,0,1,0,0,18,0,0,8,8,8,14.445,0,0,8,8,8,14.445,0,9.4,-0.8,-3.12,2
1,1,1,16,1,1,1,13,1,6,11,1,0,1,1,0,0,18,0,0,6,9,5,13.6,0,0,6,10,4,11.75,0,9.4,-0.8,-3.12,1
1,4,1,3,0,15,1,13,1,6,11,1,0,1,0,0,0,23,0,7,12,12,11,14.0,0,4,10,11,8,14.625,0,13.9,-0.3,0.79,0
1,1,6,12,1,1,1,23,27,6,7,1,0,0,1,0,1,19,0,0,7,7,6,13.416666666666666,0,0,7,7,6,13.416666666666666,0,7.6,2.6,0.32,2
1,1,1,9,1,1,1,22,28,4,4,0,0,0,1,0,0,18,0,0,5,8,5,12.333333333333334,2,0,5,7,5,11.4,0,15.5,2.8,-4.06,2
1,14,1,12,1,1,1,1,14,10,9,1,0,0,1,0,0,20,0,0,7,8,7,13.1,0,0,8,8,8,14.8125,0,13.9,-0.3,0.79,2
1,1,2,14,1,1,1,13,14,10,10,1,0,0,1,0,0,18,0,0,6,9,4,13.2,0,0,6,10,5,12.8,0,12.4,0.5,1.79,2
1,1,1,12,1,1,1,1,1,5,5,1,0,0,1,0,1,19,0,0,8,8,8,14.75,0,0,8,8,8,14.75,0,9.4,-0.8,-3.12,2
1,15,1,10,1,14,1,13,14,9,9,1,0,0,1,0,1,19,0,3,6,7,6,13.142857142857142,0,2,6,6,6,14.333333333333334,0,12.4,0.5,1.79,2
1,1,1,16,1,1,1,23,27,6,6,0,0,0,1,0,0,19,0,0,6,9,4,12.5,0,0,6,9,5,12.5,0,9.4,-0.8,-3.12,1
1,1,1,6,1,1,1,3,3,2,12,0,0,0,1,0,0,18,0,0,5,6,4,13.75,0,0,5,8,5,14.857142857142858,0,7.6,2.6,0.32,2
1,1,1,10,1,1,1,22,27,10,6,0,0,0,1,0,0,18,0,0,6,11,5,12.4,0,0,6,7,6,13.0,0,9.4,-0.8,-3.12,2
1,1,2,15,1,1,1,13,14,5,8,1,0,0,1,0,0,18,0,0,6,6,6,13.333333333333334,0,0,6,6,6,12.0,0,11.1,0.6,2.02,2
1,2,1,16,1,1,1,13,28,10,10,0,0,0,0,0,0,28,0,11,11,11,11,11.727272727272728,0,8,8,8,8,12.0,0,15.5,2.8,-4.06,0
1,8,1,11,1,1,1,22,27,6,10,1,0,0,1,0,0,19,0,0,6,8,4,12.5,0,0,6,11,1,14.0,0,7.6,2.6,0.32,0
1,14,1,2,1,1,1,3,1,3,4,1,0,1,1,0,0,20,0,0,0,0,0,0.0,0,0,0,0,0,0.0,0,13.9,-0.3,0.79,0
1,1,2,12,1,1,1,1,27,5,10,1,0,0,1,0,1,19,0,0,7,8,6,13.533333333333331,0,0,8,9,7,13.614285714285714,0,12.4,0.5,1.79,2
1,1,1,5,1,1,1,1,14,5,1,0,1,0,1,0,1,20,0,0,6,6,6,13.166666666666666,0,0,6,6,6,12.666666666666666,0,11.1,0.6,2.02,2
1,1,2,11,1,1,1,13,14,10,10,1,0,0,1,0,1,19,0,0,6,9,5,13.2,0,0,6,8,5,11.0,0,12.4,0.5,1.79,2
1,16,1,5,1,1,1,5,1,3,11,1,0,0,1,0,0,21,0,0,6,7,5,12.2,0,0,6,7,4,12.6,0,8.9,1.4,3.51,1
1,1,1,16,1,1,1,1,14,10,5,1,0,0,1,0,1,19,0,0,7,7,7,13.428571428571429,0,0,7,7,7,14.857142857142858,0,11.1,0.6,2.02,2
1,1,2,5,1,1,1,13,1,10,4,1,0,0,1,0,1,18,0,1,6,8,6,12.714285714285714,1,0,6,8,6,12.625,0,13.9,-0.3,0.79,2
1,8,2,8,1,1,1,3,1,3,2,0,0,0,1,0,0,19,0,0,6,0,0,0.0,0,0,6,0,0,0.0,0,15.5,2.8,-4.06,0
1,8,1,14,1,1,1,10,28,10,6,0,0,0,1,0,1,19,0,0,6,6,6,13.666666666666666,0,0,6,9,6,13.666666666666666,0,8.9,1.4,3.51,2
1,1,1,15,1,1,1,23,14,18,16,0,0,1,1,0,0,20,0,0,6,6,5,11.0,0,0,6,6,6,13.166666666666666,0,16.2,0.3,-0.92,2
1,8,2,16,1,1,1,1,1,5,1,1,0,0,1,0,0,18,0,0,7,11,5,11.4,0,0,7,9,6,13.333333333333334,0,13.9,-0.3,0.79,1
1,14,1,2,1,1,1,13,14,6,8,0,0,0,1,0,0,18,0,0,0,0,0,0.0,0,0,0,0,0,0.0,0,15.5,2.8,-4.06,1
1,8,1,8,1,1,1,1,1,5,6,0,0,0,1,0,0,18,0,0,5,7,4,12.0,0,0,5,6,5,12.0,0,7.6,2.6,0.32,2
1,8,3,15,1,1,1,13,14,6,9,0,0,0,1,0,0,18,0,0,6,6,0,0.0,0,0,6,0,0,0.0,0,8.9,1.4,3.51,0
1,8,3,10,1,1,1,22,28,1,8,1,0,0,1,0,0,18,0,0,6,14,5,11.0,0,0,6,6,6,11.666666666666666,0,7.6,2.6,0.32,2
1,9,4,15,1,1,1,13,14,5,5,1,0,0,1,0,0,20,0,0,6,12,5,12.0,0,0,6,8,6,11.571428571428571,0,15.5,2.8,-4.06,0
1,8,3,12,1,1,1,13,1,10,10,1,0,0,1,0,1,19,0,0,7,7,7,13.308571428571428,0,0,8,10,8,12.55,0,12.4,0.5,1.79,2
1,1,1,16,1,1,1,22,27,10,10,1,0,1,0,0,0,21,0,0,6,8,3,13.666666666666666,0,0,6,7,3,10.666666666666666,0,15.5,2.8,-4.06,0
1,8,1,14,1,3,1,10,3,6,9,1,0,1,0,0,0,20,0,0,6,6,0,0.0,0,0,6,9,0,0.0,0,10.8,1.4,1.74,0
1,1,1,11,1,1,1,22,28,10,10,1,0,0,1,0,0,18,0,0,6,10,5,12.2,0,0,6,8,4,11.25,0,9.4,-0.8,-3.12,2
1,1,1,15,1,1,1,1,4,6,4,0,0,0,1,0,1,20,0,0,6,7,6,12.666666666666666,0,0,6,6,6,12.833333333333334,0,10.8,1.4,1.74,2
1,1,2,12,1,1,1,13,27,2,10,1,0,0,1,0,1,19,0,0,8,8,8,14.07125,0,0,8,8,8,14.07125,0,9.4,-0.8,-3.12,2
1,1,1,6,1,6,1,13,14,10,10,1,0,0,1,0,0,22,0,0,5,14,4,14.25,3,0,5,9,5,13.2,4,9.4,-0.8,-3.12,0
1,8,1,8,1,1,1,13,14,10,10,1,0,0,0,0,0,22,0,0,6,0,0,0.0,0,0,2,2,0,0.0,2,9.4,-0.8,-3.12,0
1,1,2,16,1,1,1,23,28,8,6,1,0,0,1,0,0,18,0,0,6,10,3,12.0,0,0,6,8,4,10.25,0,10.8,1.4,1.74,1
1,14,1,9,1,1,1,3,14,10,10,0,0,0,1,0,0,21,0,3,10,18,6,11.166666666666666,2,4,10,16,7,10.571428571428571,0,7.6,2.6,0.32,1
1,1,1,10,1,1,1,13,14,1,6,1,0,0,1,0,0,19,0,0,6,12,2,13.0,0,0,6,8,5,11.6,0,7.6,2.6,0.32,2
1,1,4,2,1,1,1,22,28,10,10,1,0,0,1,0,0,19,0,0,0,0,0,0.0,0,0,0,0,0,0.0,0,10.8,1.4,1.74,0
1,1,2,12,1,1,1,19,24,1,1,1,0,0,1,0,1,20,0,0,8,8,7,14.901428571428571,1,0,8,8,7,14.901428571428571,1,9.4,-0.8,-3.12,0
1,1,3,12,1,1,1,23,14,9,9,1,0,1,1,0,1,18,0,0,7,8,7,12.65,0,0,8,9,8,12.445555555555554,0,15.5,2.8,-4.06,2
1,16,1,17,0,16,1,13,27,6,10,0,0,0,0,0,0,22,0,7,12,12,7,11.0,0,5,5,5,5,10.6,0,8.9,1.4,3.51,0
1,8,4,6,1,1,1,13,26,12,8,1,0,0,1,0,0,20,0,0,5,7,4,12.4,0,0,5,9,5,12.666666666666666,0,7.6,2.6,0.32,2
1,15,1,4,1,14,1,23,28,7,7,0,0,0,1,0,0,19,0,0,6,7,6,12.0,0,0,6,7,6,12.666666666666666,0,12.4,0.5,1.79,2
1,1,5,12,1,1,1,1,14,7,8,1,0,0,1,0,1,19,0,0,7,8,7,12.135714285714286,0,0,8,10,7,13.328571428571427,0,12.4,0.5,1.79,2
1,1,2,12,1,1,1,23,14,10,8,1,0,0,1,0,1,20,0,0,7,10,5,12.62,0,0,7,8,6,12.5,0,11.1,0.6,2.02,1
1,12,1,17,0,1,1,23,28,4,4,0,0,0,1,0,0,25,0,0,5,11,3,10.666666666666666,0,0,5,11,3,11.333333333333334,0,15.5,2.8,-4.06,1
1,1,1,12,1,1,1,13,14,10,8,0,0,0,1,0,1,19,0,0,7,12,6,13.766666666666666,0,0,8,10,7,14.051428571428572,0,15.5,2.8,-4.06,2
1,9,1,12,1,1,1,23,27,10,8,1,0,0,1,0,0,19,0,0,8,8,8,13.11625,0,0,8,8,8,13.11625,0,9.4,-0.8,-3.12,2
1,1,1,5,1,1,1,3,28,2,10,1,0,0,0,0,0,19,0,0,5,5,0,0.0,0,0,6,0,0,0.0,0,10.8,1.4,1.74,0
1,1,1,12,1,1,1,23,14,10,6,0,0,0,1,0,0,20,0,0,7,9,6,12.7,0,0,8,8,7,13.571428571428571,0,13.9,-0.3,0.79,2
1,12,2,13,1,1,1,22,27,10,10,1,0,0,1,0,0,25,0,0,7,11,7,11.857142857142858,0,0,8,21,5,11.7,0,12.4,0.5,1.79,1
1,8,1,12,1,1,1,13,28,6,10,1,0,0,1,0,1,20,0,0,7,7,6,12.333333333333334,0,0,7,7,6,12.333333333333334,0,7.6,2.6,0.32,2
1,12,1,10,1,1,1,23,14,10,10,1,0,0,1,0,0,24,0,0,6,9,4,15.75,0,0,6,10,5,16.4,0,9.4,-0.8,-3.12,1
1,1,3,14,1,1,1,1,1,6,6,0,0,0,1,0,0,20,0,0,5,6,5,13.333333333333334,0,0,5,6,5,13.2,0,7.6,2.6,0.32,2
1,13,1,12,1,1,1,1,14,5,9,1,0,0,1,0,0,21,0,4,7,9,7,14.355555555555554,0,5,8,8,8,13.49375,0,15.5,2.8,-4.06,2
1,15,1,4,1,14,1,22,28,10,10,0,0,1,1,0,1,19,0,0,6,8,6,13.0,0,0,6,11,5,13.0,0,15.5,2.8,-4.06,2
1,1,1,15,1,1,1,23,27,10,10,0,0,0,1,0,1,19,0,0,6,6,6,12.833333333333334,0,0,6,6,6,13.5,0,16.2,0.3,-0.92,2
1,1,2,14,1,1,1,22,28,10,10,0,0,0,1,0,1,21,0,0,5,5,5,13.2,0,0,5,5,4,13.0,0,9.4,-0.8,-3.12,2
1,12,1,12,1,3,1,3,27,3,11,0,0,0,1,0,0,28,0,0,7,9,7,17.005555555555556,0,1,8,9,8,16.582222222222224,0,15.5,2.8,-4.06,2
1,1,1,10,1,1,1,22,28,10,10,1,0,1,0,0,1,19,0,0,6,8,5,10.6,0,0,6,8,5,11.0,0,10.8,1.4,1.74,2
1,1,1,9,1,1,1,22,27,10,7,0,0,0,1,0,1,18,0,0,5,5,5,14.0,0,0,5,6,5,13.6,0,12.4,0.5,1.79,2
5,8,5,12,1,1,1,22,28,6,9,1,0,0,1,0,1,18,0,0,8,8,7,12.114285714285714,0,0,8,8,7,12.114285714285714,0,12.7,3.7,-1.7,2
1,1,3,12,1,1,1,13,27,8,8,1,0,0,1,0,1,18,0,0,8,8,8,13.05875,0,0,8,8,8,13.05875,0,9.4,-0.8,-3.12,2
1,13,1,12,1,1,1,1,2,10,4,1,0,0,1,0,0,22,0,4,8,8,7,13.285714285714286,0,4,8,8,7,13.285714285714286,0,12.7,3.7,-1.7,2
1,1,1,9,1,1,1,22,27,32,36,1,0,0,1,0,0,19,0,0,5,9,4,11.0,0,0,5,8,3,10.666666666666666,0,12.4,0.5,1.79,1
1,1,1,12,1,1,1,13,1,10,6,0,0,0,1,0,1,18,0,0,7,7,7,14.071428571428571,0,0,8,8,8,15.1625,0,13.9,-0.3,0.79,2
1,8,1,11,1,1,1,22,27,6,7,0,0,0,0,0,0,20,0,0,6,0,0,0.0,0,0,6,0,0,0.0,0,15.5,2.8,-4.06,0
1,15,1,2,1,14,1,22,27,6,7,0,0,0,0,0,0,26,0,4,9,9,4,11.25,0,3,10,12,3,11.0,0,12.4,0.5,1.79,0
1,1,3,5,1,1,1,22,28,10,10,1,0,0,1,0,1,18,0,0,6,6,6,14.0,0,0,6,8,6,13.625,0,10.8,1.4,1.74,2
1,1,1,11,1,1,1,1,28,5,10,1,0,0,1,0,1,21,0,0,6,8,6,12.166666666666666,0,0,6,11,3,11.666666666666666,0,10.8,1.4,1.74,0
1,8,4,12,1,1,1,23,27,4,4,1,0,0,1,0,0,18,0,0,8,8,7,13.297142857142855,0,0,8,8,7,13.297142857142855,0,10.8,1.4,1.74,2
1,1,1,6,1,1,1,13,14,5,7,1,0,0,1,0,0,20,0,0,6,14,6,13.923076923076923,0,0,6,9,6,14.25,0,15.5,2.8,-4.06,2
1,1,6,12,1,1,1,23,14,6,7,1,0,0,1,0,0,18,0,0,7,11,7,13.37,0,0,8,13,7,12.833333333333334,0,15.5,2.8,-4.06,2
1,8,6,9,1,1,1,13,28,8,10,0,0,0,1,0,1,19,0,0,5,5,5,12.4,0,0,5,8,3,11.0,0,12.7,3.7,-1.7,1
1,1,1,14,1,1,1,1,1,3,3,1,0,0,1,0,0,20,0,0,5,5,4,15.0,0,0,5,5,4,13.75,0,7.6,2.6,0.32,0
1,1,1,16,1,1,1,13,14,10,6,0,0,1,1,0,1,18,0,0,6,6,6,13.333333333333334,0,0,6,7,6,12.571428571428571,0,12.7,3.7,-1.7,2
1,7,2,9,1,1,1,22,27,10,10,1,0,0,1,0,1,20,0,0,5,8,3,12.0,0,0,5,9,4,12.625,0,10.8,1.4,1.74,1
1,1,2,3,0,1,1,13,9,1,1,1,0,0,1,0,0,22,0,0,6,7,5,13.4,0,0,6,9,5,12.2,0,7.6,2.6,0.32,2
1,1,1,2,1,1,1,13,28,5,6,1,0,0,1,0,0,18,0,0,0,0,0,0.0,0,0,0,0,0,0.0,0,7.6,2.6,0.32,1
1,16,1,17,0,1,1,13,28,6,8,0,0,0,1,0,0,21,0,1,5,9,4,11.5,0,1,5,5,5,11.4,0,8.9,1.4,3.51,2
1,9,2,16,1,1,1,1,1,10,1,0,0,0,1,0,0,18,0,0,7,12,6,12.0,0,0,7,11,6,12.166666666666666,0,13.9,-0.3,0.79,1
1,1,1,12,1,1,1,13,14,5,5,0,0,0,1,0,0,18,0,0,8,8,7,13.485714285714284,0,0,8,8,7,13.485714285714284,0,12.7,3.7,-1.7,2
1,1,1,5,1,1,1,10,14,5,6,0,1,0,1,0,1,18,0,0,6,6,6,12.0,0,0,6,8,6,11.285714285714286,0,8.9,1.4,3.51,2
1,8,1,2,1,1,1,22,27,10,2,1,0,0,1,0,0,19,0,0,0,0,0,0.0,0,0,0,0,0,0.0,0,15.5,2.8,-4.06,0
1,8,3,9,1,1,1,1,14,4,6,1,0,0,1,0,0,19,0,0,5,7,3,10.333333333333334,0,0,5,11,3,14.428571428571429,0,10.8,1.4,1.74,1
1,1,1,12,1,1,1,23,1,10,5,1,0,0,1,0,0,19,0,0,7,10,5,12.94,0,0,7,7,5,13.76,0,16.2,0.3,-0.92,1
1,1,3,12,1,1,1,1,27,8,8,1,0,0,1,0,0,19,0,0,8,11,7,13.258571428571427,0,0,8,11,7,13.258571428571427,0,10.8,1.4,1.74,2
1,1,1,9,1,1,1,1,2,11,11,1,0,0,1,0,0,19,0,0,5,9,4,12.25,0,0,5,10,4,12.0,0,8.9,1.4,3.51,1
1,8,1,11,1,1,1,23,27,10,8,1,0,0,0,0,0,19,0,0,6,9,3,11.666666666666666,0,0,6,15,1,10.0,0,10.8,1.4,1.74,0
1,7,4,11,1,1,1,23,27,10,8,1,0,0,1,0,1,21,0,0,6,7,6,13.571428571428571,0,0,6,6,6,12.5,0,8.9,1.4,3.51,2
1,1,2,15,1,1,14,1,27,10,8,0,0,0,1,0,1,20,1,0,6,9,5,11.8,0,0,6,9,5,11.833333333333334,0,15.5,2.8,-4.06,2
1,1,1,9,1,1,1,13,14,4,10,1,0,0,1,0,1,20,0,0,5,7,5,14.2,0,0,5,7,5,13.285714285714286,0,11.1,0.6,2.02,2
1,12,1,17,0,12,1,22,27,10,10,0,0,0,1,0,0,41,0,0,5,8,5,11.0,0,0,5,6,5,11.8,1,7.6,2.6,0.32,2
4,4,1,12,1,15,1,22,27,4,4,1,0,0,1,0,0,32,0,0,7,16,4,13.625,0,0,7,8,7,12.6375,0,12.4,0.5,1.79,1
1,8,3,12,1,1,1,23,1,10,6,1,0,0,1,0,0,18,0,0,8,8,7,14.652857142857142,0,0,8,8,7,14.652857142857142,0,10.8,1.4,1.74,2
4,12,1,3,0,1,1,22,27,4,5,0,0,0,1,0,1,35,0,0,6,9,6,11.333333333333334,0,0,6,6,6,11.333333333333334,0,15.5,2.8,-4.06,2
1,12,1,12,1,1,1,22,27,10,10,0,0,1,0,0,0,32,0,0,7,12,4,13.7,0,0,7,7,0,0.0,0,16.2,0.3,-0.92,0
1,12,1,3,0,15,1,13,27,6,10,0,0,0,1,0,0,37,0,7,11,11,11,13.727272727272728,0,4,8,8,8,14.75,0,12.4,0.5,1.79,2
2,12,2,9,1,3,1,3,27,10,10,0,0,0,1,0,0,30,0,4,7,9,7,11.75,0,3,8,12,7,11.142857142857142,0,12.7,3.7,-1.7,0
1,14,2,15,1,1,1,13,14,1,1,0,0,0,1,1,0,23,0,0,6,9,6,12.333333333333334,0,0,6,11,5,13.0,0,7.6,2.6,0.32,2
1,8,2,15,1,1,1,3,1,3,8,1,0,0,1,0,1,20,0,0,6,6,6,14.0,0,0,6,7,6,13.857142857142858,0,15.5,2.8,-4.06,0
1,1,1,14,1,1,1,13,27,6,8,0,0,0,1,1,0,21,0,0,5,7,4,11.5,0,0,5,6,4,11.75,0,9.4,-0.8,-3.12,2
1,1,1,9,1,1,1,23,14,6,8,0,0,0,1,1,0,19,0,0,5,6,5,11.2,0,0,5,5,5,13.2,0,12.4,0.5,1.79,2
1,8,4,12,1,1,1,1,14,5,4,1,0,0,1,1,1,18,0,0,8,8,7,15.07,0,0,8,8,7,15.07,0,10.8,1.4,1.74,2
1,13,1,7,1,1,1,19,24,1,1,0,0,0,1,1,0,18,0,0,5,6,1,10.0,0,0,5,7,1,12.0,0,10.8,1.4,1.74,0
1,12,1,17,0,1,1,1,1,5,11,0,0,0,1,1,0,24,0,0,5,5,4,12.0,0,0,5,6,5,12.666666666666666,0,12.4,0.5,1.79,1
1,9,1,14,1,1,1,1,27,10,10,1,0,0,1,1,0,22,0,0,6,11,4,13.0,0,0,6,11,4,12.6,0,12.7,3.7,-1.7,2
1,8,4,11,1,1,1,13,1,6,6,1,0,0,1,1,0,18,0,0,6,7,4,11.0,0,0,6,7,3,11.25,0,16.2,0.3,-0.92,0
1,7,2,10,1,1,1,22,27,6,7,1,0,0,1,0,0,18,0,0,6,8,6,13.571428571428571,0,0,6,11,5,12.166666666666666,0,9.4,-0.8,-3.12,2
1,1,2,5,1,1,17,2,1,10,2,1,0,0,1,1,0,21,1,0,6,7,5,14.6,0,0,6,6,5,14.2,0,16.2,0.3,-0.92,2
4,12,1,12,1,1,1,22,27,10,10,0,0,1,1,0,0,38,0,0,7,13,3,11.833333333333334,0,0,7,14,2,10.0,0,16.2,0.3,-0.92,0
1,9,1,13,1,1,1,23,27,10,10,0,0,0,1,0,1,19,0,0,7,11,7,12.625,0,0,8,11,8,12.5125,0,12.7,3.7,-1.7,2
6,12,1,12,1,1,1,22,27,10,10,0,0,0,1,0,0,36,0,0,7,12,4,11.5,0,0,7,14,3,12.333333333333334,0,16.2,0.3,-0.92,0
1,7,1,6,1,1,1,1,1,10,10,1,0,0,1,0,0,18,0,0,5,8,4,13.25,1,0,5,10,4,10.5,0,12.7,3.7,-1.7,2
1,1,3,12,1,1,1,13,14,6,6,1,0,0,1,0,0,19,0,0,7,9,7,12.60625,0,0,8,12,6,11.9,0,12.4,0.5,1.79,2
1,17,1,6,1,16,1,13,28,10,10,0,0,1,0,0,0,21,0,7,10,15,8,13.75,0,4,9,17,5,13.2,0,8.9,1.4,3.51,0
1,1,2,12,1,1,1,13,28,30,43,1,0,0,1,0,0,19,0,0,7,10,6,13.598333333333334,0,0,8,11,6,11.933333333333332,0,11.1,0.6,2.02,1
1,1,1,10,1,1,1,13,14,10,10,0,0,0,1,0,1,18,0,0,6,11,5,11.142857142857142,0,0,6,8,6,12.285714285714286,0,16.2,0.3,-0.92,2
2,4,1,12,1,3,1,22,14,10,8,1,0,0,1,0,0,45,0,7,11,11,11,12.7,0,6,10,12,10,12.96818181818182,0,13.9,-0.3,0.79,1
1,8,1,9,1,1,1,22,27,10,8,1,0,0,1,0,0,20,0,0,5,9,1,10.0,0,0,5,10,1,11.0,0,7.6,2.6,0.32,0
1,8,1,11,1,1,1,13,1,6,8,1,0,1,1,0,0,18,0,0,6,8,6,11.666666666666666,0,0,6,10,4,11.5,0,13.9,-0.3,0.79,2
1,1,1,14,1,1,1,1,14,5,5,0,0,0,1,0,1,18,0,0,6,8,6,14.0,0,0,6,7,6,13.142857142857142,0,11.1,0.6,2.02,2
1,4,2,8,1,3,1,19,24,1,1,0,0,0,1,0,0,25,0,0,5,9,0,0.0,4,0,5,9,0,0.0,3,10.8,1.4,1.74,0
1,1,6,12,1,1,1,1,1,5,5,1,0,0,1,0,0,19,0,0,8,9,7,12.04142857142857,0,0,8,9,7,12.04142857142857,0,10.8,1.4,1.74,2
1,1,1,2,1,1,1,13,14,8,8,1,0,0,1,0,1,18,0,0,0,0,0,0.0,0,0,0,0,0,0.0,0,13.9,-0.3,0.79,2
1,4,1,11,1,15,1,1,1,4,7,0,0,0,1,0,0,39,0,12,13,14,13,13.76923076923077,0,9,12,16,12,14.583333333333334,0,13.9,-0.3,0.79,2
2,12,1,4,1,1,1,23,27,10,10,0,0,0,1,0,0,29,0,13,18,20,18,15.444444444444445,0,11,13,13,13,15.307692307692308,0,15.5,2.8,-4.06,2
1,8,1,16,1,1,1,13,14,5,8,1,0,0,1,0,0,18,0,0,7,9,6,11.5,0,0,7,8,7,12.714285714285714,0,13.9,-0.3,0.79,1
1,4,1,5,1,3,1,22,2,10,4,0,0,0,0,0,0,23,0,0,3,3,2,10.0,0,0,6,0,0,0.0,0,10.8,1.4,1.74,0
1,13,1,16,1,1,1,1,27,6,6,1,0,0,1,0,0,21,0,0,6,8,4,12.25,0,0,6,13,3,10.333333333333334,0,12.7,3.7,-1.7,0
1,1,1,10,1,1,1,1,14,5,5,0,0,0,0,0,0,18,0,0,6,6,6,14.5,0,0,6,6,6,15.166666666666666,0,10.8,1.4,1.74,2
1,4,1,6,1,15,1,1,14,6,6,1,0,0,1,0,0,23,0,0,6,7,6,15.571428571428571,0,0,6,8,6,16.375,0,12.4,0.5,1.79,2
1,1,1,8,1,1,1,1,14,5,5,0,0,0,1,0,0,18,0,0,6,7,6,15.571428571428571,0,0,6,7,6,14.714285714285714,0,11.1,0.6,2.02,2
2,12,1,3,0,12,1,22,27,5,9,0,0,0,1,0,0,32,0,0,6,8,5,13.8,0,0,6,7,6,12.166666666666666,0,9.4,-0.8,-3.12,2
2,12,2,9,1,1,1,13,27,10,8,0,0,1,0,0,0,29,0,0,5,8,3,10.666666666666666,0,0,5,14,2,14.8,0,10.8,1.4,1.74,0
1,1,6,10,1,1,1,1,28,32,35,1,0,1,1,0,1,20,0,0,6,8,5,11.6,0,0,6,8,4,11.75,0,8.9,1.4,3.51,2
1,12,1,10,1,1,1,19,24,1,1,1,0,0,0,0,0,28,0,0,6,11,1,13.0,0,0,6,12,0,0.0,0,9.4,-0.8,-3.12,0
1,4,1,9,1,3,1,23,28,2,10,0,0,0,1,0,0,27,0,0,5,9,3,12.0,0,0,5,11,4,13.625,0,10.8,1.4,1.74,2
1,14,2,12,1,1,1,22,24,12,1,0,0,1,1,0,0,22,0,11,14,14,12,12.333333333333334,2,11,14,14,12,12.333333333333334,2,7.6,2.6,0.32,2
2,12,1,4,1,12,1,13,27,10,11,0,0,1,1,0,0,37,0,0,6,10,6,12.875,0,0,6,12,6,12.9,0,16.2,0.3,-0.92,1
1,4,1,3,0,3,1,22,28,1,6,0,0,0,0,0,0,28,0,0,6,12,1,11.0,0,0,6,0,0,0.0,0,12.7,3.7,-1.7,0
2,12,1,4,1,1,1,22,27,10,10,0,0,1,0,0,0,43,0,0,6,10,4,12.25,0,0,6,13,4,10.5,0,8.9,1.4,3.51,0
1,14,1,13,1,1,1,22,27,10,10,1,0,0,0,0,0,32,0,0,7,7,0,0.0,7,0,8,8,0,0.0,7,10.8,1.4,1.74,0
1,8,1,10,1,1,1,1,1,10,10,0,0,0,1,0,1,20,0,0,6,11,4,10.75,0,0,6,13,5,11.5,0,15.5,2.8,-4.06,1
4,12,1,12,1,12,1,23,1,10,5,0,0,0,1,0,1,35,0,0,8,9,8,13.63,1,0,8,9,8,13.63,1,9.4,-0.8,-3.12,2
1,1,1,14,1,1,1,22,27,1,1,1,0,0,1,0,0,21,0,0,5,8,3,13.0,0,0,5,7,4,11.5,1,7.6,2.6,0.32,2
1,1,4,12,1,1,1,13,14,8,10,1,0,0,1,0,1,18,0,0,7,9,6,13.533333333333331,0,0,7,7,7,12.228571428571428,0,12.4,0.5,1.79,1
1,1,1,12,1,1,1,3,28,4,8,0,0,0,1,0,1,18,0,0,7,7,7,16.9,0,0,8,9,8,16.37777777777778,0,16.2,0.3,-0.92,2
1,8,4,10,1,1,1,13,14,6,9,1,0,0,1,0,0,18,0,0,6,10,5,12.0,0,0,6,11,4,12.0,0,16.2,0.3,-0.92,2
1,15,1,3,0,14,1,13,27,8,7,1,0,0,1,0,0,22,0,3,6,6,6,12.5,0,2,6,7,6,13.285714285714286,0,12.4,0.5,1.79,2
1,1,2,12,1,1,1,1,1,5,11,1,0,0,1,0,0,19,0,0,8,8,7,12.764285714285714,0,0,8,8,7,12.764285714285714,0,10.8,1.4,1.74,2
1,9,2,9,1,1,1,13,28,10,8,1,0,0,1,0,1,18,0,0,5,8,5,13.75,0,0,5,6,5,12.166666666666666,0,13.9,-0.3,0.79,2
1,1,2,2,1,1,1,24,1,4,5,1,0,1,1,0,0,19,0,0,0,0,0,0.0,0,0,0,0,0,0.0,0,12.4,0.5,1.79,0
1,1,1,12,1,1,1,13,1,10,6,0,0,0,1,0,1,18,0,0,7,7,7,14.604285714285712,0,0,8,9,8,15.68333333333333,0,11.1,0.6,2.02,2
2,12,1,17,0,12,1,13,29,6,4,0,0,1,0,0,0,31,0,0,5,7,0,0.0,0,0,5,7,0,0.0,0,16.2,0.3,-0.92,0
2,12,1,3,0,12,1,1,14,2,6,0,0,1,1,0,1,33,0,0,6,9,5,13.833333333333334,0,0,6,7,6,12.5,0,9.4,-0.8,-3.12,2
1,1,3,12,1,1,1,13,28,8,8,1,0,0,1,0,1,19,0,0,8,8,8,13.57625,0,0,8,8,8,13.57625,0,9.4,-0.8,-3.12,2
1,8,1,10,1,1,1,23,28,8,8,1,0,0,1,0,1,18,0,0,6,7,6,15.142857142857142,0,0,6,6,6,15.833333333333334,0,12.7,3.7,-1.7,2
1,1,1,9,1,1,1,7,14,5,4,0,0,0,1,0,0,23,0,0,5,8,3,10.666666666666666,0,0,5,8,5,11.6,0,7.6,2.6,0.32,2
1,8,1,10,1,1,1,23,28,6,8,1,0,0,1,0,0,20,0,0,6,11,5,11.2,0,0,6,6,6,12.0,0,9.4,-0.8,-3.12,2
1,1,5,12,1,1,1,23,28,5,9,1,0,0,1,0,0,18,0,0,8,8,8,13.76375,0,0,8,8,8,13.76375,0,9.4,-0.8,-3.12,2
1,17,1,6,1,16,1,1,1,5,4,1,0,1,1,0,0,21,0,7,9,10,8,13.25,0,4,9,14,5,12.2,0,8.9,1.4,3.51,1
1,1,1,10,1,1,1,13,28,6,7,0,0,0,1,0,1,22,0,0,6,10,5,10.714285714285714,0,0,6,10,5,12.2,0,12.7,3.7,-1.7,2
1,1,1,10,1,1,1,1,14,5,5,1,0,1,1,0,0,20,0,0,6,6,6,12.166666666666666,0,0,6,7,6,11.666666666666666,0,9.4,-0.8,-3.12,2
1,4,1,12,1,3,1,13,28,5,11,1,0,0,1,0,0,23,0,1,7,8,6,14.357142857142858,0,1,7,8,6,14.357142857142858,0,7.6,2.6,0.32,2
1,8,2,15,1,1,1,3,1,5,6,1,0,0,1,0,0,19,0,0,6,6,6,12.833333333333334,0,0,6,6,6,12.666666666666666,0,16.2,0.3,-0.92,2
1,8,6,12,1,1,1,1,27,2,2,1,0,0,1,0,0,19,0,0,8,8,7,13.925714285714283,0,0,8,8,7,13.925714285714283,0,10.8,1.4,1.74,2
1,12,1,17,0,1,1,13,28,8,5,0,0,0,1,0,0,26,0,0,5,9,2,12.0,0,0,5,9,3,11.0,0,10.8,1.4,1.74,0
1,1,6,12,1,1,1,1,27,5,4,1,0,0,1,0,0,18,0,0,7,7,7,13.44285714285714,0,0,8,9,8,13.744444444444444,0,16.2,0.3,-0.92,2
1,9,1,7,1,1,1,1,27,8,8,1,0,0,1,1,0,18,0,0,5,5,1,16.0,0,0,5,5,0,0.0,0,9.4,-0.8,-3.12,0
1,15,1,4,1,14,1,23,27,10,10,1,0,0,1,1,0,20,0,0,6,8,6,13.125,0,0,6,10,6,13.2,0,16.2,0.3,-0.92,2
1,1,1,14,1,1,1,3,1,5,5,0,0,0,1,1,0,19,0,0,6,7,0,0.0,0,0,6,6,0,0.0,0,15.5,2.8,-4.06,0
1,14,1,17,0,1,1,22,27,10,10,0,0,0,0,1,0,32,0,5,9,9,5,11.4,0,4,4,4,4,11.0,0,10.8,1.4,1.74,0
2,12,1,8,1,1,1,13,14,5,5,0,0,0,0,1,0,31,0,0,4,12,2,11.0,2,0,5,9,3,11.666666666666666,0,9.4,-0.8,-3.12,0
1,12,1,7,1,12,1,1,14,5,6,0,0,0,1,1,0,25,0,0,5,13,1,11.0,0,0,5,11,1,10.0,0,13.9,-0.3,0.79,1
1,13,1,6,1,14,1,13,3,10,2,1,0,0,1,0,0,21,0,2,6,14,5,13.666666666666666,0,2,6,10,5,13.0,0,16.2,0.3,-0.92,2
2,14,1,17,0,1,1,22,27,5,10,0,0,0,0,0,0,31,0,2,6,10,4,11.75,0,0,5,6,1,10.0,0,12.7,3.7,-1.7,0
2,12,1,16,1,1,1,22,27,6,6,0,0,0,1,0,0,34,0,0,7,11,1,10.0,0,0,7,7,1,13.0,0,16.2,0.3,-0.92,0
1,1,1,10,1,1,1,13,14,10,10,0,0,0,1,0,1,18,0,0,6,8,6,13.5,0,0,6,9,6,12.833333333333334,0,11.1,0.6,2.02,2
1,1,3,10,1,1,1,13,14,10,10,1,0,1,1,0,0,19,0,0,6,0,0,0.0,0,0,6,0,0,0.0,0,12.4,0.5,1.79,0
1,17,1,14,1,16,1,13,27,4,7,1,0,1,1,0,0,21,0,0,6,12,1,12.0,0,0,6,11,1,11.0,0,8.9,1.4,3.51,1
1,1,2,16,1,1,1,23,27,6,4,1,0,0,0,0,0,18,0,0,6,11,3,13.0,0,0,6,10,5,11.8,0,9.4,-0.8,-3.12,0
1,1,1,11,1,1,1,13,29,5,9,1,0,0,1,0,0,20,0,0,6,7,6,14.833333333333334,0,0,6,6,6,16.0,0,11.1,0.6,2.02,2
1,14,1,15,1,1,1,23,27,10,6,1,0,0,1,0,0,20,0,0,6,6,6,11.833333333333334,0,0,6,7,6,12.857142857142858,0,15.5,2.8,-4.06,2
1,8,3,14,1,1,1,23,28,8,9,1,1,0,1,0,1,18,0,0,6,10,5,12.0,0,0,6,11,5,12.333333333333334,0,11.1,0.6,2.02,2
1,1,1,10,1,1,1,23,28,8,9,1,0,0,1,0,0,19,0,0,6,11,4,12.75,0,0,6,7,6,11.333333333333334,0,7.6,2.6,0.32,2
1,14,1,6,1,1,1,13,14,6,2,1,0,0,1,0,0,19,0,0,5,5,0,0.0,5,0,5,7,4,14.75,1,12.7,3.7,-1.7,1
4,12,1,8,1,1,1,3,1,6,6,1,0,0,1,0,1,30,0,0,6,7,0,0.0,0,0,6,16,1,10.0,0,11.1,0.6,2.02,0
1,8,1,10,1,1,1,13,28,6,6,1,0,0,1,0,0,19,0,0,6,6,6,12.0,0,0,6,7,6,12.857142857142858,0,11.1,0.6,2.02,2
1,1,3,13,1,1,1,23,27,8,8,1,0,0,1,0,0,19,0,0,7,9,7,11.677777777777775,0,0,8,8,8,13.8,0,12.7,3.7,-1.7,2
1,1,4,12,1,1,1,1,27,5,8,1,0,0,1,0,1,19,0,0,8,8,7,13.6,0,0,8,8,7,13.6,0,12.7,3.7,-1.7,2
1,1,1,6,1,1,1,13,28,10,10,1,0,0,1,0,0,19,0,0,6,7,6,16.0,0,0,6,8,6,15.875,0,12.4,0.5,1.79,2
1,1,3,10,1,1,1,1,1,4,4,1,0,0,1,0,0,20,0,0,6,9,5,11.8,0,0,6,7,6,11.5,0,7.6,2.6,0.32,2
1,13,1,7,1,1,1,13,27,10,4,0,0,1,1,1,0,25,0,0,5,5,0,0.0,0,2,6,7,2,14.0,0,13.9,-0.3,0.79,0
1,1,2,15,1,1,1,13,14,10,10,0,0,0,1,1,0,19,0,0,6,0,0,0.0,0,0,6,0,0,0.0,0,12.4,0.5,1.79,0
2,12,1,16,1,1,1,22,14,8,4,0,0,1,1,0,1,34,0,0,6,7,6,16.142857142857142,0,0,6,10,6,16.2,0,9.4,-0.8,-3.12,2
1,9,2,12,1,1,1,23,27,10,6,1,0,0,1,0,1,18,0,0,8,8,7,11.785714285714286,0,0,8,8,7,11.785714285714286,0,12.7,3.7,-1.7,2
1,1,6,12,1,1,1,1,1,5,6,1,0,0,1,0,1,18,0,0,8,8,8,13.42375,0,0,8,8,8,13.42375,0,9.4,-0.8,-3.12,2
1,1,1,14,1,1,1,23,28,10,11,0,0,0,1,0,0,20,0,0,6,8,6,12.5,0,0,6,10,5,14.166666666666666,0,11.1,0.6,2.02,2
1,8,2,12,1,1,1,13,27,10,8,1,0,0,1,0,1,20,0,0,8,8,7,12.464285714285714,0,0,8,8,7,12.464285714285714,0,10.8,1.4,1.74,2
1,17,1,17,0,1,1,23,28,29,44,0,0,1,1,0,0,23,0,6,11,18,8,12.375,0,3,9,15,5,12.6,0,8.9,1.4,3.51,1
1,12,1,14,1,1,1,22,27,7,7,0,0,0,1,0,0,28,0,0,6,8,1,10.0,0,0,6,9,0,0.0,0,10.8,1.4,1.74,0
1,8,1,15,1,1,1,22,14,10,11,0,0,0,1,0,0,18,0,0,6,8,5,12.6,0,0,6,10,6,12.428571428571429,0,15.5,2.8,-4.06,1
1,14,1,9,1,1,1,13,28,10,10,1,0,0,1,0,0,19,0,0,5,5,5,12.6,0,0,5,6,4,12.4,0,16.2,0.3,-0.92,2
2,1,1,9,1,1,1,23,27,10,9,1,0,0,1,0,0,34,0,0,5,7,2,10.0,0,0,5,6,4,12.0,0,7.6,2.6,0.32,0
2,16,1,16,1,1,1,22,27,8,9,0,0,0,1,0,0,35,0,0,7,7,0,0.0,0,0,6,0,0,0.0,0,8.9,1.4,3.51,0
1,4,1,17,0,15,1,22,27,10,8,0,0,0,1,0,0,32,0,0,5,7,5,11.6,0,0,5,8,5,12.333333333333334,0,12.4,0.5,1.79,2
1,8,2,11,1,1,1,13,14,5,8,1,0,0,1,0,0,19,0,0,6,8,6,12.166666666666666,0,0,6,6,6,13.5,0,11.1,0.6,2.02,2
1,8,5,14,1,1,1,1,14,10,8,1,0,0,1,0,0,18,0,0,6,10,4,13.6,0,0,6,7,5,12.666666666666666,0,11.1,0.6,2.02,2
2,12,1,9,1,1,1,22,27,10,10,0,0,0,0,0,0,35,0,0,5,8,4,12.5,1,0,5,8,5,11.8,0,9.4,-0.8,-3.12,0
1,12,1,3,0,1,1,1,10,5,6,0,0,0,1,1,1,24,0,0,6,6,4,12.25,0,0,6,10,4,11.5,0,12.4,0.5,1.79,1
1,8,1,10,1,1,1,13,27,10,10,1,0,0,1,0,1,20,0,0,6,7,6,11.714285714285714,0,0,6,8,6,12.625,0,13.9,-0.3,0.79,2
1,1,3,15,1,1,4,13,14,5,10,1,0,0,1,1,1,18,1,0,6,7,6,13.5,0,0,6,7,6,13.0,0,16.2,0.3,-0.92,2
1,1,3,12,1,1,1,23,14,8,10,1,0,0,1,1,1,20,0,0,8,8,7,13.024285714285714,0,0,8,8,7,13.024285714285714,0,10.8,1.4,1.74,2
1,8,5,11,1,1,1,1,14,5,8,1,0,0,0,1,0,18,0,0,6,12,0,0.0,0,0,6,0,0,0.0,0,9.4,-0.8,-3.12,0
1,1,1,7,1,1,1,13,14,5,5,0,0,0,1,1,1,18,0,0,5,6,5,17.333333333333332,0,0,5,8,5,18.571428571428573,0,12.4,0.5,1.79,2
1,1,1,14,1,1,1,13,27,6,8,0,0,0,1,1,1,20,0,0,5,7,4,11.0,0,0,5,7,4,11.5,0,9.4,-0.8,-3.12,2
1,8,2,16,1,1,1,13,28,4,4,1,0,0,1,1,0,19,0,0,7,10,6,13.666666666666666,0,0,7,9,6,12.5,0,12.4,0.5,1.79,0
1,1,2,5,1,1,1,1,1,5,10,1,0,0,1,1,1,20,0,0,6,9,6,11.375,0,0,6,6,5,13.8,0,7.6,2.6,0.32,1
1,1,1,10,1,1,1,13,1,10,10,0,0,0,1,1,0,19,0,0,6,6,6,12.833333333333334,0,0,6,8,6,11.833333333333334,0,10.8,1.4,1.74,2
1,1,1,15,1,1,1,21,27,1,1,1,0,0,1,1,0,20,0,0,6,9,5,12.6,0,0,6,11,4,11.5,0,7.6,2.6,0.32,2
1,1,1,12,1,1,1,13,14,10,8,1,0,0,1,1,0,22,0,0,7,8,6,14.333333333333334,0,0,8,9,7,13.771428571428572,0,11.1,0.6,2.02,2
1,8,2,7,1,1,1,1,14,10,9,0,0,0,1,1,1,18,0,0,5,8,4,13.5,0,0,6,10,6,13.625,0,11.1,0.6,2.02,1
1,1,1,12,1,1,1,23,28,10,10,0,0,0,1,1,0,19,0,0,8,8,7,14.285714285714286,0,0,8,8,7,14.285714285714286,0,12.7,3.7,-1.7,2
1,15,1,4,1,14,1,1,14,10,8,0,0,0,1,1,0,22,0,2,6,15,3,11.75,0,0,6,12,2,10.0,0,13.9,-0.3,0.79,0
1,8,5,7,1,1,4,4,10,3,10,1,0,0,1,1,0,20,1,0,5,5,5,14.8,0,0,5,5,5,17.6,0,8.9,1.4,3.51,2
2,12,1,4,1,1,1,1,31,10,4,0,0,1,0,1,0,34,0,0,6,7,0,0.0,0,0,6,0,0,0.0,0,12.4,0.5,1.79,0
2,12,1,3,0,12,1,1,1,5,5,0,0,0,1,1,0,24,0,0,6,14,1,10.0,0,0,5,5,0,0.0,0,16.2,0.3,-0.92,0
1,12,2,14,1,1,1,19,24,1,1,1,0,0,1,1,0,26,0,0,5,5,0,0.0,0,0,5,5,0,0.0,0,7.6,2.6,0.32,0
1,12,1,12,1,1,1,22,27,10,7,0,0,0,1,1,0,35,0,0,7,10,4,12.6,0,0,7,9,5,12.38,0,12.4,0.5,1.79,0
1,1,1,17,0,1,1,2,27,5,10,1,0,0,1,1,0,22,0,0,5,9,5,12.428571428571429,1,0,5,7,5,11.8,0,7.6,2.6,0.32,2
1,9,1,11,1,1,1,23,28,6,6,1,0,0,1,1,0,26,0,0,6,10,4,10.0,0,0,6,11,3,12.0,0,9.4,-0.8,-3.12,1
1,8,1,9,1,1,1,1,14,4,5,0,0,0,1,1,0,19,0,0,5,7,3,12.333333333333334,0,0,5,5,0,0.0,0,8.9,1.4,3.51,0
1,1,5,11,1,1,1,3,14,4,10,1,0,0,0,1,0,19,0,0,6,0,0,0.0,0,0,6,0,0,0.0,0,8.9,1.4,3.51,0
1,15,1,2,1,14,1,3,3,3,3,0,0,1,1,1,0,20,0,0,0,0,0,0.0,0,0,0,0,0,0.0,0,15.5,2.8,-4.06,2
1,16,1,14,1,1,1,3,3,2,11,0,0,1,1,1,0,21,0,5,11,12,10,12.1,0,2,8,9,8,13.333333333333334,0,11.1,0.6,2.02,2
1,1,2,15,1,1,1,1,14,8,8,1,0,0,1,0,1,19,0,0,6,7,6,14.714285714285714,0,0,6,6,6,15.0,0,13.9,-0.3,0.79,2
1,1,3,15,1,1,1,13,14,10,10,1,0,0,1,0,0,18,0,0,6,6,6,12.666666666666666,0,0,6,7,6,12.833333333333334,0,12.7,3.7,-1.7,2
1,17,1,4,1,16,1,1,28,9,9,0,0,0,1,0,1,23,0,7,12,14,12,14.384615384615383,0,5,10,12,10,13.3,0,8.9,1.4,3.51,2
1,8,3,9,1,1,1,13,28,6,8,1,0,0,1,0,1,18,0,0,5,5,5,13.4,0,0,5,6,5,12.2,0,12.7,3.7,-1.7,2
1,9,1,12,1,1,1,22,28,6,8,1,0,0,1,0,0,18,0,0,8,8,7,13.314285714285717,0,0,8,8,7,13.314285714285717,0,12.7,3.7,-1.7,2
1,1,3,12,1,1,1,23,28,10,10,1,0,0,1,0,0,19,0,0,8,8,7,11.98857142857143,0,0,8,8,7,11.98857142857143,0,10.8,1.4,1.74,2
1,17,1,9,1,16,1,1,14,21,37,1,0,0,1,0,0,21,0,6,11,17,11,11.545454545454543,0,3,9,13,8,12.88888888888889,0,8.9,1.4,3.51,2
1,1,1,6,1,1,1,22,27,10,7,1,0,0,1,0,1,18,0,0,6,13,6,16.46153846153846,0,0,6,8,6,13.875,0,15.5,2.8,-4.06,2
1,1,1,15,1,1,1,23,27,10,6,1,0,0,1,0,1,24,0,0,6,7,6,13.666666666666666,0,0,6,6,6,12.833333333333334,0,10.8,1.4,1.74,2
1,1,4,12,1,1,1,3,29,3,4,1,0,0,1,0,0,18,0,0,7,8,7,12.65,0,0,8,9,8,13.411111111111111,0,16.2,0.3,-0.92,0
1,1,1,14,1,1,1,13,1,6,8,1,0,0,1,0,0,18,0,0,6,7,6,12.333333333333334,0,0,6,10,3,12.0,0,13.9,-0.3,0.79,1
1,8,2,12,1,1,1,13,27,10,8,1,0,0,1,0,0,20,0,0,7,8,6,14.37,0,0,8,10,7,14.65,0,12.4,0.5,1.79,2
1,8,2,6,1,1,1,1,14,5,10,1,0,0,1,0,0,19,0,0,5,13,3,12.0,2,0,5,8,4,11.75,0,9.4,-0.8,-3.12,1
1,1,5,15,1,1,1,19,28,1,9,1,0,0,0,0,1,18,0,0,6,12,3,12.0,0,0,6,15,3,10.666666666666666,0,7.6,2.6,0.32,0
1,14,1,11,1,1,1,1,14,6,8,0,0,0,1,0,1,19,0,0,6,11,4,12.0,0,0,6,14,3,11.0,0,10.8,1.4,1.74,0
1,8,2,16,1,1,1,1,28,5,9,1,0,0,1,0,0,19,0,0,6,10,5,12.6,0,0,6,7,5,11.2,0,10.8,1.4,1.74,2
1,1,5,10,1,3,1,1,28,10,4,0,0,1,1,0,0,18,0,0,6,6,6,12.166666666666666,0,0,6,6,6,12.333333333333334,0,10.8,1.4,1.74,2
1,1,2,16,1,1,1,13,1,32,16,1,0,0,1,0,0,20,0,0,7,8,6,13.5,0,0,7,8,6,14.0,0,11.1,0.6,2.02,1
1,1,5,12,1,1,1,23,28,10,10,1,0,0,1,0,1,18,0,0,8,8,8,13.76375,0,0,8,8,8,13.76375,0,9.4,-0.8,-3.12,2
1,8,6,13,1,1,1,23,28,6,6,1,0,0,1,0,1,19,0,0,7,11,6,12.4,0,0,7,8,6,12.8,0,11.1,0.6,2.02,2
1,8,3,9,1,1,1,3,28,3,11,1,0,0,1,0,0,18,0,0,5,16,4,10.666666666666666,0,0,5,11,2,12.0,0,13.9,-0.3,0.79,1
1,1,2,12,1,1,1,22,27,10,10,1,0,0,1,0,0,18,0,0,7,7,6,14.333333333333334,0,0,7,7,6,14.333333333333334,0,7.6,2.6,0.32,2
1,1,1,6,1,1,1,1,27,5,10,1,0,0,1,0,0,21,0,0,6,12,4,12.5,0,0,6,13,2,12.666666666666666,0,11.1,0.6,2.02,1
1,8,1,11,1,1,1,19,28,1,8,1,0,1,0,0,0,19,0,0,6,14,1,10.0,0,0,6,13,0,0.0,0,7.6,2.6,0.32,0
1,1,4,12,1,1,1,1,1,4,4,1,0,0,1,0,0,21,0,0,7,8,7,14.69625,0,0,8,9,8,14.622222222222224,0,12.4,0.5,1.79,2
1,1,1,6,1,1,1,4,1,3,10,0,0,0,1,0,0,18,0,0,6,14,4,11.5,0,0,6,17,3,13.75,0,11.1,0.6,2.02,1
1,8,3,13,1,1,1,13,28,10,8,0,0,0,1,0,1,18,0,0,7,9,7,12.855555555555556,0,0,8,8,8,13.9125,0,12.7,3.7,-1.7,2
1,1,1,12,1,1,1,1,1,4,11,0,0,0,1,0,0,18,0,0,7,7,7,13.7,0,0,8,9,8,13.994444444444444,0,11.1,0.6,2.02,2
1,1,1,8,1,1,1,3,1,2,4,0,0,0,0,0,0,23,0,0,5,9,0,0.0,3,1,5,10,1,12.0,3,10.8,1.4,1.74,0
1,1,1,10,1,1,1,13,27,8,8,1,0,0,1,0,0,20,0,0,6,13,3,11.2,0,0,6,9,4,12.0,0,16.2,0.3,-0.92,1
1,1,1,12,1,1,1,23,28,6,6,0,0,0,1,0,0,18,0,0,7,7,7,13.285714285714286,0,0,8,9,8,13.333333333333334,0,16.2,0.3,-0.92,2
1,8,2,16,1,1,1,1,14,3,11,1,0,0,1,0,0,19,0,0,6,9,5,13.0,0,0,6,8,5,10.4,0,7.6,2.6,0.32,1
1,12,1,12,1,1,1,1,28,4,8,0,0,0,1,0,1,27,0,0,7,8,6,12.6,0,0,7,9,6,11.685714285714283,0,12.4,0.5,1.79,1
1,8,1,9,1,1,1,22,27,10,7,1,0,1,0,0,1,19,0,0,5,5,5,12.8,0,0,5,5,4,12.0,0,11.1,0.6,2.02,1
1,14,1,8,1,1,1,1,14,10,10,1,0,0,1,0,0,21,0,0,6,14,5,11.5,1,0,6,13,5,11.0,1,15.5,2.8,-4.06,0
1,9,1,12,1,1,1,22,28,8,9,1,0,0,1,0,1,19,0,0,8,8,7,11.4,0,0,8,8,7,11.4,0,10.8,1.4,1.74,2
1,15,1,10,1,1,1,22,27,7,10,0,0,0,1,0,1,21,0,3,6,6,6,12.333333333333334,0,2,6,8,6,11.333333333333334,0,13.9,-0.3,0.79,2
1,1,5,15,1,1,1,13,14,10,10,1,0,0,1,0,0,18,0,0,6,7,5,12.8,0,0,6,10,4,12.2,0,10.8,1.4,1.74,2
1,8,1,6,1,1,1,13,28,8,8,1,0,0,1,0,1,20,0,0,5,8,5,12.0,1,0,5,8,4,15.0,1,12.7,3.7,-1.7,2
1,1,1,16,1,1,1,22,27,10,8,1,0,0,1,0,1,18,0,0,6,8,5,13.0,0,0,6,9,5,13.5,0,9.4,-0.8,-3.12,2
1,8,1,5,1,1,1,1,1,5,9,1,0,1,0,0,1,18,0,0,6,6,6,11.833333333333334,0,0,6,8,6,11.0,0,12.7,3.7,-1.7,0
1,1,3,6,1,1,1,1,3,5,5,1,0,0,1,0,0,18,0,0,6,8,6,14.0,0,0,6,9,6,13.333333333333334,0,8.9,1.4,3.51,2
1,8,4,15,1,1,1,1,1,4,4,1,0,0,1,0,1,18,0,0,6,6,6,12.333333333333334,0,0,6,6,6,13.5,0,16.2,0.3,-0.92,2
1,1,3,12,1,1,1,1,1,8,8,1,0,0,1,0,1,19,0,0,7,10,5,13.04,0,0,7,7,7,12.5,0,12.4,0.5,1.79,1
1,17,1,6,1,16,1,13,28,9,10,1,0,1,0,0,0,23,0,7,11,18,11,13.166666666666666,0,4,9,15,8,13.333333333333334,0,8.9,1.4,3.51,1
1,12,1,6,1,12,1,13,14,5,10,1,0,0,1,0,1,24,0,1,6,7,6,12.5,0,0,6,11,6,12.833333333333334,0,8.9,1.4,3.51,2
1,1,1,2,1,1,1,1,1,4,4,1,0,0,1,0,0,19,0,0,0,0,0,0.0,0,0,0,0,0,0.0,0,10.8,1.4,1.74,2
1,1,3,12,1,1,1,13,14,10,10,1,0,0,1,0,0,18,0,0,8,8,7,15.657142857142857,0,0,8,8,7,15.657142857142857,0,12.7,3.7,-1.7,2
1,1,2,5,1,1,1,1,14,5,4,0,0,0,1,0,0,19,0,0,6,6,6,12.166666666666666,0,0,6,6,6,11.333333333333334,0,12.7,3.7,-1.7,2
1,8,2,16,1,1,1,23,14,5,10,1,0,0,1,0,0,19,0,0,6,0,0,0.0,0,0,6,0,0,0.0,0,10.8,1.4,1.74,0
1,1,1,10,1,1,1,1,28,6,9,0,0,0,1,0,1,20,0,0,6,11,5,10.6,0,0,6,9,5,11.166666666666666,0,11.1,0.6,2.02,1
1,1,1,6,1,1,1,1,10,5,6,0,0,0,1,0,0,20,0,0,6,10,6,13.428571428571429,0,0,6,11,5,12.666666666666666,0,13.9,-0.3,0.79,1
1,12,1,15,1,1,1,19,27,1,1,0,0,0,1,0,0,26,0,0,6,8,4,11.75,0,0,6,12,0,0.0,0,7.6,2.6,0.32,0
1,12,1,11,1,12,1,13,1,10,6,0,0,1,0,1,0,36,0,0,5,10,0,0.0,0,0,5,5,0,0.0,0,15.5,2.8,-4.06,0
1,8,1,2,1,1,1,1,1,5,11,0,0,0,0,1,0,19,0,0,0,0,0,0.0,0,0,0,0,0,0.0,0,10.8,1.4,1.74,0
1,13,1,7,1,1,1,13,27,10,10,0,0,0,0,1,0,27,0,0,5,0,0,0.0,0,0,5,0,0,0.0,0,15.5,2.8,-4.06,0
1,1,4,7,1,1,1,3,1,15,31,0,0,0,1,1,0,18,0,0,5,9,1,13.0,0,0,5,5,0,0.0,0,8.9,1.4,3.51,0
1,1,4,12,1,1,1,22,28,10,10,1,0,0,1,1,1,18,0,0,8,8,7,13.331428571428573,0,0,8,8,7,13.331428571428573,0,10.8,1.4,1.74,2
1,12,1,5,1,1,1,23,28,6,6,0,0,0,1,1,0,28,0,0,6,0,0,0.0,0,0,6,0,0,0.0,0,12.4,0.5,1.79,0
1,15,1,2,1,14,1,13,1,10,10,1,0,0,1,1,0,21,0,0,0,0,0,0.0,0,0,0,0,0,0.0,0,12.4,0.5,1.79,2
1,1,1,12,1,1,1,13,27,5,10,0,0,0,1,1,0,19,0,0,7,7,6,13.7,0,0,7,7,6,13.7,0,7.6,2.6,0.32,2
1,12,1,14,1,7,1,6,16,4,4,0,0,1,0,1,0,26,0,0,5,5,0,0.0,0,0,5,5,0,0.0,5,9.4,-0.8,-3.12,0
1,16,1,7,1,1,1,1,14,4,6,1,0,0,1,1,0,20,0,4,9,12,9,13.454545454545457,0,2,7,9,6,13.875,0,11.1,0.6,2.02,0
1,1,6,12,1,1,1,23,28,10,10,1,0,0,1,1,0,19,0,0,8,8,7,12.2,0,0,8,8,7,12.2,0,12.7,3.7,-1.7,2
1,1,1,9,1,1,1,13,14,8,4,1,0,0,1,1,0,21,0,0,5,8,3,10.0,0,0,5,10,4,11.0,0,12.7,3.7,-1.7,0
1,17,1,14,1,16,1,1,14,10,10,0,0,0,1,1,1,23,0,0,6,7,5,13.0,0,0,6,7,6,12.857142857142858,0,8.9,1.4,3.51,2
1,12,1,3,0,13,1,23,27,5,9,0,0,0,1,1,0,29,0,0,6,11,6,12.0,0,0,6,6,6,14.0,0,11.1,0.6,2.02,2
1,1,1,12,1,1,1,1,1,10,10,0,0,0,1,1,0,20,0,0,8,8,7,15.028571428571428,0,0,8,8,7,15.028571428571428,0,12.7,3.7,-1.7,2
1,1,1,10,1,1,1,1,14,6,10,0,0,0,1,1,0,18,0,0,6,8,6,12.0,0,0,6,7,6,11.714285714285714,0,15.5,2.8,-4.06,2
1,1,1,15,1,1,1,1,28,4,6,1,0,0,1,1,0,19,0,0,6,8,5,12.0,0,0,6,8,5,12.4,0,9.4,-0.8,-3.12,2
1,4,1,13,1,3,1,1,27,5,9,0,0,0,0,1,0,23,0,3,7,7,3,13.666666666666666,0,3,8,8,3,11.333333333333334,4,10.8,1.4,1.74,0
1,1,1,2,1,1,1,23,1,6,2,0,0,0,1,1,0,21,0,0,0,0,0,0.0,0,0,0,0,0,0.0,0,13.9,-0.3,0.79,0
1,8,1,9,1,1,1,1,1,10,4,1,0,0,1,1,0,18,0,0,5,6,5,12.0,0,0,5,7,4,12.5,0,15.5,2.8,-4.06,1
1,1,1,2,1,1,1,22,14,8,8,1,0,0,1,1,1,18,0,0,0,0,0,0.0,0,0,0,0,0,0.0,0,10.8,1.4,1.74,2
1,1,5,5,1,1,1,13,27,6,6,1,0,1,0,1,0,21,0,0,6,6,1,14.0,0,0,6,7,0,0.0,7,9.4,-0.8,-3.12,0
1,16,1,10,1,1,1,1,1,6,10,0,0,0,1,1,0,22,0,0,6,6,0,0.0,0,0,6,7,0,0.0,0,11.1,0.6,2.02,0
1,9,1,13,1,1,1,3,14,3,9,1,0,0,1,1,0,21,0,0,7,8,7,12.375,0,0,7,11,5,12.583333333333334,0,8.9,1.4,3.51,2
1,12,1,12,1,1,1,23,14,10,10,1,0,0,0,1,0,32,0,0,7,0,0,0.0,0,0,8,0,0,0.0,0,16.2,0.3,-0.92,0
1,4,1,4,1,3,1,1,14,5,2,1,0,0,1,1,0,27,0,14,18,21,18,11.421052631578949,0,10,13,16,13,11.076923076923077,1,15.5,2.8,-4.06,2
1,1,1,12,1,1,1,13,28,10,9,1,0,0,1,1,0,18,0,0,7,7,6,13.35,0,0,7,7,6,13.35,0,7.6,2.6,0.32,2
1,12,1,5,1,1,1,1,1,6,4,1,0,0,1,1,1,24,0,0,6,6,6,15.0,0,0,6,6,2,16.0,0,15.5,2.8,-4.06,2
1,1,1,8,1,1,1,13,27,2,10,1,0,0,1,1,0,22,0,0,5,9,2,10.5,0,0,5,5,0,0.0,0,12.7,3.7,-1.7,0
1,14,1,8,1,1,1,2,3,4,3,1,0,0,0,1,0,22,0,0,6,0,0,0.0,0,0,4,6,0,0.0,2,10.8,1.4,1.74,0
1,1,3,9,1,1,1,22,27,10,6,1,0,0,1,1,0,19,0,0,5,8,5,13.25,0,0,5,6,5,11.833333333333334,0,13.9,-0.3,0.79,2
1,8,6,7,1,1,1,22,11,5,12,1,0,0,1,1,0,19,0,0,5,10,0,0.0,0,0,5,5,0,0.0,0,7.6,2.6,0.32,0
1,1,2,6,1,1,1,1,14,4,4,1,0,0,1,1,0,21,0,0,5,7,4,11.5,0,0,5,15,3,10.6,4,10.8,1.4,1.74,1
1,1,2,12,1,1,1,1,1,3,8,1,0,0,1,0,1,18,0,0,8,8,8,13.88125,0,0,8,8,8,13.88125,0,9.4,-0.8,-3.12,2
1,1,2,11,1,1,1,3,14,4,11,1,0,0,1,0,0,18,0,0,6,8,6,11.333333333333334,0,0,6,8,5,12.6,0,9.4,-0.8,-3.12,2
1,1,1,2,1,1,1,13,14,10,10,1,0,1,1,0,0,20,0,0,0,0,0,0.0,0,0,0,0,0,0.0,0,16.2,0.3,-0.92,0
1,8,1,10,1,1,1,1,14,5,10,1,0,0,1,0,0,19,0,0,6,7,6,12.857142857142858,0,0,6,7,6,13.666666666666666,0,13.9,-0.3,0.79,2
1,8,5,15,1,1,1,23,28,29,39,1,0,1,1,0,0,19,0,0,6,6,5,11.6,0,0,6,6,6,12.5,0,8.9,1.4,3.51,2
1,8,1,11,1,1,1,10,1,10,4,1,0,0,1,0,1,18,0,0,6,9,5,11.4,0,0,6,6,6,11.333333333333334,0,12.4,0.5,1.79,2
1,1,1,8,1,1,1,1,1,4,10,1,0,0,1,0,0,20,0,0,6,11,6,13.333333333333334,0,0,6,10,6,13.0,0,16.2,0.3,-0.92,1
1,15,1,5,1,14,1,10,27,4,10,0,0,1,1,0,1,22,0,2,7,7,7,13.571428571428571,0,5,9,9,9,13.77777777777778,0,12.4,0.5,1.79,2
2,12,1,13,1,12,1,22,28,10,10,0,0,0,1,0,0,31,0,0,7,13,6,11.833333333333334,0,0,7,8,7,12.228571428571428,0,12.4,0.5,1.79,2
1,8,1,16,1,1,1,13,14,10,9,0,0,0,1,0,1,19,0,0,7,7,7,14.428571428571429,0,0,7,7,7,14.142857142857142,0,16.2,0.3,-0.92,2
1,1,2,2,1,1,1,1,3,4,4,1,0,0,1,0,0,18,0,0,0,0,0,0.0,0,0,0,0,0,0.0,0,12.4,0.5,1.79,1
1,1,2,11,1,1,1,23,28,10,8,1,0,0,1,0,1,18,0,0,6,8,6,12.285714285714286,0,0,6,9,5,12.4,0,8.9,1.4,3.51,2
1,1,1,6,1,1,1,10,1,2,12,0,0,0,1,0,0,21,0,0,5,7,5,14.4,0,0,5,5,5,13.8,0,7.6,2.6,0.32,2
1,8,5,12,1,1,1,23,1,10,8,1,0,0,1,0,1,18,0,0,7,8,7,13.15,0,0,8,9,8,15.06875,0,13.9,-0.3,0.79,2
1,15,1,9,1,14,9,2,27,3,9,0,0,1,0,1,0,25,1,0,5,6,0,0.0,0,0,5,5,0,0.0,0,15.5,2.8,-4.06,0
1,6,1,7,1,1,14,1,3,6,9,0,0,1,1,1,0,21,1,0,5,5,0,0.0,0,0,6,8,0,0.0,0,11.1,0.6,2.02,0
1,9,2,12,1,1,1,23,27,6,6,1,0,0,1,0,1,19,0,0,8,8,7,12.342857142857143,0,0,8,8,7,12.342857142857143,0,10.8,1.4,1.74,2
1,1,2,15,1,1,1,23,1,10,10,1,0,0,1,0,0,19,0,0,6,6,5,12.2,0,0,6,7,5,10.8,0,10.8,1.4,1.74,1
1,8,1,11,1,1,1,9,24,6,1,1,0,0,1,0,0,22,0,0,6,10,4,10.5,0,0,6,14,1,11.0,0,7.6,2.6,0.32,0
1,6,1,9,1,1,1,23,1,10,2,0,0,0,1,1,0,19,0,0,5,5,5,10.6,0,0,5,8,5,11.6,0,12.4,0.5,1.79,2
1,12,1,3,0,12,1,22,27,10,6,0,0,0,1,0,0,58,0,0,6,6,0,0.0,0,0,6,6,0,0.0,0,11.1,0.6,2.02,0
1,7,2,10,1,1,1,13,27,10,8,1,0,0,1,0,1,19,0,0,6,8,4,11.25,0,0,6,6,6,12.0,0,10.8,1.4,1.74,2
1,14,1,14,1,1,9,22,27,10,10,1,0,0,1,1,0,23,1,3,9,11,6,10.5,0,4,10,10,10,11.7,0,9.4,-0.8,-3.12,2
1,1,2,15,1,1,1,22,27,10,10,1,0,0,1,0,1,19,0,0,6,11,4,11.0,0,0,6,11,3,11.666666666666666,0,9.4,-0.8,-3.12,1
1,9,3,12,1,1,1,13,1,5,8,1,0,0,1,0,0,18,0,0,7,7,7,13.457142857142856,0,0,8,8,8,14.5125,0,13.9,-0.3,0.79,2
1,1,2,6,1,1,1,13,14,12,12,0,0,0,1,0,0,20,0,0,5,6,5,12.6,0,0,5,8,4,12.333333333333334,0,7.6,2.6,0.32,2
1,8,5,6,1,1,1,13,14,12,8,0,0,0,0,0,0,18,0,0,6,0,0,0.0,0,0,6,0,0,0.0,0,12.7,3.7,-1.7,0
1,8,1,14,1,1,1,3,14,6,6,0,0,0,1,0,0,18,0,0,6,6,6,13.666666666666666,0,0,6,8,5,13.6,0,8.9,1.4,3.51,2
1,8,4,9,1,1,1,13,14,6,8,1,0,1,1,0,1,18,0,0,5,5,5,11.6,0,0,5,5,5,11.8,0,11.1,0.6,2.02,2
1,12,1,8,1,1,1,23,28,10,11,0,0,0,1,0,0,24,0,0,6,9,6,12.571428571428571,0,0,6,10,5,12.833333333333334,0,11.1,0.6,2.02,0
1,8,4,16,1,1,1,22,27,10,6,1,0,0,1,0,0,18,0,0,6,7,5,11.8,0,0,6,7,5,11.4,0,10.8,1.4,1.74,0
1,1,3,9,1,1,1,1,28,6,8,1,0,0,1,0,1,19,0,0,5,5,5,11.6,0,0,5,11,3,12.666666666666666,0,9.4,-0.8,-3.12,1
1,8,3,10,1,1,1,13,28,10,8,1,0,0,1,0,1,19,0,0,6,8,6,11.333333333333334,0,0,6,6,6,11.833333333333334,0,8.9,1.4,3.51,2
1,1,1,11,1,1,1,23,28,7,7,1,0,0,1,0,0,18,0,0,6,6,6,10.666666666666666,0,0,6,6,6,11.5,0,7.6,2.6,0.32,2
1,1,2,8,1,1,1,13,27,10,10,1,0,0,1,0,0,18,0,0,5,10,4,13.5,1,0,5,5,5,13.4,0,12.7,3.7,-1.7,1
1,1,1,2,1,1,1,13,14,6,6,1,0,0,1,0,1,19,0,0,0,0,0,0.0,0,0,0,0,0,0.0,0,10.8,1.4,1.74,2
1,15,1,6,1,1,1,4,4,3,7,0,0,0,1,0,0,22,0,2,6,9,6,13.333333333333334,0,1,6,9,4,11.5,0,13.9,-0.3,0.79,2
1,1,1,11,1,1,1,2,27,2,2,1,0,0,1,0,0,19,0,0,6,9,5,13.4,0,0,6,16,2,13.5,0,10.8,1.4,1.74,1
3,8,1,10,1,1,1,22,27,10,10,1,0,0,1,0,1,21,0,0,6,8,3,10.2,0,0,6,13,4,12.25,0,12.7,3.7,-1.7,1
1,8,1,15,1,1,1,13,28,10,8,1,0,0,1,0,1,21,0,0,6,6,5,13.0,0,0,6,7,6,12.833333333333334,0,8.9,1.4,3.51,2
1,1,3,12,1,1,1,23,28,6,8,1,0,0,1,0,1,18,0,0,8,11,7,12.90857142857143,0,0,8,11,7,12.90857142857143,0,10.8,1.4,1.74,2
1,1,5,16,1,1,1,1,10,5,10,1,0,0,1,0,0,20,0,0,6,12,4,12.0,0,0,6,11,1,10.0,0,10.8,1.4,1.74,0
1,1,3,11,1,1,1,22,28,8,8,1,0,0,1,0,1,18,0,0,6,9,6,10.833333333333334,0,0,6,8,5,11.0,0,7.6,2.6,0.32,1
1,7,3,5,1,1,1,1,28,5,9,1,0,0,1,0,0,19,0,0,6,6,6,15.333333333333334,0,0,6,9,6,15.833333333333334,0,12.7,3.7,-1.7,2
1,1,2,12,1,1,1,1,28,10,10,1,0,0,1,0,1,18,0,0,7,9,6,12.816666666666668,0,0,8,11,6,12.875,0,11.1,0.6,2.02,1
1,6,1,9,1,1,14,26,1,4,5,0,0,1,0,1,0,26,1,6,7,7,6,13.0,0,2,6,6,2,14.0,0,11.1,0.6,2.02,0
1,6,1,7,1,1,13,1,3,21,31,0,0,1,1,0,0,19,1,0,6,11,2,13.5,1,0,5,11,2,11.0,0,8.9,1.4,3.51,1
2,12,1,3,0,1,1,22,27,10,10,0,0,0,1,0,0,35,0,0,6,7,6,12.5,0,0,6,6,6,12.166666666666666,0,15.5,2.8,-4.06,2
1,9,1,14,1,1,1,1,1,10,10,1,0,0,1,0,1,19,0,0,6,7,6,13.0,0,0,6,6,6,14.333333333333334,0,12.4,0.5,1.79,2
1,1,1,6,1,1,1,23,27,10,7,1,0,0,1,1,0,18,0,0,5,6,4,11.75,0,0,5,10,5,12.571428571428571,1,10.8,1.4,1.74,2
1,1,5,14,1,1,1,13,14,8,4,0,0,0,1,1,0,19,0,0,5,5,4,12.5,0,0,5,5,4,14.25,0,7.6,2.6,0.32,2
1,1,1,2,1,1,1,1,1,10,10,1,0,0,1,1,0,25,0,16,17,19,17,11.61111111111111,0,14,17,22,17,12.055555555555555,0,12.4,0.5,1.79,2
1,8,6,11,1,1,1,1,1,5,4,1,0,0,1,1,0,18,0,0,6,6,6,14.0,0,0,6,6,6,14.666666666666666,0,11.1,0.6,2.02,2
1,8,1,4,1,1,1,1,4,10,6,1,0,1,0,1,0,26,0,0,6,8,0,0.0,0,0,6,10,0,0.0,0,16.2,0.3,-0.92,0
1,14,1,17,0,1,1,1,1,7,7,0,0,0,1,1,0,34,0,0,5,5,5,13.8,0,0,5,6,5,13.833333333333334,0,9.4,-0.8,-3.12,2
1,1,2,11,1,1,1,4,14,5,4,1,0,0,0,1,0,18,0,0,5,6,0,0.0,0,0,5,5,0,0.0,0,12.7,3.7,-1.7,0
1,1,1,2,1,1,1,3,20,4,6,0,0,0,0,1,0,18,0,0,0,0,0,0.0,0,0,0,0,0,0.0,0,9.4,-0.8,-3.12,0
1,8,3,7,1,1,1,1,14,5,4,1,0,0,1,1,1,18,0,0,5,9,4,12.25,0,0,5,9,3,12.333333333333334,0,8.9,1.4,3.51,0
1,15,1,4,1,14,1,22,27,10,5,0,0,0,1,1,0,20,0,0,6,12,3,11.5,0,0,6,12,3,13.666666666666666,0,12.4,0.5,1.79,0
1,15,1,5,1,14,1,1,14,5,5,0,0,0,1,1,0,25,0,2,7,9,6,12.571428571428571,0,5,9,9,9,12.555555555555555,0,16.2,0.3,-0.92,2
1,8,1,8,1,1,1,2,1,5,2,0,0,0,1,1,0,18,0,0,6,9,6,12.0,0,0,6,10,5,12.166666666666666,0,11.1,0.6,2.02,0
1,1,1,4,1,1,1,13,27,10,10,1,0,0,1,1,0,19,0,8,12,17,11,12.0,2,4,12,21,12,12.307692307692308,0,15.5,2.8,-4.06,2
1,1,1,2,1,1,1,1,1,5,2,1,0,0,1,1,0,20,0,0,0,0,0,0.0,0,0,0,0,0,0.0,0,10.8,1.4,1.74,0
1,9,2,10,1,1,1,13,27,6,8,1,0,0,1,1,1,20,0,1,7,9,6,12.0,0,2,6,6,6,11.166666666666666,0,10.8,1.4,1.74,2
1,1,1,7,1,1,1,3,1,3,4,0,0,0,1,1,0,20,0,0,5,9,4,11.6,0,0,5,7,4,12.25,2,7.6,2.6,0.32,1
1,1,2,9,1,1,1,1,27,5,10,1,0,0,1,1,1,19,0,0,5,5,0,0.0,0,0,5,5,0,0.0,0,11.1,0.6,2.02,0
1,1,1,9,1,1,1,1,14,5,6,0,0,0,1,1,0,20,0,0,5,9,5,12.0,0,0,5,9,4,13.0,0,8.9,1.4,3.51,1
1,1,6,12,1,1,1,1,1,4,8,1,0,0,1,1,0,18,0,0,7,8,6,13.976666666666668,0,0,8,12,6,12.041666666666666,1,11.1,0.6,2.02,1
1,1,1,14,1,1,1,2,28,21,35,1,0,0,1,1,0,19,0,0,6,10,4,12.5,0,0,6,12,1,10.0,3,16.2,0.3,-0.92,1
1,9,1,9,1,1,1,22,27,8,8,1,0,0,0,1,0,20,0,0,5,5,0,0.0,0,0,5,0,0,0.0,0,9.4,-0.8,-3.12,0
1,12,1,14,1,1,1,23,27,8,8,0,0,0,1,1,0,24,0,0,6,15,4,10.5,0,0,6,16,4,12.5,0,15.5,2.8,-4.06,0
1,15,1,4,1,14,1,23,28,10,9,1,0,0,1,1,0,20,0,0,6,8,5,12.857142857142858,0,0,6,11,6,12.3,0,16.2,0.3,-0.92,2
1,1,3,14,1,1,1,3,14,3,9,1,0,0,1,1,0,19,0,0,5,7,3,11.666666666666666,0,0,5,5,4,12.0,0,9.4,-0.8,-3.12,1
1,16,1,7,1,1,1,1,14,5,5,0,0,0,1,1,0,23,0,0,5,7,2,13.0,0,0,5,11,1,10.0,0,8.9,1.4,3.51,0
1,8,2,11,1,1,1,13,14,5,4,1,0,0,1,1,0,20,0,0,6,8,6,11.833333333333334,0,0,6,9,5,10.4,0,7.6,2.6,0.32,1
1,14,4,3,0,1,1,19,24,1,1,0,0,0,1,1,0,21,0,9,11,11,11,12.454545454545457,0,3,11,17,8,12.75,0,9.4,-0.8,-3.12,2
1,8,2,7,1,1,1,8,10,10,10,1,0,0,1,1,0,20,0,0,5,6,3,11.0,0,0,5,6,0,0.0,0,10.8,1.4,1.74,0
2,8,5,7,1,1,1,22,28,5,5,1,0,0,1,1,0,21,0,0,5,10,4,13.2,0,0,5,7,4,14.25,2,7.6,2.6,0.32,1
1,1,1,15,1,1,1,1,14,10,8,0,0,0,1,1,1,18,0,0,6,6,6,15.5,0,0,6,6,6,14.166666666666666,0,11.1,0.6,2.02,2
1,1,3,11,1,1,1,1,1,5,4,1,0,0,1,1,0,18,0,0,6,8,6,12.333333333333334,0,0,6,6,6,13.666666666666666,0,11.1,0.6,2.02,2
1,8,1,9,1,1,1,3,28,4,8,1,0,0,1,1,0,18,0,0,5,13,5,12.0,0,0,5,9,4,11.4,0,13.9,-0.3,0.79,1
1,15,1,4,1,14,1,3,3,8,2,1,0,0,1,1,0,20,0,0,6,12,4,11.6,0,0,6,11,5,11.5,0,15.5,2.8,-4.06,1
1,8,1,15,1,1,1,13,28,5,10,0,0,0,1,1,1,18,0,0,6,7,6,11.333333333333334,0,0,6,8,6,12.285714285714286,0,16.2,0.3,-0.92,2
1,8,1,15,1,1,1,22,27,1,5,1,0,0,1,1,0,19,0,0,6,12,0,0.0,1,0,6,0,0,0.0,0,9.4,-0.8,-3.12,0
1,8,1,7,1,1,1,1,3,10,11,1,0,0,1,1,0,20,0,0,5,7,4,12.0,0,0,5,8,2,12.5,0,10.8,1.4,1.74,1
1,8,1,8,1,1,1,13,28,5,8,0,0,0,1,1,0,19,0,0,5,11,4,12.0,1,0,5,9,5,12.6,0,9.4,-0.8,-3.12,2
1,12,1,17,0,1,1,22,27,10,6,1,0,1,1,1,0,33,0,0,5,11,2,12.5,0,0,5,9,2,11.5,1,12.7,3.7,-1.7,0
1,16,1,2,1,1,1,2,1,4,4,1,0,0,1,1,0,21,0,6,12,12,12,13.666666666666666,0,4,11,16,11,13.0,0,8.9,1.4,3.51,2
2,12,1,4,1,1,1,1,14,5,5,0,0,1,0,1,0,25,0,0,6,17,2,14.5,2,0,6,13,0,0.0,1,15.5,2.8,-4.06,0
1,1,1,6,1,1,1,1,1,5,10,1,0,0,1,1,1,20,0,0,6,10,4,13.2,0,0,6,8,0,0.0,0,12.4,0.5,1.79,0
1,17,1,6,1,16,1,1,1,10,5,1,0,0,1,1,1,22,0,1,7,11,5,12.166666666666666,0,4,8,14,5,14.8,0,8.9,1.4,3.51,0
4,12,1,15,1,12,1,22,27,10,2,0,0,0,1,0,0,39,0,0,6,10,4,11.25,0,0,6,6,6,11.333333333333334,0,10.8,1.4,1.74,2
1,1,2,14,1,1,1,3,1,3,7,1,0,0,1,1,1,21,0,0,6,8,6,15.166666666666666,0,0,6,7,6,14.428571428571429,0,8.9,1.4,3.51,2
1,8,1,11,1,1,1,1,1,10,10,0,0,0,1,0,1,19,0,0,6,8,6,11.166666666666666,0,0,6,7,4,13.4,0,16.2,0.3,-0.92,2
1,12,1,12,1,12,1,22,27,10,8,0,0,0,1,0,1,26,0,0,7,8,6,10.983333333333334,0,0,7,8,6,10.983333333333334,0,7.6,2.6,0.32,2
1,9,2,10,1,1,1,13,1,5,4,1,0,0,1,0,1,19,0,0,6,8,4,10.75,0,0,6,11,5,11.5,0,15.5,2.8,-4.06,2
1,17,1,6,1,16,1,1,3,5,3,1,0,0,0,0,1,20,0,7,12,15,11,13.384615384615383,0,4,9,13,7,14.285714285714286,0,8.9,1.4,3.51,2
1,8,1,14,1,1,1,1,27,5,10,1,0,0,1,0,1,25,0,0,6,8,6,11.285714285714286,0,0,6,10,5,12.2,0,15.5,2.8,-4.06,1
1,14,1,3,0,1,1,13,27,9,6,0,0,0,1,1,0,24,0,0,6,13,0,0.0,3,0,6,6,0,0.0,0,16.2,0.3,-0.92,0
1,8,6,7,1,1,1,13,14,5,1,1,0,0,1,1,0,20,0,0,5,7,4,13.0,0,0,5,9,5,14.833333333333334,3,7.6,2.6,0.32,2
2,12,1,4,1,1,1,22,27,10,10,0,0,0,1,1,0,29,0,0,6,9,6,16.11111111111111,0,0,6,7,6,13.5,0,13.9,-0.3,0.79,2
1,1,1,15,1,1,1,1,3,10,10,0,0,0,1,1,0,20,0,0,6,8,6,11.5,0,0,6,8,6,11.0,0,16.2,0.3,-0.92,2
1,15,1,8,1,14,1,3,4,3,3,1,0,0,1,1,0,20,0,0,6,15,4,10.75,0,0,6,12,2,10.5,0,13.9,-0.3,0.79,0
1,12,1,14,1,12,1,13,1,6,9,1,0,0,1,1,1,24,0,0,6,10,4,11.6,0,0,6,8,5,13.0,0,11.1,0.6,2.02,2
1,12,1,12,1,12,1,1,3,3,3,0,0,1,1,1,0,24,0,0,7,21,0,0.0,3,0,7,7,0,0.0,0,16.2,0.3,-0.92,0
1,4,1,7,1,15,1,3,1,3,6,0,0,0,1,1,0,23,0,0,5,5,5,13.8,0,0,5,7,5,14.142857142857142,0,11.1,0.6,2.02,2
1,14,1,13,1,1,1,1,27,6,6,1,0,0,1,1,0,20,0,0,7,8,7,13.585714285714284,0,0,8,8,8,14.6875,0,15.5,2.8,-4.06,2
1,8,2,14,1,1,1,1,1,5,11,1,0,0,1,1,0,19,0,0,6,8,6,13.857142857142858,0,0,6,8,5,13.0,0,15.5,2.8,-4.06,2
4,12,1,4,1,1,1,22,27,10,9,0,0,0,1,1,0,28,0,0,6,12,5,12.0,0,0,6,10,6,12.333333333333334,0,11.1,0.6,2.02,1
1,15,1,4,1,14,1,1,28,5,5,1,0,0,1,1,1,20,0,0,6,9,6,13.444444444444445,0,0,6,9,5,12.6,0,13.9,-0.3,0.79,2
1,1,1,5,1,1,1,23,27,4,4,0,0,0,1,1,0,18,0,0,6,6,6,14.0,0,0,6,7,6,13.857142857142858,0,8.9,1.4,3.51,2
1,1,1,14,1,1,1,1,1,12,12,1,0,1,1,1,0,20,0,0,6,10,1,12.0,1,0,6,0,0,0.0,0,10.8,1.4,1.74,0
2,12,1,17,0,1,1,22,14,6,4,1,0,0,1,1,0,33,0,0,5,5,5,14.2,0,0,5,6,5,13.833333333333334,0,10.8,1.4,1.74,2
2,12,1,12,1,1,1,22,27,29,42,0,0,0,1,0,0,35,0,0,7,11,5,13.34,0,0,7,9,5,10.84,0,12.4,0.5,1.79,1
1,12,1,12,1,15,1,22,27,10,8,0,0,0,1,0,0,27,0,3,8,12,7,12.457142857142856,0,3,8,12,7,12.457142857142856,0,12.7,3.7,-1.7,1
1,8,5,15,1,1,1,23,28,8,8,1,0,0,0,0,0,19,0,0,6,12,3,11.0,0,0,6,12,3,12.0,0,9.4,-0.8,-3.12,0
1,12,1,17,0,1,14,22,14,10,10,0,0,0,1,0,1,31,1,0,5,13,4,10.5,0,0,5,10,4,10.5,0,15.5,2.8,-4.06,1
1,1,1,2,1,1,1,13,27,8,8,1,0,0,1,1,0,19,0,0,0,0,0,0.0,0,0,0,0,0,0.0,0,9.4,-0.8,-3.12,2
1,14,1,5,1,1,1,13,27,8,8,1,0,0,1,1,0,22,0,9,13,13,13,14.0,0,7,12,13,12,13.0,0,15.5,2.8,-4.06,2
1,14,1,12,1,1,16,1,1,7,7,0,0,0,1,0,0,39,1,0,7,0,0,0.0,0,0,8,0,0,0.0,0,12.7,3.7,-1.7,0
1,8,1,11,1,1,1,1,1,5,9,1,0,0,0,1,0,22,0,0,1,1,0,0.0,0,0,6,0,0,0.0,0,12.4,0.5,1.79,0
2,12,1,17,0,1,1,22,14,10,11,0,0,0,1,1,0,47,0,0,5,8,4,10.0,0,0,5,8,4,12.5,0,9.4,-0.8,-3.12,1
1,8,1,2,1,1,1,13,27,6,10,1,0,0,1,1,1,19,0,0,0,0,0,0.0,0,0,0,0,0,0.0,0,11.1,0.6,2.02,2
1,5,1,11,1,1,10,3,1,10,10,1,0,0,1,0,0,19,1,0,6,6,6,13.5,0,0,6,6,6,14.333333333333334,0,12.4,0.5,1.79,2
1,8,1,12,1,1,1,13,27,10,10,1,0,0,1,0,0,19,0,0,7,0,0,0.0,0,0,8,0,0,0.0,0,15.5,2.8,-4.06,0
1,1,1,2,1,1,1,13,27,10,8,1,0,0,1,0,1,21,0,15,17,18,17,13.38888888888889,0,15,17,18,17,14.88888888888889,0,11.1,0.6,2.02,2
1,4,1,12,1,5,1,13,1,5,2,1,0,0,0,0,0,39,0,0,7,0,0,0.0,0,0,8,0,0,0.0,0,12.4,0.5,1.79,0
1,8,1,2,1,1,1,13,1,5,2,1,0,0,1,1,0,19,0,6,12,12,12,13.583333333333334,0,4,11,12,11,13.583333333333334,0,8.9,1.4,3.51,2
1,1,1,2,1,1,1,22,14,10,9,0,0,0,1,1,1,20,0,0,0,0,0,0.0,0,0,0,0,0,0.0,0,13.9,-0.3,0.79,1
1,12,1,9,1,9,1,1,1,10,5,1,0,1,0,1,0,24,0,0,5,5,0,0.0,0,0,5,5,0,0.0,0,12.7,3.7,-1.7,0
1,12,1,17,0,1,1,13,14,10,10,1,0,0,1,1,0,27,0,0,5,9,1,10.0,0,0,5,5,0,0.0,0,12.7,3.7,-1.7,0
2,12,1,17,0,1,1,22,27,10,10,0,0,0,1,1,0,29,0,0,5,5,5,15.2,0,0,5,5,5,15.2,0,11.1,0.6,2.02,2
1,8,1,6,1,1,1,13,1,10,5,1,0,0,1,1,0,20,0,0,6,12,4,12.8,0,0,6,17,0,0.0,0,12.4,0.5,1.79,0
1,1,1,14,1,1,1,13,1,8,5,0,0,0,1,1,0,21,0,0,5,7,5,11.166666666666666,0,0,5,5,4,11.0,0,9.4,-0.8,-3.12,0
1,1,1,2,1,1,1,3,2,3,3,1,0,0,1,1,0,18,0,0,0,0,0,0.0,0,0,0,0,0,0.0,0,7.6,2.6,0.32,1
1,1,1,12,1,1,1,1,1,5,4,0,0,0,1,1,0,19,0,0,8,9,7,12.828571428571427,0,0,8,9,7,12.828571428571427,0,12.7,3.7,-1.7,2
1,8,1,15,1,1,1,1,1,6,2,0,0,1,0,1,0,19,0,0,6,6,6,12.5,0,0,6,10,4,12.6,0,15.5,2.8,-4.06,0
1,12,1,7,1,1,1,22,27,10,10,0,0,0,1,1,1,28,0,0,5,12,3,10.0,0,0,5,10,3,12.4,0,12.4,0.5,1.79,2
1,6,1,11,1,1,12,13,1,10,8,1,0,0,0,0,0,21,1,0,6,6,6,11.5,0,0,6,10,4,13.25,0,13.9,-0.3,0.79,2
1,5,1,12,1,1,10,3,3,3,10,1,0,1,0,0,0,23,1,0,8,11,7,11.328571428571427,0,0,8,11,7,11.328571428571427,0,12.7,3.7,-1.7,0
4,12,1,4,1,1,1,13,14,10,5,0,0,0,1,0,0,39,0,0,6,15,2,13.0,2,0,6,13,3,13.0,1,15.5,2.8,-4.06,1
1,8,3,12,1,1,1,23,1,10,6,1,0,0,1,0,0,18,0,0,7,7,6,13.033333333333331,0,0,7,7,6,13.033333333333331,0,7.6,2.6,0.32,2
2,6,1,15,1,1,14,22,27,10,7,0,0,0,1,0,0,59,1,0,6,8,6,12.166666666666666,0,0,6,7,4,11.75,0,11.1,0.6,2.02,2
1,4,1,7,1,4,1,4,3,3,8,0,0,1,1,1,0,30,0,0,5,6,4,14.5,0,0,5,10,3,16.2,0,13.9,-0.3,0.79,1
1,1,1,6,1,1,1,1,28,10,10,1,0,0,1,0,0,18,0,0,5,7,5,14.4,1,0,5,5,5,13.6,0,12.7,3.7,-1.7,2
2,15,1,17,0,14,1,22,27,10,10,0,0,0,1,0,0,41,0,2,6,10,4,12.25,0,3,7,9,6,12.5,0,9.4,-0.8,-3.12,1
1,12,1,12,1,1,1,22,14,10,9,1,0,0,1,0,0,27,0,0,7,14,0,0.0,0,0,7,14,0,0.0,0,11.1,0.6,2.02,0
1,1,1,10,1,1,1,23,14,10,11,1,0,0,1,0,1,18,0,0,6,6,6,12.666666666666666,0,0,6,6,6,12.0,0,9.4,-0.8,-3.12,2
1,9,5,16,1,1,1,23,14,8,8,1,0,1,0,0,0,20,0,0,6,14,2,12.0,0,0,6,14,3,11.666666666666666,0,10.8,1.4,1.74,0
2,12,1,7,1,3,1,22,27,5,8,0,0,0,0,0,0,32,0,0,5,6,0,0.0,0,0,5,5,0,0.0,0,12.7,3.7,-1.7,0
1,8,1,9,1,1,1,23,27,4,6,1,0,0,1,0,0,19,0,0,5,5,3,11.666666666666666,0,0,5,10,4,10.8,0,9.4,-0.8,-3.12,0
2,12,1,16,1,9,1,22,27,8,9,0,0,0,1,0,0,41,0,0,6,0,0,0.0,0,0,6,0,0,0.0,0,16.2,0.3,-0.92,0
4,8,5,3,0,1,1,13,14,12,12,0,0,0,1,0,0,38,0,0,5,12,1,10.0,0,0,5,10,0,0.0,0,10.8,1.4,1.74,0
1,4,1,8,1,2,3,27,1,5,10,0,0,0,1,1,0,35,1,0,7,8,0,0.0,1,0,6,9,0,0.0,0,8.9,1.4,3.51,0
1,12,1,3,0,1,1,19,24,1,1,1,0,0,1,0,0,27,0,0,6,11,4,12.25,0,0,6,16,3,12.0,0,7.6,2.6,0.32,0
1,8,1,5,1,1,1,1,27,5,10,1,0,0,1,0,0,19,0,0,6,10,4,12.0,1,0,6,6,6,12.5,0,7.6,2.6,0.32,2
1,9,1,15,1,1,1,13,27,10,6,0,0,0,0,0,0,18,0,0,6,7,5,12.6,0,0,6,6,5,11.8,0,11.1,0.6,2.02,1
2,12,1,17,0,7,1,19,24,1,1,0,0,0,0,0,0,39,0,0,5,5,0,0.0,0,0,5,5,0,0.0,0,7.6,2.6,0.32,0
2,4,1,11,1,2,1,22,27,10,10,0,0,0,0,0,0,37,0,0,5,5,0,0.0,0,0,5,10,0,0.0,0,10.8,1.4,1.74,0
5,12,1,12,1,1,1,23,28,10,10,0,0,0,0,0,0,37,0,0,8,8,0,0.0,1,0,8,8,0,0.0,1,12.7,3.7,-1.7,0
2,14,1,3,0,1,1,19,24,1,1,0,0,0,1,0,1,35,0,11,16,16,16,12.6875,0,11,13,13,13,12.0,0,9.4,-0.8,-3.12,2
1,14,1,9,1,1,1,22,27,10,10,0,0,0,1,0,0,49,0,9,13,22,10,10.4,0,4,9,18,6,10.666666666666666,0,12.7,3.7,-1.7,2
1,4,1,9,1,15,1,22,27,10,10,0,0,0,1,0,0,52,0,11,15,26,14,10.466666666666669,0,9,12,16,12,10.923076923076923,0,13.9,-0.3,0.79,2
1,1,2,6,1,1,1,1,28,6,6,1,0,0,1,0,0,18,0,0,5,10,5,14.333333333333334,2,0,5,8,5,13.0,1,9.4,-0.8,-3.12,2
1,12,1,3,0,1,1,22,27,10,10,0,0,0,1,0,1,30,0,0,7,7,6,14.666666666666666,1,0,6,7,6,14.333333333333334,0,10.8,1.4,1.74,2
1,1,2,12,1,1,1,1,14,3,8,1,0,0,1,0,0,21,0,0,7,7,7,12.835714285714284,0,0,8,8,8,14.23125,0,11.1,0.6,2.02,2
1,1,1,7,1,1,1,22,14,10,6,1,0,0,1,1,0,20,0,0,5,5,0,0.0,0,0,5,0,0,0.0,0,9.4,-0.8,-3.12,0
1,8,1,9,1,1,1,1,28,7,7,1,0,1,1,1,0,18,0,0,5,9,0,0.0,0,0,5,5,0,0.0,0,7.6,2.6,0.32,1
1,7,1,2,1,1,1,22,27,10,10,1,0,0,1,1,0,19,0,0,0,0,0,0.0,0,0,0,0,0,0.0,0,7.6,2.6,0.32,0
1,1,3,12,1,1,1,3,14,3,11,1,0,0,1,1,0,18,0,0,8,8,8,13.24875,0,0,8,8,8,13.24875,0,9.4,-0.8,-3.12,2
1,6,1,1,1,1,14,2,3,3,5,0,0,0,1,1,0,20,1,0,7,10,7,12.857142857142858,0,0,7,7,4,12.75,0,8.9,1.4,3.51,1
1,8,1,8,1,1,1,23,14,6,8,1,0,0,1,0,0,21,0,0,6,12,5,13.6,0,0,6,10,4,14.25,0,12.4,0.5,1.79,1
1,1,4,9,1,1,1,1,1,4,5,1,0,0,1,0,1,22,0,0,5,6,3,14.0,0,0,5,8,5,12.4,0,11.1,0.6,2.02,2
1,15,1,8,1,14,1,13,14,6,6,1,0,1,0,0,0,20,0,1,6,11,3,12.0,0,0,6,11,2,11.0,0,12.4,0.5,1.79,1
1,8,4,6,1,1,1,22,1,4,10,0,0,0,1,0,0,20,0,0,6,9,6,13.166666666666666,0,0,6,8,4,14.0,0,13.9,-0.3,0.79,1
1,8,6,10,1,1,1,1,14,8,8,1,0,0,1,0,1,19,0,0,6,8,6,13.625,0,0,6,7,6,12.166666666666666,0,12.7,3.7,-1.7,2
1,8,5,12,1,1,1,13,28,10,6,1,0,0,1,0,1,18,0,0,7,8,7,14.85,0,0,8,9,8,15.61111111111111,0,13.9,-0.3,0.79,2
1,1,2,9,1,1,1,1,14,5,5,1,0,0,1,1,0,21,0,0,5,9,4,10.75,0,0,5,6,5,11.4,0,11.1,0.6,2.02,2
1,6,1,13,1,1,12,13,1,10,5,0,0,1,1,0,0,19,1,0,7,11,0,0.0,4,0,7,11,2,11.666666666666666,0,8.9,1.4,3.51,1
1,14,1,8,1,1,3,22,27,10,7,0,0,0,1,0,0,37,1,0,6,0,0,0.0,0,0,6,0,0,0.0,0,13.9,-0.3,0.79,0
2,1,1,3,0,1,1,22,27,10,10,1,0,0,1,0,0,45,0,8,12,14,12,14.0,0,2,7,12,7,13.857142857142858,0,7.6,2.6,0.32,1
1,12,1,4,1,12,1,22,27,10,11,0,0,1,0,1,0,38,0,0,6,8,0,0.0,0,0,6,10,0,0.0,0,16.2,0.3,-0.92,0
6,12,1,17,0,9,1,22,27,12,12,1,0,0,0,1,0,55,0,0,5,5,0,0.0,0,0,5,5,0,0.0,0,7.6,2.6,0.32,0
5,12,1,4,1,1,1,22,27,10,8,0,0,1,0,0,0,28,0,0,6,17,5,13.0,0,0,6,11,4,11.75,0,13.9,-0.3,0.79,0
5,4,1,17,0,2,1,22,27,7,7,0,0,0,1,0,0,46,0,6,8,12,8,12.375,0,4,9,11,5,12.4,0,8.9,1.4,3.51,2
1,1,4,2,1,1,1,13,14,5,5,1,1,0,1,0,0,22,0,0,0,0,0,0.0,0,0,0,0,0,0.0,0,16.2,0.3,-0.92,2
2,12,2,14,1,12,1,22,27,10,10,0,0,0,1,0,0,46,0,0,6,10,5,11.4,0,0,6,9,4,13.75,0,12.4,0.5,1.79,0
1,12,1,17,0,1,1,13,27,6,6,0,0,0,1,0,0,28,0,0,5,9,4,11.25,0,0,5,7,4,13.0,0,7.6,2.6,0.32,1
1,1,3,6,1,1,1,22,14,10,9,1,0,1,0,0,0,18,0,0,5,7,3,13.0,0,0,5,8,3,12.0,0,7.6,2.6,0.32,0
1,7,1,2,1,1,1,23,27,10,10,1,0,0,1,1,1,18,0,0,0,0,0,0.0,0,0,0,0,0,0.0,0,10.8,1.4,1.74,1
1,1,1,15,1,1,1,22,27,10,8,1,0,0,1,1,1,21,0,0,6,6,6,13.5,0,0,6,6,6,14.166666666666666,0,12.7,3.7,-1.7,2
1,7,2,5,1,1,1,1,3,5,3,1,0,0,1,0,0,18,0,0,6,11,1,11.0,1,0,6,11,4,11.0,4,7.6,2.6,0.32,1
1,14,1,17,0,1,1,13,27,4,10,0,0,0,1,0,0,34,0,0,5,9,0,0.0,0,0,5,10,1,11.0,0,13.9,-0.3,0.79,0
1,8,1,16,1,1,1,22,28,10,10,1,0,0,1,0,1,21,0,0,6,9,5,12.0,0,0,6,8,5,11.2,0,10.8,1.4,1.74,0
1,1,1,15,1,1,1,22,14,10,10,1,0,0,1,0,1,18,0,0,6,8,5,13.0,0,0,6,7,6,13.0,0,15.5,2.8,-4.06,2
1,1,1,2,1,1,1,17,28,10,9,1,0,0,1,1,0,20,0,0,0,0,0,0.0,0,0,0,0,0,0.0,0,7.6,2.6,0.32,2
1,1,1,9,1,1,1,23,27,8,8,1,0,0,1,0,0,18,0,0,5,8,4,12.0,0,0,5,8,4,12.25,0,9.4,-0.8,-3.12,1
1,8,2,7,1,1,1,1,2,4,4,1,0,0,1,1,0,21,0,0,5,10,5,11.166666666666666,0,0,5,10,3,10.8,0,12.4,0.5,1.79,1
1,8,1,11,1,1,1,22,27,6,5,1,0,0,1,1,0,19,0,0,6,13,2,10.5,0,0,6,11,1,12.0,0,10.8,1.4,1.74,0
1,8,2,3,0,1,1,1,14,5,13,1,0,0,1,1,0,22,0,0,6,7,6,12.666666666666666,0,0,6,6,6,12.166666666666666,0,7.6,2.6,0.32,2
1,15,1,4,1,14,1,1,14,5,8,0,0,0,1,1,0,23,0,1,6,6,1,11.0,0,0,6,8,0,0.0,0,15.5,2.8,-4.06,0
1,8,4,2,1,1,1,3,1,3,11,1,0,0,1,1,0,19,0,0,0,0,0,0.0,0,0,0,0,0,0.0,0,9.4,-0.8,-3.12,0
1,1,4,9,1,1,1,13,28,6,6,1,0,0,1,1,0,18,0,0,5,6,4,11.5,0,0,5,12,2,10.333333333333334,0,10.8,1.4,1.74,1
1,1,3,2,1,1,1,23,27,10,4,1,0,1,0,1,1,19,0,0,0,0,0,0.0,0,0,0,0,0,0.0,0,9.4,-0.8,-3.12,0
1,8,1,9,1,1,1,1,28,10,10,1,0,0,1,1,0,19,0,0,5,10,2,10.5,0,0,5,5,4,11.75,0,12.4,0.5,1.79,1
1,1,1,14,1,1,1,1,27,5,10,0,0,0,1,1,0,19,0,0,5,8,4,12.5,0,0,5,6,4,11.0,0,7.6,2.6,0.32,1
1,1,2,12,1,1,1,22,27,10,10,1,0,0,1,1,0,22,0,0,7,9,6,12.833333333333334,0,0,8,12,6,12.5,0,16.2,0.3,-0.92,1
1,1,1,15,1,1,1,13,1,10,10,0,0,0,1,1,1,18,0,0,6,7,6,15.571428571428571,0,0,6,7,6,16.142857142857142,0,13.9,-0.3,0.79,2
1,8,1,10,1,1,1,22,27,8,8,1,0,0,1,1,0,18,0,0,6,10,4,12.0,0,0,6,7,5,11.8,0,9.4,-0.8,-3.12,0
1,8,1,15,1,1,1,23,28,10,10,0,0,1,1,1,0,19,0,0,6,6,4,11.25,0,0,6,6,3,11.333333333333334,0,16.2,0.3,-0.92,0
1,1,4,2,1,1,1,1,1,1,4,1,0,0,1,1,0,18,0,0,0,0,0,0.0,0,0,0,0,0,0.0,0,11.1,0.6,2.02,2
1,8,6,14,1,1,1,1,14,5,11,0,0,0,1,1,0,21,0,0,6,10,6,12.285714285714286,0,0,6,11,4,14.25,0,15.5,2.8,-4.06,1
1,1,2,11,1,1,1,1,14,5,2,1,0,0,1,1,0,18,0,0,6,12,5,11.0,0,0,6,11,3,10.333333333333334,0,9.4,-0.8,-3.12,1
1,15,1,4,1,14,1,13,28,7,7,1,0,0,1,1,0,19,0,0,6,8,6,12.142857142857142,0,0,6,11,5,13.6,0,12.4,0.5,1.79,2
1,12,1,4,1,12,1,1,14,10,9,0,0,1,0,1,0,27,0,0,6,11,2,11.5,0,0,6,7,0,0.0,0,8.9,1.4,3.51,0
1,17,1,4,1,16,1,23,28,10,10,1,0,1,1,1,0,20,0,7,12,16,11,12.545454545454543,0,5,10,12,8,11.625,0,8.9,1.4,3.51,1
1,1,5,11,1,1,1,3,14,4,10,1,0,0,1,1,0,20,0,0,6,10,4,13.0,0,0,6,6,6,13.0,0,12.4,0.5,1.79,2
1,1,6,12,1,1,1,4,3,3,2,1,0,0,1,1,0,18,0,0,8,9,8,12.8875,1,0,8,9,8,12.8875,1,9.4,-0.8,-3.12,2
1,8,1,15,1,1,1,23,14,10,11,1,0,0,1,1,0,18,0,0,6,6,6,12.666666666666666,0,0,6,7,5,13.6,0,12.4,0.5,1.79,1
1,1,2,5,1,1,1,23,14,8,8,1,0,0,1,1,0,18,0,0,6,7,6,12.833333333333334,0,0,6,7,6,12.571428571428571,0,8.9,1.4,3.51,2
1,1,1,9,1,1,1,1,28,5,8,1,0,0,1,1,0,18,0,0,5,10,3,10.666666666666666,1,0,5,11,2,12.5,0,9.4,-0.8,-3.12,0
1,7,5,6,1,1,1,13,27,9,9,1,0,0,1,1,0,18,0,0,5,11,5,13.0,2,0,5,7,5,12.4,0,9.4,-0.8,-3.12,1
1,8,2,12,1,1,1,13,14,6,6,1,0,0,1,0,0,18,0,0,7,11,6,11.983333333333334,0,0,8,12,8,12.28125,0,16.2,0.3,-0.92,2
1,12,1,3,0,11,1,19,24,1,1,1,0,0,0,0,0,37,0,0,5,9,0,0.0,0,0,5,5,0,0.0,5,9.4,-0.8,-3.12,0
2,12,1,3,0,1,1,23,27,6,4,0,0,0,1,0,1,36,0,0,6,6,6,11.833333333333334,0,0,6,6,6,11.5,0,10.8,1.4,1.74,2
2,12,1,6,1,12,1,13,14,10,6,1,0,0,1,0,0,26,0,0,6,21,3,12.666666666666666,0,0,6,15,2,11.0,0,15.5,2.8,-4.06,0
1,1,1,6,1,1,1,22,28,7,10,0,0,0,1,0,0,19,0,0,5,9,4,13.75,1,0,5,8,4,14.5,0,7.6,2.6,0.32,2
1,12,1,3,0,1,1,22,1,8,5,1,0,0,1,0,0,24,0,0,6,8,5,11.4,0,0,6,8,5,11.8,0,15.5,2.8,-4.06,0
1,1,2,15,1,1,21,13,1,10,10,1,0,0,1,0,1,19,1,0,6,8,6,13.166666666666666,0,0,6,6,6,13.0,0,11.1,0.6,2.02,0
1,13,1,14,1,1,1,1,1,10,11,1,0,0,1,0,1,20,0,3,7,10,6,12.833333333333334,0,2,8,8,5,11.8,0,12.7,3.7,-1.7,2
1,9,1,14,1,1,1,13,3,10,8,1,0,0,1,0,0,19,0,0,6,8,6,14.125,0,0,6,10,5,14.5,0,11.1,0.6,2.02,2
1,1,1,6,1,1,1,23,27,10,10,1,0,0,1,0,0,21,0,0,5,10,3,11.666666666666666,0,0,5,5,5,13.0,0,10.8,1.4,1.74,2
2,12,1,13,1,1,1,22,27,10,5,0,0,0,0,0,0,50,0,0,7,18,6,10.25,0,0,7,14,4,11.25,0,12.7,3.7,-1.7,0
2,12,1,13,1,1,1,22,27,10,10,0,0,0,1,0,0,47,0,1,7,16,6,12.514285714285716,0,0,7,15,4,11.75,0,12.7,3.7,-1.7,0
1,13,1,16,1,1,1,1,14,5,8,0,0,0,1,0,0,24,0,9,13,17,10,11.5,0,7,13,18,9,10.444444444444445,0,16.2,0.3,-0.92,0
1,12,1,17,0,1,1,22,27,8,11,0,0,0,0,0,0,48,0,0,5,5,1,10.0,0,0,5,5,0,0.0,0,15.5,2.8,-4.06,0
1,1,1,6,1,1,1,22,2,10,5,1,0,0,1,0,1,18,0,0,6,7,6,15.714285714285714,0,0,6,17,5,12.77777777777778,0,12.4,0.5,1.79,2
1,15,1,17,0,14,1,22,27,6,6,1,0,0,1,1,0,32,0,2,6,9,4,12.5,0,3,7,7,4,11.0,0,9.4,-0.8,-3.12,0
1,1,1,14,1,1,1,13,3,5,1,1,0,0,0,1,0,20,0,0,5,6,3,12.0,0,0,5,5,4,12.75,0,7.6,2.6,0.32,0
1,12,1,7,1,1,1,22,28,10,9,0,0,1,1,1,0,24,0,0,5,11,0,0.0,0,0,5,5,0,0.0,0,16.2,0.3,-0.92,0
2,12,1,8,1,12,1,22,28,10,10,0,0,0,1,1,0,53,0,0,5,9,4,12.25,2,0,5,8,4,11.75,0,9.4,-0.8,-3.12,2
2,12,1,15,1,12,1,13,14,10,5,0,0,1,0,1,0,42,0,0,4,5,0,0.0,0,0,4,4,0,0.0,0,13.9,-0.3,0.79,0
2,12,1,17,0,9,1,22,27,10,10,1,0,0,1,1,0,52,0,0,5,5,5,13.6,0,0,5,5,5,14.2,0,7.6,2.6,0.32,2
1,14,1,3,0,1,1,23,3,18,20,0,0,0,1,1,0,54,0,9,13,14,13,13.307692307692308,0,7,11,12,11,12.818181818181818,0,12.7,3.7,-1.7,1
2,12,1,17,0,1,1,22,27,10,11,0,0,0,1,1,0,49,0,0,5,6,5,12.2,0,0,5,9,5,11.8,0,15.5,2.8,-4.06,2
1,8,1,14,1,1,1,23,27,8,6,0,0,0,1,1,1,18,0,0,6,7,6,12.285714285714286,0,0,6,7,6,13.333333333333334,1,16.2,0.3,-0.92,2
2,12,1,8,1,1,1,1,14,7,7,1,0,0,1,1,0,37,0,1,5,12,3,12.0,2,1,5,8,4,13.0,1,10.8,1.4,1.74,2
1,1,1,12,1,1,1,1,1,5,5,0,0,0,1,1,1,21,0,0,7,9,6,13.342857142857143,0,0,8,10,7,11.65,0,12.4,0.5,1.79,2
1,12,1,14,1,7,1,22,27,6,4,0,0,1,1,1,0,26,0,0,5,5,0,0.0,0,0,5,5,0,0.0,0,9.4,-0.8,-3.12,0
1,1,1,5,1,1,1,3,1,3,4,1,0,0,1,1,0,20,0,5,12,12,11,14.272727272727272,0,5,12,12,11,14.818181818181818,0,16.2,0.3,-0.92,2
1,1,4,12,1,1,1,1,27,5,4,1,0,0,1,0,1,19,0,0,7,9,7,12.1375,0,0,8,9,8,12.91111111111111,0,12.4,0.5,1.79,2
1,1,2,5,1,1,1,23,28,10,8,1,0,0,1,0,0,18,0,0,6,7,6,14.166666666666666,0,0,6,7,6,14.857142857142858,0,9.4,-0.8,-3.12,2
1,8,5,12,1,1,1,1,1,5,5,1,0,0,1,0,0,18,0,0,7,7,7,13.528571428571428,0,0,8,9,8,14.655555555555557,0,12.4,0.5,1.79,2
1,8,2,3,0,1,1,22,14,10,10,0,0,0,1,0,0,20,0,0,6,8,5,12.0,0,0,6,8,6,11.0,0,10.8,1.4,1.74,2
1,8,4,11,1,1,1,3,3,4,4,1,0,0,1,0,0,20,0,0,5,5,5,11.4,0,0,6,11,1,11.0,0,10.8,1.4,1.74,0
1,1,2,2,1,1,1,3,14,5,8,1,0,0,1,0,0,21,0,0,0,0,0,0.0,0,0,0,0,0,0.0,0,8.9,1.4,3.51,0
1,1,2,2,1,1,1,1,14,4,4,1,0,0,1,0,0,22,0,6,12,12,12,12.916666666666666,0,4,11,16,11,14.5,0,8.9,1.4,3.51,2
1,14,1,12,1,1,1,1,28,5,8,0,0,0,1,0,1,18,0,0,7,8,7,13.6375,0,0,8,8,8,14.3875,0,13.9,-0.3,0.79,2
1,1,5,12,1,1,1,13,27,10,8,1,0,0,1,0,0,18,0,0,7,10,7,12.9,0,0,8,15,7,12.142857142857142,0,15.5,2.8,-4.06,0
1,1,1,12,1,1,1,1,28,5,10,1,0,0,1,0,1,19,0,0,8,8,7,14.36,0,0,8,8,7,14.36,0,10.8,1.4,1.74,2
1,1,1,12,1,1,1,3,1,10,10,0,0,0,1,0,0,19,0,0,8,8,7,14.514285714285714,0,0,8,8,7,14.514285714285714,0,12.7,3.7,-1.7,1
1,1,3,12,1,1,1,1,1,5,8,1,0,0,1,0,0,18,0,0,8,8,7,14.7,0,0,8,8,7,14.7,0,10.8,1.4,1.74,2
1,4,1,17,0,15,1,28,3,4,4,0,0,0,1,0,0,27,0,0,5,5,5,15.2,0,0,5,6,5,14.0,0,11.1,0.6,2.02,1
1,1,3,13,1,1,1,13,14,4,11,1,0,0,1,0,1,20,0,0,7,7,7,13.0,0,0,8,8,8,15.0625,0,12.4,0.5,1.79,2
1,1,2,16,1,1,1,1,1,3,10,1,0,0,1,0,0,20,0,0,6,6,6,13.5,0,0,6,6,0,0.0,0,12.7,3.7,-1.7,0
1,1,2,6,1,1,1,23,1,10,4,1,0,0,1,0,0,20,0,0,5,11,5,12.333333333333334,2,0,5,7,5,12.6,0,9.4,-0.8,-3.12,2
1,1,1,9,1,1,1,3,14,2,5,0,0,0,1,0,0,19,0,0,5,6,5,13.4,0,0,5,6,5,13.0,0,16.2,0.3,-0.92,2
1,1,2,6,1,1,1,22,14,10,9,0,0,0,1,0,0,20,0,0,5,7,4,11.75,0,0,5,9,2,10.5,0,7.6,2.6,0.32,1
1,14,3,2,1,1,1,22,27,10,10,1,0,0,1,0,1,20,0,0,0,0,0,0.0,0,0,0,0,0,0.0,0,7.6,2.6,0.32,2
1,1,1,2,1,1,1,3,3,2,3,1,0,0,1,0,0,20,0,0,0,0,0,0.0,0,0,0,0,0,0.0,0,13.9,-0.3,0.79,1
1,17,1,6,1,16,1,1,14,5,7,1,0,0,1,0,0,27,0,7,12,17,11,14.727272727272728,0,4,9,10,7,14.142857142857142,0,8.9,1.4,3.51,2
1,1,2,6,1,1,1,3,3,6,3,1,0,0,1,0,0,18,0,0,6,7,6,16.571428571428573,0,0,6,6,6,15.666666666666666,0,13.9,-0.3,0.79,2
1,1,1,12,1,1,1,13,1,5,5,0,0,0,1,0,0,18,0,0,7,10,7,15.145,0,0,8,8,8,15.7425,0,15.5,2.8,-4.06,2
1,8,1,12,1,1,1,1,27,10,8,0,0,0,1,0,1,18,0,0,7,7,7,13.44285714285714,0,0,8,8,8,15.075,0,13.9,-0.3,0.79,2
1,1,1,6,1,1,1,22,27,10,2,0,0,0,1,0,0,20,0,0,5,8,5,14.166666666666666,2,0,5,6,4,11.75,2,9.4,-0.8,-3.12,2
1,1,1,15,1,1,1,1,1,5,5,1,0,0,1,0,0,19,0,0,6,7,6,14.0,0,0,6,7,5,15.0,0,11.1,0.6,2.02,1
1,8,1,10,1,1,1,1,1,6,7,0,0,0,1,0,1,20,0,0,6,9,6,11.333333333333334,0,0,6,6,6,12.333333333333334,0,10.8,1.4,1.74,2
1,1,4,12,1,1,1,3,14,2,6,1,0,0,1,0,0,18,0,0,8,8,8,13.76125,0,0,8,8,8,13.76125,0,9.4,-0.8,-3.12,2
1,15,1,5,1,14,1,1,28,5,7,0,0,1,0,0,0,22,0,2,7,9,5,11.6,0,5,9,9,5,10.0,0,12.4,0.5,1.79,0
1,8,1,3,0,1,1,22,27,6,9,0,0,1,1,0,1,22,0,1,6,7,4,12.75,0,1,6,8,5,13.0,0,13.9,-0.3,0.79,2
1,12,1,17,0,1,1,1,1,5,3,0,0,0,1,0,0,25,0,0,5,12,4,12.5,0,0,5,10,4,11.0,0,13.9,-0.3,0.79,1
1,1,1,6,1,1,1,13,3,5,3,0,0,0,1,0,0,19,0,0,6,13,6,15.307692307692308,0,0,6,9,6,14.0,0,15.5,2.8,-4.06,2
1,15,1,8,1,14,1,3,1,5,2,1,0,0,0,0,0,21,0,1,6,12,5,13.285714285714286,0,0,6,10,4,12.0,0,16.2,0.3,-0.92,0
1,12,1,12,1,15,1,1,1,5,5,1,0,0,1,0,0,27,0,1,7,7,7,14.757142857142856,0,1,8,9,8,14.077777777777778,0,16.2,0.3,-0.92,2
1,8,4,12,1,1,1,1,1,5,10,1,0,0,1,0,0,18,0,0,7,7,6,12.766666666666666,0,0,7,7,6,12.766666666666666,0,7.6,2.6,0.32,2
1,8,3,11,1,1,1,1,1,5,5,0,0,0,0,0,0,18,0,0,5,5,5,10.4,0,0,6,13,0,0.0,0,10.8,1.4,1.74,0
1,8,1,13,1,1,1,3,3,2,8,1,0,0,1,1,0,19,0,0,7,0,0,0.0,0,0,7,0,0,0.0,0,11.1,0.6,2.02,0
5,12,1,17,0,1,1,1,1,4,4,0,0,0,1,1,1,35,0,0,5,10,4,10.5,0,0,5,6,5,12.6,0,8.9,1.4,3.51,2
1,8,1,6,1,1,1,22,26,5,12,0,0,0,1,1,0,23,0,0,5,6,4,14.25,0,0,5,6,5,13.4,0,7.6,2.6,0.32,2
1,12,1,12,1,1,1,1,27,10,10,0,0,0,1,1,0,28,0,0,7,11,3,11.916666666666666,1,0,7,17,0,0.0,0,16.2,0.3,-0.92,0
1,1,1,7,1,1,1,23,28,10,8,1,0,0,1,1,0,19,0,0,5,10,3,10.666666666666666,0,0,5,9,2,14.0,2,7.6,2.6,0.32,1
1,1,1,15,1,1,1,1,14,5,5,0,0,0,1,1,0,19,0,0,6,11,4,12.25,0,0,6,10,3,12.666666666666666,0,7.6,2.6,0.32,1
1,1,2,14,1,1,1,13,1,10,5,1,0,1,1,1,0,20,0,0,5,5,4,12.0,0,0,5,6,5,11.6,0,9.4,-0.8,-3.12,0
1,1,1,14,1,1,1,2,2,4,4,1,0,0,1,1,0,21,0,0,5,7,3,11.0,0,0,5,5,4,12.75,0,7.6,2.6,0.32,0
1,8,3,5,1,1,1,22,27,6,6,1,0,0,1,1,0,18,0,0,6,6,6,14.166666666666666,0,0,6,8,5,13.0,0,10.8,1.4,1.74,2
1,1,5,5,1,1,1,3,3,3,3,1,0,0,1,1,0,22,0,0,6,6,6,14.666666666666666,0,0,6,6,6,15.0,0,9.4,-0.8,-3.12,2
1,8,3,6,1,1,1,23,1,10,10,1,0,0,1,1,0,21,0,0,5,11,0,0.0,0,0,5,10,5,12.285714285714286,1,10.8,1.4,1.74,2
1,4,1,13,1,3,1,3,3,3,3,0,0,1,0,1,0,38,0,0,7,8,3,12.666666666666666,0,0,5,5,0,0.0,0,13.9,-0.3,0.79,0
1,1,1,2,1,1,1,13,1,10,10,1,0,0,1,1,0,20,0,0,0,0,0,0.0,0,0,0,0,0,0.0,0,10.8,1.4,1.74,1
1,14,4,2,1,1,1,22,27,10,10,1,0,0,1,1,0,19,0,0,0,0,0,0.0,0,0,0,0,0,0.0,0,7.6,2.6,0.32,0
1,4,1,7,1,1,1,19,24,1,1,0,0,0,1,1,0,24,0,0,5,0,0,0.0,0,0,5,0,0,0.0,0,7.6,2.6,0.32,0
1,9,3,5,1,1,1,1,27,5,8,1,0,0,0,1,0,19,0,0,6,0,0,0.0,0,0,6,0,0,0.0,0,12.7,3.7,-1.7,0
1,1,1,12,1,1,1,22,28,10,10,1,0,0,1,1,1,19,0,0,7,7,7,13.7,0,0,8,9,8,14.022222222222222,0,16.2,0.3,-0.92,2
1,1,1,9,1,1,1,3,14,4,11,0,0,0,1,1,0,19,0,0,5,7,5,11.8,0,0,5,8,4,12.4,2,16.2,0.3,-0.92,1
1,12,1,7,1,3,1,3,3,4,11,0,0,0,1,1,0,31,0,0,5,0,0,0.0,0,0,5,0,0,0.0,0,10.8,1.4,1.74,0
1,8,1,14,1,1,1,23,27,10,9,1,0,0,1,1,1,19,0,0,6,6,6,13.333333333333334,0,0,6,7,6,13.285714285714286,0,8.9,1.4,3.51,2
1,8,1,5,1,1,1,13,28,5,6,1,0,0,1,1,0,22,0,0,6,7,5,11.4,0,0,6,6,6,12.166666666666666,0,7.6,2.6,0.32,2
1,12,1,6,1,1,1,19,1,1,3,0,0,0,1,1,0,25,0,0,5,5,0,0.0,0,0,5,5,0,0.0,0,7.6,2.6,0.32,0
1,1,1,12,1,1,1,1,1,6,6,1,0,0,1,1,0,18,0,0,7,7,7,16.142857142857142,0,0,8,9,0,0.0,0,16.2,0.3,-0.92,0
1,4,1,12,1,3,1,22,27,12,12,1,0,0,1,1,0,30,0,0,8,8,0,0.0,8,0,8,8,0,0.0,8,9.4,-0.8,-3.12,0
1,1,1,12,1,1,1,23,27,10,10,0,0,0,1,1,1,18,0,0,8,8,8,15.63375,0,0,8,8,8,15.63375,0,9.4,-0.8,-3.12,2
1,1,1,15,1,1,1,1,1,6,6,1,0,0,1,1,0,18,0,0,6,6,6,13.666666666666666,0,0,6,6,6,14.5,0,12.7,3.7,-1.7,2
1,8,6,15,1,1,1,19,24,1,1,0,0,0,1,1,0,18,0,0,6,0,0,0.0,0,0,6,0,0,0.0,0,7.6,2.6,0.32,0
1,1,1,10,1,1,1,23,28,8,8,1,0,0,1,1,0,18,0,0,6,8,6,12.5,0,0,6,7,6,11.5,0,10.8,1.4,1.74,2
1,12,1,14,1,1,1,1,14,5,10,0,0,0,1,1,1,25,0,0,6,8,6,12.285714285714286,0,0,6,6,6,13.0,0,15.5,2.8,-4.06,2
1,1,1,7,1,1,1,3,1,5,2,0,0,0,1,1,0,18,0,0,5,10,2,14.0,0,0,5,7,3,11.0,1,7.6,2.6,0.32,1
1,1,5,2,1,1,1,1,1,5,5,0,0,0,1,1,0,18,0,0,0,0,0,0.0,0,0,0,0,0,0.0,0,12.7,3.7,-1.7,0
1,1,4,9,1,1,1,1,28,9,10,1,0,0,1,1,0,19,0,0,5,5,4,10.75,0,0,5,6,4,12.25,0,12.4,0.5,1.79,1
1,12,1,13,1,12,1,13,1,8,11,0,0,0,1,1,0,25,0,0,7,14,4,12.95,1,0,7,11,4,13.125,1,15.5,2.8,-4.06,0
1,1,3,12,1,1,1,22,28,10,6,1,0,0,1,0,0,19,0,0,7,7,6,12.45,0,0,7,7,6,12.45,0,7.6,2.6,0.32,2
1,15,1,17,0,14,1,22,27,10,10,0,0,0,1,0,0,31,0,2,6,12,4,12.25,0,3,7,9,7,12.0,0,9.4,-0.8,-3.12,1
1,1,3,12,1,1,1,13,14,6,5,1,0,0,1,0,1,20,0,0,8,8,8,13.38125,0,0,8,8,8,13.38125,0,9.4,-0.8,-3.12,2
1,13,1,12,1,1,14,3,1,4,11,1,0,0,0,0,0,33,1,1,7,10,5,12.16,0,0,6,7,5,11.34,0,12.4,0.5,1.79,0
1,15,1,6,1,14,1,1,3,10,5,0,0,1,0,0,0,24,0,2,6,11,4,12.5,0,1,6,18,2,11.5,0,12.4,0.5,1.79,1
1,8,4,10,1,1,1,13,27,10,10,1,0,0,1,0,1,18,0,0,6,8,6,12.75,0,0,6,10,6,12.166666666666666,0,12.7,3.7,-1.7,2
1,8,2,12,1,1,1,1,14,5,11,1,0,0,1,0,0,19,0,0,8,8,8,13.3425,0,0,8,8,8,13.3425,0,9.4,-0.8,-3.12,2
1,1,4,12,1,1,1,23,28,8,8,1,0,0,1,0,1,20,0,0,7,10,7,14.175,0,0,8,14,6,13.03125,0,15.5,2.8,-4.06,2
2,12,1,12,1,1,1,22,28,5,5,0,0,0,1,1,1,33,0,0,8,16,1,10.0,1,0,8,16,1,10.0,1,12.7,3.7,-1.7,1
1,12,1,7,1,1,1,23,27,8,8,0,0,0,1,1,0,24,0,0,5,9,0,0.0,0,0,5,8,2,14.5,2,7.6,2.6,0.32,0
1,12,1,17,0,12,1,2,1,3,5,0,0,0,1,1,0,24,0,0,5,7,0,0.0,0,0,5,7,0,0.0,0,16.2,0.3,-0.92,0
1,8,1,6,1,1,1,23,27,10,10,1,0,0,1,1,0,18,0,0,5,6,5,12.0,0,0,5,8,5,12.142857142857142,0,10.8,1.4,1.74,2
1,1,2,11,1,1,1,22,27,10,10,1,0,0,1,0,1,18,0,0,6,8,6,10.571428571428571,0,0,6,9,5,11.4,0,16.2,0.3,-0.92,2
1,16,1,6,1,1,1,3,3,3,9,1,0,0,1,0,0,22,0,4,12,19,11,14.153846153846152,0,5,12,20,12,15.428571428571429,0,8.9,1.4,3.51,2
1,1,1,15,1,1,1,2,1,10,10,1,1,0,1,0,1,18,0,0,6,9,6,11.166666666666666,0,0,6,11,5,12.4,0,10.8,1.4,1.74,2
1,1,1,2,1,1,1,13,14,4,11,1,0,0,1,0,0,21,0,13,17,20,17,12.0,0,14,17,18,17,12.666666666666666,0,11.1,0.6,2.02,2
2,12,1,17,0,1,1,22,27,6,2,1,0,0,1,0,0,38,0,0,5,11,3,11.333333333333334,0,0,5,9,4,12.0,0,9.4,-0.8,-3.12,0
1,14,1,10,1,1,1,19,24,13,13,0,0,0,1,0,1,29,0,9,16,17,16,12.588235294117649,0,10,13,14,13,13.357142857142858,0,9.4,-0.8,-3.12,2
1,15,1,8,1,14,1,23,27,5,10,1,0,0,1,0,1,20,0,0,6,11,4,12.0,0,0,6,9,4,10.75,0,16.2,0.3,-0.92,1
1,8,1,11,1,1,1,23,27,5,10,1,0,0,0,0,0,18,0,0,6,0,0,0.0,0,0,6,0,0,0.0,0,12.7,3.7,-1.7,0
2,14,1,17,0,1,1,22,27,10,10,0,0,0,1,1,0,37,0,7,12,13,12,12.25,0,8,13,13,13,12.846153846153848,0,9.4,-0.8,-3.12,2
1,1,3,9,1,1,1,3,3,6,11,0,0,0,1,1,0,20,0,0,5,7,5,11.6,0,0,5,5,5,12.8,0,12.4,0.5,1.79,2
1,1,1,8,1,1,1,13,14,12,9,1,0,0,0,1,0,20,0,0,5,7,4,13.0,0,0,5,11,3,12.0,2,10.8,1.4,1.74,0
2,12,1,7,1,1,1,22,28,10,11,0,0,1,1,1,0,40,0,0,5,11,3,10.666666666666666,0,0,5,5,2,12.5,0,16.2,0.3,-0.92,0
2,12,1,3,0,1,1,22,3,10,11,0,0,0,1,1,0,44,0,5,11,21,9,12.333333333333334,0,8,11,16,9,11.0,0,12.4,0.5,1.79,1
1,1,1,9,1,1,1,1,1,10,10,0,0,0,0,1,0,21,0,0,5,7,2,11.0,0,0,5,9,3,11.428571428571429,0,10.8,1.4,1.74,0
1,15,1,5,1,14,1,2,14,4,9,0,0,0,1,1,0,21,0,2,7,10,6,13.428571428571429,0,5,9,9,8,13.125,0,16.2,0.3,-0.92,2
1,1,6,12,1,1,1,3,1,3,2,1,0,0,1,1,0,18,0,0,8,10,8,13.05375,2,0,8,10,8,13.05375,2,9.4,-0.8,-3.12,2
1,1,5,12,1,1,1,1,3,10,11,1,0,0,1,1,0,18,0,0,7,10,6,12.035714285714286,0,0,8,9,7,13.75,0,13.9,-0.3,0.79,1
1,12,1,4,1,1,1,3,1,6,10,0,0,0,1,1,0,27,0,0,6,6,6,14.166666666666666,0,0,6,7,6,13.833333333333334,0,11.1,0.6,2.02,2
2,12,1,5,1,12,1,22,27,10,11,0,0,0,0,1,0,38,0,0,6,6,0,0.0,0,0,6,8,0,0.0,0,10.8,1.4,1.74,0
1,9,1,8,1,1,1,3,3,6,3,0,0,0,1,1,0,18,0,0,6,11,5,13.6,0,0,6,13,3,12.666666666666666,0,13.9,-0.3,0.79,0
1,8,4,11,1,1,1,1,1,5,3,1,0,0,1,1,0,19,0,0,6,7,5,12.2,0,0,6,12,2,12.0,0,7.6,2.6,0.32,1
1,1,1,8,1,1,1,3,14,3,10,1,0,0,1,1,0,18,0,0,6,8,6,13.714285714285714,0,0,6,7,5,13.333333333333334,0,15.5,2.8,-4.06,0
1,14,1,15,1,1,1,1,1,10,7,0,0,1,0,1,0,19,0,0,6,10,3,11.666666666666666,0,0,6,11,2,10.0,0,16.2,0.3,-0.92,0
1,12,1,14,1,1,1,22,27,12,12,0,0,1,0,1,0,44,0,0,6,9,1,14.0,0,0,6,6,0,0.0,0,12.7,3.7,-1.7,0
1,15,1,6,1,14,1,1,1,5,5,1,1,0,1,1,0,26,0,2,6,20,4,12.5,0,1,6,16,3,10.0,0,15.5,2.8,-4.06,0
1,14,1,8,1,1,1,13,1,10,5,0,0,1,0,1,0,24,0,0,6,11,5,11.833333333333334,0,0,6,11,4,11.5,0,15.5,2.8,-4.06,0
1,12,1,4,1,1,1,13,1,10,7,1,0,0,0,1,0,27,0,0,6,6,0,0.0,0,0,6,8,0,0.0,0,15.5,2.8,-4.06,0
1,12,1,4,1,1,1,1,1,10,5,0,0,1,0,1,0,27,0,0,6,0,0,0.0,0,0,6,0,0,0.0,0,13.9,-0.3,0.79,0
1,14,1,5,1,1,1,23,28,8,8,1,0,0,1,1,0,25,0,11,17,18,13,11.538461538461538,0,10,15,15,10,12.4,0,12.7,3.7,-1.7,0
1,15,1,4,1,1,1,3,2,3,7,1,0,0,1,1,0,21,0,4,9,14,7,11.285714285714286,2,2,8,15,4,12.25,0,12.7,3.7,-1.7,1
1,1,1,2,1,1,1,23,14,10,10,1,0,0,1,1,1,19,0,0,0,0,0,0.0,0,0,0,0,0,0.0,0,13.9,-0.3,0.79,2
1,8,2,5,1,1,1,24,29,4,4,1,0,0,1,1,0,20,0,0,6,7,5,11.8,0,0,6,9,4,12.0,0,15.5,2.8,-4.06,1
1,15,1,7,1,14,1,13,3,6,3,0,0,0,1,1,0,20,0,0,5,16,0,0.0,0,0,5,12,2,10.5,0,12.7,3.7,-1.7,1
1,8,5,7,1,1,1,3,1,3,10,1,0,1,0,1,0,20,0,0,5,5,0,0.0,0,0,5,5,0,0.0,0,8.9,1.4,3.51,0
1,1,1,7,1,1,1,1,1,4,4,0,0,0,0,1,1,18,0,0,5,5,5,14.2,0,0,5,5,5,14.2,0,8.9,1.4,3.51,1
1,8,1,2,1,1,1,4,4,4,4,0,0,1,1,1,0,19,0,5,12,12,10,12.7,0,4,11,16,10,12.272727272727272,0,8.9,1.4,3.51,1
1,15,1,8,1,14,1,1,27,5,9,1,0,0,0,0,0,22,0,1,6,10,3,12.666666666666666,0,0,6,7,0,0.0,0,15.5,2.8,-4.06,0
1,1,4,14,1,1,1,4,14,3,6,1,0,0,1,0,0,19,0,0,6,7,6,14.428571428571429,0,0,6,8,6,15.0,2,16.2,0.3,-0.92,2
1,1,4,12,1,1,1,1,1,5,8,1,0,0,1,0,1,18,0,0,7,7,7,13.117142857142856,0,0,8,9,7,12.6,0,11.1,0.6,2.02,2
1,1,2,10,1,1,1,13,14,29,36,1,0,1,1,0,0,20,0,0,6,7,6,12.666666666666666,0,0,6,7,6,11.833333333333334,0,8.9,1.4,3.51,2
1,8,1,2,1,1,14,1,1,6,8,1,0,0,1,0,1,18,1,0,0,0,0,0.0,0,0,0,0,0,0.0,0,12.7,3.7,-1.7,0
1,12,1,15,1,1,1,1,14,2,4,0,0,0,1,1,0,36,0,0,6,7,6,15.285714285714286,0,0,6,6,6,16.5,0,10.8,1.4,1.74,2
1,6,1,9,1,1,12,22,2,7,5,0,0,1,1,1,0,19,1,0,5,12,3,10.5,0,0,5,8,4,11.25,0,12.4,0.5,1.79,2
1,17,1,9,1,16,1,1,1,7,7,0,0,0,1,1,1,21,0,6,11,11,11,12.636363636363637,0,3,9,11,9,12.6,0,8.9,1.4,3.51,2
1,1,1,9,1,1,1,13,28,10,10,1,0,0,1,0,0,26,0,0,5,6,0,0.0,0,0,5,0,0,0.0,0,15.5,2.8,-4.06,0
1,12,1,4,1,1,14,1,1,10,10,0,0,1,0,0,0,29,1,3,9,9,3,14.333333333333334,0,1,7,8,1,14.0,0,15.5,2.8,-4.06,0
1,15,1,11,1,14,1,13,2,10,4,0,0,0,0,1,0,26,0,2,8,14,8,15.125,0,1,6,12,6,13.666666666666666,0,11.1,0.6,2.02,1
1,4,1,12,1,3,1,3,14,3,7,0,0,0,1,1,0,27,0,0,7,0,0,0.0,0,0,8,0,0,0.0,0,12.4,0.5,1.79,0
1,16,1,9,1,1,1,3,3,3,3,0,0,1,1,1,0,32,0,2,7,16,3,12.0,0,3,8,10,3,10.333333333333334,0,8.9,1.4,3.51,1
1,7,3,16,1,1,1,22,14,10,6,1,0,0,1,0,1,23,0,0,6,10,4,14.25,1,0,6,8,5,12.0,0,7.6,2.6,0.32,1
1,12,1,9,1,1,14,23,28,10,9,0,0,0,1,0,0,24,1,0,5,12,2,10.5,0,0,5,9,4,10.0,2,16.2,0.3,-0.92,1
1,1,2,15,1,1,1,1,1,10,10,1,0,0,1,0,1,19,0,0,6,7,6,13.5,0,0,6,7,6,14.428571428571429,0,16.2,0.3,-0.92,2
1,13,1,4,1,1,1,13,14,5,5,1,0,0,1,1,0,25,0,0,6,14,5,11.666666666666666,0,0,6,11,4,12.0,0,15.5,2.8,-4.06,1
1,8,6,11,1,1,1,1,14,5,6,1,0,0,1,1,0,19,0,0,6,13,5,10.8,0,0,6,12,3,10.0,0,9.4,-0.8,-3.12,1
1,1,3,15,1,1,1,1,3,1,1,0,0,0,0,1,0,20,0,0,4,4,0,0.0,0,0,4,8,0,0.0,0,10.8,1.4,1.74,0
2,1,1,11,1,1,1,13,28,5,8,0,0,0,1,1,0,33,0,3,9,11,9,12.8,0,2,7,9,7,11.428571428571429,0,12.7,3.7,-1.7,2
2,12,1,17,0,1,1,22,10,10,10,0,0,1,1,1,0,35,0,0,5,6,5,10.8,0,0,5,7,5,12.0,2,9.4,-0.8,-3.12,0
1,1,1,9,1,1,1,22,28,8,8,1,0,0,1,1,0,23,0,0,5,8,4,11.4,0,0,5,7,4,11.0,0,11.1,0.6,2.02,2
1,1,1,12,1,1,1,22,14,10,10,1,0,0,1,1,0,19,0,0,7,7,7,13.725714285714286,0,0,8,8,8,14.5,0,11.1,0.6,2.02,2
1,1,1,14,1,1,1,1,27,10,11,0,0,0,1,1,0,21,0,0,6,6,5,12.8,0,0,6,9,5,12.25,0,10.8,1.4,1.74,1
1,1,5,5,1,1,1,1,14,4,4,1,0,0,1,1,1,21,0,0,6,6,6,13.5,0,0,6,6,6,11.166666666666666,0,11.1,0.6,2.02,2
1,12,1,12,1,1,1,22,27,4,8,0,0,0,1,1,0,27,0,0,8,8,7,15.57,0,0,8,8,7,15.57,0,10.8,1.4,1.74,0
1,8,3,9,1,1,1,3,28,15,36,1,0,1,1,1,0,19,0,0,5,10,4,11.0,0,0,5,13,2,12.0,0,8.9,1.4,3.51,1
1,4,2,12,1,3,1,22,28,10,10,0,0,0,1,1,0,28,0,0,7,7,7,14.114285714285714,0,0,8,9,8,15.91111111111111,0,16.2,0.3,-0.92,0
1,14,1,9,1,1,1,22,28,8,8,0,0,0,1,1,0,25,0,0,5,12,3,11.0,1,0,5,12,4,11.5,0,9.4,-0.8,-3.12,1
2,12,1,10,1,12,1,22,27,10,5,0,0,0,1,1,0,42,0,0,6,0,0,0.0,0,0,6,0,0,0.0,0,15.5,2.8,-4.06,0
1,4,1,17,0,3,1,22,27,10,10,0,0,0,1,1,0,27,0,0,5,6,4,13.5,0,0,5,6,4,13.75,0,7.6,2.6,0.32,2
1,1,1,5,1,1,1,3,3,1,2,1,0,0,1,1,0,23,0,0,6,9,4,11.25,1,0,6,10,0,0.0,4,7.6,2.6,0.32,0
1,8,3,11,1,1,1,13,1,5,5,1,0,0,1,1,1,18,0,0,6,7,6,12.142857142857142,0,0,6,8,6,11.333333333333334,0,8.9,1.4,3.51,2
2,12,1,12,1,1,1,22,27,10,5,0,0,0,1,1,0,26,0,0,8,8,7,13.075714285714286,0,0,8,8,7,13.075714285714286,0,10.8,1.4,1.74,2
1,1,4,9,1,1,1,3,1,4,11,0,0,0,1,1,0,18,0,0,5,0,0,0.0,0,0,5,0,0,0.0,0,8.9,1.4,3.51,0
1,12,1,17,0,1,1,3,5,3,3,0,0,1,1,1,0,29,0,1,5,9,3,11.0,0,0,5,11,2,13.5,0,12.7,3.7,-1.7,0
1,8,1,6,1,1,1,1,1,5,8,1,0,0,1,1,0,22,0,0,6,16,0,0.0,0,0,6,7,0,0.0,0,16.2,0.3,-0.92,0
1,14,1,12,1,1,1,13,27,27,42,1,0,0,1,0,0,21,0,0,7,12,4,13.125,0,0,7,8,6,12.333333333333334,0,13.9,-0.3,0.79,1
1,1,3,12,1,1,1,23,28,8,10,1,0,0,1,0,1,19,0,0,8,8,7,13.512857142857142,0,0,8,8,7,13.512857142857142,0,10.8,1.4,1.74,2
1,1,1,10,1,1,1,23,27,10,8,1,0,0,1,0,1,18,0,0,6,7,6,12.833333333333334,0,0,6,6,6,12.166666666666666,0,10.8,1.4,1.74,2
1,1,3,6,1,1,1,23,1,10,10,1,0,0,1,0,1,18,0,0,5,8,3,15.0,2,0,5,9,3,11.666666666666666,0,9.4,-0.8,-3.12,0
1,12,1,4,1,12,1,22,28,5,10,0,0,1,0,0,0,40,0,0,6,12,5,12.8,0,0,6,16,3,13.333333333333334,0,11.1,0.6,2.02,0
1,8,3,11,1,1,12,23,3,10,4,1,0,1,0,0,0,20,1,0,6,14,3,12.333333333333334,0,0,6,16,0,0.0,0,10.8,1.4,1.74,0
1,1,3,12,1,1,1,3,1,5,2,1,0,0,1,1,0,18,0,0,8,15,5,12.288,1,0,8,15,5,12.288,1,10.8,1.4,1.74,0
1,14,2,3,0,3,1,19,24,1,1,0,0,0,1,1,0,31,0,8,12,21,12,12.333333333333334,0,6,10,13,7,13.285714285714286,2,7.6,2.6,0.32,2
1,1,2,9,1,1,1,1,1,10,10,0,0,0,1,1,1,18,0,0,5,9,4,11.5,0,0,5,5,5,12.8,0,12.4,0.5,1.79,2
1,14,2,14,1,1,1,13,1,5,5,1,0,0,1,1,0,22,0,4,6,6,6,11.833333333333334,0,0,6,11,4,11.142857142857142,0,10.8,1.4,1.74,0
1,16,1,9,1,12,1,13,14,10,6,0,0,1,0,1,0,38,0,0,5,5,0,0.0,0,0,5,5,0,0.0,0,8.9,1.4,3.51,0
1,14,1,17,0,3,1,3,1,3,10,0,0,0,1,1,0,33,0,0,5,5,0,0.0,0,0,5,5,0,0.0,0,12.7,3.7,-1.7,0
1,1,3,7,1,1,1,1,1,4,6,0,0,0,1,1,1,19,0,0,5,10,5,11.8,0,0,5,12,3,11.5,0,11.1,0.6,2.02,1
1,8,1,14,1,1,1,3,3,2,2,0,0,0,1,1,0,18,0,0,6,0,0,0.0,0,0,6,0,0,0.0,0,15.5,2.8,-4.06,0
1,1,5,7,1,1,1,1,14,5,8,0,0,0,0,1,1,18,0,0,5,6,5,12.2,0,0,5,8,4,12.0,0,8.9,1.4,3.51,1
1,16,1,17,0,1,1,1,1,6,4,1,0,0,1,1,0,27,0,2,6,6,6,12.333333333333334,0,0,5,5,5,13.0,0,11.1,0.6,2.02,2
1,12,1,11,1,1,1,22,27,10,10,0,0,0,1,1,0,26,0,0,6,7,6,12.428571428571429,0,0,6,6,6,12.833333333333334,0,7.6,2.6,0.32,2
1,1,6,12,1,1,1,1,14,4,4,1,0,0,1,0,1,19,0,0,7,7,7,12.765714285714289,0,0,8,9,8,13.544444444444444,0,12.4,0.5,1.79,2
2,16,1,12,1,1,1,22,27,6,6,0,0,0,1,1,0,44,0,0,7,11,5,12.1,0,0,7,10,5,12.6,0,11.1,0.6,2.02,0
1,1,2,9,1,1,1,22,28,10,10,1,0,0,1,1,0,19,0,0,5,10,5,12.0,0,0,5,9,5,11.5,0,13.9,-0.3,0.79,2
1,9,1,5,1,1,1,1,27,5,8,1,0,0,1,1,0,20,0,0,6,6,0,0.0,0,0,6,6,0,0.0,0,9.4,-0.8,-3.12,0
1,12,1,4,1,12,1,13,27,2,2,0,0,1,1,1,0,24,0,0,6,10,6,14.88888888888889,0,0,6,11,6,13.727272727272728,0,16.2,0.3,-0.92,1
4,14,1,17,0,1,1,22,27,7,7,0,0,0,1,0,0,31,0,7,14,19,13,11.357142857142858,0,9,14,14,13,12.0,1,9.4,-0.8,-3.12,2
1,14,1,5,1,1,1,22,27,10,10,1,0,0,1,0,0,25,0,0,6,6,6,13.5,0,0,6,6,6,12.5,0,9.4,-0.8,-3.12,2
1,8,4,15,1,1,1,2,27,10,10,1,0,1,0,0,0,19,0,0,6,6,0,0.0,0,0,6,0,0,0.0,0,8.9,1.4,3.51,0
1,8,3,12,1,1,1,3,2,4,4,1,0,0,1,0,0,18,0,0,7,7,7,13.884285714285712,0,0,8,9,8,14.75,0,11.1,0.6,2.02,0
1,14,1,6,1,1,1,13,28,5,10,1,0,0,0,0,0,19,0,0,6,12,5,13.0,0,0,6,12,3,11.666666666666666,0,13.9,-0.3,0.79,1
1,1,3,12,1,1,1,3,1,5,4,1,0,0,1,0,1,19,0,0,7,11,4,12.65,0,0,7,9,5,11.1,0,12.4,0.5,1.79,1
1,8,1,9,1,1,1,1,28,5,6,1,0,0,1,0,0,19,0,0,5,10,1,11.0,0,0,5,13,0,0.0,0,12.7,3.7,-1.7,1
1,12,1,14,1,1,1,1,1,5,5,0,0,0,1,0,0,24,0,0,6,12,2,11.666666666666666,0,0,6,20,2,10.5,6,16.2,0.3,-0.92,0
1,1,1,10,1,1,1,3,3,4,4,0,0,0,1,0,0,20,0,0,6,6,6,14.5,0,0,6,6,6,12.666666666666666,0,12.4,0.5,1.79,2
1,8,1,11,1,1,1,13,27,6,4,0,0,0,1,0,0,18,0,0,6,7,6,14.714285714285714,0,0,6,7,6,14.166666666666666,0,12.7,3.7,-1.7,2
1,1,1,10,1,1,1,23,1,6,8,0,0,0,1,0,1,18,0,0,6,7,6,13.285714285714286,0,0,6,6,6,14.333333333333334,0,12.4,0.5,1.79,2
1,8,1,6,1,1,1,1,28,5,10,1,0,0,1,0,0,21,0,0,5,13,3,11.333333333333334,2,0,5,12,2,10.5,1,9.4,-0.8,-3.12,1
1,4,1,12,1,3,1,22,27,5,6,0,0,1,0,0,0,28,0,0,7,7,0,0.0,7,0,7,7,0,0.0,7,13.9,-0.3,0.79,0
1,1,1,9,1,1,1,23,27,6,7,0,0,0,1,0,1,18,0,0,5,11,4,11.571428571428571,0,0,5,9,5,12.0,0,13.9,-0.3,0.79,1
1,1,1,16,1,1,1,22,14,10,9,0,0,1,1,0,0,18,0,0,6,10,5,13.0,0,0,6,10,4,11.5,0,12.7,3.7,-1.7,0
1,1,1,10,1,1,1,1,1,5,5,0,0,0,1,0,1,18,0,0,6,9,6,11.5,0,0,6,11,5,14.0,0,11.1,0.6,2.02,2
1,8,2,9,1,1,1,22,14,10,9,1,0,0,1,0,1,18,0,0,5,8,5,11.8,0,0,5,10,5,11.6,3,16.2,0.3,-0.92,2
1,1,1,9,1,1,1,13,14,10,10,1,0,0,0,0,1,19,0,0,5,7,3,10.666666666666666,0,0,5,10,3,12.285714285714286,0,10.8,1.4,1.74,0
1,8,1,12,1,1,1,13,28,4,10,0,0,0,1,0,1,19,0,0,7,11,6,13.8875,0,0,8,9,8,14.864444444444445,0,15.5,2.8,-4.06,2
1,1,1,10,1,1,1,23,28,29,43,0,0,1,1,0,1,20,0,0,6,7,5,11.4,0,0,6,9,6,11.5,0,8.9,1.4,3.51,2
2,14,1,3,0,1,1,22,14,10,4,0,0,0,1,0,0,34,0,9,11,17,9,12.333333333333334,0,3,7,12,7,12.142857142857142,0,9.4,-0.8,-3.12,2
2,12,1,12,1,1,1,22,27,10,10,1,0,0,1,0,0,39,0,0,7,8,5,12.16,0,0,7,8,5,12.16,0,7.6,2.6,0.32,1
1,8,3,12,1,1,1,3,14,3,6,1,0,0,1,0,0,19,0,0,8,8,8,13.427499999999998,0,0,8,8,8,13.427499999999998,0,9.4,-0.8,-3.12,2
1,12,1,5,1,1,1,1,14,5,5,1,0,0,1,0,0,24,0,0,6,6,6,15.166666666666666,0,0,6,6,2,15.5,0,15.5,2.8,-4.06,2
1,5,1,15,1,1,9,23,27,1,6,1,0,0,1,0,0,18,1,0,6,12,0,0.0,1,0,6,0,0,0.0,0,9.4,-0.8,-3.12,0
1,8,1,8,1,1,1,13,14,4,11,1,0,0,1,1,0,19,0,0,5,11,2,10.5,2,0,5,9,0,0.0,3,10.8,1.4,1.74,0
1,1,1,9,1,1,1,1,28,4,7,0,0,0,1,1,1,18,0,0,5,5,5,11.8,0,0,5,8,3,11.0,0,9.4,-0.8,-3.12,2
1,1,2,9,1,1,1,3,1,4,4,1,1,1,1,1,0,20,0,0,5,6,5,13.2,0,0,5,10,5,11.4,3,16.2,0.3,-0.92,1
1,1,6,12,1,1,1,1,1,10,10,1,1,1,1,1,0,19,0,2,7,8,7,13.075,0,1,8,11,8,12.36111111111111,0,12.4,0.5,1.79,2
1,1,1,8,1,1,1,3,14,3,5,1,0,0,1,1,0,19,0,0,6,8,4,11.6,0,0,6,14,2,13.0,0,11.1,0.6,2.02,0
1,8,1,4,1,1,1,22,3,6,3,0,0,0,1,1,0,19,0,0,6,10,6,13.666666666666666,0,0,6,10,4,12.25,0,13.9,-0.3,0.79,0
2,12,1,17,0,1,1,21,12,10,11,1,0,0,1,1,0,41,0,0,5,9,4,10.75,0,0,5,7,2,10.0,0,9.4,-0.8,-3.12,0
1,1,2,12,1,1,1,5,5,3,3,0,0,0,1,1,0,19,0,0,7,10,6,13.492857142857144,0,0,8,9,8,12.68888888888889,0,12.4,0.5,1.79,2
1,14,3,11,1,1,1,3,3,3,3,0,0,0,1,1,0,19,0,0,6,14,3,12.5,0,0,6,9,4,11.0,0,12.7,3.7,-1.7,1
1,4,1,12,1,3,1,1,1,8,11,1,0,0,0,1,0,23,0,0,7,0,0,0.0,0,0,8,0,0,0.0,0,12.7,3.7,-1.7,0
1,1,1,7,1,1,1,13,28,10,8,0,0,0,1,1,0,18,0,0,5,12,5,13.285714285714286,0,0,5,16,5,14.8,0,12.4,0.5,1.79,0
1,1,1,9,1,1,1,3,14,4,4,0,0,0,1,1,0,19,0,0,5,6,5,12.6,0,0,5,13,5,11.8,5,16.2,0.3,-0.92,2
1,15,1,4,1,14,1,3,3,3,11,1,0,0,1,1,0,20,0,0,6,7,6,14.0,0,0,6,7,6,14.666666666666666,0,12.4,0.5,1.79,2
1,12,1,6,1,1,1,22,27,12,12,0,0,1,0,1,0,35,0,0,5,7,2,11.5,0,0,5,8,2,10.5,0,7.6,2.6,0.32,0
4,12,2,14,1,12,1,13,1,12,12,0,0,0,0,1,0,34,0,0,6,6,0,0.0,0,0,6,9,0,0.0,0,10.8,1.4,1.74,0
1,1,1,5,1,1,1,3,3,10,10,1,0,1,0,0,1,19,0,0,6,6,6,11.833333333333334,0,0,6,8,6,12.875,0,10.8,1.4,1.74,2
1,6,1,10,1,1,12,13,1,10,10,1,0,1,0,1,0,22,1,0,6,10,5,11.5,0,0,6,8,5,12.4,0,13.9,-0.3,0.79,2
1,8,3,5,1,1,1,1,4,5,3,0,0,0,1,1,0,20,0,0,6,6,6,14.166666666666666,0,0,6,8,6,12.333333333333334,0,11.1,0.6,2.02,2
2,13,1,17,0,1,1,3,2,3,3,0,0,0,1,1,0,27,0,2,2,2,2,12.5,0,0,5,6,2,12.5,0,12.7,3.7,-1.7,1
2,12,1,7,1,1,1,13,14,1,6,0,0,1,1,1,0,30,0,0,5,5,0,0.0,0,0,5,5,0,0.0,0,7.6,2.6,0.32,0
1,12,1,7,1,1,1,1,1,5,5,0,0,0,1,1,0,34,0,0,5,7,0,0.0,0,0,5,8,1,11.0,0,10.8,1.4,1.74,1
1,1,1,11,1,1,1,1,1,6,5,1,0,0,0,1,0,20,0,0,6,14,2,10.5,0,0,6,16,0,0.0,0,10.8,1.4,1.74,0
1,8,1,5,1,1,1,22,28,10,6,1,0,0,1,1,0,18,0,0,6,6,6,11.833333333333334,0,0,6,6,6,13.166666666666666,0,7.6,2.6,0.32,2
1,1,1,8,1,1,1,7,14,5,5,0,0,0,1,1,1,26,0,0,5,9,0,0.0,0,0,5,6,0,0.0,0,7.6,2.6,0.32,0
1,12,1,17,0,1,1,1,1,4,8,0,0,0,1,1,0,26,0,0,5,5,5,12.4,0,0,5,5,5,12.4,0,15.5,2.8,-4.06,2
1,12,2,9,1,1,1,13,14,6,10,0,0,0,0,1,0,26,0,0,5,5,2,10.5,0,0,5,9,0,0.0,0,10.8,1.4,1.74,0
1,12,1,17,0,1,1,22,27,10,7,0,0,1,0,1,0,31,0,0,5,9,0,0.0,0,0,5,6,0,0.0,0,12.4,0.5,1.79,0
1,1,3,2,1,1,1,22,14,10,9,1,0,0,1,1,1,20,0,6,12,12,12,14.583333333333334,0,4,11,14,11,14.333333333333334,0,8.9,1.4,3.51,2
1,1,1,15,1,1,1,13,9,1,1,1,0,0,1,1,0,19,0,0,6,6,6,11.666666666666666,0,0,6,10,3,12.666666666666666,0,7.6,2.6,0.32,2
1,8,1,14,1,1,1,19,3,8,3,1,0,1,0,1,0,23,0,0,5,5,0,0.0,0,0,5,5,0,0.0,0,7.6,2.6,0.32,0
1,1,6,12,1,1,1,1,1,5,5,1,0,0,1,1,1,20,0,0,7,14,1,13.0,0,0,7,15,0,0.0,0,11.1,0.6,2.02,0
1,16,1,12,1,1,1,1,1,5,11,0,0,0,1,1,0,20,0,0,7,7,7,15.66,0,7,10,11,9,15.011111111111113,0,11.1,0.6,2.02,2
1,12,1,3,0,1,1,19,24,1,1,1,0,0,1,1,0,29,0,0,6,10,0,0.0,1,0,5,10,0,0.0,0,7.6,2.6,0.32,0
1,1,4,15,1,1,1,13,14,8,8,1,0,0,1,1,1,20,0,0,6,6,6,12.166666666666666,0,0,6,8,4,12.75,0,9.4,-0.8,-3.12,2
1,1,1,12,1,1,1,22,27,10,10,0,0,0,1,1,0,24,0,0,7,7,6,13.3,0,0,7,7,6,13.3,0,7.6,2.6,0.32,2
1,12,1,13,1,12,1,27,1,4,8,0,0,0,1,1,0,37,0,0,7,15,0,0.0,0,0,7,13,0,0.0,1,11.1,0.6,2.02,0
1,1,5,12,1,1,1,22,14,5,5,1,0,0,1,1,0,18,0,0,7,0,0,0.0,0,0,8,0,0,0.0,0,7.6,2.6,0.32,0
1,1,2,2,1,1,1,2,14,6,6,1,0,1,0,1,1,18,0,0,0,0,0,0.0,0,0,0,0,0,0.0,0,13.9,-0.3,0.79,0
1,8,1,12,1,1,1,13,3,5,10,0,0,0,1,1,0,18,0,0,8,8,7,13.55714285714286,0,0,8,8,7,13.55714285714286,0,12.7,3.7,-1.7,2
2,15,1,7,1,14,1,22,27,10,10,0,0,1,1,1,0,41,0,3,7,15,5,14.333333333333334,0,1,6,16,6,14.636363636363637,0,12.4,0.5,1.79,1
1,12,1,4,1,1,1,22,27,10,5,0,0,0,1,1,0,35,0,0,6,16,4,12.0,0,0,6,11,3,10.333333333333334,0,13.9,-0.3,0.79,0
1,8,1,11,1,1,1,13,28,10,10,0,0,0,1,0,0,19,0,0,5,5,0,0.0,0,0,6,0,0,0.0,0,8.9,1.4,3.51,0
1,1,1,2,1,1,1,1,14,11,6,1,0,0,1,1,0,18,0,0,0,0,0,0.0,0,0,0,0,0,0.0,0,10.8,1.4,1.74,2
2,12,1,12,1,1,1,22,27,29,37,0,0,0,1,0,0,48,0,0,7,11,4,11.75,0,0,7,14,3,11.725,0,11.1,0.6,2.02,1
1,1,1,12,1,1,1,13,2,10,4,1,0,0,1,0,0,19,0,0,7,7,6,12.183333333333332,0,0,7,7,6,12.183333333333332,0,7.6,2.6,0.32,2
1,15,1,4,1,14,1,22,27,10,8,1,0,0,0,1,0,30,0,4,9,18,6,11.833333333333334,0,1,8,21,4,11.0,0,15.5,2.8,-4.06,0
2,14,1,15,1,1,1,22,27,6,1,0,0,1,0,1,0,51,0,0,4,4,0,0.0,0,0,4,4,0,0.0,0,12.7,3.7,-1.7,0
1,5,1,6,1,1,9,2,14,3,9,0,0,0,1,0,0,18,1,0,6,8,6,15.0,0,0,6,10,5,14.333333333333334,0,11.1,0.6,2.02,2
1,1,1,2,1,1,1,1,1,10,4,1,0,0,1,0,0,18,0,0,0,0,0,0.0,0,0,0,0,0,0.0,0,10.8,1.4,1.74,2
1,1,1,2,1,1,1,25,33,5,5,1,0,0,1,0,0,18,0,0,0,0,0,0.0,0,0,0,0,0,0.0,0,11.1,0.6,2.02,2
1,1,5,12,1,1,1,23,27,8,8,1,0,0,1,0,1,18,0,0,8,8,8,13.435,0,0,8,8,8,13.435,0,9.4,-0.8,-3.12,2
1,1,1,8,1,1,1,2,16,5,4,1,0,0,1,0,0,18,0,0,5,8,4,13.5,2,0,5,9,0,0.0,3,10.8,1.4,1.74,0
1,1,1,2,1,1,1,2,3,5,9,1,0,0,1,0,0,18,0,0,0,0,0,0.0,0,0,0,0,0,0.0,0,12.4,0.5,1.79,1
1,9,1,2,1,1,1,1,1,5,4,1,0,0,1,0,0,23,0,15,17,18,17,11.5,0,16,17,17,17,12.176470588235292,0,12.4,0.5,1.79,2
1,1,1,5,1,1,1,13,14,8,10,1,0,0,1,0,0,19,0,0,6,10,2,10.5,0,0,6,6,3,11.0,0,7.6,2.6,0.32,1
1,1,1,6,1,1,1,13,27,9,9,0,1,0,1,0,0,21,0,0,6,13,4,12.0,0,0,6,17,2,11.5,0,11.1,0.6,2.02,1
1,1,1,15,1,1,1,3,3,3,3,1,0,1,0,0,0,18,0,0,6,7,5,12.2,0,0,6,11,4,11.5,0,11.1,0.6,2.02,0
1,1,1,2,1,1,1,10,10,5,2,1,1,0,1,0,0,18,0,0,0,0,0,0.0,0,0,0,0,0,0.0,0,11.1,0.6,2.02,2
1,17,1,6,1,16,1,3,1,3,9,1,0,0,1,0,0,21,0,7,11,15,10,14.5,0,4,9,15,8,14.0,0,8.9,1.4,3.51,2
1,14,1,15,1,1,1,1,27,4,1,0,0,1,1,0,0,20,0,0,6,7,6,13.333333333333334,0,0,6,8,6,12.666666666666666,0,12.4,0.5,1.79,2
1,13,1,6,1,1,1,1,7,5,5,0,0,0,1,0,0,24,0,5,11,29,9,12.0,6,4,10,21,9,12.555555555555555,0,9.4,-0.8,-3.12,2
1,1,1,8,1,1,1,1,1,5,5,1,0,0,1,0,0,18,0,0,6,9,6,15.125,0,0,6,9,6,14.0,0,13.9,-0.3,0.79,2
1,8,1,12,1,1,1,13,1,5,11,1,0,0,1,0,0,18,0,0,7,7,6,13.116666666666667,0,0,7,7,6,13.116666666666667,0,7.6,2.6,0.32,2
1,1,1,15,1,1,1,13,1,8,10,1,0,0,1,0,0,19,0,0,6,7,6,12.833333333333334,0,0,6,7,6,11.666666666666666,0,11.1,0.6,2.02,2
1,15,1,10,1,14,1,1,27,5,9,1,0,0,1,0,1,20,0,3,6,6,6,13.333333333333334,0,2,6,6,6,14.166666666666666,0,13.9,-0.3,0.79,2
1,1,6,12,1,1,1,4,10,6,10,1,0,0,1,0,0,18,0,0,7,7,7,13.877142857142855,0,0,8,8,8,15.6625,0,12.4,0.5,1.79,2
1,1,6,12,1,1,1,13,1,10,11,1,0,0,1,0,0,18,0,0,8,8,7,12.944285714285714,0,0,8,8,7,12.944285714285714,0,10.8,1.4,1.74,2
1,8,1,16,1,1,1,2,14,4,10,1,0,0,1,0,0,19,0,0,6,8,5,12.333333333333334,0,0,6,8,5,11.0,0,15.5,2.8,-4.06,1
1,1,1,12,1,1,1,3,3,3,3,1,0,0,1,0,0,19,0,0,7,7,6,14.266666666666666,0,0,7,7,6,14.266666666666666,0,7.6,2.6,0.32,2
1,1,2,14,1,1,1,3,14,5,6,1,0,0,1,0,0,18,0,0,6,8,5,13.0,0,0,6,8,5,14.0,0,13.9,-0.3,0.79,2
1,1,2,12,1,1,1,22,27,6,8,1,0,0,1,0,0,20,0,0,8,8,8,12.48375,0,0,8,8,8,12.48375,0,9.4,-0.8,-3.12,2
1,1,2,13,1,1,1,23,1,10,4,1,0,0,1,0,0,18,0,0,7,8,7,13.428571428571429,0,0,8,8,8,15.3125,0,16.2,0.3,-0.92,2
2,8,3,3,0,1,1,13,27,4,4,0,0,1,0,0,0,18,0,0,6,9,3,10.666666666666666,0,0,6,12,0,0.0,0,7.6,2.6,0.32,0
1,1,1,16,1,1,1,10,10,10,5,1,0,0,1,0,0,18,0,0,6,8,5,15.4,0,0,6,7,5,12.2,0,7.6,2.6,0.32,2
1,1,4,12,1,1,1,1,27,5,9,1,0,0,1,0,0,18,0,0,7,7,6,13.45,0,0,7,7,6,13.45,0,7.6,2.6,0.32,2
1,8,5,12,1,1,1,13,28,6,9,1,0,0,1,0,1,18,0,0,7,7,6,12.6,0,0,7,7,6,12.6,0,7.6,2.6,0.32,2
1,1,4,12,1,1,1,13,28,10,11,1,0,0,1,0,0,20,0,0,7,7,7,12.485714285714286,0,0,8,12,8,12.9375,0,16.2,0.3,-0.92,2
1,1,2,5,1,1,1,13,27,10,10,1,0,0,1,0,1,22,0,0,6,10,5,10.8,0,0,6,7,5,12.8,0,12.7,3.7,-1.7,2
1,14,1,14,1,1,1,13,14,2,2,0,0,1,1,0,0,20,0,0,6,12,5,12.2,0,0,6,8,5,14.6,0,13.9,-0.3,0.79,1
1,15,1,6,1,14,1,1,1,4,8,1,0,0,1,0,0,20,0,2,6,11,5,14.2,0,0,6,12,2,13.5,0,13.9,-0.3,0.79,1
1,1,2,10,1,1,1,22,28,10,9,1,0,0,1,0,0,18,0,0,6,7,6,13.833333333333334,0,0,6,6,6,14.0,0,9.4,-0.8,-3.12,2
1,1,1,16,1,1,1,13,1,10,2,0,0,0,1,0,0,18,0,0,6,8,5,12.8,0,0,6,14,3,10.0,0,9.4,-0.8,-3.12,1
1,8,3,9,1,1,1,22,28,6,2,0,0,0,1,0,0,18,0,0,5,5,5,13.2,0,0,5,6,4,12.5,0,9.4,-0.8,-3.12,2
1,8,1,14,1,1,1,1,28,5,8,0,0,1,1,0,1,18,0,0,6,7,1,14.0,0,0,6,6,0,0.0,0,15.5,2.8,-4.06,0
1,8,1,10,1,1,1,1,1,5,11,0,0,0,1,0,0,19,0,4,8,8,8,13.875,0,1,6,8,5,14.0,0,11.1,0.6,2.02,2
1,1,1,6,1,1,1,23,14,10,5,1,0,0,1,0,1,19,0,0,5,7,5,12.5,0,0,5,8,5,12.714285714285714,0,10.8,1.4,1.74,2
1,8,2,15,1,1,1,13,14,10,10,0,0,0,1,0,1,18,0,0,6,7,6,13.428571428571429,0,0,6,6,6,12.5,0,13.9,-0.3,0.79,2
1,1,1,5,1,1,1,23,28,10,6,0,0,0,0,0,1,18,0,0,6,7,5,11.8,0,0,6,7,5,13.0,0,8.9,1.4,3.51,1
1,8,3,12,1,1,1,1,1,10,10,1,0,0,1,0,1,18,0,0,7,7,7,14.868571428571428,0,0,8,9,8,15.11111111111111,0,11.1,0.6,2.02,2
1,1,4,12,1,1,1,13,1,2,2,1,0,0,1,0,0,18,0,0,7,10,7,13.03,0,0,8,8,8,13.21875,0,15.5,2.8,-4.06,2
1,8,1,14,1,1,1,23,28,6,8,1,0,0,1,0,0,19,0,0,6,7,6,14.571428571428571,0,0,6,7,6,12.333333333333334,0,12.4,0.5,1.79,2
1,8,2,10,1,1,1,13,14,4,4,1,0,0,1,0,0,18,0,0,6,9,5,11.0,0,0,6,9,4,11.25,0,8.9,1.4,3.51,2
1,12,1,12,1,12,1,13,27,10,5,0,0,0,1,0,1,25,0,0,8,8,8,13.3675,0,0,8,8,8,13.3675,0,9.4,-0.8,-3.12,2
1,1,4,12,1,1,1,13,28,10,10,1,0,0,1,0,1,19,0,0,7,7,6,12.808333333333332,0,0,8,11,7,12.825714285714286,0,12.4,0.5,1.79,2
1,8,6,12,1,1,1,1,28,4,4,1,0,0,1,0,0,18,0,0,7,7,7,13.918571428571427,0,0,8,9,8,13.8875,0,11.1,0.6,2.02,2
1,8,1,8,1,1,1,4,1,3,11,1,0,0,1,0,0,19,0,0,6,8,6,13.0,0,0,6,9,4,12.8,0,13.9,-0.3,0.79,2
2,1,1,12,1,1,1,13,28,5,6,0,0,0,1,0,0,18,0,0,7,7,6,13.683333333333332,0,0,7,7,6,13.683333333333332,0,7.6,2.6,0.32,2
1,12,1,6,1,1,1,13,14,5,11,0,0,0,1,0,0,24,0,1,6,11,5,13.0,0,1,6,12,1,12.0,0,13.9,-0.3,0.79,0
1,1,2,15,1,1,1,3,3,4,5,1,0,0,1,0,0,21,0,0,6,8,5,12.8,0,0,6,7,5,11.2,0,11.1,0.6,2.02,2
1,1,2,11,1,1,1,1,1,10,5,1,0,0,1,0,1,18,0,0,6,9,6,13.571428571428571,0,0,6,6,6,12.166666666666666,0,8.9,1.4,3.51,2
1,1,1,10,1,1,1,23,28,10,7,1,0,0,1,0,0,18,0,0,6,6,6,13.166666666666666,0,0,6,6,6,13.166666666666666,0,8.9,1.4,3.51,2
2,1,1,5,1,1,1,10,14,10,10,0,0,0,1,0,1,20,0,0,6,6,6,15.0,0,0,6,6,6,14.5,0,11.1,0.6,2.02,2
1,1,1,5,1,1,1,4,14,4,6,1,0,0,1,0,0,19,0,0,6,6,6,12.666666666666666,0,0,6,8,5,11.4,0,12.4,0.5,1.79,2
1,1,2,15,1,1,1,1,14,5,8,1,0,0,1,0,1,19,0,0,6,7,6,13.857142857142858,0,0,6,7,6,13.142857142857142,0,13.9,-0.3,0.79,0
1,1,4,12,1,1,1,22,27,10,10,1,0,0,1,0,0,30,0,0,7,7,7,14.692857142857145,0,0,8,8,8,14.9625,0,12.4,0.5,1.79,2
1,1,1,12,1,1,1,13,28,6,4,0,0,0,1,0,0,18,0,0,8,8,8,14.035,0,0,8,8,8,14.035,0,9.4,-0.8,-3.12,2
1,8,1,6,1,1,1,1,14,5,11,1,0,0,1,0,0,18,0,0,5,8,4,11.0,1,0,5,8,3,14.0,0,12.7,3.7,-1.7,2
1,1,1,15,1,1,1,23,28,10,10,1,0,0,1,0,1,18,0,0,6,6,6,13.333333333333334,0,0,6,6,6,13.333333333333334,0,9.4,-0.8,-3.12,2
1,9,1,12,1,1,1,23,27,6,6,0,0,0,1,0,0,20,0,0,7,13,6,11.7725,0,0,8,9,7,12.33,0,15.5,2.8,-4.06,2
1,1,1,11,1,1,1,23,28,5,8,0,0,0,1,0,0,19,0,0,6,0,0,0.0,0,0,6,0,0,0.0,0,11.1,0.6,2.02,0
1,14,2,11,1,1,1,13,14,10,10,1,0,0,1,0,0,19,0,0,6,0,0,0.0,0,0,6,12,0,0.0,0,10.8,1.4,1.74,0
1,1,1,2,1,1,1,13,27,8,8,1,0,0,0,0,0,19,0,0,0,0,0,0.0,0,0,0,0,0,0.0,0,10.8,1.4,1.74,0
1,1,4,11,1,1,1,1,28,6,7,1,0,0,1,0,1,18,0,0,6,7,6,12.285714285714286,0,0,6,6,6,12.0,0,8.9,1.4,3.51,2
1,1,4,12,1,1,1,3,14,3,4,1,0,0,1,0,0,17,0,0,8,14,5,12.46,0,0,8,14,5,12.46,0,10.8,1.4,1.74,1
1,9,1,16,1,1,1,13,28,5,1,1,0,0,1,0,0,19,0,0,7,10,6,12.166666666666666,0,0,7,9,6,13.166666666666666,0,12.4,0.5,1.79,2
1,1,4,10,1,1,1,13,1,5,6,1,1,0,1,0,0,18,0,0,6,9,5,11.833333333333334,0,0,6,8,2,11.5,0,13.9,-0.3,0.79,1
1,4,1,12,1,3,1,22,27,5,5,0,0,0,1,0,0,25,0,0,8,8,7,14.805714285714286,0,0,8,8,7,14.805714285714286,0,10.8,1.4,1.74,2
1,1,1,10,1,1,1,10,28,5,10,1,0,0,1,0,0,19,0,0,6,11,5,10.6,0,0,6,10,6,11.714285714285714,0,11.1,0.6,2.02,0
1,17,1,6,1,16,1,13,1,10,10,1,0,1,0,0,0,24,0,7,9,9,8,13.125,0,4,9,13,6,13.0,0,8.9,1.4,3.51,1
1,1,1,10,1,1,1,1,1,5,10,1,0,1,1,0,1,19,0,0,6,6,6,12.833333333333334,0,0,6,6,6,12.666666666666666,0,9.4,-0.8,-3.12,2
1,9,1,12,1,1,1,13,1,10,5,0,0,0,1,0,1,20,0,0,8,8,0,0.0,8,0,8,8,0,0.0,8,9.4,-0.8,-3.12,1
1,1,1,14,1,1,1,1,1,6,5,1,0,0,1,0,1,20,0,0,6,9,5,13.0,0,0,6,6,5,13.8,0,12.4,0.5,1.79,2
1,1,2,12,1,1,1,1,1,5,5,1,0,0,1,0,1,20,0,0,7,8,7,12.725,0,0,8,8,8,13.7125,0,13.9,-0.3,0.79,2
1,8,1,6,1,1,1,1,3,5,2,1,0,0,1,0,0,19,0,0,5,10,4,11.25,1,0,5,10,3,10.333333333333334,0,12.7,3.7,-1.7,2
1,4,1,4,1,4,1,3,1,3,5,1,0,0,1,0,0,31,0,8,12,12,11,13.818181818181818,0,4,12,16,12,13.461538461538462,0,15.5,2.8,-4.06,2
1,1,1,6,1,1,1,1,14,4,5,0,0,0,1,0,0,20,0,0,5,12,3,12.333333333333334,2,0,5,8,3,13.0,1,9.4,-0.8,-3.12,2
1,1,3,6,1,1,1,3,2,5,4,1,0,0,1,0,0,18,0,0,5,14,3,12.333333333333334,2,0,5,8,5,11.6,0,9.4,-0.8,-3.12,1
1,8,1,16,1,1,1,1,1,4,5,0,0,1,1,0,0,18,0,0,6,8,4,13.25,0,0,6,10,3,10.666666666666666,0,12.7,3.7,-1.7,1
1,1,4,14,1,1,1,1,2,5,8,1,0,0,1,0,0,18,0,0,6,7,6,13.666666666666666,0,0,6,9,5,15.4,0,13.9,-0.3,0.79,2
1,16,1,10,1,1,1,13,3,6,3,0,0,1,1,0,0,20,0,5,11,18,8,12.625,0,4,10,10,3,11.0,0,11.1,0.6,2.02,1
1,8,1,6,1,1,1,2,14,3,5,1,0,0,1,0,1,20,0,0,6,6,6,14.833333333333334,0,0,6,8,6,12.142857142857142,0,8.9,1.4,3.51,2
1,8,2,14,1,1,1,13,14,6,5,0,0,0,1,0,1,19,0,0,6,7,5,11.2,0,0,6,10,5,13.125,0,10.8,1.4,1.74,0
1,8,1,9,1,1,1,13,14,5,7,0,0,0,1,0,1,21,0,0,5,6,5,11.4,0,0,5,6,5,12.2,0,12.7,3.7,-1.7,2
1,1,4,12,1,1,1,1,10,4,11,1,0,0,1,0,0,18,0,0,7,8,7,13.135,0,0,8,9,8,13.244444444444444,0,12.4,0.5,1.79,2
1,16,1,5,1,1,1,1,1,5,5,1,0,0,1,0,0,21,0,3,10,10,10,13.0,0,5,11,11,10,11.4,0,11.1,0.6,2.02,0
1,1,4,12,1,1,1,13,14,4,4,1,0,0,1,0,0,19,0,0,7,12,4,12.85,0,0,7,7,7,12.62142857142857,0,11.1,0.6,2.02,1
1,15,1,10,1,14,1,1,14,29,15,0,0,0,1,0,0,20,0,3,6,6,6,13.5,0,2,6,9,5,12.5,0,13.9,-0.3,0.79,2
1,15,1,6,1,1,1,1,2,4,4,0,0,0,1,0,0,20,0,0,6,7,6,14.285714285714286,0,0,6,9,3,13.0,0,13.9,-0.3,0.79,1
1,1,1,14,1,1,1,10,1,10,10,1,0,0,1,0,1,18,0,0,6,8,5,13.5,0,0,6,6,6,14.5,0,12.4,0.5,1.79,2
1,1,1,9,1,1,1,13,14,10,10,1,0,0,1,0,1,18,0,0,5,8,4,10.75,0,0,5,5,5,13.0,0,12.4,0.5,1.79,2
1,8,1,10,1,1,1,13,14,8,8,1,0,0,1,0,1,18,0,0,6,9,6,11.333333333333334,0,0,6,9,6,11.833333333333334,0,8.9,1.4,3.51,2
1,14,1,6,1,14,1,23,27,7,7,1,0,0,1,0,1,21,0,2,7,15,3,13.0,2,1,5,12,5,13.285714285714286,1,10.8,1.4,1.74,2
1,1,1,12,1,1,1,23,14,6,9,0,0,0,1,0,0,18,0,0,7,7,6,13.966666666666669,0,0,7,7,6,13.966666666666669,0,7.6,2.6,0.32,2
1,1,1,12,1,1,1,13,1,6,6,1,0,0,1,0,1,18,0,0,8,8,8,14.14125,0,0,8,8,8,14.14125,0,9.4,-0.8,-3.12,2
1,8,2,11,1,1,1,22,27,10,8,1,0,0,1,0,1,20,0,0,6,10,4,11.6,0,0,6,10,4,11.75,0,12.7,3.7,-1.7,2
2,13,1,12,1,2,1,22,27,10,10,0,0,0,1,0,1,32,0,0,8,8,8,14.6625,0,0,8,8,8,14.6625,0,9.4,-0.8,-3.12,2
2,12,1,17,0,1,1,22,27,10,11,0,0,0,1,0,0,34,0,0,5,5,0,0.0,0,0,5,5,0,0.0,0,9.4,-0.8,-3.12,1
1,1,2,12,1,1,1,13,27,4,4,1,0,0,1,0,1,23,0,0,7,8,6,12.993333333333334,0,0,8,9,8,12.66875,0,11.1,0.6,2.02,2
1,1,5,14,1,1,1,4,1,5,11,1,0,0,1,0,0,18,0,0,6,10,4,11.25,0,0,6,11,5,12.2,0,8.9,1.4,3.51,1
1,8,1,3,0,1,1,22,14,6,6,0,0,0,1,0,0,18,0,0,6,8,5,12.2,0,0,6,10,5,12.8,0,10.8,1.4,1.74,2
1,14,1,2,1,2,1,22,27,10,10,1,0,0,1,0,0,34,0,0,0,0,0,0.0,0,0,0,0,0,0.0,0,10.8,1.4,1.74,0
1,12,1,3,0,1,16,1,1,5,8,0,0,1,1,0,0,25,1,2,6,6,6,11.333333333333334,0,0,6,6,4,11.75,0,8.9,1.4,3.51,1
1,1,1,9,1,1,1,22,28,31,40,0,0,0,1,0,0,21,0,0,5,7,5,12.2,0,0,5,7,5,11.8,0,11.1,0.6,2.02,2
1,1,1,11,1,1,1,13,7,1,1,1,0,0,1,0,1,20,0,0,6,12,0,0.0,0,0,6,12,0,0.0,0,7.6,2.6,0.32,0
1,1,5,10,1,1,1,18,14,1,3,1,0,0,1,0,0,18,0,0,6,8,6,11.333333333333334,0,0,6,6,6,11.666666666666666,0,7.6,2.6,0.32,2
1,8,1,6,1,1,1,3,27,5,9,1,0,0,1,0,0,18,0,0,6,8,6,13.857142857142858,0,0,6,15,6,13.1,0,12.4,0.5,1.79,2
1,8,1,15,1,1,1,22,27,10,10,0,0,0,1,0,0,18,0,0,6,7,6,12.857142857142858,0,0,6,6,6,13.333333333333334,0,13.9,-0.3,0.79,2
1,12,1,3,0,1,1,22,28,5,8,1,0,0,1,0,0,24,0,0,6,10,1,10.0,0,0,6,12,0,0.0,0,9.4,-0.8,-3.12,0
1,16,1,9,1,1,1,13,14,10,8,0,0,1,0,0,0,32,0,14,15,17,14,10.214285714285714,0,13,13,13,13,11.384615384615383,0,16.2,0.3,-0.92,2
1,12,1,11,1,1,1,1,1,10,7,1,0,1,0,0,0,24,0,0,6,14,6,11.285714285714286,0,0,6,16,3,10.333333333333334,0,8.9,1.4,3.51,0
1,1,1,10,1,1,1,23,27,10,6,0,0,0,1,0,1,18,0,0,6,6,6,13.833333333333334,0,0,6,7,0,0.0,0,15.5,2.8,-4.06,0
1,16,1,11,1,1,1,23,28,10,10,0,0,0,1,0,0,28,0,0,6,8,6,12.857142857142858,0,0,6,8,5,12.6,0,8.9,1.4,3.51,2
1,8,5,16,1,1,1,13,28,5,9,1,0,0,1,0,1,18,0,0,6,8,6,11.666666666666666,0,0,6,9,4,12.0,0,10.8,1.4,1.74,0
1,4,1,16,1,3,1,19,24,1,1,1,0,0,0,0,0,24,0,0,6,12,0,0.0,0,0,5,10,0,0.0,0,9.4,-0.8,-3.12,0
1,1,1,6,1,1,1,1,27,5,11,0,0,0,1,0,0,19,0,0,5,7,5,14.4,0,0,5,6,5,13.2,0,7.6,2.6,0.32,2
2,12,1,3,0,1,1,22,27,10,9,0,0,0,1,0,0,44,0,0,6,6,6,14.833333333333334,0,0,6,6,6,14.166666666666666,0,10.8,1.4,1.74,2
1,7,3,6,1,1,1,22,27,10,3,1,0,0,1,0,1,18,0,0,6,14,6,14.333333333333334,0,0,6,9,6,12.0,0,15.5,2.8,-4.06,2
1,1,1,2,1,1,1,22,27,10,8,1,0,0,1,0,0,18,0,0,0,0,0,0.0,0,0,0,0,0,0.0,0,7.6,2.6,0.32,2
1,1,6,15,1,1,1,1,1,12,12,0,0,0,1,0,0,22,0,0,6,0,0,0.0,0,0,6,0,0,0.0,0,7.6,2.6,0.32,0
1,9,1,16,1,1,1,22,27,10,6,0,0,0,1,0,1,18,0,0,7,9,6,12.333333333333334,0,0,7,7,6,12.666666666666666,0,11.1,0.6,2.02,2
2,12,1,17,0,1,1,22,27,10,5,0,0,0,1,0,0,44,0,0,5,5,5,11.8,0,0,5,5,5,12.4,0,15.5,2.8,-4.06,2
5,12,1,16,1,12,1,23,1,6,4,0,0,1,1,0,0,33,0,0,6,7,5,13.2,0,0,6,7,5,10.6,0,7.6,2.6,0.32,0
2,12,1,16,1,1,1,22,27,10,10,0,0,1,0,0,0,32,0,0,6,6,0,0.0,0,0,5,10,0,0.0,0,10.8,1.4,1.74,0
2,12,1,4,1,1,1,13,14,5,5,0,0,0,0,0,0,35,0,0,6,0,0,0.0,0,0,6,0,0,0.0,0,15.5,2.8,-4.06,0
1,1,1,10,1,1,1,13,14,7,7,1,0,0,1,0,0,20,0,0,6,6,6,11.5,0,0,6,7,6,13.285714285714286,0,11.1,0.6,2.02,2
1,12,1,11,1,1,1,3,1,7,7,1,0,0,1,0,0,24,0,0,6,8,5,12.6,0,0,6,7,5,12.2,0,9.4,-0.8,-3.12,2
1,1,1,12,1,1,1,23,1,10,11,0,0,0,1,0,0,19,0,0,7,7,7,13.542857142857144,0,0,8,9,8,14.22222222222222,0,16.2,0.3,-0.92,2
1,1,1,11,1,1,1,13,14,6,6,1,0,0,1,0,0,21,0,0,6,8,5,11.6,0,0,6,6,5,13.0,0,12.4,0.5,1.79,1
1,1,2,15,1,1,1,1,1,5,10,1,0,0,1,1,1,19,0,0,6,7,6,13.666666666666666,0,0,6,6,6,13.833333333333334,0,12.7,3.7,-1.7,2
1,13,1,4,1,1,1,13,1,10,6,1,0,0,0,1,0,27,0,0,6,10,0,0.0,0,0,6,8,0,0.0,0,15.5,2.8,-4.06,0
1,12,1,16,1,1,1,13,1,10,5,0,0,0,0,0,0,30,0,0,6,0,0,0.0,0,0,6,0,0,0.0,0,12.7,3.7,-1.7,0
1,8,4,2,1,1,1,23,28,10,10,1,0,0,1,1,0,21,0,0,0,0,0,0.0,0,0,0,0,0,0.0,0,10.8,1.4,1.74,0
1,1,1,5,1,1,1,1,10,6,9,1,0,0,1,1,0,19,0,0,6,6,6,11.5,0,0,6,8,6,12.285714285714286,0,8.9,1.4,3.51,2
2,12,1,17,0,1,1,22,27,10,11,0,0,0,1,0,0,34,0,0,5,12,2,11.5,0,0,5,9,4,11.75,0,9.4,-0.8,-3.12,1
1,14,1,12,1,1,1,4,14,5,11,0,0,0,1,1,0,18,0,0,7,7,7,11.828571428571427,0,0,8,10,7,12.9125,0,13.9,-0.3,0.79,2
1,1,1,2,1,1,1,3,2,4,4,1,0,0,1,1,0,21,0,0,0,0,0,0.0,0,0,0,0,0,0.0,0,9.4,-0.8,-3.12,2
1,1,2,2,1,1,1,3,29,2,4,1,0,0,1,1,0,17,0,0,0,0,0,0.0,0,0,0,0,0,0.0,0,15.5,2.8,-4.06,1
1,1,1,12,1,1,1,13,27,5,10,1,0,0,1,0,1,19,0,0,7,7,6,12.966666666666669,0,0,7,7,6,12.966666666666669,0,7.6,2.6,0.32,2
1,1,1,15,1,1,1,22,28,10,7,1,0,0,1,1,0,18,0,0,6,6,6,13.833333333333334,0,0,6,6,6,13.666666666666666,0,12.7,3.7,-1.7,2
1,8,2,12,1,1,1,13,14,10,11,1,0,0,1,0,0,19,0,0,7,7,7,14.125714285714285,0,0,8,8,8,14.36875,0,11.1,0.6,2.02,2
4,12,1,11,1,1,1,23,27,10,10,0,0,1,1,0,0,45,0,4,10,12,5,12.166666666666666,4,2,8,8,0,0.0,2,12.7,3.7,-1.7,0
1,12,1,6,1,1,1,13,27,10,7,1,0,0,1,0,0,26,0,0,6,17,6,12.666666666666666,0,0,6,21,4,12.25,0,15.5,2.8,-4.06,2
2,12,2,17,0,1,1,22,27,10,10,1,0,0,1,1,0,51,0,0,4,4,0,0.0,0,0,5,0,0,0.0,0,12.7,3.7,-1.7,0
2,12,1,15,1,12,1,22,27,7,7,0,0,1,1,1,1,49,0,0,6,8,6,12.285714285714286,0,0,6,7,6,14.166666666666666,0,10.8,1.4,1.74,2
1,13,1,12,1,1,1,3,14,3,9,0,0,0,1,1,0,22,0,3,6,7,3,14.5,0,4,7,8,4,14.375,0,15.5,2.8,-4.06,1
1,8,1,9,1,1,1,1,27,6,10,1,0,0,1,1,0,22,0,0,5,8,2,10.0,0,0,5,7,1,10.0,0,7.6,2.6,0.32,0
2,4,1,8,1,3,1,3,3,2,2,0,0,0,1,0,0,33,0,1,5,11,2,11.5,1,1,5,8,2,12.0,0,9.4,-0.8,-3.12,0
1,5,1,14,1,1,9,22,27,10,10,0,0,0,1,0,0,20,1,0,5,6,5,11.6,0,0,5,6,4,11.5,0,9.4,-0.8,-3.12,2
1,1,4,10,1,1,1,23,14,8,8,1,0,0,1,0,1,18,0,0,6,6,6,12.5,0,0,6,6,6,11.666666666666666,0,10.8,1.4,1.74,2
1,1,5,16,1,1,1,23,27,10,10,1,0,1,0,0,0,20,0,0,6,9,3,11.666666666666666,0,0,6,10,2,11.0,0,10.8,1.4,1.74,0
2,18,1,17,0,1,14,23,27,5,7,0,0,0,1,0,0,37,1,5,10,11,7,13.428571428571429,0,5,10,11,10,11.6,0,8.9,1.4,3.51,2
1,1,1,11,1,1,2,22,1,10,4,1,0,0,1,1,0,18,1,0,6,6,6,13.666666666666666,0,0,6,6,6,13.5,0,7.6,2.6,0.32,2
1,1,3,11,1,1,1,1,14,10,10,1,0,0,1,0,0,19,0,0,6,6,6,12.5,0,0,6,6,6,12.166666666666666,0,12.4,0.5,1.79,2
1,15,1,6,1,14,1,1,14,4,4,1,0,0,1,0,0,21,0,2,6,7,6,13.0,0,1,6,15,4,12.8,0,12.4,0.5,1.79,2
1,1,2,12,1,1,1,13,1,10,2,0,0,0,1,0,0,20,0,0,7,9,6,12.783333333333331,0,0,8,9,7,12.842857142857143,0,13.9,-0.3,0.79,2
1,1,2,12,1,1,1,22,1,8,8,1,0,0,1,0,0,19,0,0,7,0,0,0.0,0,0,8,0,0,0.0,0,13.9,-0.3,0.79,0
1,8,2,13,1,1,1,23,14,8,8,1,0,0,1,0,0,20,0,0,7,13,4,13.5,0,0,7,11,4,11.225,0,11.1,0.6,2.02,0
1,8,4,12,1,1,1,3,1,3,6,1,0,0,1,0,0,18,0,0,7,7,7,13.457142857142856,0,0,8,8,8,15.125,0,13.9,-0.3,0.79,2
1,1,4,12,1,1,1,1,14,10,8,1,0,0,1,0,0,19,0,0,8,8,7,13.44285714285714,0,0,8,8,7,13.44285714285714,0,12.7,3.7,-1.7,2
1,1,1,10,1,1,1,22,28,10,4,0,0,0,1,0,0,18,0,0,6,13,4,11.0,0,0,6,12,5,10.833333333333334,0,15.5,2.8,-4.06,2
1,8,1,10,1,1,1,23,28,8,8,1,0,0,1,0,1,18,0,0,6,6,6,11.333333333333334,0,0,6,7,6,12.285714285714286,0,15.5,2.8,-4.06,2
1,1,2,15,1,1,1,1,14,5,6,1,0,0,1,0,0,18,0,0,5,7,2,10.0,0,0,1,1,0,0.0,0,12.7,3.7,-1.7,0
1,1,6,12,1,1,1,1,28,4,10,1,0,0,1,0,0,19,0,0,7,10,5,13.44,0,0,7,8,6,13.066666666666668,0,12.4,0.5,1.79,1
1,1,2,13,1,1,1,1,14,5,6,1,0,0,1,0,1,18,0,0,7,8,7,12.214285714285714,0,0,8,8,8,14.0625,0,16.2,0.3,-0.92,2
1,1,1,5,1,1,14,22,14,10,9,1,0,0,1,0,1,19,1,0,6,6,6,14.166666666666666,0,0,6,6,6,13.5,0,11.1,0.6,2.02,2
1,17,1,4,1,16,1,1,14,10,8,0,0,1,1,0,1,24,0,7,12,13,12,12.846153846153848,0,5,11,13,11,12.636363636363637,0,8.9,1.4,3.51,2
1,15,1,6,1,14,1,22,27,10,10,0,0,0,1,0,0,20,0,2,6,8,6,13.0,0,1,6,18,2,12.0,0,12.4,0.5,1.79,1
1,1,1,9,1,1,1,1,14,6,8,1,0,0,1,0,1,21,0,0,5,6,5,12.8,1,0,5,7,4,11.25,0,9.4,-0.8,-3.12,2
1,15,1,6,1,14,1,23,27,5,11,0,0,1,0,0,0,20,0,1,6,13,4,13.0,0,1,6,11,5,12.0,0,16.2,0.3,-0.92,0
1,8,6,12,1,1,1,13,27,4,10,1,0,0,1,0,1,19,0,0,7,7,7,13.371428571428572,0,0,8,9,8,13.666666666666666,0,16.2,0.3,-0.92,2
1,8,5,13,1,1,1,13,14,10,9,1,0,0,1,0,1,19,0,0,7,8,7,13.385714285714286,0,0,8,8,8,13.3875,0,10.8,1.4,1.74,2
1,1,3,12,1,1,1,1,1,10,10,1,0,0,1,0,0,18,0,0,8,8,7,13.328571428571427,0,0,8,8,7,13.328571428571427,0,12.7,3.7,-1.7,2
1,1,1,6,1,1,1,23,28,5,8,1,0,0,1,0,0,19,0,0,6,12,5,14.0,0,0,6,14,5,11.0,0,16.2,0.3,-0.92,2
1,8,4,9,1,1,1,23,14,10,10,1,0,0,1,0,0,21,0,0,5,5,5,12.6,0,0,5,5,5,13.2,0,8.9,1.4,3.51,2
1,1,2,16,1,1,1,1,28,10,9,1,0,0,1,0,1,19,0,0,6,7,6,14.0,0,0,6,6,6,15.0,0,15.5,2.8,-4.06,2
1,1,5,11,1,1,1,13,1,8,11,1,0,0,1,0,1,18,0,0,6,7,6,13.428571428571429,0,0,6,6,6,12.666666666666666,0,8.9,1.4,3.51,2
1,8,5,5,1,1,1,4,1,5,5,1,1,0,1,0,1,17,0,0,6,6,6,13.0,0,0,6,6,6,12.5,0,15.5,2.8,-4.06,2
1,9,4,16,1,1,1,13,28,5,11,1,0,0,1,0,0,19,0,0,6,8,5,12.666666666666666,0,0,6,8,5,11.0,0,15.5,2.8,-4.06,1
1,8,6,9,1,1,1,22,1,10,8,1,0,0,0,1,0,23,0,0,5,9,3,10.0,1,0,5,9,3,12.333333333333334,0,9.4,-0.8,-3.12,0
1,1,1,14,1,1,1,1,27,2,11,1,0,0,1,0,0,19,0,0,6,7,6,12.833333333333334,0,0,6,10,6,11.77777777777778,0,8.9,1.4,3.51,2
1,1,1,12,1,1,1,13,3,10,5,1,0,0,1,0,0,18,0,0,7,7,6,12.916666666666666,0,0,7,7,6,12.916666666666666,0,7.6,2.6,0.32,2
1,1,1,14,1,1,1,23,28,6,10,1,0,0,1,0,0,20,0,0,6,9,6,13.285714285714286,0,0,6,8,5,13.8,0,15.5,2.8,-4.06,2
1,1,3,6,1,1,1,1,14,10,10,1,0,0,1,0,1,19,0,0,5,6,5,14.6,0,0,5,5,5,13.8,0,10.8,1.4,1.74,2
1,1,1,10,1,1,1,13,28,4,10,1,0,0,1,0,1,18,0,0,6,6,6,14.0,0,0,6,6,6,13.666666666666666,0,12.4,0.5,1.79,2
1,8,2,10,1,1,1,22,27,10,5,0,0,0,1,0,1,19,0,0,6,7,6,14.142857142857142,0,0,6,6,6,15.0,0,13.9,-0.3,0.79,2
1,1,4,10,1,1,1,23,1,5,11,1,0,0,1,0,0,19,0,0,6,8,6,11.666666666666666,0,0,6,6,6,12.333333333333334,0,10.8,1.4,1.74,2
1,8,1,12,1,1,1,13,27,5,9,1,0,0,1,0,0,18,0,0,8,9,8,14.3775,1,0,8,9,8,14.3775,1,9.4,-0.8,-3.12,2
1,8,2,12,1,1,1,3,3,4,7,1,0,0,1,0,0,18,0,0,7,8,7,12.5,0,0,8,9,7,13.042857142857144,0,13.9,-0.3,0.79,2
1,1,5,12,1,1,1,23,28,8,8,1,0,0,1,0,1,19,0,0,7,7,6,14.15,0,0,7,7,6,14.15,0,7.6,2.6,0.32,2
1,1,1,12,1,1,1,23,27,10,10,0,0,0,1,0,1,19,0,0,8,12,7,12.471428571428572,0,0,8,12,7,12.471428571428572,0,12.7,3.7,-1.7,2
1,1,1,12,1,1,1,4,4,3,2,0,0,0,1,0,0,19,0,0,7,7,6,14.15,0,0,7,7,6,14.15,0,7.6,2.6,0.32,2
1,1,2,12,1,1,1,22,27,10,9,1,0,0,1,0,0,21,0,0,7,11,7,14.072222222222225,0,0,8,8,8,14.0475,0,15.5,2.8,-4.06,2
1,1,3,15,1,1,1,3,1,3,4,1,0,0,1,0,0,18,0,0,6,7,6,14.857142857142858,0,0,6,6,6,14.666666666666666,0,13.9,-0.3,0.79,2
1,1,1,15,1,1,1,13,27,10,10,0,0,0,1,0,1,19,0,0,6,7,6,14.285714285714286,0,0,6,6,6,13.166666666666666,0,11.1,0.6,2.02,2
1,1,4,15,1,1,1,13,27,13,12,0,0,0,0,0,0,18,0,0,4,4,0,0.0,0,0,4,4,0,0.0,0,12.7,3.7,-1.7,0
1,4,1,3,0,3,1,1,1,5,5,0,0,0,1,0,0,30,0,0,6,0,0,0.0,0,0,6,0,0,0.0,0,10.8,1.4,1.74,0
1,8,1,8,1,1,1,3,2,4,7,1,0,0,1,0,0,18,0,0,6,8,6,15.0,0,0,6,8,5,15.166666666666666,0,13.9,-0.3,0.79,0
1,1,3,12,1,1,1,13,14,5,9,1,0,0,1,0,1,20,0,0,7,7,6,12.633333333333333,0,0,7,7,6,12.633333333333333,0,7.6,2.6,0.32,2
1,12,1,14,1,12,1,1,1,5,8,0,0,1,0,0,0,25,0,0,5,5,5,11.2,0,0,5,5,5,12.6,0,9.4,-0.8,-3.12,0
1,1,5,12,1,1,1,23,27,6,8,1,0,0,1,0,0,18,0,0,7,7,6,14.233333333333334,0,0,7,7,6,14.233333333333334,0,7.6,2.6,0.32,2
5,1,3,6,1,1,1,13,14,5,8,1,0,0,1,0,0,21,0,0,5,13,5,12.2,2,0,5,10,3,11.333333333333334,1,9.4,-0.8,-3.12,1
1,1,1,12,1,1,1,5,4,3,2,0,0,0,1,0,0,18,0,0,8,8,7,15.7,0,0,8,8,7,15.7,0,12.7,3.7,-1.7,2
1,1,1,12,1,1,1,22,27,10,10,1,0,0,1,0,0,18,0,0,7,7,6,15.2,0,0,7,7,6,15.2,0,7.6,2.6,0.32,2
1,8,1,16,1,1,1,3,3,3,3,1,0,0,0,0,0,29,0,0,6,9,6,16.333333333333332,0,0,6,8,5,15.6,0,12.7,3.7,-1.7,0
1,14,1,8,1,1,1,3,3,3,3,0,0,0,1,0,0,20,0,10,17,29,14,12.5625,4,7,12,24,12,12.857142857142858,1,15.5,2.8,-4.06,2
1,4,1,12,1,3,1,3,1,5,5,0,0,0,1,0,0,26,0,0,7,0,0,0.0,0,0,8,0,0,0.0,0,13.9,-0.3,0.79,0
1,1,2,10,1,1,1,23,1,8,8,1,0,0,1,0,0,21,0,0,6,8,5,12.4,0,0,6,6,6,12.0,0,12.4,0.5,1.79,2
1,9,1,12,1,1,1,22,14,6,6,0,0,0,1,0,1,19,0,0,8,9,8,13.78125,1,0,8,9,8,13.78125,1,9.4,-0.8,-3.12,2
1,8,2,11,1,1,1,13,14,6,6,1,0,1,1,0,0,19,0,0,6,10,6,12.166666666666666,0,0,6,8,5,11.666666666666666,0,16.2,0.3,-0.92,0
1,8,1,15,1,1,1,23,28,10,6,0,0,0,1,0,0,21,0,0,6,8,5,11.8,0,0,6,8,5,11.833333333333334,0,15.5,2.8,-4.06,1
1,9,1,3,0,1,1,1,1,5,4,0,0,1,1,0,0,20,0,0,6,13,4,10.8,0,0,6,15,4,12.0,0,16.2,0.3,-0.92,2
1,1,6,12,1,1,1,22,27,10,9,1,0,0,1,0,1,18,0,0,7,8,7,13.26,0,0,8,8,8,14.28625,0,15.5,2.8,-4.06,2
1,1,2,15,1,1,1,19,14,4,1,1,0,0,0,0,0,20,0,0,6,10,4,12.0,0,0,6,15,3,10.666666666666666,0,7.6,2.6,0.32,0
1,1,1,10,1,1,1,13,28,10,10,0,1,0,1,0,1,20,0,0,6,9,6,11.875,0,0,6,7,6,14.428571428571429,0,16.2,0.3,-0.92,2
1,14,1,12,1,1,1,13,14,5,8,0,0,0,1,0,1,18,0,0,7,11,5,12.16,0,0,7,7,2,13.4,0,16.2,0.3,-0.92,1
1,7,1,5,1,1,1,1,1,4,4,1,0,0,1,0,0,18,0,0,6,6,1,15.0,0,0,6,7,4,12.5,0,9.4,-0.8,-3.12,1
1,1,1,15,1,1,1,22,27,10,10,1,0,0,1,0,0,18,0,0,6,6,6,13.333333333333334,0,0,6,9,5,13.2,0,9.4,-0.8,-3.12,2
1,8,1,6,1,1,1,2,14,3,10,1,0,0,1,0,0,18,0,0,5,12,2,11.5,0,0,5,12,3,11.8,2,10.8,1.4,1.74,1
1,15,1,6,1,14,1,3,3,3,3,1,0,0,1,0,0,22,0,2,6,7,6,14.428571428571429,0,1,6,9,5,13.0,0,13.9,-0.3,0.79,2
1,15,3,6,1,14,1,1,14,5,2,1,0,0,1,0,0,19,0,0,5,10,1,13.0,1,0,5,8,3,15.333333333333334,0,12.7,3.7,-1.7,1
1,8,1,4,1,1,1,13,1,10,3,1,0,0,1,0,1,19,0,0,6,7,6,15.0,0,0,6,8,6,14.333333333333334,0,12.4,0.5,1.79,2
1,1,2,13,1,1,1,13,14,10,10,1,0,0,1,0,0,18,0,0,7,9,7,15.155555555555557,0,0,8,8,8,16.8,0,12.7,3.7,-1.7,2
1,1,1,10,1,1,1,23,28,28,42,1,0,1,1,0,0,20,0,0,6,8,6,10.666666666666666,0,0,6,7,6,11.857142857142858,0,11.1,0.6,2.02,2
1,8,1,16,1,1,1,23,27,6,6,1,0,0,1,0,0,18,0,0,6,9,5,11.0,0,0,6,9,4,11.25,0,10.8,1.4,1.74,0
1,8,2,14,1,1,1,1,14,6,6,1,0,0,1,0,0,21,0,0,6,0,0,0.0,0,0,6,0,0,0.0,0,8.9,1.4,3.51,0
1,1,1,10,1,1,1,1,14,5,5,0,0,0,1,0,0,19,0,0,6,7,6,12.285714285714286,0,0,6,7,6,12.0,0,12.4,0.5,1.79,2
1,1,5,12,1,1,1,23,28,10,10,1,0,0,1,0,0,18,0,0,8,8,8,12.82875,0,0,8,8,8,12.82875,0,9.4,-0.8,-3.12,0
1,1,4,15,1,1,4,10,10,12,5,1,0,0,1,0,0,18,1,0,6,6,6,12.666666666666666,0,0,6,8,5,14.4,0,7.6,2.6,0.32,2
1,8,1,2,1,1,1,1,1,7,8,1,0,0,1,0,0,18,0,0,0,0,0,0.0,0,0,0,0,0,0.0,0,12.4,0.5,1.79,1
1,8,1,6,1,1,1,13,14,5,10,1,0,1,0,0,1,21,0,0,6,16,2,13.0,0,0,6,8,0,0.0,0,15.5,2.8,-4.06,0
1,1,1,9,1,1,1,1,28,6,6,0,0,1,1,0,0,19,0,0,5,10,5,10.875,0,0,5,8,4,12.4,0,13.9,-0.3,0.79,2
1,1,1,9,1,1,1,22,27,10,8,1,0,0,1,0,1,19,0,0,5,5,5,12.8,0,0,5,8,5,11.6,0,9.4,-0.8,-3.12,2
1,8,3,10,1,1,1,1,14,5,11,1,0,0,1,0,0,19,0,0,6,10,5,11.285714285714286,0,0,6,7,0,0.0,0,16.2,0.3,-0.92,0
1,1,1,2,1,1,1,5,3,4,4,0,0,0,1,0,0,18,0,0,0,0,0,0.0,0,0,0,0,0,0.0,0,13.9,-0.3,0.79,2
1,14,1,11,1,1,1,23,28,10,10,0,0,0,1,0,1,19,0,0,6,0,0,0.0,0,0,6,11,1,10.0,0,10.8,1.4,1.74,0
1,8,2,12,1,1,1,23,1,6,8,1,0,0,1,0,1,20,0,0,7,9,6,13.766666666666666,0,0,8,9,8,13.744444444444444,0,16.2,0.3,-0.92,0
1,1,3,12,1,1,1,12,13,2,2,1,0,0,0,0,0,18,0,0,8,9,6,12.758333333333333,1,0,8,9,6,12.758333333333333,1,9.4,-0.8,-3.12,0
1,1,1,2,1,1,1,13,14,9,9,1,0,0,1,0,1,19,0,0,0,0,0,0.0,0,0,0,0,0,0.0,0,11.1,0.6,2.02,0
1,1,1,5,1,1,1,13,1,6,8,1,0,0,1,0,0,18,0,0,6,6,6,12.666666666666666,0,0,6,8,6,13.25,0,10.8,1.4,1.74,2
1,1,1,6,1,1,1,13,27,4,8,0,0,0,1,0,0,18,0,0,6,13,6,12.0,0,0,6,16,4,12.75,0,11.1,0.6,2.02,1
1,1,1,10,1,1,1,1,27,6,8,0,0,0,1,0,1,19,0,0,6,8,6,12.25,0,0,6,8,6,12.0,0,16.2,0.3,-0.92,2
1,1,2,9,1,1,1,13,27,5,6,1,0,0,1,0,0,20,0,0,5,8,3,11.333333333333334,0,0,5,8,5,12.2,0,7.6,2.6,0.32,2
1,8,5,12,1,1,1,1,1,5,6,1,0,0,1,0,1,19,0,0,7,9,7,13.507142857142856,0,0,8,12,8,13.05,0,16.2,0.3,-0.92,2
1,1,3,12,1,1,1,13,28,2,2,1,0,0,1,0,0,18,0,0,8,8,7,13.614285714285714,0,0,8,8,7,13.614285714285714,0,12.7,3.7,-1.7,2
1,12,1,11,1,1,1,13,1,5,2,0,0,1,1,0,0,25,0,0,6,6,0,0.0,0,0,6,6,0,0.0,0,15.5,2.8,-4.06,0
1,8,5,5,1,1,1,22,27,10,10,1,0,0,0,0,0,18,0,0,6,9,4,11.5,1,0,6,6,6,12.166666666666666,0,7.6,2.6,0.32,2
1,1,5,15,1,1,1,23,14,10,10,1,0,0,1,0,0,19,0,0,6,7,6,12.333333333333334,0,0,6,7,6,12.5,0,8.9,1.4,3.51,2
1,8,2,13,1,1,1,13,28,5,9,1,0,0,1,0,1,19,0,0,7,7,7,11.971428571428572,0,0,8,8,8,14.4375,0,15.5,2.8,-4.06,2
1,1,1,9,1,1,1,13,14,6,9,0,0,1,0,0,1,20,0,0,5,12,2,13.0,1,0,5,13,2,11.5,0,9.4,-0.8,-3.12,0
1,8,5,12,1,1,1,1,1,6,5,1,0,0,1,0,0,18,0,0,7,9,7,12.385714285714286,0,0,8,9,7,12.728571428571428,0,13.9,-0.3,0.79,1
1,8,4,6,1,1,1,23,27,5,10,1,0,0,1,0,0,20,0,0,5,12,2,13.5,0,0,5,12,5,11.285714285714286,1,10.8,1.4,1.74,2
1,8,1,10,1,1,1,1,1,10,10,1,0,0,1,0,0,21,0,0,6,8,6,12.166666666666666,0,0,6,7,6,13.285714285714286,0,11.1,0.6,2.02,2
1,1,2,2,1,1,1,3,1,3,4,1,0,0,1,0,0,19,0,0,0,0,0,0.0,0,0,0,0,0,0.0,0,12.7,3.7,-1.7,2
2,12,1,3,0,9,1,22,27,8,10,0,0,0,1,0,0,42,0,0,6,6,6,11.666666666666666,0,0,6,6,6,13.666666666666666,0,10.8,1.4,1.74,2
1,8,1,8,1,1,1,3,3,3,3,1,0,1,0,0,0,18,0,0,6,9,5,12.4,0,0,6,12,5,14.166666666666666,0,8.9,1.4,3.51,1
1,1,1,5,1,1,1,22,27,10,7,0,0,0,1,0,1,19,0,0,6,7,5,13.4,0,0,6,6,6,12.833333333333334,0,15.5,2.8,-4.06,2
1,1,6,11,1,1,1,23,14,10,6,1,0,0,1,0,0,18,0,0,6,11,6,12.0,0,0,6,11,4,12.5,0,8.9,1.4,3.51,2
1,5,1,6,1,1,1,13,14,5,6,1,0,0,1,0,0,21,0,0,5,6,5,14.2,0,0,5,5,5,14.8,0,10.8,1.4,1.74,2
1,1,1,10,1,1,1,23,27,6,6,0,0,0,1,0,1,20,0,0,6,8,6,12.125,0,0,6,7,6,14.428571428571429,0,16.2,0.3,-0.92,2
1,1,1,16,1,1,1,1,14,4,4,1,0,0,1,0,0,20,0,0,7,7,7,13.857142857142858,0,0,7,7,7,13.285714285714286,0,11.1,0.6,2.02,2
1,15,1,6,1,14,1,3,1,3,10,1,0,0,1,0,0,21,0,1,6,13,3,11.75,0,1,6,13,5,12.333333333333334,0,12.4,0.5,1.79,1
1,1,4,12,1,1,1,23,27,8,8,1,0,0,1,0,0,19,0,0,7,9,7,14.283333333333337,0,0,8,9,8,13.125555555555556,0,15.5,2.8,-4.06,2
1,13,1,10,1,1,1,1,14,5,10,0,0,0,1,0,0,21,0,10,13,21,11,13.272727272727272,0,6,11,13,9,13.0,0,7.6,2.6,0.32,2
1,1,1,5,1,1,1,23,14,23,44,1,1,0,1,0,0,19,0,0,6,6,6,14.666666666666666,0,0,6,7,6,15.142857142857142,0,8.9,1.4,3.51,2
1,1,1,12,1,1,1,13,14,10,10,0,0,0,1,0,1,19,0,0,7,10,7,15.114999999999998,0,0,8,10,8,15.092,0,15.5,2.8,-4.06,2
1,8,2,2,1,1,1,1,1,5,2,1,0,0,1,0,0,18,0,0,0,0,0,0.0,0,0,0,0,0,0.0,0,9.4,-0.8,-3.12,1
1,15,1,6,1,14,1,22,14,10,11,1,0,0,1,0,0,22,0,1,6,13,6,15.0,0,1,6,7,6,13.142857142857142,0,16.2,0.3,-0.92,2
1,1,2,16,1,1,1,3,1,4,6,0,0,0,1,0,0,21,0,0,6,8,5,13.2,0,0,6,9,5,14.333333333333334,0,9.4,-0.8,-3.12,2
1,8,4,11,1,1,1,22,27,6,9,1,0,0,1,0,1,18,0,0,6,14,2,11.0,0,0,6,14,3,10.333333333333334,0,7.6,2.6,0.32,0
1,1,4,12,1,1,1,1,3,2,3,0,0,0,1,0,1,20,0,0,8,8,7,14.565714285714288,0,0,8,8,7,14.565714285714288,0,10.8,1.4,1.74,2
1,8,2,14,1,1,1,19,27,1,1,1,0,1,0,0,0,18,0,0,5,8,3,12.0,0,0,5,6,4,10.75,0,7.6,2.6,0.32,0
1,8,1,10,1,1,1,13,27,8,10,0,0,0,1,0,0,20,0,0,6,6,0,0.0,0,0,5,5,0,0.0,0,8.9,1.4,3.51,0
1,8,4,12,1,1,1,1,1,4,4,1,0,0,1,0,0,23,0,0,7,7,6,13.796666666666669,0,0,8,11,7,13.775,0,12.4,0.5,1.79,2
1,1,2,15,1,1,1,1,1,4,4,1,0,0,1,0,0,18,0,0,6,6,6,14.833333333333334,0,0,6,6,6,15.333333333333334,0,12.7,3.7,-1.7,2
1,15,1,10,1,14,1,1,1,10,4,1,0,0,1,0,0,20,0,3,6,6,6,12.833333333333334,0,2,6,6,6,13.833333333333334,0,12.4,0.5,1.79,2
1,8,1,12,1,1,1,23,27,6,10,1,0,0,1,0,1,18,0,0,8,8,7,14.962857142857144,0,0,8,8,7,14.962857142857144,0,10.8,1.4,1.74,2
1,1,6,9,1,1,1,23,28,10,10,1,0,0,1,0,0,20,0,0,5,8,4,12.0,0,0,5,8,5,11.2,0,11.1,0.6,2.02,2
1,9,2,12,1,1,1,1,3,4,3,1,0,0,1,0,0,18,0,0,7,8,7,12.4,0,0,8,9,8,12.8,0,16.2,0.3,-0.92,2
1,8,1,14,1,1,1,3,3,3,2,1,0,0,1,0,0,20,0,0,6,7,6,15.571428571428571,0,0,6,6,6,17.166666666666668,0,16.2,0.3,-0.92,2
1,1,5,12,1,1,1,1,1,6,9,1,0,0,1,0,0,19,0,0,8,8,7,13.714285714285714,0,0,8,8,7,13.714285714285714,0,12.7,3.7,-1.7,2
1,15,1,6,1,14,1,1,14,5,5,0,0,0,1,0,0,21,0,2,6,9,6,13.142857142857142,0,0,6,9,6,12.166666666666666,0,13.9,-0.3,0.79,2
2,4,1,5,1,17,1,22,1,10,8,0,0,0,1,0,0,33,0,0,6,7,6,15.0,0,0,6,8,3,11.0,0,11.1,0.6,2.02,2
1,1,1,6,1,1,1,10,2,5,3,0,0,1,0,0,0,24,0,0,5,6,1,13.0,0,0,5,5,0,0.0,0,7.6,2.6,0.32,0
1,14,1,10,1,1,1,1,28,5,4,0,0,0,1,0,1,20,0,8,11,12,11,12.0,0,6,11,14,11,12.75,0,13.9,-0.3,0.79,2
1,1,1,2,1,1,1,13,28,10,2,1,0,0,1,0,0,18,0,0,0,0,0,0.0,0,0,0,0,0,0.0,0,9.4,-0.8,-3.12,2
1,1,4,5,1,1,1,1,1,8,4,1,0,0,1,0,0,18,0,0,6,6,6,15.166666666666666,0,0,6,6,6,14.166666666666666,0,15.5,2.8,-4.06,2
1,14,1,3,0,6,1,19,24,1,1,0,0,1,1,0,0,29,0,1,6,9,4,12.0,0,1,6,13,2,10.5,0,7.6,2.6,0.32,0
1,8,1,12,1,1,1,1,1,6,6,0,1,0,1,0,0,18,0,0,7,7,7,13.642857142857142,0,0,8,11,8,14.772727272727272,0,16.2,0.3,-0.92,2
1,1,3,15,1,1,1,23,27,6,6,1,0,0,1,0,0,19,0,0,6,8,6,12.666666666666666,0,0,6,7,6,12.714285714285714,0,9.4,-0.8,-3.12,2
1,8,1,2,1,1,1,23,28,8,8,1,0,0,1,0,0,19,0,0,0,0,0,0.0,0,0,0,0,0,0.0,0,15.5,2.8,-4.06,0
1,8,1,10,1,1,1,13,14,6,5,0,0,0,1,0,1,18,0,0,6,8,5,10.8,0,0,6,9,6,10.5,0,12.4,0.5,1.79,2
1,14,1,12,1,1,1,13,14,8,8,0,0,0,1,0,1,19,0,0,7,9,6,14.25,0,0,8,11,8,13.063636363636364,0,16.2,0.3,-0.92,2
1,13,1,16,1,1,1,22,14,10,4,0,0,0,1,0,0,20,0,6,14,22,12,12.153846153846152,0,5,12,18,10,12.9,0,10.8,1.4,1.74,0
1,8,2,10,1,1,1,2,1,4,5,1,0,0,1,0,0,19,0,0,6,14,1,11.5,0,0,6,12,2,10.5,0,7.6,2.6,0.32,1
1,8,1,11,1,1,1,13,14,8,6,1,0,0,1,0,1,19,0,0,6,10,4,12.25,0,0,6,9,3,12.333333333333334,0,9.4,-0.8,-3.12,2
1,1,1,5,1,1,1,13,27,5,5,0,0,0,1,0,1,18,0,1,6,8,6,12.0,1,0,6,12,5,11.142857142857142,0,13.9,-0.3,0.79,1
1,1,6,12,1,1,1,13,28,6,8,1,0,0,1,0,1,18,0,0,8,8,8,13.40375,0,0,8,8,8,13.40375,0,9.4,-0.8,-3.12,2
1,8,1,11,1,1,1,3,1,3,4,0,0,0,1,0,1,19,0,0,6,15,6,11.333333333333334,0,0,6,9,3,12.666666666666666,0,9.4,-0.8,-3.12,2
1,8,4,15,1,1,1,1,1,6,6,0,0,1,1,1,0,20,0,0,6,7,5,12.2,0,0,6,6,6,12.333333333333334,0,12.7,3.7,-1.7,0
1,8,1,2,1,1,1,22,27,10,7,1,0,0,1,1,1,18,0,0,0,0,0,0.0,0,0,0,0,0,0.0,0,7.6,2.6,0.32,1
1,1,6,12,1,1,1,4,14,3,4,1,0,0,1,1,0,18,0,0,7,0,0,0.0,0,0,8,0,0,0.0,0,16.2,0.3,-0.92,0
1,12,1,4,1,1,1,3,1,3,5,0,0,1,0,1,0,35,0,0,6,8,5,16.166666666666668,0,0,6,10,4,16.0,0,8.9,1.4,3.51,0
1,8,1,7,1,1,1,13,28,10,8,0,0,0,1,1,0,18,0,0,5,10,3,11.0,0,0,5,6,3,11.0,1,16.2,0.3,-0.92,1
1,1,1,2,1,1,1,22,14,6,9,1,0,0,1,1,1,19,0,0,0,0,0,0.0,0,0,0,0,0,0.0,0,13.9,-0.3,0.79,2
1,1,2,15,1,1,1,23,14,5,8,1,0,0,1,1,1,19,0,0,6,8,4,12.0,0,0,6,8,6,12.285714285714286,0,15.5,2.8,-4.06,1
1,8,2,9,1,1,1,1,28,6,8,1,0,0,1,1,0,20,0,0,5,8,2,10.5,0,0,5,11,4,12.25,0,10.8,1.4,1.74,1
1,14,1,5,1,1,1,1,1,5,8,1,0,0,1,1,0,19,0,3,6,7,3,11.666666666666666,0,1,6,13,4,10.333333333333334,0,13.9,-0.3,0.79,1
1,1,3,9,1,1,1,23,28,10,10,1,0,0,1,1,0,19,0,0,5,8,3,11.0,0,0,5,7,2,10.0,0,12.7,3.7,-1.7,0
1,12,2,13,1,1,1,1,1,10,11,0,0,0,1,1,0,24,0,0,7,18,0,0.0,0,0,7,13,0,0.0,1,11.1,0.6,2.02,0
1,12,1,3,0,1,1,22,27,10,8,1,0,1,0,1,0,29,0,0,6,11,4,12.5,0,0,6,7,0,0.0,0,12.4,0.5,1.79,0
1,12,1,12,1,1,1,23,3,10,2,0,0,0,1,1,0,24,0,0,7,11,7,11.294444444444444,0,0,8,22,2,12.6,0,15.5,2.8,-4.06,2
1,8,2,11,1,1,1,13,28,7,7,1,0,0,1,1,0,19,0,0,6,8,5,11.2,0,0,6,11,4,12.5,0,15.5,2.8,-4.06,2
2,4,1,2,1,3,1,13,14,10,10,1,0,0,1,1,0,37,0,0,0,0,0,0.0,0,0,0,0,0,0.0,0,7.6,2.6,0.32,0
1,3,2,5,1,1,1,1,1,5,11,1,0,0,1,1,0,18,0,0,6,7,5,13.2,0,0,6,6,5,11.8,0,16.2,0.3,-0.92,2
1,15,1,7,1,14,1,1,1,10,9,0,0,0,1,1,1,20,0,3,7,12,6,14.142857142857142,0,1,6,10,6,14.125,0,12.4,0.5,1.79,1
1,1,5,9,1,1,1,24,29,4,4,1,0,0,0,1,0,18,0,0,5,0,0,0.0,0,0,5,0,0,0.0,0,11.1,0.6,2.02,0
1,14,1,9,1,1,1,22,14,10,9,0,0,0,1,1,0,22,0,0,5,5,0,0.0,0,0,5,9,3,13.333333333333334,2,16.2,0.3,-0.92,1
1,8,2,9,1,1,1,23,28,5,8,1,0,0,1,1,1,22,0,0,5,7,3,12.333333333333334,0,0,5,9,3,10.571428571428571,0,10.8,1.4,1.74,1
1,1,5,15,1,1,1,1,28,10,6,1,0,1,0,1,0,18,0,0,6,6,0,0.0,0,0,6,0,0,0.0,0,11.1,0.6,2.02,0
1,1,3,12,1,1,1,1,1,5,5,1,0,0,1,1,0,18,0,0,8,8,7,13.1,0,0,8,8,7,13.1,0,12.7,3.7,-1.7,2
1,1,1,5,1,1,1,22,27,10,10,1,0,0,1,1,0,19,0,0,6,6,6,13.5,0,0,6,6,6,13.166666666666666,0,9.4,-0.8,-3.12,2
1,1,1,7,1,1,1,23,14,6,6,0,0,0,1,1,0,19,0,0,5,7,5,10.2,0,0,5,8,3,12.0,0,10.8,1.4,1.74,1
1,1,1,10,1,1,1,13,28,10,10,0,0,0,1,1,0,19,0,0,6,10,5,11.571428571428571,0,0,6,10,3,13.0,0,16.2,0.3,-0.92,0
1,15,1,4,1,14,1,13,14,10,8,1,0,1,1,1,0,21,0,0,6,7,6,15.285714285714286,0,0,6,6,6,15.166666666666666,0,12.4,0.5,1.79,2
1,1,2,15,1,1,1,3,1,3,5,0,0,0,1,1,0,19,0,0,6,9,5,12.6,0,6,10,16,8,11.0,1,8.9,1.4,3.51,1
1,9,2,13,1,1,1,3,3,3,3,0,0,0,1,1,0,18,0,0,7,11,6,13.433333333333332,0,0,7,10,4,13.6,0,8.9,1.4,3.51,2
1,7,2,9,1,1,1,13,14,5,10,1,0,0,1,1,0,19,0,0,5,8,5,11.6,0,0,5,9,3,11.0,0,10.8,1.4,1.74,0
1,4,1,15,1,17,1,13,1,5,9,0,0,0,1,1,0,25,0,0,6,6,6,14.666666666666666,0,0,6,6,6,13.5,0,11.1,0.6,2.02,2
1,1,1,5,1,1,1,22,1,10,9,1,0,0,1,1,0,22,0,0,6,9,6,14.666666666666666,0,0,6,12,6,14.666666666666666,0,12.7,3.7,-1.7,2
1,12,1,12,1,1,1,1,1,5,10,0,0,0,1,1,0,24,0,0,8,8,7,12.742857142857144,0,0,8,8,7,12.742857142857144,0,12.7,3.7,-1.7,2
1,1,2,12,1,1,1,1,3,6,11,1,0,0,1,1,0,19,0,0,7,9,7,11.975,0,0,8,9,7,13.12857142857143,0,13.9,-0.3,0.79,2
1,14,1,7,1,1,1,3,1,3,4,0,0,0,1,1,0,18,0,0,5,9,4,12.25,0,0,5,11,3,11.666666666666666,0,13.9,-0.3,0.79,1
1,8,1,2,1,1,1,23,27,5,7,0,0,0,0,1,0,20,0,0,0,0,0,0.0,0,0,0,0,0,0.0,0,9.4,-0.8,-3.12,0
1,1,2,12,1,1,1,13,14,10,8,1,0,0,1,1,1,19,0,0,8,8,7,14.935714285714283,0,0,8,8,7,14.935714285714283,0,10.8,1.4,1.74,2
1,14,3,11,1,1,1,22,27,10,10,1,0,0,1,1,0,19,0,1,6,16,2,10.5,0,0,6,15,4,10.0,0,7.6,2.6,0.32,0
1,1,1,14,1,1,1,3,3,4,4,1,0,0,1,1,0,19,0,0,6,9,5,13.333333333333334,0,0,6,6,5,13.0,0,12.4,0.5,1.79,2
1,14,1,4,1,1,1,22,27,10,7,0,0,1,1,1,0,23,0,0,6,6,0,0.0,0,0,6,8,0,0.0,0,15.5,2.8,-4.06,0
2,12,1,15,1,1,1,22,28,10,4,0,0,0,1,1,0,47,0,0,6,12,5,13.8,0,0,6,13,4,14.0,0,12.7,3.7,-1.7,0
1,1,1,5,1,1,1,1,1,4,10,0,0,0,1,1,0,19,0,0,6,6,6,11.833333333333334,0,0,6,8,4,10.75,2,16.2,0.3,-0.92,2
1,1,4,2,1,1,1,1,28,5,9,1,0,0,1,1,0,19,0,0,0,0,0,0.0,0,0,0,0,0,0.0,0,11.1,0.6,2.02,2
1,1,1,2,1,1,1,3,3,3,3,1,0,0,1,1,0,18,0,0,0,0,0,0.0,0,0,0,0,0,0.0,0,16.2,0.3,-0.92,0
1,14,1,9,1,1,1,1,3,2,2,0,0,0,1,1,0,28,0,0,5,9,2,10.0,0,0,5,9,0,0.0,0,15.5,2.8,-4.06,0
1,14,1,11,1,6,1,19,24,1,1,1,0,0,1,1,0,20,0,0,6,10,4,11.5,0,0,6,11,3,11.666666666666666,0,7.6,2.6,0.32,0
1,8,2,11,1,1,1,13,14,6,8,0,0,0,1,1,1,18,0,0,6,12,3,10.666666666666666,0,0,6,9,4,12.0,0,15.5,2.8,-4.06,1
1,1,1,2,1,1,1,13,14,5,9,1,0,0,1,1,1,21,0,0,0,0,0,0.0,0,0,0,0,0,0.0,0,12.4,0.5,1.79,2
1,1,1,11,1,1,1,23,14,10,5,0,0,0,1,1,0,19,0,0,6,10,4,12.75,0,0,6,12,2,13.0,0,10.8,1.4,1.74,1
1,12,1,11,1,12,1,23,27,5,6,0,0,1,0,1,0,24,0,0,6,7,0,0.0,0,0,6,7,0,0.0,0,16.2,0.3,-0.92,0
1,12,1,8,1,1,1,13,1,29,29,0,0,0,1,1,0,24,0,0,6,11,6,11.333333333333334,0,0,6,12,3,11.333333333333334,0,16.2,0.3,-0.92,1
1,12,1,6,1,9,1,23,14,10,9,1,0,1,0,1,0,25,0,0,6,6,0,0.0,0,0,6,6,0,0.0,0,8.9,1.4,3.51,1
1,12,1,11,1,1,1,3,1,4,5,0,0,0,1,1,0,28,0,0,6,10,6,13.0,0,0,6,8,5,12.2,0,13.9,-0.3,0.79,2
2,12,1,17,0,1,1,22,27,10,10,0,0,0,1,1,0,37,0,0,5,7,4,10.75,0,0,5,7,3,11.333333333333334,0,7.6,2.6,0.32,1
1,14,1,7,1,1,1,1,28,5,8,0,0,0,1,1,0,19,0,0,5,8,5,12.0,0,0,5,12,2,10.5,0,13.9,-0.3,0.79,1
1,8,4,12,1,1,1,23,27,6,8,1,0,0,1,1,1,18,0,0,7,7,7,13.462857142857144,0,0,8,8,8,13.90625,0,11.1,0.6,2.02,2
1,12,1,11,1,12,1,22,27,12,12,0,0,0,1,1,0,48,0,0,6,13,3,10.0,0,0,6,15,1,10.0,0,7.6,2.6,0.32,0
1,8,4,10,1,1,1,22,27,10,9,1,0,0,1,1,0,21,0,0,6,6,6,12.333333333333334,0,0,6,7,6,13.666666666666666,0,8.9,1.4,3.51,2
1,8,1,12,1,1,1,1,1,5,6,0,0,0,1,1,1,19,0,0,7,11,6,12.528571428571428,0,0,7,10,6,12.416666666666666,0,15.5,2.8,-4.06,1
1,14,2,12,1,1,1,13,1,10,11,0,0,0,1,1,1,21,0,0,8,8,0,0.0,8,0,8,8,0,0.0,8,9.4,-0.8,-3.12,1
1,15,1,7,1,1,1,22,10,10,9,1,0,1,0,1,0,23,0,0,5,6,0,0.0,0,0,5,7,0,0.0,0,13.9,-0.3,0.79,0
1,1,1,8,1,1,1,1,1,5,11,1,0,0,1,1,0,18,0,0,5,5,5,13.6,0,0,5,6,4,13.25,1,10.8,1.4,1.74,2
1,15,1,10,1,14,1,1,1,5,4,0,0,0,1,1,0,22,0,3,6,7,6,12.333333333333334,0,2,6,6,2,14.0,0,13.9,-0.3,0.79,0
1,7,1,2,1,1,1,13,27,10,8,1,0,0,1,1,0,25,0,9,13,16,10,11.454545454545457,0,5,11,13,7,12.25,0,12.4,0.5,1.79,0
1,4,1,6,1,15,1,5,3,3,3,0,0,1,1,1,0,27,0,8,13,13,8,13.5,2,5,11,12,5,14.4,0,11.1,0.6,2.02,0
1,12,1,7,1,9,1,19,24,1,1,0,0,0,0,1,0,49,0,0,5,5,0,0.0,0,0,5,6,0,0.0,0,10.8,1.4,1.74,0
1,12,1,17,0,1,1,13,27,6,6,0,0,0,0,1,0,31,0,0,5,5,2,11.0,0,0,5,0,0,0.0,0,12.7,3.7,-1.7,0
1,12,1,11,1,1,1,22,27,10,7,0,0,0,1,1,0,54,0,0,6,9,6,13.714285714285714,0,0,6,13,5,14.333333333333334,0,16.2,0.3,-0.92,0
1,4,1,1,1,15,1,23,27,6,7,1,0,1,0,1,0,25,0,18,21,26,21,12.363636363636363,0,12,16,21,12,12.25,1,11.1,0.6,2.02,0
1,15,1,4,1,14,1,5,3,3,3,0,0,0,1,1,0,20,0,1,7,13,3,10.666666666666666,0,0,6,14,2,11.5,0,15.5,2.8,-4.06,1
1,4,1,5,1,3,1,4,4,3,3,0,0,0,1,1,0,28,0,0,6,9,2,12.0,0,0,6,10,3,12.666666666666666,0,12.7,3.7,-1.7,0
2,12,1,3,0,12,1,22,27,10,7,0,0,0,1,1,0,41,0,1,7,7,7,12.857142857142858,0,0,6,6,6,13.166666666666666,0,12.7,3.7,-1.7,2
1,1,2,14,1,1,1,1,14,5,5,0,0,0,1,1,1,19,0,0,6,10,6,13.125,0,0,6,9,6,12.714285714285714,0,11.1,0.6,2.02,1
1,14,1,9,1,1,1,1,1,5,5,0,0,0,1,1,0,22,0,0,5,6,0,0.0,0,0,5,8,2,11.5,0,15.5,2.8,-4.06,0
1,1,1,11,1,1,1,2,1,3,4,0,0,0,1,1,0,34,0,0,6,13,2,13.5,0,0,6,6,0,0.0,0,15.5,2.8,-4.06,0
1,12,1,4,1,1,1,23,28,10,10,0,0,1,0,1,0,28,0,5,11,14,11,15.090909090909092,0,5,10,11,10,15.0,0,11.1,0.6,2.02,0
1,1,1,16,1,1,1,22,27,10,5,1,0,0,1,1,0,42,0,0,6,9,5,12.4,0,0,6,10,5,11.8,0,7.6,2.6,0.32,1
1,9,1,6,1,1,1,1,14,4,6,0,0,0,0,1,0,21,0,0,6,10,5,14.0,0,0,6,11,4,14.8,0,11.1,0.6,2.02,1
1,4,1,4,1,3,1,24,29,10,5,0,0,0,1,1,0,50,0,2,6,8,2,13.5,0,1,6,9,1,13.0,0,15.5,2.8,-4.06,0
1,1,4,9,1,1,1,3,1,4,5,1,0,0,1,1,0,19,0,0,5,5,0,0.0,0,0,5,5,0,0.0,0,12.4,0.5,1.79,0
1,14,1,12,1,1,1,3,4,3,5,0,0,0,1,1,0,18,0,0,7,12,4,12.65,0,0,7,10,3,10.666666666666666,0,16.2,0.3,-0.92,0
2,12,1,17,0,1,1,22,27,2,2,0,0,0,1,1,0,59,0,0,5,7,0,0.0,0,0,5,7,0,0.0,0,16.2,0.3,-0.92,0
2,4,1,17,0,3,1,19,24,13,13,1,0,0,0,1,0,33,0,0,5,5,0,0.0,0,0,5,5,0,0.0,0,7.6,2.6,0.32,0
1,8,2,5,1,1,1,22,28,10,11,1,0,0,1,1,1,23,0,0,6,8,6,13.333333333333334,0,0,6,7,5,12.8,0,9.4,-0.8,-3.12,2
2,12,1,17,0,12,1,22,1,6,6,0,0,0,1,1,0,44,0,0,5,9,3,11.333333333333334,0,0,5,8,5,11.142857142857142,0,13.9,-0.3,0.79,0
2,1,4,3,0,1,1,19,24,1,1,1,0,0,1,1,0,37,0,0,6,0,0,0.0,0,0,6,0,0,0.0,0,9.4,-0.8,-3.12,0
2,12,1,2,1,12,1,22,27,10,10,0,0,0,1,1,0,36,0,0,0,0,0,0.0,0,0,0,0,0,0.0,0,10.8,1.4,1.74,0
1,1,2,17,0,1,1,1,3,5,3,0,0,0,0,1,0,22,0,0,5,7,3,11.666666666666666,0,0,5,8,2,10.5,2,7.6,2.6,0.32,0
2,12,1,3,0,12,1,22,27,7,7,0,0,0,1,1,0,49,0,0,6,8,6,12.166666666666666,0,0,6,8,6,14.428571428571429,0,12.4,0.5,1.79,2
1,16,1,15,1,1,1,1,32,6,4,1,0,0,1,1,0,23,0,0,6,7,6,13.333333333333334,0,0,6,6,4,12.75,0,11.1,0.6,2.02,2
1,1,1,5,1,1,1,1,1,5,10,1,0,0,1,1,0,19,0,0,6,7,5,11.4,0,0,6,10,3,11.0,3,7.6,2.6,0.32,1
2,14,1,3,0,1,1,22,27,6,6,0,0,0,1,1,0,47,0,0,6,9,6,12.142857142857142,0,0,6,6,0,0.0,0,16.2,0.3,-0.92,0
1,14,1,4,1,1,1,1,2,5,3,0,0,0,1,1,0,28,0,9,18,36,17,13.058823529411764,1,6,12,15,12,12.307692307692308,0,15.5,2.8,-4.06,2
1,15,1,4,1,14,1,1,28,10,7,0,0,0,1,1,0,21,0,0,6,13,4,11.75,0,0,6,15,4,10.5,0,15.5,2.8,-4.06,1
1,1,1,11,1,1,1,23,1,10,10,0,0,1,0,1,0,21,0,0,6,9,5,11.833333333333334,0,0,6,8,5,10.0,0,8.9,1.4,3.51,0
1,14,1,10,1,14,1,2,1,2,3,0,0,0,1,1,0,21,0,9,11,14,10,12.4,0,6,10,13,10,11.8,0,13.9,-0.3,0.79,2
1,1,1,5,1,1,1,13,28,5,5,0,0,0,1,1,0,20,0,1,6,8,6,13.428571428571429,1,0,6,12,4,11.5,0,13.9,-0.3,0.79,1
2,13,1,9,1,1,1,22,27,10,10,0,0,0,0,1,0,49,0,0,5,5,0,0.0,0,0,5,9,0,0.0,0,10.8,1.4,1.74,0
1,12,1,17,0,1,1,13,27,7,9,0,0,0,1,1,0,40,0,0,5,5,5,11.0,0,0,5,5,5,13.4,0,15.5,2.8,-4.06,2
1,8,1,11,1,1,1,1,1,4,4,0,0,0,1,1,1,22,0,0,6,8,6,13.625,0,0,6,8,6,14.428571428571429,0,11.1,0.6,2.02,2
1,13,1,7,1,1,1,1,27,6,6,0,0,0,1,1,0,19,0,2,5,6,4,11.8,0,0,5,7,2,11.5,0,15.5,2.8,-4.06,1
1,12,1,17,0,1,1,3,28,3,8,0,0,0,1,1,0,31,0,0,5,5,0,0.0,0,0,5,7,0,0.0,0,13.9,-0.3,0.79,0
1,13,1,7,1,1,1,5,5,3,3,0,0,0,1,1,0,30,0,1,6,9,2,15.0,0,1,6,7,2,13.5,0,15.5,2.8,-4.06,0
1,1,1,10,1,1,1,22,27,6,11,0,0,0,1,1,0,19,0,0,6,9,5,10.8,0,0,6,11,5,11.0,0,7.6,2.6,0.32,2
1,9,1,9,1,1,1,19,24,12,12,0,0,0,1,1,0,22,0,0,5,11,3,13.666666666666666,0,0,5,10,3,11.333333333333334,0,9.4,-0.8,-3.12,0
1,1,1,15,1,1,1,13,27,10,10,0,0,0,1,1,0,19,0,0,6,8,6,12.833333333333334,0,0,6,8,6,13.333333333333334,0,15.5,2.8,-4.06,2
1,8,1,2,1,1,1,1,27,5,10,0,0,0,0,1,0,21,0,0,0,0,0,0.0,0,0,0,0,0,0.0,0,7.6,2.6,0.32,0
1,8,3,14,1,1,1,1,28,5,8,0,0,0,1,1,0,19,0,0,6,8,6,15.125,0,0,6,7,6,13.428571428571429,0,11.1,0.6,2.02,2
1,14,2,9,1,1,1,1,14,4,4,1,0,0,1,1,0,22,0,0,5,11,0,0.0,0,0,5,7,1,10.0,1,16.2,0.3,-0.92,0
1,1,1,10,1,1,1,4,5,3,3,0,0,0,1,1,0,22,0,0,6,10,5,11.4,0,0,6,8,5,11.0,0,10.8,1.4,1.74,2
1,1,1,10,1,1,1,1,1,5,5,0,0,0,1,1,0,19,0,0,6,12,4,12.25,0,0,6,9,6,11.0,0,9.4,-0.8,-3.12,2
1,12,1,11,1,14,1,1,1,6,11,0,0,0,0,1,0,26,0,0,6,0,0,0.0,0,0,6,0,0,0.0,0,16.2,0.3,-0.92,0
1,15,1,7,1,14,1,5,31,4,3,0,0,0,1,1,0,23,0,3,7,12,3,14.0,0,1,6,12,1,14.0,0,12.4,0.5,1.79,1
1,8,1,5,1,1,1,13,14,8,8,0,0,0,1,1,0,18,0,0,6,7,6,12.333333333333334,0,0,6,10,5,10.8,4,16.2,0.3,-0.92,1
1,1,1,9,1,1,1,22,27,10,10,0,0,1,1,1,1,22,0,0,5,8,5,10.666666666666666,0,0,5,11,2,11.0,0,15.5,2.8,-4.06,1
1,9,5,7,1,1,1,3,2,3,4,1,0,0,1,1,0,19,0,0,5,9,5,11.833333333333334,0,0,5,9,5,14.714285714285714,0,12.4,0.5,1.79,1
1,8,1,9,1,1,1,1,14,5,9,0,0,0,1,1,0,20,0,0,5,14,0,0.0,0,0,5,5,0,0.0,0,11.1,0.6,2.02,0
1,1,3,5,1,1,1,22,27,10,10,1,0,0,1,1,1,22,0,0,6,6,6,11.666666666666666,0,0,6,6,6,12.166666666666666,0,7.6,2.6,0.32,1
1,4,1,8,1,3,1,2,28,3,4,1,0,0,0,1,0,18,0,2,5,7,2,13.0,0,0,5,5,0,0.0,0,12.7,3.7,-1.7,0
4,14,2,17,0,13,1,3,1,3,10,0,0,0,1,1,0,39,0,0,2,5,0,0.0,0,0,4,4,0,0.0,0,10.8,1.4,1.74,0
1,1,1,12,1,1,1,13,1,12,12,0,0,0,1,1,0,18,0,0,8,8,0,0.0,3,0,8,8,0,0.0,3,10.8,1.4,1.74,0
1,8,3,7,1,1,1,1,28,4,4,0,0,0,1,1,1,18,0,0,5,5,5,13.0,0,0,5,5,5,14.2,0,8.9,1.4,3.51,2
1,1,1,10,1,1,1,13,28,10,10,0,0,0,1,1,1,19,0,0,6,7,6,13.857142857142858,0,0,6,6,6,14.0,0,13.9,-0.3,0.79,2
1,1,1,12,1,1,1,1,14,10,10,0,0,0,1,1,0,18,0,0,7,7,6,13.391666666666666,0,0,8,8,8,12.4875,0,12.4,0.5,1.79,2
1,1,1,9,1,1,1,19,14,1,5,1,0,0,1,1,1,18,0,0,5,7,4,12.75,0,0,5,5,0,0.0,0,7.6,2.6,0.32,0
1,15,1,8,1,14,1,22,27,7,7,1,0,0,1,1,0,22,0,0,5,7,4,14.5,0,0,5,5,5,14.6,0,10.8,1.4,1.74,2
1,1,1,10,1,1,1,1,1,4,5,0,0,0,1,1,0,19,0,0,6,7,6,12.166666666666666,0,0,6,6,6,12.166666666666666,0,12.4,0.5,1.79,2
1,1,1,8,1,1,1,13,27,10,9,1,0,0,1,1,0,18,0,0,5,5,5,15.4,0,0,5,5,5,15.6,0,12.7,3.7,-1.7,0
1,12,1,7,1,12,1,1,1,5,4,0,0,1,0,1,0,31,0,0,5,9,2,13.333333333333334,0,0,5,9,2,16.0,4,16.2,0.3,-0.92,0
1,12,1,17,0,1,1,3,1,4,4,0,0,0,1,1,0,28,0,0,5,5,0,0.0,0,0,5,5,0,0.0,0,12.7,3.7,-1.7,0
1,1,1,5,1,1,1,1,1,5,9,0,0,0,1,1,0,19,0,0,6,0,0,0.0,0,0,6,0,0,0.0,0,15.5,2.8,-4.06,0
1,8,1,11,1,1,1,1,1,5,9,0,0,0,1,1,0,20,0,0,6,7,6,13.714285714285714,0,0,6,8,6,14.714285714285714,0,16.2,0.3,-0.92,2
4,12,1,10,1,1,1,13,3,10,3,0,0,0,1,1,0,50,0,0,6,7,4,12.25,0,0,6,7,0,0.0,0,8.9,1.4,3.51,0
1,14,1,5,1,1,1,1,2,5,3,0,0,0,1,1,0,38,0,1,6,9,5,16.0,1,0,6,11,4,16.5,0,13.9,-0.3,0.79,1
2,12,1,17,0,1,1,22,27,10,10,1,0,0,1,1,0,31,0,0,5,8,1,11.0,0,0,5,5,1,13.0,0,9.4,-0.8,-3.12,0
1,12,1,12,1,1,1,1,27,10,10,1,0,0,1,1,0,27,0,0,7,7,7,14.085714285714284,0,0,7,7,7,14.085714285714284,0,7.6,2.6,0.32,1
1,9,1,10,1,1,1,1,3,10,3,1,0,0,1,1,0,21,0,0,6,9,6,10.166666666666666,0,0,6,10,6,10.5,0,12.7,3.7,-1.7,2
2,12,1,7,1,1,1,22,27,10,10,0,0,0,1,1,0,34,0,0,5,8,1,10.0,0,0,5,9,0,0.0,0,8.9,1.4,3.51,0
1,16,1,7,1,1,1,2,27,3,10,1,0,0,1,1,0,19,0,0,5,10,0,0.0,0,0,5,7,1,10.0,0,7.6,2.6,0.32,1
2,12,1,17,0,1,1,22,27,2,5,1,0,0,0,1,0,40,0,0,5,10,2,10.5,0,0,5,5,3,10.666666666666666,0,9.4,-0.8,-3.12,0
1,1,1,2,1,1,1,23,14,10,3,1,0,0,1,1,1,18,0,0,0,0,0,0.0,0,0,0,0,0,0.0,0,12.7,3.7,-1.7,2
2,12,1,5,1,9,1,22,28,6,11,0,0,1,0,1,1,46,0,0,6,6,0,0.0,0,0,6,6,0,0.0,0,15.5,2.8,-4.06,0
1,14,5,3,0,1,1,19,24,1,1,0,0,0,1,1,0,37,0,0,6,12,0,0.0,0,0,5,10,0,0.0,0,7.6,2.6,0.32,0
1,12,1,4,1,1,1,13,27,10,8,1,0,0,1,1,0,31,0,0,6,8,0,0.0,0,0,6,10,0,0.0,0,16.2,0.3,-0.92,0
1,12,1,4,1,1,1,1,14,5,11,0,0,0,1,1,0,34,0,0,6,15,5,13.333333333333334,0,0,6,15,5,12.4,0,12.4,0.5,1.79,2
1,1,6,2,1,1,1,8,8,5,5,1,0,0,1,1,1,18,0,0,0,0,0,0.0,0,0,0,0,0,0.0,0,9.4,-0.8,-3.12,0
1,1,1,14,1,1,1,23,27,10,10,0,0,0,1,1,1,18,0,0,6,7,6,13.571428571428571,0,0,6,6,6,14.333333333333334,0,12.4,0.5,1.79,2
1,8,4,5,1,1,1,1,1,4,4,1,0,0,1,1,1,19,0,0,6,6,6,12.833333333333334,0,0,6,7,6,11.166666666666666,0,11.1,0.6,2.02,2
1,14,1,17,0,1,1,22,14,10,5,0,0,0,1,1,0,40,0,1,5,6,4,10.25,0,3,8,18,5,11.2,5,15.5,2.8,-4.06,0
1,12,1,8,1,1,1,1,28,10,10,0,0,0,1,1,0,25,0,0,6,6,0,0.0,0,0,6,6,0,0.0,0,12.4,0.5,1.79,0
1,8,5,7,1,1,1,23,28,6,10,1,0,1,1,1,0,20,0,0,5,5,4,14.5,0,0,6,8,3,13.333333333333334,0,11.1,0.6,2.02,0
1,8,1,7,1,1,1,13,14,10,10,0,0,0,1,1,0,20,0,0,5,6,5,15.8,0,0,5,8,5,13.714285714285714,0,11.1,0.6,2.02,1
1,12,1,4,1,1,1,22,27,10,11,1,0,0,0,1,0,43,0,0,6,0,0,0.0,0,0,6,0,0,0.0,0,15.5,2.8,-4.06,0
1,8,4,7,1,1,1,22,14,10,5,1,0,0,1,1,0,18,0,0,5,8,4,12.5,0,0,5,7,3,14.666666666666666,1,7.6,2.6,0.32,1
1,14,1,4,1,1,1,2,4,5,2,0,0,0,1,1,0,35,0,16,18,22,18,11.666666666666666,0,12,13,13,12,11.5,1,15.5,2.8,-4.06,2
1,8,2,17,0,1,1,22,14,10,5,0,0,0,1,1,0,23,0,0,5,6,4,13.0,0,0,5,5,5,13.0,0,7.6,2.6,0.32,2
1,8,1,12,1,1,1,3,3,3,3,0,0,0,1,1,0,19,0,0,7,8,7,12.12142857142857,0,0,9,12,8,11.50625,0,12.4,0.5,1.79,2
1,17,1,6,1,16,1,1,14,4,9,1,0,0,1,1,1,21,0,7,11,15,9,14.22222222222222,0,4,9,15,7,13.75,0,8.9,1.4,3.51,2
1,14,1,14,1,1,1,3,14,5,9,0,0,0,1,1,0,19,0,0,6,17,4,12.5,0,0,6,8,4,13.25,0,13.9,-0.3,0.79,1
1,9,1,7,1,1,1,1,1,5,4,1,0,0,1,1,0,20,0,0,5,7,5,12.166666666666666,0,0,5,7,5,15.285714285714286,0,12.4,0.5,1.79,2
1,12,1,14,1,1,1,13,14,4,4,0,1,0,1,1,1,30,0,0,6,0,0,0.0,0,0,6,0,0,0.0,0,12.4,0.5,1.79,0
4,12,1,11,1,1,1,22,14,10,10,1,0,0,1,1,0,44,0,0,6,6,6,12.666666666666666,0,0,6,6,6,11.5,0,12.4,0.5,1.79,2
1,9,1,12,1,1,1,13,3,5,10,0,0,0,1,1,0,19,0,0,8,8,7,13.614285714285714,0,0,8,8,7,13.614285714285714,0,12.7,3.7,-1.7,2
1,15,1,8,1,14,1,2,1,4,7,1,0,0,1,1,0,22,0,11,18,32,12,12.857142857142858,1,8,12,15,10,14.3,0,16.2,0.3,-0.92,2
1,1,1,8,1,1,1,3,3,2,3,0,0,0,1,1,0,18,0,0,5,7,4,14.0,0,0,5,5,5,14.2,0,7.6,2.6,0.32,2
1,8,1,14,1,1,1,22,27,10,10,1,0,0,1,1,1,21,0,0,6,8,4,14.75,0,0,6,6,5,11.8,0,12.7,3.7,-1.7,2
1,1,2,6,1,1,1,22,14,12,12,0,0,0,1,1,0,18,0,0,6,0,0,0.0,0,0,6,0,0,0.0,0,7.6,2.6,0.32,0
1,8,4,14,1,1,1,3,1,3,4,1,0,0,1,1,0,18,0,0,6,8,6,13.625,0,0,6,7,6,14.285714285714286,0,11.1,0.6,2.02,2
1,1,1,2,1,1,1,1,1,5,4,0,0,0,1,1,0,19,0,0,0,0,0,0.0,0,0,0,0,0,0.0,0,7.6,2.6,0.32,2
1,15,1,4,1,14,1,1,28,7,7,1,0,0,1,1,0,21,0,0,6,12,4,11.8,0,0,6,11,4,11.875,0,16.2,0.3,-0.92,0
1,12,1,4,1,1,1,3,3,3,3,0,0,0,1,1,0,31,0,0,6,8,6,15.125,0,0,6,10,6,14.6,0,16.2,0.3,-0.92,2
1,8,5,11,1,1,1,1,1,3,4,1,0,0,1,1,0,21,0,0,6,10,4,11.5,0,0,6,10,2,10.5,0,9.4,-0.8,-3.12,0
1,12,1,7,1,1,1,13,14,10,8,0,0,1,1,1,0,24,0,0,5,12,1,10.0,0,0,5,11,1,11.0,0,8.9,1.4,3.51,1
1,13,1,15,1,1,1,13,6,5,4,0,0,0,1,1,0,27,0,0,4,8,0,0.0,0,0,5,10,0,0.0,0,9.4,-0.8,-3.12,0
1,1,5,9,1,1,1,13,14,10,10,1,0,0,1,1,0,20,0,0,5,9,3,10.333333333333334,0,0,5,6,5,12.8,0,12.4,0.5,1.79,2
1,15,1,7,1,14,1,1,14,5,6,1,0,0,1,1,0,22,0,0,5,9,0,0.0,0,0,5,6,2,11.666666666666666,0,10.8,1.4,1.74,1
1,1,1,4,1,1,1,13,14,10,10,0,0,0,1,1,1,19,0,0,6,9,4,12.0,2,0,6,10,4,12.5,0,15.5,2.8,-4.06,1
1,9,1,15,1,1,1,1,1,5,8,1,0,0,1,1,0,19,0,0,6,6,6,13.833333333333334,0,0,6,6,6,14.5,0,8.9,1.4,3.51,2
1,1,1,2,1,1,1,1,1,8,5,1,0,1,1,1,0,23,0,13,17,19,13,12.153846153846152,0,10,17,28,11,11.909090909090908,1,11.1,0.6,2.02,1
1,8,1,8,1,1,1,10,10,3,9,1,0,0,1,1,0,18,0,0,6,7,6,14.0,0,0,6,8,6,13.666666666666666,0,12.4,0.5,1.79,2
1,1,1,15,1,1,1,3,2,5,7,1,0,0,0,1,0,29,0,0,6,8,6,16.5,0,0,6,6,5,13.8,0,11.1,0.6,2.02,1
1,12,1,8,1,1,1,1,14,5,6,1,0,0,1,1,0,29,0,0,5,11,1,18.0,2,0,5,10,3,13.333333333333334,2,10.8,1.4,1.74,0
1,15,1,4,1,1,1,1,1,5,6,0,0,0,1,1,0,20,0,0,6,11,6,11.285714285714286,0,0,6,12,5,11.77777777777778,0,16.2,0.3,-0.92,1
1,1,5,2,1,1,1,13,3,10,3,1,0,0,1,1,1,19,0,0,0,0,0,0.0,0,0,0,0,0,0.0,0,9.4,-0.8,-3.12,2
1,8,3,2,1,1,1,3,29,3,6,1,1,0,1,1,0,22,0,0,0,0,0,0.0,0,0,0,0,0,0.0,0,10.8,1.4,1.74,1
1,1,2,14,1,1,1,3,1,4,6,1,0,0,1,1,0,20,0,0,6,10,5,14.0,0,0,6,10,6,12.0,0,11.1,0.6,2.02,1
1,12,1,8,1,1,1,13,14,10,6,1,0,0,1,1,0,24,0,0,5,13,4,13.75,1,0,5,9,3,12.0,0,9.4,-0.8,-3.12,1
1,1,1,14,1,1,1,22,27,6,9,0,0,0,0,1,0,21,0,0,6,9,4,13.25,0,0,6,6,5,11.0,0,12.7,3.7,-1.7,0
1,12,1,9,1,1,1,22,1,8,4,0,0,0,1,1,1,25,0,0,5,7,4,14.25,0,0,5,7,4,14.75,0,12.7,3.7,-1.7,2
1,12,1,9,1,1,1,22,27,10,10,0,0,0,0,1,0,32,0,0,5,9,0,0.0,1,0,5,5,0,0.0,0,9.4,-0.8,-3.12,0
1,14,1,17,0,1,1,3,4,3,3,0,0,0,0,1,0,26,0,8,12,12,8,11.25,0,3,8,8,3,11.333333333333334,0,7.6,2.6,0.32,0
1,1,1,8,1,1,1,2,27,10,8,1,0,0,1,1,1,18,0,0,6,7,6,13.5,0,0,6,8,6,12.5,0,12.4,0.5,1.79,2
1,8,1,11,1,1,1,1,14,5,8,0,0,0,1,1,1,19,0,0,6,8,5,12.666666666666666,0,0,6,10,6,12.857142857142858,0,16.2,0.3,-0.92,2
1,1,3,5,1,1,1,13,28,6,8,1,0,0,1,1,1,19,0,0,6,6,6,15.166666666666666,0,0,6,6,6,12.333333333333334,0,12.4,0.5,1.79,2
1,4,1,7,1,15,1,1,1,5,5,0,0,0,1,1,0,27,0,4,6,6,6,13.166666666666666,0,2,5,7,5,15.142857142857142,0,11.1,0.6,2.02,0
1,17,1,4,1,1,1,13,1,10,10,0,0,1,1,1,0,21,0,7,12,20,10,11.8,0,5,12,15,9,11.444444444444445,0,8.9,1.4,3.51,1
1,8,1,7,1,1,1,13,1,5,6,0,0,0,1,1,0,20,0,0,5,10,4,11.5,0,0,5,11,0,0.0,0,13.9,-0.3,0.79,1
1,15,1,5,1,14,1,13,28,5,1,1,0,0,1,1,0,21,0,0,6,6,6,14.5,0,0,6,8,6,11.333333333333334,0,12.4,0.5,1.79,2
1,1,5,15,1,1,1,22,3,6,3,1,0,0,1,1,0,22,0,0,6,10,5,13.4,0,0,6,12,3,10.666666666666666,0,9.4,-0.8,-3.12,1
1,1,1,2,1,1,1,1,28,6,8,1,0,1,0,1,0,19,0,0,0,0,0,0.0,0,0,0,0,0,0.0,0,12.7,3.7,-1.7,2
1,8,4,9,1,1,1,23,14,6,6,1,0,0,1,1,1,18,0,0,5,8,4,10.8,0,0,5,10,2,12.5,0,11.1,0.6,2.02,0
1,12,2,10,1,1,1,13,1,6,6,0,0,0,1,1,0,28,0,0,5,6,0,0.0,0,0,5,5,0,0.0,0,13.9,-0.3,0.79,0
2,12,1,4,1,1,1,1,27,10,2,0,0,1,0,1,0,25,0,3,10,23,6,11.428571428571429,0,2,7,15,4,12.0,1,15.5,2.8,-4.06,0
1,14,1,4,1,1,1,22,1,6,5,0,0,0,1,1,0,25,0,8,14,24,8,12.5,2,6,13,23,10,11.6,0,15.5,2.8,-4.06,0
1,1,1,9,1,1,1,23,14,10,6,0,0,0,1,1,0,18,0,0,5,11,2,13.5,0,0,5,11,3,12.333333333333334,0,8.9,1.4,3.51,1
1,1,1,11,1,1,1,4,14,5,6,0,0,0,1,1,0,26,0,0,6,6,0,0.0,0,0,6,12,0,0.0,0,10.8,1.4,1.74,0
1,8,3,9,1,1,1,22,27,7,6,1,0,0,1,1,1,18,0,0,5,8,5,12.75,0,0,5,7,5,11.5,0,13.9,-0.3,0.79,2
1,14,1,15,1,1,1,13,28,10,8,1,0,0,1,1,0,22,0,0,6,17,3,11.333333333333334,3,0,6,14,3,12.333333333333334,0,15.5,2.8,-4.06,1
1,12,1,4,1,1,1,1,3,5,6,0,0,0,1,1,0,25,0,0,6,8,0,0.0,0,0,6,10,0,0.0,0,16.2,0.3,-0.92,0
1,1,2,15,1,1,1,3,1,5,5,1,0,0,1,1,0,19,0,0,6,9,5,11.4,0,0,6,13,5,12.4,0,8.9,1.4,3.51,1
1,8,2,15,1,1,1,3,14,3,4,1,0,0,1,1,0,19,0,0,6,7,6,14.428571428571429,0,0,6,7,6,14.571428571428571,0,13.9,-0.3,0.79,2
1,8,1,12,1,1,1,1,1,6,6,0,0,0,1,1,0,19,0,0,7,9,7,12.492857142857144,0,0,8,10,8,11.7125,0,16.2,0.3,-0.92,2
4,12,1,3,0,12,1,1,27,10,2,0,0,0,1,1,0,45,0,2,8,10,4,11.5,0,2,8,13,4,11.0,0,10.8,1.4,1.74,0
2,12,1,17,0,1,1,22,27,10,10,0,0,0,1,1,0,52,0,0,5,7,5,11.2,0,0,5,6,5,12.8,1,7.6,2.6,0.32,2
1,1,1,9,1,1,1,13,14,10,4,1,0,0,0,1,0,20,0,0,5,9,3,12.0,1,0,5,7,3,11.0,0,9.4,-0.8,-3.12,0
1,1,1,12,1,1,1,23,27,6,11,1,0,0,1,1,0,19,0,0,8,8,7,15.885714285714286,0,0,8,8,7,15.885714285714286,0,10.8,1.4,1.74,2
1,1,1,12,1,1,1,1,28,10,10,0,0,1,0,1,0,21,0,0,7,12,4,12.94,0,0,7,12,4,11.58,0,12.4,0.5,1.79,0
2,12,1,3,0,1,1,22,27,10,10,0,0,0,0,1,0,35,0,0,6,6,6,14.0,0,0,6,6,6,14.166666666666666,0,9.4,-0.8,-3.12,2
2,12,1,2,1,9,1,22,27,8,8,1,0,0,1,1,0,36,0,0,0,0,0,0.0,0,0,0,0,0,0.0,0,7.6,2.6,0.32,2
4,12,1,12,1,12,1,22,28,6,6,0,0,1,0,1,0,47,0,0,7,7,0,0.0,7,0,8,8,0,0.0,8,15.5,2.8,-4.06,0
1,9,1,17,0,1,1,28,30,3,3,0,0,0,1,1,0,22,0,0,5,0,0,0.0,0,0,5,0,0,0.0,0,8.9,1.4,3.51,0
2,12,1,17,0,1,1,22,27,10,10,1,0,0,1,1,0,41,0,0,5,8,4,11.25,0,0,5,8,3,11.0,1,7.6,2.6,0.32,0
1,4,1,7,1,3,1,19,24,12,12,0,0,0,1,1,0,26,0,0,5,5,0,0.0,0,0,5,6,0,0.0,0,10.8,1.4,1.74,0
2,12,1,3,0,1,1,19,24,12,12,0,0,0,0,0,0,51,0,0,6,13,4,11.25,0,0,6,12,0,0.0,1,10.8,1.4,1.74,0
2,12,2,17,0,1,1,22,27,10,10,0,0,0,1,0,0,43,0,0,5,11,3,10.666666666666666,0,1,5,10,4,12.5,0,9.4,-0.8,-3.12,1
2,12,2,3,0,1,1,19,24,1,1,1,0,0,1,0,0,41,0,0,6,9,5,11.8,0,1,6,10,3,10.666666666666666,1,7.6,2.6,0.32,2
1,14,2,9,1,1,1,19,27,10,10,1,0,0,1,1,0,23,0,5,10,19,8,11.625,1,4,10,16,10,11.181818181818182,3,7.6,2.6,0.32,2
1,14,2,10,1,1,1,19,21,1,6,1,0,0,1,1,0,22,0,0,6,11,0,0.0,0,0,5,10,0,0.0,0,9.4,-0.8,-3.12,0
1,8,2,5,1,1,1,22,27,10,10,1,1,0,1,1,1,25,0,0,6,8,4,10.25,0,0,6,6,4,11.25,0,12.7,3.7,-1.7,0
1,14,1,17,0,1,1,22,27,10,10,1,0,0,1,1,0,25,0,14,15,16,15,10.8,0,13,14,14,14,11.357142857142858,0,9.4,-0.8,-3.12,2
1,17,1,2,1,16,1,1,14,10,10,1,0,0,0,1,1,22,0,5,12,15,11,12.545454545454543,0,4,11,16,11,12.666666666666666,0,8.9,1.4,3.51,2
1,12,1,4,1,1,3,1,1,30,29,0,0,0,1,1,0,24,1,0,7,7,7,13.571428571428571,0,0,6,9,5,13.4,0,8.9,1.4,3.51,1
1,12,1,6,1,2,1,23,28,10,11,0,0,0,1,1,0,47,0,0,6,0,0,0.0,0,0,6,0,0,0.0,0,16.2,0.3,-0.92,0
2,12,1,17,0,12,1,22,27,6,6,1,0,0,1,1,0,41,0,0,5,5,0,0.0,0,0,5,5,0,0.0,0,7.6,2.6,0.32,0
1,12,1,4,1,1,1,22,27,10,10,1,0,0,1,1,0,43,0,0,6,9,6,14.77777777777778,0,0,6,11,5,12.2,0,13.9,-0.3,0.79,2
1,12,1,4,1,1,1,1,27,10,9,0,0,0,1,1,0,29,0,0,3,4,0,0.0,0,0,4,8,0,0.0,0,16.2,0.3,-0.92,0
1,12,2,7,1,1,1,22,27,6,6,0,0,0,1,1,0,30,0,0,2,2,0,0.0,0,0,2,2,0,0.0,0,7.6,2.6,0.32,0
1,12,2,9,1,13,1,13,28,10,10,0,0,0,0,1,0,26,0,0,4,4,0,0.0,0,0,5,0,0,0.0,0,12.7,3.7,-1.7,0
1,12,2,17,0,1,1,13,28,10,10,0,0,0,0,1,0,27,0,0,5,10,0,0.0,0,0,5,5,0,0.0,0,15.5,2.8,-4.06,0
2,12,2,14,1,1,1,22,27,10,10,0,0,0,1,1,1,36,0,0,5,5,5,11.4,0,0,5,7,5,11.6,0,9.4,-0.8,-3.12,2
1,12,1,4,1,12,1,1,14,5,11,0,0,0,1,1,0,29,0,3,9,13,6,11.666666666666666,0,2,7,10,6,10.857142857142858,0,15.5,2.8,-4.06,0
1,13,1,7,1,1,1,19,24,1,1,1,0,0,1,1,0,35,0,6,10,12,7,11.285714285714286,0,2,8,8,5,13.0,0,9.4,-0.8,-3.12,0
1,1,1,15,1,1,1,23,28,7,4,0,0,0,1,1,1,18,0,0,6,12,4,11.5,0,0,6,10,5,12.6,0,10.8,1.4,1.74,2
1,1,1,17,0,1,1,23,27,10,10,0,0,0,1,1,1,24,0,0,5,5,5,16.0,0,0,5,5,5,16.0,0,8.9,1.4,3.51,2
1,1,3,15,1,1,1,23,28,10,8,1,0,0,1,1,1,18,0,0,6,6,6,12.5,0,0,6,7,6,12.666666666666666,0,10.8,1.4,1.74,0
1,8,4,7,1,1,1,23,27,6,8,1,0,0,1,1,0,18,0,0,5,7,4,12.0,0,0,5,10,3,13.0,3,7.6,2.6,0.32,1
2,14,1,6,1,1,1,22,27,10,8,0,0,0,1,1,0,21,0,0,5,11,0,0.0,2,0,5,11,3,11.666666666666666,1,9.4,-0.8,-3.12,1
1,13,1,7,1,1,1,23,27,6,9,1,0,0,1,1,0,21,0,0,5,10,5,13.0,0,0,5,10,5,12.6,0,9.4,-0.8,-3.12,2
1,12,1,4,1,1,1,1,3,3,7,0,0,0,1,1,0,32,0,8,18,27,13,13.714285714285714,1,7,12,18,12,12.083333333333334,0,15.5,2.8,-4.06,2
1,1,4,7,1,1,1,22,27,10,6,1,0,0,1,1,1,22,0,0,5,9,3,12.333333333333334,0,0,6,14,3,12.5,0,11.1,0.6,2.02,0
1,4,1,4,1,3,1,1,28,10,8,1,0,0,0,1,0,32,0,11,17,31,11,12.727272727272728,4,10,12,24,10,12.7,1,15.5,2.8,-4.06,0
1,14,1,14,1,6,1,19,24,1,1,0,0,0,1,1,0,35,0,1,5,5,1,14.0,0,0,5,5,0,0.0,0,9.4,-0.8,-3.12,0
1,9,3,9,1,1,1,1,28,5,8,1,0,0,0,1,0,23,0,0,5,0,0,0.0,0,0,5,0,0,0.0,0,8.9,1.4,3.51,0
1,12,1,3,0,1,1,22,27,7,7,0,0,0,1,1,0,39,0,0,6,8,5,11.4,0,1,6,12,3,11.0,1,7.6,2.6,0.32,1
2,14,1,14,1,1,1,19,24,1,1,0,0,0,1,1,0,35,0,0,5,5,0,0.0,0,0,5,5,1,10.0,0,9.4,-0.8,-3.12,0
2,12,1,4,1,3,1,3,14,5,7,0,0,0,1,1,0,32,0,0,6,8,6,18.875,0,6,12,14,12,17.692307692307693,0,16.2,0.3,-0.92,2
1,1,1,16,1,1,1,19,24,1,1,0,0,0,1,1,0,20,0,0,6,12,0,0.0,0,0,6,12,0,0.0,0,7.6,2.6,0.32,0
1,12,1,12,1,1,1,22,27,10,10,0,0,0,1,1,0,34,0,0,7,15,6,11.333333333333334,0,0,7,16,4,12.6,0,16.2,0.3,-0.92,1
1,4,1,17,0,15,1,22,27,7,7,1,0,0,1,1,0,44,0,3,7,9,7,13.5,0,0,5,6,5,16.2,0,8.9,1.4,3.51,0
2,12,1,11,1,12,1,22,14,10,11,0,0,0,1,1,0,53,0,7,11,12,2,15.0,7,4,9,10,3,10.0,4,16.2,0.3,-0.92,2
1,12,1,7,1,12,1,22,27,10,5,0,0,1,0,1,0,28,0,0,5,10,0,0.0,0,0,5,7,0,0.0,0,12.4,0.5,1.79,0
1,4,1,17,0,3,1,22,27,10,10,0,0,0,1,1,0,31,0,9,9,9,9,14.22222222222222,0,5,5,5,5,12.8,0,12.7,3.7,-1.7,0
1,1,1,2,1,1,1,1,28,6,10,0,0,1,0,1,0,18,0,0,0,0,0,0.0,0,0,0,0,0,0.0,0,9.4,-0.8,-3.12,1
1,12,1,4,1,1,1,1,3,10,11,0,0,1,0,1,0,44,0,2,7,14,4,12.0,2,0,6,16,0,0.0,1,15.5,2.8,-4.06,0
1,1,1,6,1,1,1,1,1,10,10,1,0,0,1,1,0,19,0,0,5,9,5,12.6,1,0,5,8,4,12.0,0,12.7,3.7,-1.7,2
1,6,1,2,1,1,12,1,1,3,10,0,0,0,1,1,0,21,1,6,12,12,12,15.083333333333334,0,4,11,15,11,13.083333333333334,0,8.9,1.4,3.51,1
1,9,1,7,1,1,1,3,14,4,6,0,0,0,1,1,1,18,0,0,5,5,0,0.0,0,0,5,5,0,0.0,0,9.4,-0.8,-3.12,0
1,15,1,4,1,14,1,13,14,6,6,1,0,0,1,1,0,20,0,0,6,8,6,14.5,0,0,6,10,6,15.3,0,16.2,0.3,-0.92,2
1,12,1,5,1,1,1,22,27,8,8,0,0,0,1,1,0,55,0,0,6,6,6,14.5,0,0,6,6,6,13.5,0,11.1,0.6,2.02,2
1,1,1,9,1,1,1,13,27,5,9,0,0,0,1,1,0,27,0,0,5,12,3,10.0,0,0,5,12,1,13.0,0,7.6,2.6,0.32,1
1,8,2,7,1,1,1,10,14,6,6,0,0,0,1,1,0,19,0,0,5,0,0,0.0,0,0,5,0,0,0.0,0,12.4,0.5,1.79,0
1,1,1,9,1,1,1,13,27,10,10,0,0,0,1,1,0,18,0,0,5,5,5,11.6,0,0,5,5,5,13.2,0,12.4,0.5,1.79,2
2,12,1,15,1,1,1,22,27,8,5,0,0,0,1,1,0,43,0,0,6,10,4,11.75,0,0,6,7,0,0.0,0,15.5,2.8,-4.06,0
1,9,3,11,1,1,1,13,14,10,7,1,0,0,1,1,0,18,0,0,6,0,0,0.0,0,0,6,0,0,0.0,0,13.9,-0.3,0.79,0
1,1,1,2,1,1,1,3,3,3,3,1,0,0,1,1,0,18,0,0,0,0,0,0.0,0,0,0,0,0,0.0,0,9.4,-0.8,-3.12,0
1,8,5,11,1,1,1,22,28,10,10,1,0,1,1,1,1,20,0,0,6,7,0,0.0,0,0,6,6,0,0.0,0,8.9,1.4,3.51,0
2,12,1,17,0,1,1,22,14,10,10,0,0,1,0,1,0,29,0,0,5,7,4,11.25,0,0,5,8,4,11.8,0,10.8,1.4,1.74,0
1,12,1,8,1,12,1,22,27,10,11,1,0,1,1,1,0,44,0,0,6,9,5,11.571428571428571,0,0,6,11,0,0.0,0,13.9,-0.3,0.79,0
1,1,1,7,1,1,1,22,27,10,10,1,0,0,1,1,0,18,0,0,5,7,4,10.0,0,0,5,8,1,16.0,0,10.8,1.4,1.74,1
1,15,1,4,1,14,1,22,27,10,2,0,0,0,1,1,1,20,0,0,6,11,5,13.833333333333334,0,0,6,13,6,12.3,0,15.5,2.8,-4.06,1
1,14,1,5,1,1,1,23,27,9,8,1,0,0,1,1,0,20,0,3,6,6,4,12.75,0,3,9,12,3,12.666666666666666,0,12.4,0.5,1.79,0
2,12,2,9,1,1,1,22,27,10,10,1,0,0,1,1,0,36,0,0,4,4,0,0.0,0,0,5,9,0,0.0,0,10.8,1.4,1.74,0
1,15,1,8,1,14,1,5,1,3,6,1,0,0,1,1,0,19,0,1,6,13,5,11.6,0,1,6,12,2,11.0,0,13.9,-0.3,0.79,1
2,12,1,6,1,12,1,22,27,12,12,0,0,0,0,1,0,29,0,0,5,5,0,0.0,0,0,5,5,0,0.0,0,12.7,3.7,-1.7,0
1,1,1,14,1,1,1,1,1,10,10,1,0,0,1,1,0,18,0,0,6,6,4,11.25,0,0,6,10,3,10.333333333333334,0,10.8,1.4,1.74,0
1,12,1,4,1,1,1,1,1,2,7,0,0,0,0,1,0,24,0,0,6,0,0,0.0,0,0,6,0,0,0.0,0,13.9,-0.3,0.79,0
1,1,1,15,1,1,1,3,14,3,6,0,0,0,1,1,0,20,0,0,6,6,6,14.333333333333334,0,0,6,7,6,15.0,0,15.5,2.8,-4.06,2
2,12,1,3,0,12,1,13,27,10,10,0,0,1,0,1,0,45,0,0,6,7,0,0.0,0,0,5,5,0,0.0,0,16.2,0.3,-0.92,0
1,14,2,12,1,1,1,23,27,5,5,1,0,0,1,1,1,28,0,18,23,23,20,13.5,3,18,23,23,20,13.5,3,7.6,2.6,0.32,2
1,1,1,11,1,1,1,13,28,10,10,1,0,0,1,1,0,23,0,0,6,8,6,12.666666666666666,0,0,6,10,5,12.2,0,7.6,2.6,0.32,1
1,1,1,12,1,1,1,1,14,5,8,1,0,0,1,1,0,18,0,0,7,7,7,12.444285714285714,0,0,8,11,7,11.347142857142858,0,12.4,0.5,1.79,2
1,1,2,9,1,1,1,13,14,10,5,1,0,0,1,1,0,23,0,0,5,7,3,10.666666666666666,1,0,5,7,3,11.333333333333334,0,9.4,-0.8,-3.12,0
1,14,1,2,1,1,1,3,3,3,3,1,0,0,1,1,0,22,0,0,0,0,0,0.0,0,0,0,0,0,0.0,0,7.6,2.6,0.32,1
1,1,1,5,1,1,1,13,14,6,6,0,0,0,1,1,1,22,0,1,6,6,6,12.666666666666666,0,1,6,6,5,12.4,0,12.4,0.5,1.79,2
1,12,1,17,0,9,1,22,28,6,6,0,0,0,1,1,0,33,0,0,5,5,5,13.2,0,0,5,6,5,14.833333333333334,0,10.8,1.4,1.74,2
1,17,1,4,1,16,1,1,28,10,7,0,0,0,1,1,0,21,0,7,12,20,10,12.7,0,5,12,14,11,12.181818181818182,0,8.9,1.4,3.51,2
2,12,1,9,1,1,1,22,27,10,6,0,0,0,1,1,0,45,0,0,5,6,5,14.833333333333334,0,0,5,5,5,14.8,0,15.5,2.8,-4.06,2
2,12,1,4,1,1,1,22,27,10,10,0,0,0,0,1,0,44,0,4,10,10,4,11.5,0,1,7,8,1,12.0,0,15.5,2.8,-4.06,0
4,12,1,14,1,1,1,13,14,12,13,0,0,0,1,1,0,42,0,0,6,0,0,0.0,0,0,6,0,0,0.0,0,12.7,3.7,-1.7,0
1,9,1,9,1,1,1,13,1,10,8,1,0,0,1,1,0,20,0,0,5,0,0,0.0,0,0,5,0,0,0.0,0,12.4,0.5,1.79,0
1,8,6,9,1,1,1,13,28,6,7,1,0,0,1,1,0,20,0,0,5,7,3,12.666666666666666,1,0,5,12,2,12.5,0,9.4,-0.8,-3.12,1
1,1,2,11,1,1,1,1,28,3,9,1,0,0,1,1,1,20,0,0,6,7,6,14.714285714285714,0,0,6,6,6,12.5,0,8.9,1.4,3.51,2
1,8,2,15,1,1,1,1,1,5,5,1,0,0,1,1,0,20,0,0,6,11,3,13.666666666666666,0,0,6,13,4,10.25,0,9.4,-0.8,-3.12,1
1,1,2,9,1,1,1,1,1,10,7,0,0,0,1,1,0,19,0,0,5,9,5,10.8,0,0,5,13,2,13.5,0,8.9,1.4,3.51,1
1,16,1,3,0,1,1,1,1,5,5,0,0,1,0,1,0,26,0,2,8,13,4,10.5,0,5,10,16,7,10.428571428571429,0,12.4,0.5,1.79,0
2,12,1,4,1,1,1,22,27,9,8,0,0,0,1,1,0,31,0,0,6,10,6,15.0,0,0,6,11,5,12.5,0,13.9,-0.3,0.79,2
1,1,1,15,1,1,1,1,14,10,10,0,0,1,1,1,1,19,0,0,6,6,6,12.666666666666666,0,0,6,6,6,14.0,0,16.2,0.3,-0.92,2
1,12,1,15,1,12,1,22,27,1,1,1,0,0,1,1,0,28,0,0,6,7,6,13.166666666666666,0,0,6,6,6,13.666666666666666,0,7.6,2.6,0.32,2
1,1,1,2,1,1,1,13,27,10,10,1,0,0,1,1,1,20,0,0,0,0,0,0.0,0,0,0,0,0,0.0,0,10.8,1.4,1.74,2
2,1,2,3,0,1,1,22,1,10,11,1,0,0,1,0,0,43,0,0,6,6,6,13.0,0,0,6,6,6,12.5,0,9.4,-0.8,-3.12,2
1,12,1,2,1,12,17,1,14,3,8,0,0,0,1,1,1,25,1,0,0,0,0,0.0,0,0,0,0,0,0.0,0,15.5,2.8,-4.06,0
1,12,1,10,1,12,1,22,27,10,10,0,1,1,1,0,0,40,0,0,6,13,2,10.0,0,0,6,10,1,15.0,0,16.2,0.3,-0.92,0
1,15,1,6,1,14,3,5,4,2,2,0,0,0,1,0,0,20,1,2,6,7,6,13.333333333333334,0,1,6,16,5,13.375,0,12.4,0.5,1.79,2
2,12,1,3,0,9,1,22,27,10,2,0,0,0,1,0,0,46,0,0,6,13,3,12.333333333333334,0,0,6,6,6,13.333333333333334,0,11.1,0.6,2.02,2
1,16,1,1,1,1,1,13,27,6,8,0,0,0,1,0,0,26,0,14,21,23,20,13.181818181818182,0,10,14,18,14,11.642857142857142,0,8.9,1.4,3.51,2
2,12,1,12,1,1,1,3,1,6,6,0,0,0,1,0,1,34,0,0,7,7,6,12.513333333333334,0,0,8,9,7,13.071428571428571,0,12.4,0.5,1.79,2
1,9,3,16,1,1,1,23,27,10,6,1,0,0,1,0,0,19,0,0,6,0,0,0.0,0,0,6,0,0,0.0,0,10.8,1.4,1.74,0
1,1,6,12,1,1,1,13,14,10,10,1,0,0,1,0,1,18,0,0,8,8,7,13.585714285714284,0,0,8,8,7,13.585714285714284,0,12.7,3.7,-1.7,2
1,1,1,13,1,1,1,13,14,5,10,1,0,0,1,0,0,18,0,0,7,9,7,11.155555555555557,0,0,8,10,8,11.425,0,12.7,3.7,-1.7,2
1,12,1,3,0,1,1,23,27,10,8,0,0,0,1,1,1,37,0,1,7,9,6,11.857142857142858,0,1,6,7,5,12.0,0,13.9,-0.3,0.79,2
1,8,1,2,1,1,1,13,28,10,8,0,0,0,1,1,1,23,0,0,0,0,0,0.0,0,0,0,0,0,0.0,0,9.4,-0.8,-3.12,2
1,14,1,5,1,1,1,13,28,10,8,0,0,0,1,1,0,26,0,9,14,14,14,14.0,0,7,13,13,13,13.615384615384617,0,15.5,2.8,-4.06,2
1,5,2,15,1,1,9,13,28,4,6,1,0,0,0,0,0,18,1,0,6,8,5,12.0,0,0,6,0,0,0.0,0,10.8,1.4,1.74,0
1,6,1,12,1,1,20,3,2,14,5,1,0,0,1,0,0,18,1,0,7,15,4,11.575,0,0,7,10,5,12.419999999999998,0,12.4,0.5,1.79,1
1,8,4,12,1,1,1,3,3,3,3,1,0,0,1,0,0,19,0,0,7,8,7,13.198571428571428,0,0,8,8,8,13.0625,0,11.1,0.6,2.02,2
1,5,2,6,1,1,9,13,1,5,10,0,0,0,1,0,0,18,1,0,6,10,6,13.5,0,0,6,12,6,12.0,0,12.4,0.5,1.79,2
1,1,1,14,1,1,1,1,3,5,4,1,0,0,1,0,0,19,0,0,6,6,6,13.333333333333334,0,0,6,8,5,12.8,0,8.9,1.4,3.51,0
1,8,4,7,1,1,15,1,1,29,36,1,0,0,1,1,0,20,1,0,5,10,4,14.25,0,0,5,14,1,10.0,0,8.9,1.4,3.51,1
1,8,1,5,1,1,1,1,1,2,6,0,0,0,1,0,1,22,0,0,6,7,6,12.166666666666666,0,0,6,9,4,12.0,0,9.4,-0.8,-3.12,2
1,1,3,12,1,1,1,13,1,10,6,1,0,0,1,0,1,18,0,0,8,8,7,12.214285714285714,0,0,8,8,7,12.214285714285714,0,12.7,3.7,-1.7,2
1,8,1,11,1,1,1,13,29,6,5,0,0,0,1,0,1,18,0,0,6,8,6,12.666666666666666,0,0,6,6,6,13.0,0,13.9,-0.3,0.79,2
1,1,3,15,1,1,1,23,28,6,6,1,0,0,1,0,1,18,0,0,6,7,6,12.285714285714286,0,0,6,6,6,13.5,0,8.9,1.4,3.51,2
1,1,6,11,1,1,1,23,27,6,8,1,0,0,1,0,1,18,0,0,6,7,6,13.0,0,0,6,6,6,13.0,0,12.4,0.5,1.79,2
1,1,2,11,1,1,1,4,3,8,5,1,0,0,1,0,0,18,0,0,6,8,6,12.142857142857142,0,0,6,6,6,11.166666666666666,0,8.9,1.4,3.51,2
1,8,6,12,1,1,1,1,14,8,8,1,0,0,1,0,1,19,0,0,7,8,7,13.875714285714285,0,0,8,9,7,13.085714285714284,0,11.1,0.6,2.02,2
1,8,1,16,1,1,1,13,1,6,6,0,0,0,1,0,0,20,0,0,6,0,0,0.0,0,0,6,0,0,0.0,0,15.5,2.8,-4.06,0
1,8,4,10,1,1,1,1,14,10,6,1,0,0,1,0,1,19,0,0,6,12,6,11.666666666666666,0,0,6,7,0,0.0,0,15.5,2.8,-4.06,0
1,1,2,6,1,1,1,3,1,5,8,1,0,0,1,0,0,18,0,0,6,13,6,13.153846153846152,0,0,6,12,3,11.0,0,15.5,2.8,-4.06,2
1,1,4,5,1,1,1,1,1,10,8,1,0,0,1,0,1,18,0,0,6,6,6,14.5,0,0,6,6,6,12.833333333333334,0,12.4,0.5,1.79,0
1,8,6,12,1,1,1,13,14,8,8,1,0,0,1,0,1,18,0,0,7,7,7,14.44142857142857,0,0,8,8,8,13.65625,0,11.1,0.6,2.02,2
1,8,2,15,1,1,1,3,28,3,7,1,0,0,1,0,0,18,0,0,6,6,6,15.166666666666666,0,0,6,7,6,14.285714285714286,0,12.4,0.5,1.79,2
1,8,1,9,1,1,1,13,28,5,9,0,0,0,1,0,1,18,0,0,5,5,5,11.6,0,0,5,12,4,12.625,0,10.8,1.4,1.74,2
1,8,1,15,1,1,1,1,1,5,8,1,0,1,1,0,0,18,0,0,6,6,6,11.666666666666666,0,0,6,6,6,12.333333333333334,0,16.2,0.3,-0.92,2
1,15,1,4,1,14,1,22,28,10,7,0,0,0,1,0,1,20,0,0,6,8,6,12.625,0,0,6,10,6,13.2,0,16.2,0.3,-0.92,2
1,7,2,10,1,1,1,23,27,4,6,1,0,0,1,0,1,19,0,0,6,14,3,12.666666666666666,0,0,6,7,6,11.0,0,9.4,-0.8,-3.12,2
1,8,1,8,1,1,1,2,14,3,7,1,0,0,1,0,1,18,0,0,6,7,6,12.833333333333334,1,0,6,8,6,13.0,0,8.9,1.4,3.51,1
1,1,1,10,1,1,1,23,28,9,8,1,0,0,1,0,1,19,0,0,6,7,6,11.857142857142858,0,0,6,8,6,13.142857142857142,0,12.4,0.5,1.79,2
1,8,2,16,1,1,1,3,1,2,6,1,0,0,1,0,0,19,0,0,6,8,5,11.4,1,0,6,7,4,10.75,0,12.7,3.7,-1.7,1
1,14,1,8,1,1,14,3,4,4,3,0,0,0,1,0,0,19,1,0,5,10,5,14.857142857142858,2,0,5,7,5,15.142857142857142,0,9.4,-0.8,-3.12,1
1,1,1,14,1,1,1,13,14,8,8,0,0,0,1,0,0,19,0,0,6,7,6,14.714285714285714,0,0,6,6,6,15.833333333333334,0,12.4,0.5,1.79,2
1,6,1,14,1,1,12,27,1,3,8,0,1,1,1,0,0,20,1,0,6,6,6,13.5,0,0,6,9,5,13.0,0,8.9,1.4,3.51,2
1,9,1,8,1,1,1,23,14,10,6,1,0,0,1,0,1,18,0,0,5,7,4,11.5,0,0,5,5,5,12.4,0,10.8,1.4,1.74,2
1,4,1,9,1,3,1,1,29,5,8,0,0,0,1,0,0,33,0,2,5,9,2,14.0,0,0,5,5,0,0.0,0,12.4,0.5,1.79,0
1,1,1,16,1,1,1,13,14,5,6,0,0,0,1,0,1,19,0,0,7,8,6,12.833333333333334,0,0,6,6,0,0.0,0,13.9,-0.3,0.79,0
1,8,2,13,1,1,1,1,1,10,10,0,0,0,1,0,1,18,0,0,7,7,7,13.428571428571429,0,0,8,8,8,14.75,0,15.5,2.8,-4.06,2
1,8,1,5,1,1,1,13,1,5,4,0,0,0,1,0,0,19,0,0,6,0,0,0.0,0,0,6,0,0,0.0,0,8.9,1.4,3.51,0
1,15,1,4,1,14,1,23,28,7,4,0,0,0,1,0,0,19,0,0,6,18,3,11.666666666666666,0,0,6,14,4,11.5,0,15.5,2.8,-4.06,1
1,1,3,15,1,1,1,3,1,3,9,1,0,0,1,0,0,18,0,0,6,6,6,16.0,0,0,6,7,6,14.333333333333334,0,12.4,0.5,1.79,2
1,1,1,10,1,1,1,13,14,10,6,1,0,0,1,0,0,20,0,0,6,6,6,13.833333333333334,0,0,6,6,6,11.833333333333334,0,10.8,1.4,1.74,2
1,1,5,12,1,1,1,13,27,8,8,1,0,0,1,0,0,19,0,0,8,9,8,13.2325,1,0,8,9,8,13.2325,1,9.4,-0.8,-3.12,2
1,1,2,15,1,1,1,13,14,10,10,1,0,0,1,1,1,18,0,0,6,6,6,14.0,0,0,6,6,6,14.166666666666666,0,9.4,-0.8,-3.12,2
1,8,2,11,1,1,1,1,2,6,4,1,0,1,1,1,1,19,0,0,6,14,2,10.0,0,0,6,6,0,0.0,0,13.9,-0.3,0.79,0
1,14,1,3,0,1,9,22,27,10,10,1,0,0,1,0,0,25,1,8,16,16,15,13.333333333333334,0,11,13,13,11,12.272727272727272,0,13.9,-0.3,0.79,2
1,8,3,5,1,1,1,3,3,5,5,1,0,0,1,0,1,20,0,0,6,6,6,12.5,0,0,6,6,6,14.333333333333334,0,12.7,3.7,-1.7,1
1,1,1,3,0,1,1,23,27,6,6,0,0,0,1,0,0,19,0,0,6,6,6,12.5,0,0,6,6,6,11.5,0,12.7,3.7,-1.7,2
1,8,1,17,0,1,1,19,24,1,1,1,0,1,1,1,0,33,0,0,5,8,2,10.5,0,0,5,5,0,0.0,0,7.6,2.6,0.32,0
1,9,4,7,1,1,1,13,28,32,39,1,0,1,1,1,0,18,0,0,5,11,3,10.666666666666666,0,0,5,9,3,11.333333333333334,0,8.9,1.4,3.51,1
1,1,1,7,1,1,1,13,27,6,9,1,0,0,1,1,0,18,0,0,5,9,4,10.5,0,0,5,11,2,10.5,3,7.6,2.6,0.32,1
1,6,1,9,1,1,12,1,1,3,4,0,0,0,1,0,0,19,1,0,5,10,4,12.0,0,0,5,6,5,11.4,0,11.1,0.6,2.02,2
1,1,2,2,1,1,1,3,3,3,3,1,0,0,1,0,0,18,0,0,0,0,0,0.0,0,0,0,0,0,0.0,0,12.4,0.5,1.79,1
1,14,1,9,1,1,1,23,14,20,36,0,0,0,1,0,0,19,0,0,5,11,5,11.5,0,0,5,9,2,10.666666666666666,0,13.9,-0.3,0.79,1
1,1,1,15,1,1,1,13,1,6,11,1,0,0,1,0,0,18,0,0,6,6,6,14.0,0,0,6,6,6,13.5,0,11.1,0.6,2.02,0
1,8,5,16,1,1,1,3,14,3,8,1,0,0,1,0,0,18,0,0,6,7,6,13.5,0,0,6,8,5,12.6,0,7.6,2.6,0.32,2
1,1,3,12,1,1,1,13,27,8,8,1,0,0,1,0,0,18,0,0,8,8,8,13.07375,0,0,8,8,8,13.07375,0,9.4,-0.8,-3.12,2
2,12,1,12,1,12,1,23,28,3,11,0,0,0,1,0,0,37,0,0,7,9,2,10.75,0,0,7,9,0,0.0,0,16.2,0.3,-0.92,0
1,1,1,10,1,1,1,23,1,3,5,0,0,0,1,0,0,20,0,0,6,11,1,12.0,0,0,5,10,0,0.0,0,9.4,-0.8,-3.12,1
1,1,1,11,1,1,14,22,27,6,6,1,0,0,1,0,1,20,1,0,6,6,6,14.0,0,0,6,6,6,13.333333333333334,0,10.8,1.4,1.74,2
1,6,1,10,1,1,12,13,14,10,7,0,0,0,1,1,0,21,1,0,6,7,6,12.333333333333334,0,0,6,7,6,13.428571428571429,0,11.1,0.6,2.02,2
1,8,1,12,1,1,1,23,1,6,5,0,0,0,1,0,1,18,0,0,7,7,7,13.464285714285714,0,0,8,9,8,14.788888888888888,0,12.4,0.5,1.79,2
1,12,1,3,0,1,1,13,1,10,9,0,0,0,1,0,0,26,0,0,6,14,3,10.666666666666666,1,0,6,9,5,11.2,0,15.5,2.8,-4.06,1
1,12,1,9,1,9,1,22,27,10,8,0,0,1,1,0,0,41,0,0,5,6,5,11.6,0,0,5,8,5,12.2,0,7.6,2.6,0.32,1
1,1,2,15,1,1,1,13,1,4,10,1,0,0,1,0,1,18,0,0,6,6,6,13.666666666666666,0,0,6,6,6,14.666666666666666,0,16.2,0.3,-0.92,2
1,1,4,12,1,1,1,13,27,10,8,0,0,1,1,0,0,18,0,0,8,9,8,14.4025,1,0,8,9,8,14.4025,1,9.4,-0.8,-3.12,2
1,1,1,12,1,1,1,23,28,10,10,1,0,0,1,0,0,31,0,0,7,9,7,15.46875,0,0,8,8,8,16.3875,0,11.1,0.6,2.02,2
1,1,1,10,1,1,1,1,1,5,11,0,0,1,1,0,0,23,0,0,6,8,6,12.625,0,0,6,6,6,14.166666666666666,0,12.7,3.7,-1.7,2
1,1,4,12,1,1,1,22,14,10,10,1,0,0,1,0,0,19,0,0,7,7,6,14.983333333333334,0,0,7,7,6,14.983333333333334,0,7.6,2.6,0.32,2
1,7,3,15,1,1,1,22,28,5,10,1,0,0,1,0,1,20,0,0,6,6,6,15.0,0,0,6,6,6,13.0,0,11.1,0.6,2.02,2
2,12,1,3,0,1,1,22,27,8,6,0,0,0,1,0,0,40,0,5,9,9,9,15.88888888888889,0,3,7,7,7,14.142857142857142,0,12.7,3.7,-1.7,2
1,15,1,6,1,14,1,22,27,10,10,1,0,1,1,0,0,32,0,0,6,14,4,11.5,0,0,6,14,3,11.0,0,16.2,0.3,-0.92,0
1,1,4,11,1,1,1,22,27,10,8,1,0,0,1,0,0,24,0,0,6,14,2,10.5,0,0,6,11,1,10.0,0,10.8,1.4,1.74,0
1,8,4,12,1,1,1,13,27,6,9,1,0,0,1,0,0,18,0,0,7,7,6,13.983333333333334,0,0,7,7,6,13.983333333333334,0,7.6,2.6,0.32,2
1,1,1,10,1,1,1,22,27,10,10,0,0,0,1,0,0,18,0,0,6,6,6,13.0,0,0,6,6,6,12.833333333333334,0,10.8,1.4,1.74,2
1,1,1,10,1,1,1,13,27,5,8,1,0,0,1,0,1,18,0,0,6,6,6,13.666666666666666,0,0,6,6,6,13.0,0,10.8,1.4,1.74,2
1,12,1,4,1,1,1,23,28,5,8,1,0,0,0,0,0,27,0,0,6,8,0,0.0,0,0,6,8,0,0.0,0,15.5,2.8,-4.06,0
1,1,1,9,1,1,1,23,27,10,6,0,0,0,1,0,0,18,0,0,5,5,5,14.4,0,0,5,5,5,15.4,0,7.6,2.6,0.32,2
1,12,1,17,0,1,1,13,27,10,9,0,0,0,1,0,0,26,0,0,5,10,4,12.0,0,0,5,9,4,11.25,0,12.7,3.7,-1.7,1
1,1,1,16,1,1,1,13,10,10,5,1,0,0,1,0,0,19,0,0,6,6,6,14.166666666666666,0,0,6,7,6,13.666666666666666,0,7.6,2.6,0.32,2
1,8,2,3,0,1,1,22,24,1,1,1,0,0,1,0,0,19,0,0,6,8,5,12.2,0,0,6,7,6,12.0,0,7.6,2.6,0.32,2
1,9,2,9,1,1,1,1,27,6,6,1,0,0,1,0,0,21,0,0,5,8,3,12.0,1,0,5,9,3,12.666666666666666,0,9.4,-0.8,-3.12,1
1,1,4,9,1,1,1,1,14,5,7,1,0,0,1,0,0,24,0,0,5,11,2,10.5,0,0,5,14,1,11.0,0,12.7,3.7,-1.7,1
1,8,1,16,1,1,1,22,27,10,11,0,0,0,1,0,0,20,0,0,6,8,3,12.333333333333334,0,0,6,11,2,10.5,0,12.7,3.7,-1.7,0
1,1,4,16,1,1,1,13,1,6,10,1,0,0,1,0,0,18,0,0,6,7,5,12.2,0,0,6,7,5,12.2,0,10.8,1.4,1.74,1
1,12,1,4,1,1,1,13,14,10,10,0,0,0,1,0,0,30,0,0,6,6,0,0.0,0,0,6,6,0,0.0,0,11.1,0.6,2.02,0
1,1,1,16,1,1,1,13,27,10,10,1,0,1,0,0,0,22,0,0,7,10,6,11.5,0,0,7,8,6,13.166666666666666,0,11.1,0.6,2.02,1
1,4,1,9,1,3,1,22,14,10,9,0,0,0,1,0,0,21,0,4,9,9,9,10.88888888888889,0,3,10,18,10,11.615384615384617,0,10.8,1.4,1.74,2
1,12,1,13,1,1,1,13,14,5,6,0,0,0,1,0,0,26,0,0,7,12,6,12.166666666666666,0,0,8,8,8,11.675,0,13.9,-0.3,0.79,0
1,8,1,9,1,1,1,13,14,8,8,1,0,0,1,0,0,23,0,0,5,7,2,10.0,1,0,5,9,1,12.0,0,9.4,-0.8,-3.12,1
1,8,1,5,1,1,1,13,27,6,10,0,0,0,1,0,1,18,0,0,6,6,6,12.666666666666666,0,0,6,6,6,12.166666666666666,0,16.2,0.3,-0.92,2
1,1,1,5,1,1,1,1,27,6,10,1,0,1,1,0,0,21,0,0,6,9,5,11.4,0,0,6,8,5,12.2,0,12.7,3.7,-1.7,0
1,14,1,2,1,1,1,13,28,10,10,0,0,0,1,0,1,18,0,0,0,0,0,0.0,0,0,0,0,0,0.0,0,13.9,-0.3,0.79,0
1,8,3,6,1,1,1,13,27,6,6,1,0,0,1,0,0,21,0,0,5,14,2,13.0,2,0,5,8,4,12.0,1,9.4,-0.8,-3.12,1
1,8,3,16,1,1,1,23,28,8,8,1,0,0,1,0,0,18,0,0,6,8,5,13.4,0,0,6,7,5,12.0,0,7.6,2.6,0.32,1
1,8,3,16,1,1,1,22,27,6,10,1,1,0,1,0,1,19,0,0,6,6,6,13.5,0,0,6,8,5,12.8,0,12.7,3.7,-1.7,0
1,8,1,11,1,1,1,1,1,5,10,1,0,0,1,0,0,22,0,0,6,14,4,12.25,0,0,6,11,3,11.333333333333334,0,7.6,2.6,0.32,1
1,1,3,10,1,1,1,23,14,6,9,1,0,0,1,0,0,19,0,0,6,7,6,12.285714285714286,0,0,6,7,6,12.833333333333334,0,12.4,0.5,1.79,2
1,1,5,6,1,1,1,23,27,10,9,1,0,0,0,0,0,19,0,0,5,12,0,0.0,4,0,5,8,0,0.0,1,9.4,-0.8,-3.12,0
1,8,1,10,1,1,1,22,27,8,6,1,0,0,1,0,0,19,0,0,6,10,2,10.5,0,0,6,11,1,13.0,0,9.4,-0.8,-3.12,0
2,15,1,6,1,14,1,22,27,30,43,0,0,0,1,0,0,27,0,0,5,12,3,14.0,2,0,5,8,5,12.0,1,9.4,-0.8,-3.12,2
1,5,1,6,1,1,1,22,27,6,6,1,0,0,1,0,0,22,0,2,5,7,5,14.2,0,0,5,10,5,12.2,0,12.7,3.7,-1.7,2
1,1,1,15,1,1,1,22,1,10,8,1,0,0,1,0,0,18,0,0,6,8,5,13.0,0,0,6,7,6,13.142857142857142,0,15.5,2.8,-4.06,0
1,8,4,11,1,1,1,23,28,6,6,1,0,0,1,0,0,20,0,0,6,6,6,11.0,0,0,6,8,4,12.75,0,9.4,-0.8,-3.12,2
2,14,1,17,0,1,1,22,27,10,10,0,0,0,1,0,0,34,0,3,8,9,3,11.0,0,2,7,7,2,10.0,0,9.4,-0.8,-3.12,0
1,8,2,12,1,1,1,1,28,6,9,1,0,0,1,0,0,18,0,0,7,9,6,12.385714285714286,0,0,8,9,8,13.755555555555556,0,13.9,-0.3,0.79,2
1,8,2,15,1,1,1,1,1,6,6,1,0,0,1,1,0,20,0,0,6,12,4,14.75,0,0,6,7,4,12.25,0,9.4,-0.8,-3.12,2
1,1,1,8,1,1,14,1,14,6,6,1,0,0,1,0,0,20,1,0,5,6,5,16.166666666666668,0,0,5,6,5,15.833333333333334,0,12.7,3.7,-1.7,2
1,12,1,17,0,1,1,1,28,5,10,0,0,0,1,1,0,25,0,0,5,7,0,0.0,0,0,5,8,0,0.0,0,16.2,0.3,-0.92,0
1,1,4,7,1,1,1,3,14,3,10,1,0,0,1,1,0,18,0,0,5,6,5,12.4,0,0,5,9,3,13.0,0,8.9,1.4,3.51,0
1,1,1,8,1,1,1,1,1,10,10,0,0,0,0,1,0,18,0,0,6,8,5,11.6,0,0,6,11,4,13.0,0,8.9,1.4,3.51,0
1,8,1,16,1,1,1,13,28,6,8,1,0,0,1,0,1,18,0,0,6,8,5,12.2,0,0,6,13,0,0.0,0,9.4,-0.8,-3.12,0
1,8,1,11,1,1,1,1,14,6,5,0,0,0,1,0,1,19,0,0,6,7,5,11.0,0,0,6,7,5,12.8,0,12.4,0.5,1.79,2
1,8,2,16,1,1,1,23,14,6,6,1,0,0,1,0,1,19,0,0,6,8,6,12.333333333333334,0,0,6,7,5,12.4,0,10.8,1.4,1.74,0
1,15,1,10,1,1,1,1,1,6,6,0,0,0,1,0,1,21,0,3,6,6,6,14.833333333333334,0,2,6,7,6,12.571428571428571,0,13.9,-0.3,0.79,2
1,13,1,5,1,1,1,3,2,3,3,0,0,0,1,0,0,29,0,9,10,15,9,11.555555555555555,0,7,11,17,10,11.9,0,9.4,-0.8,-3.12,1
1,1,1,5,1,1,1,1,27,10,10,1,0,0,1,0,1,20,0,0,6,6,6,12.0,0,0,6,6,6,11.833333333333334,0,12.4,0.5,1.79,2
1,16,1,3,0,16,1,13,27,19,44,1,0,1,1,0,1,21,0,13,13,13,11,12.727272727272728,0,9,11,11,10,12.6,0,8.9,1.4,3.51,2
1,14,1,17,0,1,14,22,27,10,9,0,0,0,1,0,0,34,1,2,2,2,2,10.5,0,1,1,1,1,11.0,0,10.8,1.4,1.74,0
1,1,4,15,1,1,9,1,27,4,10,1,0,0,1,0,0,20,1,0,6,6,6,12.333333333333334,0,0,6,6,6,12.0,0,12.7,3.7,-1.7,2
1,12,1,17,0,1,1,22,27,10,10,0,0,0,1,1,0,24,0,0,5,10,0,0.0,0,0,5,7,1,12.0,0,10.8,1.4,1.74,0
1,1,1,12,1,1,1,1,1,5,4,0,0,0,1,1,0,18,0,0,7,7,7,14.842857142857143,0,0,8,9,8,14.38888888888889,0,16.2,0.3,-0.92,2
1,1,1,12,1,1,1,1,14,5,5,0,0,0,1,1,0,19,0,0,7,7,7,12.2,0,0,7,7,7,12.2,0,7.6,2.6,0.32,1
1,1,1,9,1,1,1,1,14,8,8,0,0,0,1,1,1,18,0,0,5,10,4,10.8,0,0,5,10,4,11.75,0,15.5,2.8,-4.06,1
1,12,9,17,0,1,1,23,28,10,6,0,0,0,1,1,0,28,0,0,5,7,4,12.75,0,0,5,7,5,14.333333333333334,0,10.8,1.4,1.74,1
1,12,1,17,0,1,1,1,1,10,8,0,0,0,1,1,0,28,0,0,5,13,2,11.0,0,0,5,12,1,12.0,0,11.1,0.6,2.02,0
1,8,1,11,1,1,1,23,28,1,6,0,0,0,1,1,0,20,0,0,6,9,4,10.75,0,0,6,12,0,0.0,0,7.6,2.6,0.32,0
1,14,1,12,1,1,1,1,1,8,5,1,0,0,1,1,0,22,0,0,8,9,8,12.55375,1,0,8,9,8,12.55375,1,9.4,-0.8,-3.12,2
1,1,4,12,1,1,1,13,1,5,5,1,0,0,1,1,0,19,0,0,8,8,7,12.665714285714284,0,0,8,8,7,12.665714285714284,0,10.8,1.4,1.74,2
1,1,1,14,1,1,1,1,14,8,6,1,0,0,1,1,0,20,0,0,6,10,6,12.714285714285714,0,0,6,8,4,13.0,0,12.4,0.5,1.79,1
1,12,2,13,1,1,1,3,1,3,5,0,0,0,1,1,0,26,0,0,7,7,2,11.75,0,0,5,10,0,0.0,0,12.4,0.5,1.79,0
1,1,2,11,1,1,1,22,27,10,10,1,0,0,0,1,0,21,0,0,6,11,3,11.0,0,0,6,14,0,0.0,0,9.4,-0.8,-3.12,0
1,7,2,2,1,1,1,3,3,3,3,1,0,0,1,1,0,18,0,0,0,0,0,0.0,0,0,0,0,0,0.0,0,12.4,0.5,1.79,2
1,8,1,9,1,1,1,22,28,10,8,1,0,0,1,1,0,18,0,0,5,5,5,13.4,0,0,5,6,5,12.2,0,11.1,0.6,2.02,2
1,1,2,2,1,1,1,13,14,5,8,1,0,0,1,1,0,22,0,14,17,21,17,12.578947368421051,0,15,17,20,17,12.117647058823527,0,11.1,0.6,2.02,2
2,12,1,7,1,12,1,22,27,10,10,0,0,0,1,1,0,36,0,0,5,0,0,0.0,0,0,5,0,0,0.0,0,16.2,0.3,-0.92,0
1,1,1,15,1,1,1,23,28,10,10,1,0,0,1,1,1,20,0,0,6,8,6,12.0,0,0,6,8,6,11.5,0,13.9,-0.3,0.79,2
1,8,5,14,1,1,1,3,4,3,3,0,0,0,1,1,0,20,0,0,6,6,3,12.333333333333334,0,0,6,9,0,0.0,0,10.8,1.4,1.74,0
1,12,1,17,0,1,1,22,1,6,5,0,0,0,1,1,0,25,0,0,5,11,4,11.5,0,0,5,11,3,13.5,0,12.4,0.5,1.79,0
1,12,1,4,1,1,1,22,14,7,5,0,0,0,1,1,0,35,0,1,6,7,5,12.8,0,1,6,11,5,13.833333333333334,0,15.5,2.8,-4.06,2
1,1,1,2,1,1,1,1,27,8,8,0,0,0,1,1,0,22,0,0,0,0,0,0.0,0,0,0,0,0,0.0,0,11.1,0.6,2.02,0
1,14,1,5,1,1,1,3,29,4,8,0,0,0,1,1,0,26,0,5,7,8,7,13.285714285714286,0,3,8,11,7,12.142857142857142,0,12.4,0.5,1.79,1
1,15,1,4,1,14,1,23,28,10,6,0,0,1,0,1,0,20,0,0,6,16,4,11.8,0,0,6,15,2,12.0,0,16.2,0.3,-0.92,0
1,14,1,3,0,9,1,22,1,10,11,0,0,0,1,1,0,50,0,6,13,13,6,11.333333333333334,0,2,11,11,2,13.5,0,16.2,0.3,-0.92,0
1,1,1,12,1,1,1,13,28,10,9,0,0,0,1,1,0,20,0,0,8,12,5,12.002,1,0,8,12,5,12.002,1,10.8,1.4,1.74,0
1,1,1,12,1,1,1,3,1,3,9,0,0,0,1,1,0,20,0,0,7,10,5,13.976666666666668,0,0,8,9,8,13.22222222222222,0,12.4,0.5,1.79,1
1,4,1,4,1,3,1,3,14,3,11,0,0,0,0,1,0,35,0,0,6,10,5,15.2,0,1,6,9,1,11.0,0,15.5,2.8,-4.06,0
1,1,1,14,1,1,1,3,14,5,6,0,0,0,1,1,1,19,0,0,6,7,6,13.142857142857142,0,0,6,8,6,14.166666666666666,0,15.5,2.8,-4.06,2
2,12,2,9,1,1,1,22,27,6,8,0,0,0,1,1,0,43,0,0,5,14,0,0.0,1,0,5,5,0,0.0,0,9.4,-0.8,-3.12,0
1,8,5,12,1,1,1,3,28,3,2,0,0,0,1,1,0,19,0,0,8,11,7,13.867142857142856,0,0,8,11,7,13.867142857142856,0,10.8,1.4,1.74,2
1,12,1,12,1,1,1,22,27,10,10,0,0,0,1,1,0,25,0,0,8,11,6,12.675,0,0,8,11,6,12.675,0,12.7,3.7,-1.7,2
1,7,1,2,1,1,1,1,3,6,11,1,0,0,1,1,0,19,0,0,0,0,0,0.0,0,0,0,0,0,0.0,0,13.9,-0.3,0.79,2
1,8,2,16,1,1,1,1,14,10,10,1,0,0,1,1,1,20,0,0,6,6,6,12.0,0,0,6,7,6,12.5,0,7.6,2.6,0.32,1
1,1,1,2,1,1,1,23,27,6,6,1,0,0,1,1,0,22,0,0,0,0,0,0.0,0,0,0,0,0,0.0,0,12.7,3.7,-1.7,0
1,1,1,11,1,1,1,22,27,4,4,0,0,0,1,1,1,19,0,0,6,7,6,11.0,0,0,6,6,5,12.2,0,11.1,0.6,2.02,0
2,12,1,17,0,1,1,13,27,4,10,0,0,0,1,1,0,32,0,0,5,11,4,10.75,0,0,5,11,4,11.333333333333334,0,13.9,-0.3,0.79,0
2,12,1,15,1,13,1,22,27,10,8,1,0,0,1,1,0,57,0,0,6,7,5,14.2,0,0,6,6,6,14.166666666666666,0,9.4,-0.8,-3.12,2
1,1,1,12,1,1,1,1,14,4,6,0,0,0,0,1,0,20,0,0,7,11,4,12.6,0,0,7,7,4,11.575,0,16.2,0.3,-0.92,0
1,12,1,17,0,1,1,1,1,6,6,1,0,0,0,1,0,38,0,0,5,5,0,0.0,0,0,5,5,0,0.0,0,8.9,1.4,3.51,0
2,12,1,17,0,1,1,22,3,10,4,0,0,0,1,1,0,45,0,0,5,6,5,14.0,0,0,5,6,5,14.166666666666666,0,12.4,0.5,1.79,2
2,12,1,15,1,1,1,22,27,10,11,0,0,1,0,1,0,43,0,0,6,16,2,10.0,0,0,6,12,4,12.25,0,10.8,1.4,1.74,0
1,8,4,5,1,1,1,23,1,10,10,1,0,0,1,1,0,19,0,0,6,6,6,13.833333333333334,0,0,6,8,6,13.125,0,10.8,1.4,1.74,2
2,12,1,17,0,12,1,13,14,5,5,0,0,0,0,1,0,49,0,0,5,8,2,11.0,0,0,5,5,1,11.0,0,15.5,2.8,-4.06,0
2,12,1,12,1,12,1,22,28,10,8,1,0,0,1,1,0,43,0,0,8,8,7,11.635714285714286,0,0,8,8,7,11.635714285714286,0,10.8,1.4,1.74,1
1,12,1,3,0,1,1,22,28,10,10,0,0,0,1,1,0,34,0,0,6,6,4,12.25,0,0,5,5,0,0.0,0,11.1,0.6,2.02,0
1,8,5,7,1,1,1,13,14,6,6,1,0,1,1,1,0,18,0,0,5,9,4,12.5,0,0,5,11,5,11.285714285714286,0,12.4,0.5,1.79,1
2,12,1,17,0,1,1,23,28,2,5,0,0,0,1,1,0,43,0,0,5,5,5,13.8,0,0,5,6,5,13.666666666666666,0,10.8,1.4,1.74,2
1,1,2,11,1,1,1,13,1,10,9,0,0,0,1,1,0,21,0,0,6,8,3,12.0,0,0,6,9,1,11.0,0,15.5,2.8,-4.06,0
2,12,1,17,0,1,1,19,24,13,13,0,0,0,1,1,0,40,0,0,5,9,3,11.0,0,0,5,8,4,12.5,1,7.6,2.6,0.32,1
1,8,1,14,1,1,1,13,27,6,6,1,0,0,1,1,1,19,0,0,6,7,4,13.75,0,0,6,10,6,11.555555555555555,0,10.8,1.4,1.74,2
1,1,1,11,1,1,1,22,27,2,2,0,0,0,1,1,0,27,0,0,6,6,6,10.666666666666666,0,0,6,8,4,11.25,0,10.8,1.4,1.74,1
2,13,1,13,1,1,1,22,27,10,7,0,0,0,1,1,0,43,0,0,7,7,0,0.0,0,0,8,13,2,13.15,0,16.2,0.3,-0.92,0
1,14,1,17,0,1,1,22,27,10,10,0,0,0,1,1,0,31,0,1,5,6,5,13.833333333333334,0,0,5,7,5,15.4,0,9.4,-0.8,-3.12,2
1,15,1,4,1,14,1,23,1,19,25,1,0,1,1,1,0,26,0,0,6,6,0,0.0,0,0,6,7,0,0.0,0,8.9,1.4,3.51,1
1,12,1,17,0,1,1,22,28,28,16,0,0,0,1,1,0,34,0,0,5,5,5,15.8,0,0,5,5,5,16.8,0,8.9,1.4,3.51,2
4,14,1,12,1,12,1,19,24,1,1,0,0,0,1,1,0,30,0,11,14,26,12,12.52608695652174,1,11,14,26,12,12.52608695652174,1,7.6,2.6,0.32,2
2,12,1,12,1,12,1,23,28,8,9,0,0,0,1,1,0,36,0,0,7,9,6,12.783333333333331,0,0,8,11,0,0.0,0,16.2,0.3,-0.92,0
1,4,1,17,0,3,1,22,27,7,8,0,0,1,0,1,0,46,0,0,5,5,0,0.0,0,0,5,5,1,10.0,0,11.1,0.6,2.02,0
1,8,1,6,1,1,1,1,14,6,10,0,0,0,1,1,0,22,0,0,5,8,3,13.0,0,0,5,8,3,10.666666666666666,0,7.6,2.6,0.32,2
1,4,1,4,1,3,1,1,14,6,10,0,0,0,1,1,0,27,0,0,6,8,0,0.0,0,0,6,10,0,0.0,0,16.2,0.3,-0.92,0
1,1,2,7,1,1,1,1,28,20,43,1,0,0,1,1,0,20,0,0,5,7,5,10.8,0,0,5,9,3,12.0,0,8.9,1.4,3.51,1
1,16,1,9,1,1,1,13,28,10,9,0,0,0,1,1,0,20,0,0,5,7,5,11.0,0,0,5,7,3,10.0,0,8.9,1.4,3.51,1
1,13,1,7,1,1,1,13,14,12,12,0,0,1,0,1,0,31,0,0,4,4,0,0.0,0,0,5,5,0,0.0,0,12.7,3.7,-1.7,0
1,1,1,7,1,1,1,22,14,10,10,1,0,1,1,1,0,20,0,0,5,7,0,0.0,0,0,5,5,0,0.0,0,9.4,-0.8,-3.12,1
1,8,1,15,1,1,1,1,28,12,9,1,0,0,0,1,0,21,0,0,6,10,2,12.0,0,0,6,0,0,0.0,0,10.8,1.4,1.74,0
1,8,1,9,1,1,1,13,14,10,8,0,0,0,1,1,0,21,0,0,5,7,4,10.75,0,0,5,10,2,11.0,3,16.2,0.3,-0.92,0
1,1,1,9,1,1,1,1,4,10,11,0,0,0,1,1,0,19,0,0,5,8,5,11.6,0,0,5,10,4,13.5,3,16.2,0.3,-0.92,2
1,8,4,9,1,1,1,13,14,5,5,1,0,0,1,1,1,20,0,0,5,6,5,11.8,0,0,5,8,4,11.6,0,8.9,1.4,3.51,2
1,1,1,4,1,1,1,23,1,10,5,0,0,0,1,1,0,18,0,0,6,7,6,16.0,0,0,6,6,6,15.166666666666666,0,12.4,0.5,1.79,2
1,1,2,15,1,1,1,1,1,5,4,0,0,0,1,1,1,18,0,0,6,6,6,12.666666666666666,0,0,6,6,6,11.5,0,16.2,0.3,-0.92,2
1,12,1,12,1,1,1,1,2,22,21,0,0,1,1,1,0,30,0,0,7,12,4,14.4,0,0,7,9,6,13.5,0,12.4,0.5,1.79,1
1,12,1,11,1,12,1,13,14,4,2,0,0,1,0,1,0,34,0,0,6,6,0,0.0,0,0,6,6,0,0.0,0,15.5,2.8,-4.06,0
1,8,1,14,1,1,1,13,14,29,36,0,0,1,0,1,0,21,0,0,6,11,4,12.25,0,0,6,9,4,13.4,0,11.1,0.6,2.02,1
1,15,1,5,1,14,1,22,1,10,8,0,0,0,1,1,0,20,0,2,7,9,5,12.6,0,5,9,10,8,12.75,1,16.2,0.3,-0.92,0
1,1,1,12,1,1,1,22,27,10,10,0,0,0,1,1,0,18,0,0,8,8,7,13.4,0,0,8,8,7,13.4,0,12.7,3.7,-1.7,2
1,1,1,2,1,1,1,1,1,5,4,1,0,1,1,1,0,21,0,0,0,0,0,0.0,0,0,0,0,0,0.0,0,16.2,0.3,-0.92,0
2,13,1,4,1,1,1,3,1,3,3,0,0,0,1,1,0,26,0,0,6,9,1,10.0,0,0,6,6,0,0.0,0,12.4,0.5,1.79,0
1,8,1,7,1,1,1,23,14,8,4,1,0,1,1,1,0,20,0,0,5,5,0,0.0,0,0,5,5,0,0.0,5,9.4,-0.8,-3.12,0
1,15,1,4,1,14,1,1,28,2,10,0,0,0,1,1,0,25,0,0,6,16,3,11.25,0,0,6,14,4,11.2,0,15.5,2.8,-4.06,0
1,8,1,14,1,1,1,1,1,5,5,0,0,0,1,1,0,19,0,0,5,10,0,0.0,0,0,5,5,0,0.0,0,7.6,2.6,0.32,1
1,12,2,9,1,1,1,13,5,5,2,1,0,0,1,1,0,24,0,0,5,8,3,10.666666666666666,1,0,5,5,1,14.0,0,9.4,-0.8,-3.12,0
1,1,1,8,1,1,1,3,3,3,3,0,0,0,1,1,0,20,0,0,5,7,4,11.75,0,0,5,5,5,13.4,0,7.6,2.6,0.32,2
1,1,1,9,1,1,1,1,3,10,6,0,0,0,1,1,0,20,0,0,5,5,0,0.0,0,0,5,5,0,0.0,0,12.7,3.7,-1.7,0
1,3,3,5,1,1,1,3,1,10,7,1,0,0,1,0,0,18,0,0,6,6,6,12.666666666666666,0,0,6,8,6,14.125,0,10.8,1.4,1.74,2
4,12,1,13,1,1,1,13,3,10,3,0,0,0,1,0,0,25,0,0,7,14,7,11.95,0,0,8,15,7,12.042857142857144,0,12.7,3.7,-1.7,1
1,8,1,11,1,1,1,23,27,10,7,1,0,0,1,0,0,22,0,0,6,7,5,14.0,0,0,6,6,6,15.666666666666666,0,11.1,0.6,2.02,2
1,14,1,3,0,1,1,22,27,1,7,0,0,0,0,0,0,41,0,0,6,6,0,0.0,6,0,6,12,0,0.0,0,9.4,-0.8,-3.12,0
1,1,2,9,1,1,1,22,28,8,10,0,0,1,1,0,1,19,0,0,5,11,2,11.5,0,0,5,10,0,0.0,0,12.7,3.7,-1.7,0
1,14,1,8,1,1,1,3,3,4,5,1,0,0,1,0,0,21,0,0,6,10,6,12.0,0,0,6,12,5,12.8,0,13.9,-0.3,0.79,2
1,12,1,6,1,1,1,1,1,6,6,1,0,1,1,0,0,30,0,0,6,7,6,16.428571428571427,0,0,6,7,6,16.666666666666668,0,13.9,-0.3,0.79,0
1,1,5,12,1,1,1,23,28,10,10,1,0,0,1,0,1,21,0,0,7,9,5,13.336000000000002,0,0,8,9,7,13.207142857142856,0,11.1,0.6,2.02,2
2,12,2,13,1,1,1,13,28,10,10,0,0,0,1,0,1,26,0,0,7,7,0,0.0,0,0,8,8,0,0.0,6,10.8,1.4,1.74,1
1,6,1,14,1,1,14,1,1,10,5,0,0,0,1,0,0,21,1,2,7,9,7,14.666666666666666,0,1,6,8,6,14.0,0,11.1,0.6,2.02,2
1,1,1,12,1,1,1,1,1,4,5,1,0,0,1,0,0,18,0,0,8,8,7,14.115714285714288,0,0,8,8,7,14.115714285714288,0,10.8,1.4,1.74,2
1,1,4,6,1,1,1,3,1,2,5,1,0,0,1,0,1,19,0,0,6,7,6,14.857142857142858,0,0,6,10,6,13.11111111111111,0,12.4,0.5,1.79,2
1,1,2,6,1,1,1,1,28,10,9,1,0,0,1,0,1,18,0,0,6,7,6,13.833333333333334,0,0,6,10,6,13.714285714285714,0,8.9,1.4,3.51,2
1,8,2,9,1,1,1,2,3,3,3,1,0,0,1,0,0,19,0,0,5,10,3,11.0,0,0,5,9,4,11.75,0,12.7,3.7,-1.7,1
1,14,1,6,1,1,1,3,3,3,6,0,0,0,1,0,0,21,0,0,6,11,4,11.75,0,0,6,12,3,13.666666666666666,0,13.9,-0.3,0.79,1
1,8,2,9,1,1,1,13,1,10,4,1,0,0,1,0,1,18,0,0,5,15,2,10.0,0,0,5,14,2,12.0,0,13.9,-0.3,0.79,0
1,12,1,12,1,1,1,22,27,8,8,1,0,0,1,0,1,24,0,0,8,15,6,12.415,0,0,8,15,6,12.415,0,10.8,1.4,1.74,2
1,1,1,8,1,1,1,4,5,3,3,1,0,0,1,0,0,21,0,0,5,12,1,11.0,0,0,5,9,2,10.5,0,12.7,3.7,-1.7,1
1,15,1,6,1,14,1,13,14,10,10,1,0,0,1,0,0,23,0,1,6,14,5,14.428571428571429,0,1,6,7,6,13.428571428571429,0,16.2,0.3,-0.92,2
1,8,2,12,1,1,1,23,14,6,8,1,0,0,1,0,1,18,0,0,8,8,7,14.312857142857142,0,0,8,8,7,14.312857142857142,0,10.8,1.4,1.74,2
1,12,1,6,1,1,1,4,1,3,10,0,0,0,0,0,0,26,0,0,6,8,6,15.428571428571429,0,0,6,7,5,14.5,0,11.1,0.6,2.02,1
1,1,1,8,1,1,1,23,28,6,9,1,0,0,1,0,0,20,0,0,5,9,4,12.0,1,0,5,6,5,13.4,0,9.4,-0.8,-3.12,2
1,1,1,10,1,1,1,4,1,6,6,0,0,0,1,0,0,18,0,0,6,7,6,13.833333333333334,0,0,6,7,6,13.714285714285714,0,11.1,0.6,2.02,2
1,1,1,10,1,1,1,2,10,4,11,1,0,0,1,0,0,20,0,0,6,6,6,12.166666666666666,0,0,6,7,6,12.142857142857142,0,11.1,0.6,2.02,2
1,1,1,12,1,1,1,13,14,5,5,1,0,0,1,0,0,20,0,0,8,8,7,14.014285714285714,0,0,8,8,7,14.014285714285714,0,12.7,3.7,-1.7,1
1,8,2,10,1,1,1,1,14,5,11,1,1,0,1,0,0,18,0,0,6,15,2,10.333333333333334,3,0,6,13,3,13.333333333333334,0,12.7,3.7,-1.7,1
1,1,4,15,1,1,1,1,10,10,11,1,0,0,1,0,1,22,0,0,6,7,5,13.2,0,0,6,7,5,13.6,0,12.4,0.5,1.79,2
1,1,1,12,1,1,1,22,27,10,10,1,0,1,1,0,0,20,0,0,7,7,6,15.4,0,0,7,7,6,15.4,0,7.6,2.6,0.32,2
1,8,4,12,1,1,1,1,27,10,10,1,0,0,1,0,1,19,0,0,7,7,7,13.385714285714286,0,0,8,8,8,15.925,0,13.9,-0.3,0.79,2
1,1,1,8,1,1,1,3,1,3,5,1,0,1,1,0,0,18,0,0,6,13,6,10.857142857142858,0,0,6,10,4,11.0,0,15.5,2.8,-4.06,0
1,8,2,9,1,1,1,23,27,7,7,0,0,0,1,0,0,18,0,0,5,11,5,11.333333333333334,0,0,5,8,5,12.0,0,13.9,-0.3,0.79,2
1,1,4,6,1,1,1,22,1,10,10,1,0,0,1,0,1,19,0,0,5,7,4,14.5,0,0,5,5,5,13.6,0,10.8,1.4,1.74,2
1,1,2,5,1,1,1,13,28,10,10,1,0,0,1,0,1,19,0,0,6,6,6,14.166666666666666,0,0,6,8,6,12.375,0,10.8,1.4,1.74,2
1,8,1,3,0,1,1,19,24,1,1,0,0,0,1,0,0,24,0,0,6,7,6,12.833333333333334,0,0,6,8,6,12.0,0,7.6,2.6,0.32,2
1,1,1,10,1,1,1,22,27,5,5,0,0,0,1,0,0,21,0,0,6,7,6,13.333333333333334,0,0,6,6,6,14.5,0,10.8,1.4,1.74,2
1,1,1,10,1,1,1,1,1,4,4,1,0,0,1,0,1,20,0,0,6,7,6,13.666666666666666,0,0,6,7,6,14.571428571428571,0,11.1,0.6,2.02,2
1,12,1,11,1,1,1,13,14,5,8,0,0,1,0,0,1,28,0,0,6,6,6,10.833333333333334,0,0,6,7,5,11.0,0,13.9,-0.3,0.79,0
1,1,2,16,1,1,1,22,14,10,9,1,0,0,1,0,0,21,0,0,6,7,6,13.428571428571429,0,0,6,8,6,13.142857142857142,0,7.6,2.6,0.32,2
1,1,1,12,1,1,1,22,28,29,35,1,0,1,1,1,0,20,0,0,7,7,7,12.401428571428571,0,0,8,10,6,11.808333333333332,0,11.1,0.6,2.02,1
1,13,1,4,1,1,1,3,2,3,7,0,0,0,0,1,0,36,0,0,6,8,0,0.0,0,0,6,10,0,0.0,0,16.2,0.3,-0.92,0
2,12,1,17,0,1,1,22,27,10,10,0,0,0,0,1,0,42,0,0,4,4,0,0.0,0,0,5,0,0,0.0,0,12.7,3.7,-1.7,0
2,12,1,17,0,1,1,22,27,10,8,0,0,0,1,1,0,47,0,0,5,9,4,11.5,0,0,5,6,5,11.6,1,7.6,2.6,0.32,0
1,12,1,7,1,1,1,1,28,5,8,0,0,0,0,1,0,25,0,0,5,8,0,0.0,0,0,5,5,0,0.0,0,9.4,-0.8,-3.12,0
1,12,1,14,1,9,1,1,27,4,6,0,0,0,1,1,1,25,0,0,6,8,6,14.142857142857142,0,0,6,6,6,13.5,0,15.5,2.8,-4.06,2
2,12,1,3,0,12,1,13,27,7,9,0,0,0,1,1,0,48,0,0,6,6,0,0.0,0,0,5,6,0,0.0,0,12.4,0.5,1.79,0
1,14,1,17,0,1,1,23,28,10,8,0,0,0,1,1,1,32,0,5,10,12,10,13.8,0,5,10,10,10,12.8,0,10.8,1.4,1.74,2
1,4,1,17,0,15,1,23,28,10,8,0,0,0,1,1,0,38,0,10,10,10,10,13.6,0,5,10,10,5,13.6,0,8.9,1.4,3.51,0
1,4,1,10,1,15,1,22,27,6,6,0,0,0,1,1,0,37,0,11,16,23,15,11.733333333333333,0,6,11,17,9,11.88888888888889,0,15.5,2.8,-4.06,2
1,12,2,9,1,1,1,22,27,10,10,0,0,0,0,1,0,26,0,0,5,8,1,10.0,0,0,5,9,1,10.0,0,10.8,1.4,1.74,0
1,15,1,6,1,14,1,3,5,3,3,0,0,0,1,1,0,23,0,0,6,19,0,0.0,0,0,6,6,0,0.0,0,13.9,-0.3,0.79,0
1,15,1,4,1,14,1,23,14,4,6,0,0,0,1,1,0,23,0,0,6,6,0,0.0,0,0,6,8,0,0.0,0,15.5,2.8,-4.06,1
1,15,1,4,1,14,1,2,3,10,7,0,0,0,1,1,0,20,0,0,6,12,4,10.8,0,0,6,13,4,12.0,0,12.4,0.5,1.79,1
1,12,1,12,1,4,1,3,28,4,8,1,0,0,1,1,0,26,0,2,7,8,6,13.046666666666669,0,2,8,10,7,13.30625,0,11.1,0.6,2.02,0
1,14,1,3,0,1,1,22,27,10,6,0,0,0,1,0,0,45,0,5,9,13,8,11.0,0,3,7,10,6,10.833333333333334,0,12.7,3.7,-1.7,1
1,12,1,3,0,12,1,22,27,6,6,1,0,0,1,0,1,26,0,0,6,10,3,12.333333333333334,0,0,6,14,3,11.666666666666666,0,7.6,2.6,0.32,1
1,14,1,3,0,3,1,7,7,12,12,0,0,0,1,0,0,26,0,8,11,16,10,11.8,0,3,7,7,7,13.285714285714286,0,7.6,2.6,0.32,2
1,12,1,17,0,1,1,22,27,10,10,0,0,0,1,0,0,25,0,0,5,8,3,11.0,0,0,5,8,3,11.25,0,10.8,1.4,1.74,1
1,7,4,12,1,1,1,1,1,5,5,1,0,0,1,0,0,18,0,0,8,8,8,13.11,0,0,8,8,8,13.11,0,9.4,-0.8,-3.12,2
1,4,1,12,1,3,1,22,27,8,8,1,0,0,1,0,0,27,0,0,8,8,7,14.414285714285716,0,0,8,8,7,14.414285714285716,0,12.7,3.7,-1.7,2
6,8,3,3,0,1,1,13,1,6,12,0,0,0,0,0,0,24,0,0,5,5,0,0.0,0,0,5,10,0,0.0,0,10.8,1.4,1.74,0
1,8,1,9,1,1,1,23,14,7,11,1,0,0,1,0,0,20,0,0,5,8,5,12.333333333333334,0,0,5,7,5,12.2,0,15.5,2.8,-4.06,2
1,1,1,12,1,1,1,1,14,10,9,1,0,0,1,0,1,18,0,0,7,9,0,0.0,0,0,7,8,1,10.0,0,15.5,2.8,-4.06,0
1,8,6,13,1,1,1,13,28,8,8,1,0,0,1,0,1,18,0,0,7,9,7,14.1,0,0,8,8,8,13.3125,0,12.7,3.7,-1.7,2
1,1,4,12,1,1,1,22,27,10,10,1,0,0,1,0,0,18,0,0,8,8,8,13.045,0,0,8,8,8,13.045,0,9.4,-0.8,-3.12,2
1,1,1,12,1,1,1,13,27,4,9,1,0,0,1,1,0,19,0,0,8,10,5,12.858,3,0,8,10,5,12.858,3,9.4,-0.8,-3.12,1
1,13,3,12,1,1,1,1,1,5,5,1,0,0,1,0,1,19,0,0,8,8,8,14.2525,0,0,8,8,8,14.2525,0,9.4,-0.8,-3.12,2
1,1,4,12,1,1,1,10,1,6,11,0,0,0,1,0,1,19,0,0,7,9,5,14.06,0,0,7,9,7,11.242857142857142,0,12.4,0.5,1.79,1
1,1,4,12,1,1,1,23,27,10,6,1,0,0,1,0,0,18,0,0,8,8,7,15.075714285714286,0,0,8,8,7,15.075714285714286,0,10.8,1.4,1.74,2
1,8,2,2,1,1,1,13,27,10,10,1,0,0,1,0,1,18,0,0,0,0,0,0.0,0,0,0,0,0,0.0,0,12.7,3.7,-1.7,1
1,14,2,14,1,1,1,3,3,6,6,1,0,0,1,0,0,19,0,0,5,5,4,13.75,0,0,6,9,5,12.6,0,12.7,3.7,-1.7,1
1,4,0,4,1,3,1,1,27,5,10,1,0,0,1,0,0,23,0,10,17,28,17,13.15,2,8,12,22,12,13.214285714285714,0,15.5,2.8,-4.06,2
1,1,2,10,1,1,1,13,14,5,8,1,0,0,1,0,1,21,0,0,6,9,5,12.333333333333334,0,0,6,7,5,11.8,0,13.9,-0.3,0.79,2
1,1,3,12,1,1,1,23,28,6,8,1,0,0,1,0,1,18,0,0,7,8,7,13.778571428571428,0,0,8,10,8,13.122222222222222,0,16.2,0.3,-0.92,2
1,1,1,16,1,1,1,19,27,10,10,1,0,1,0,0,0,20,0,0,6,12,3,10.333333333333334,0,0,6,14,1,11.0,0,10.8,1.4,1.74,0
1,14,1,15,1,1,1,13,27,6,6,1,0,0,1,0,0,23,0,0,6,11,3,11.333333333333334,0,0,6,7,2,11.0,0,16.2,0.3,-0.92,1
1,1,1,10,1,1,1,22,27,10,8,1,0,0,1,0,0,20,0,0,6,7,5,13.2,0,0,6,6,6,12.666666666666666,0,10.8,1.4,1.74,1
1,1,1,5,1,1,1,22,27,6,8,0,0,0,1,0,1,18,0,1,6,8,6,13.571428571428571,1,0,6,11,6,12.375,0,13.9,-0.3,0.79,2
1,1,1,3,0,1,1,22,27,10,8,0,0,0,1,0,0,29,0,8,11,14,11,12.75,0,3,7,7,7,13.428571428571429,0,9.4,-0.8,-3.12,2
1,12,1,15,1,7,1,23,1,6,5,1,0,0,1,1,0,28,0,0,6,11,3,13.0,0,0,6,15,1,12.0,0,7.6,2.6,0.32,0
1,1,3,14,1,1,1,22,27,8,8,1,0,0,1,1,0,19,0,0,5,7,3,11.333333333333334,0,0,5,7,4,11.0,0,9.4,-0.8,-3.12,1
1,12,1,14,1,1,1,13,14,8,8,0,0,1,0,1,0,24,0,0,6,12,0,0.0,0,0,6,9,0,0.0,0,10.8,1.4,1.74,0
1,12,1,2,1,1,1,22,27,10,8,0,0,1,1,1,1,33,0,0,0,0,0,0.0,0,0,0,0,0,0.0,0,15.5,2.8,-4.06,0
1,8,1,9,1,1,1,13,27,6,8,1,0,0,0,1,0,19,0,0,5,7,2,12.5,0,0,5,13,1,11.0,0,9.4,-0.8,-3.12,0
1,1,1,6,1,1,1,23,14,10,4,0,0,0,1,1,0,19,0,0,6,7,6,14.857142857142858,0,0,6,8,6,14.142857142857142,0,11.1,0.6,2.02,2
4,12,1,3,0,1,1,22,27,8,8,0,0,0,1,1,0,37,0,3,9,13,8,12.0,0,2,7,8,7,11.571428571428571,0,12.7,3.7,-1.7,2
1,1,1,2,1,1,1,23,27,10,9,1,0,1,0,1,1,18,0,0,0,0,0,0.0,0,0,0,0,0,0.0,0,12.7,3.7,-1.7,2
4,12,1,17,0,1,1,22,27,10,10,0,0,0,1,1,0,29,0,0,5,5,0,0.0,0,0,5,5,0,0.0,0,7.6,2.6,0.32,1
2,12,1,12,1,13,1,22,27,10,4,0,0,0,1,1,0,37,0,0,7,8,7,12.828571428571427,0,0,8,8,8,12.6875,0,13.9,-0.3,0.79,2
1,12,1,12,1,1,1,22,27,10,10,0,0,0,1,1,0,36,0,0,7,0,0,0.0,0,0,8,0,0,0.0,0,12.4,0.5,1.79,0
1,1,2,14,1,1,1,1,28,8,8,1,0,0,1,1,0,19,0,0,6,6,6,13.333333333333334,0,0,6,8,5,14.0,0,8.9,1.4,3.51,2
1,13,1,12,1,1,1,13,1,10,4,1,0,0,1,1,1,33,0,6,14,20,14,13.072857142857144,6,6,14,20,14,13.072857142857144,6,9.4,-0.8,-3.12,2
1,13,1,7,1,1,1,1,1,6,8,0,0,0,0,1,0,34,0,2,7,13,5,12.0,0,2,7,7,3,11.0,0,15.5,2.8,-4.06,0
1,1,1,11,1,1,1,3,14,4,9,1,0,0,1,0,0,18,0,0,6,6,6,15.5,0,0,6,6,6,16.0,0,12.4,0.5,1.79,2
1,15,1,8,1,14,1,3,1,3,5,1,0,0,1,0,0,20,0,0,6,6,0,0.0,0,0,6,6,0,0.0,0,12.4,0.5,1.79,0
1,1,1,15,1,1,1,13,27,5,8,0,0,0,1,0,1,19,0,0,6,7,6,14.714285714285714,0,0,6,6,6,15.166666666666666,0,13.9,-0.3,0.79,2
1,1,3,6,1,1,1,13,14,10,2,1,0,0,1,0,0,20,0,0,6,7,6,16.714285714285715,0,0,6,6,6,15.333333333333334,0,13.9,-0.3,0.79,2
1,1,1,10,1,1,1,13,14,10,10,1,0,0,1,0,1,19,0,0,6,9,6,10.857142857142858,0,0,6,7,6,11.666666666666666,0,12.4,0.5,1.79,2
1,1,4,12,1,1,1,13,14,10,10,1,0,0,1,0,0,19,0,0,7,8,6,11.658333333333331,0,0,8,11,6,12.416666666666666,0,12.4,0.5,1.79,2
1,9,2,15,1,1,10,22,14,10,8,1,0,0,1,0,1,22,1,0,6,8,5,11.6,0,0,6,7,6,12.0,0,9.4,-0.8,-3.12,2
1,1,1,14,1,1,1,10,10,6,8,1,0,0,1,0,0,18,0,0,6,8,6,14.625,0,0,6,9,6,14.142857142857142,0,11.1,0.6,2.02,1
1,1,1,15,1,1,1,1,28,10,10,0,0,0,1,0,1,18,0,0,6,6,6,12.166666666666666,0,0,6,8,6,12.666666666666666,0,12.4,0.5,1.79,2
1,1,3,12,1,1,1,1,14,17,40,1,0,0,1,0,0,19,0,0,7,12,4,13.375,0,0,7,8,6,12.116666666666667,0,12.4,0.5,1.79,1
1,1,1,16,1,1,1,23,27,10,10,0,0,0,1,0,1,19,0,0,6,6,6,12.5,0,0,6,6,6,12.833333333333334,0,12.7,3.7,-1.7,2
1,12,1,12,1,1,1,13,1,2,12,1,0,1,0,0,0,31,0,0,7,8,5,12.56,0,0,7,8,5,12.56,0,7.6,2.6,0.32,0
1,8,5,12,1,1,1,1,1,5,4,1,0,0,1,0,0,18,0,0,7,7,7,13.19,0,0,8,8,8,14.23125,0,11.1,0.6,2.02,2
1,1,1,10,1,1,1,1,14,10,10,0,0,1,1,0,1,19,0,0,6,11,3,11.0,0,0,6,9,4,11.25,0,10.8,1.4,1.74,2
1,1,1,2,1,1,1,3,28,3,11,1,0,0,1,0,0,18,0,0,0,0,0,0.0,0,0,0,0,0,0.0,0,13.9,-0.3,0.79,2
1,8,1,10,1,1,1,22,28,10,6,0,0,0,1,0,1,19,0,0,6,11,5,11.6,0,0,6,10,6,11.714285714285714,0,15.5,2.8,-4.06,2
1,1,1,12,1,1,1,13,14,10,7,0,0,0,1,0,0,19,0,0,7,7,6,14.266666666666666,0,0,7,7,6,14.266666666666666,0,7.6,2.6,0.32,2
1,1,1,9,1,1,1,22,27,10,8,0,0,0,1,0,1,19,0,0,5,6,4,11.0,0,0,5,9,4,13.857142857142858,0,10.8,1.4,1.74,1
2,4,1,3,0,3,1,22,24,1,1,0,0,0,1,0,0,30,0,8,10,11,9,12.666666666666666,0,3,7,7,7,12.428571428571429,1,7.6,2.6,0.32,2
1,14,1,15,1,1,1,13,1,6,6,1,0,0,1,0,0,18,0,0,6,6,0,0.0,0,0,6,10,3,11.0,0,16.2,0.3,-0.92,1
1,9,6,12,1,1,1,1,1,4,7,1,0,0,1,0,0,18,0,0,8,11,7,12.771428571428572,0,0,8,11,7,12.771428571428572,0,12.7,3.7,-1.7,2
1,9,5,6,1,1,1,5,3,3,4,1,0,0,1,0,0,21,0,0,5,12,0,0.0,3,0,5,5,0,0.0,0,12.7,3.7,-1.7,0
1,15,1,10,1,1,1,1,28,5,10,0,0,0,1,0,1,19,0,3,6,6,6,15.5,0,2,6,7,6,13.571428571428571,0,13.9,-0.3,0.79,2
1,8,1,14,1,1,1,1,1,5,5,1,0,0,1,0,1,19,0,0,6,7,6,13.285714285714286,0,0,6,9,5,14.6,0,12.4,0.5,1.79,1
1,1,5,12,1,1,1,3,14,5,9,1,0,0,1,0,0,19,0,0,7,11,5,11.716666666666669,0,0,7,8,5,13.7,0,13.9,-0.3,0.79,1
1,8,1,8,1,1,1,13,14,5,5,1,0,0,1,0,0,19,0,0,6,8,6,11.333333333333334,0,0,6,12,4,13.75,0,8.9,1.4,3.51,0
1,1,2,14,1,1,1,1,14,5,8,1,0,0,1,0,1,19,0,0,6,6,6,13.333333333333334,0,0,6,10,5,13.4,0,8.9,1.4,3.51,2
2,12,1,17,0,1,1,22,27,10,7,0,0,0,1,0,1,39,0,0,5,13,4,12.333333333333334,0,0,5,14,2,10.0,4,16.2,0.3,-0.92,2
1,1,2,5,1,1,1,3,4,3,3,1,0,0,1,0,0,18,0,0,6,6,6,12.333333333333334,0,0,6,6,6,12.833333333333334,0,7.6,2.6,0.32,1
1,8,1,2,1,1,1,3,1,10,10,1,0,0,1,0,0,20,0,0,0,0,0,0.0,0,0,0,0,0,0.0,0,12.7,3.7,-1.7,0
1,8,5,9,1,1,1,13,28,4,11,1,0,0,1,0,0,19,0,0,5,8,5,12.6,0,0,5,9,4,11.6,0,8.9,1.4,3.51,2
1,8,3,9,1,1,1,1,1,5,8,1,0,0,1,0,0,18,0,0,5,5,5,12.6,0,0,5,5,4,11.0,0,11.1,0.6,2.02,1
2,12,1,4,1,1,1,3,3,3,3,0,0,1,0,0,0,34,0,1,6,10,6,14.333333333333334,0,0,6,9,6,12.833333333333334,0,11.1,0.6,2.02,1
1,1,2,14,1,1,1,22,27,10,10,0,0,0,1,0,0,22,0,0,5,8,3,12.0,0,0,5,9,2,11.0,1,7.6,2.6,0.32,1
1,12,1,6,1,1,1,13,14,8,8,1,0,0,1,0,0,24,0,0,6,7,6,14.857142857142858,0,0,6,10,5,13.6,0,13.9,-0.3,0.79,2
2,14,1,9,1,1,1,13,27,8,11,0,0,0,1,0,0,34,0,12,15,17,12,11.916666666666666,0,11,13,13,11,13.181818181818182,0,7.6,2.6,0.32,2
2,12,1,17,0,1,1,19,24,1,1,1,0,0,1,0,0,46,0,0,5,5,0,0.0,0,0,5,5,0,0.0,0,7.6,2.6,0.32,0
2,12,2,9,1,1,1,22,27,10,9,0,0,0,1,0,0,50,0,0,5,12,3,13.333333333333334,1,0,5,8,5,12.2,0,9.4,-0.8,-3.12,1
1,12,1,17,0,1,1,22,27,10,6,0,0,0,0,0,0,37,0,0,5,5,0,0.0,0,0,5,5,0,0.0,0,15.5,2.8,-4.06,0
1,1,2,6,1,1,1,23,14,5,10,1,0,0,1,0,0,18,0,0,6,6,6,17.0,0,0,6,6,6,15.5,0,8.9,1.4,3.51,2
1,12,1,6,1,1,1,22,27,7,7,0,0,0,1,0,1,25,0,0,6,13,3,11.666666666666666,0,0,6,14,2,11.333333333333334,0,11.1,0.6,2.02,1
2,12,1,4,1,1,1,22,27,10,7,0,0,0,1,0,0,46,0,14,19,24,19,12.210526315789474,0,11,13,13,13,11.384615384615383,0,15.5,2.8,-4.06,2
2,12,1,5,1,1,1,3,1,3,6,0,0,0,1,0,1,30,0,1,6,8,6,13.0,1,0,6,9,5,12.857142857142858,0,13.9,-0.3,0.79,2
4,1,1,17,0,1,1,22,27,10,10,0,0,1,0,0,0,37,0,0,5,0,0,0.0,0,0,5,0,0,0.0,0,12.7,3.7,-1.7,0
2,12,1,17,0,1,1,22,27,10,10,0,0,0,1,0,0,50,0,0,5,9,2,10.5,0,0,5,7,3,11.0,0,12.7,3.7,-1.7,1
1,15,1,4,1,14,1,23,28,10,7,1,0,0,1,0,0,20,0,0,6,7,6,13.571428571428571,0,0,6,9,6,12.714285714285714,0,12.4,0.5,1.79,2
2,12,2,13,1,9,1,19,24,13,13,0,0,0,1,0,0,39,0,0,3,7,1,14.0,0,0,2,4,0,0.0,0,11.1,0.6,2.02,0
2,12,1,15,1,12,1,22,27,10,7,0,0,0,0,0,0,53,0,0,5,5,0,0.0,0,0,4,5,0,0.0,0,15.5,2.8,-4.06,0
2,13,1,9,1,1,1,22,27,10,10,1,0,0,1,0,0,54,0,13,15,20,13,12.461538461538462,1,10,13,13,10,11.1,1,15.5,2.8,-4.06,0
1,15,1,6,1,14,1,3,3,5,3,1,0,0,1,0,0,19,0,0,6,8,4,14.4,0,0,6,6,5,13.0,0,13.9,-0.3,0.79,2
1,9,2,15,1,1,1,1,1,5,5,1,0,0,0,0,0,20,0,0,6,6,0,0.0,0,0,6,0,0,0.0,0,8.9,1.4,3.51,0
1,1,3,15,1,1,1,1,27,5,6,1,0,1,1,0,0,18,0,0,6,6,6,14.333333333333334,0,0,6,6,6,14.166666666666666,0,8.9,1.4,3.51,2
1,17,1,4,1,16,1,1,1,22,29,0,0,1,1,0,0,21,0,7,13,21,11,11.909090909090908,0,5,11,14,11,10.727272727272728,0,8.9,1.4,3.51,2
1,9,3,5,1,1,1,1,1,6,4,1,0,0,1,0,0,18,0,1,6,8,6,13.714285714285714,1,0,6,8,6,14.375,0,13.9,-0.3,0.79,2
1,1,1,12,1,1,1,13,14,10,11,1,0,1,1,0,0,19,0,0,7,0,0,0.0,0,0,8,0,0,0.0,0,11.1,0.6,2.02,0
1,8,1,12,1,1,1,1,1,10,10,1,0,0,1,0,1,18,0,0,7,10,5,13.46,0,0,7,8,7,12.2375,0,11.1,0.6,2.02,0
1,1,1,15,1,1,1,1,3,4,4,1,0,0,1,0,0,19,0,0,6,6,6,15.0,0,0,6,6,6,13.333333333333334,0,11.1,0.6,2.02,2
1,1,1,2,1,1,1,1,1,5,4,1,0,0,1,0,1,18,0,0,0,0,0,0.0,0,0,0,0,0,0.0,0,13.9,-0.3,0.79,0
1,1,2,14,1,1,1,2,1,5,5,1,0,0,1,0,0,19,0,0,6,7,5,13.4,0,0,6,6,5,12.8,0,12.7,3.7,-1.7,2
4,14,1,3,0,9,1,19,24,1,1,1,0,0,1,0,0,48,0,0,6,9,5,13.0,0,0,6,10,4,12.5,0,7.6,2.6,0.32,1
4,14,1,10,1,1,1,22,27,10,10,0,0,1,1,0,0,34,0,0,6,13,4,11.25,0,0,6,8,4,13.75,0,13.9,-0.3,0.79,2
1,1,1,6,1,1,1,3,3,3,3,0,0,0,1,0,0,18,0,0,5,5,5,12.6,0,0,5,7,5,11.6,0,7.6,2.6,0.32,2
2,12,1,3,0,1,1,22,27,10,10,0,0,0,1,0,0,50,0,0,6,8,6,12.666666666666666,0,0,6,6,6,11.833333333333334,0,10.8,1.4,1.74,2
1,14,1,16,1,1,1,22,27,7,7,0,0,1,1,0,0,41,0,20,21,23,21,12.333333333333334,0,19,19,19,19,12.105263157894736,0,12.4,0.5,1.79,2
1,8,2,15,1,1,1,1,1,6,6,1,0,0,1,0,1,22,0,0,6,11,5,12.0,0,0,6,11,5,11.0,0,7.6,2.6,0.32,0
4,12,1,9,1,1,1,22,27,10,10,0,0,0,1,0,0,43,0,0,5,5,5,16.4,0,0,5,5,5,16.6,0,7.6,2.6,0.32,2
2,12,1,3,0,12,1,3,14,12,12,0,0,0,1,0,0,50,0,0,1,1,0,0.0,1,0,6,0,0,0.0,0,10.8,1.4,1.74,0
1,12,1,4,1,12,1,22,27,10,10,0,0,0,1,0,0,60,0,0,6,10,6,12.75,0,0,6,6,4,14.75,0,13.9,-0.3,0.79,2
2,12,1,9,1,1,1,22,27,10,11,0,0,0,1,0,0,41,0,0,5,14,4,14.5,1,0,5,12,5,13.0,0,9.4,-0.8,-3.12,1
2,12,1,17,0,12,1,22,27,10,10,0,0,0,1,0,0,47,0,0,5,5,5,14.8,0,0,5,5,5,14.4,0,7.6,2.6,0.32,2
1,1,1,2,1,3,1,3,3,3,3,0,0,0,1,0,0,22,0,12,17,22,17,10.36842105263158,0,14,17,18,17,11.5,0,11.1,0.6,2.02,2
2,12,1,12,1,1,1,22,27,10,7,0,0,0,1,0,0,41,0,0,7,0,0,0.0,0,0,8,0,0,0.0,0,10.8,1.4,1.74,0
2,14,1,17,0,1,1,23,27,6,7,0,0,0,1,0,0,28,0,6,10,15,6,10.666666666666666,0,5,10,17,9,11.333333333333334,1,7.6,2.6,0.32,1
5,13,1,11,1,2,1,22,27,5,10,0,0,0,1,0,0,32,0,9,15,21,13,12.692307692307692,0,12,15,22,13,12.384615384615383,0,10.8,1.4,1.74,2
2,12,1,17,0,9,1,22,24,12,12,1,0,0,1,0,0,50,0,0,5,0,0,0.0,0,0,5,0,0,0.0,0,7.6,2.6,0.32,0
1,16,1,9,1,1,1,1,27,10,11,0,0,0,1,0,0,53,0,14,15,15,15,11.8,0,12,13,13,12,11.666666666666666,1,8.9,1.4,3.51,1
1,12,1,13,1,1,3,3,3,5,5,0,0,1,0,0,0,54,1,0,7,7,0,0.0,0,0,5,10,0,0.0,0,12.4,0.5,1.79,0
1,12,1,3,0,1,1,22,27,10,8,0,0,0,1,0,0,49,0,0,6,9,5,12.333333333333334,0,0,6,12,4,11.5,0,13.9,-0.3,0.79,1
2,13,1,16,1,1,1,22,27,5,8,0,0,0,1,0,0,34,0,6,12,18,11,13.0,0,4,13,22,8,11.875,0,12.7,3.7,-1.7,0
4,12,1,3,0,1,1,23,27,6,8,0,0,0,1,0,0,45,0,0,6,13,4,12.5,0,0,6,8,3,11.666666666666666,0,16.2,0.3,-0.92,0
4,12,1,3,0,12,1,22,27,10,8,0,0,0,1,0,1,47,0,0,6,8,5,12.2,0,0,6,10,4,11.25,0,12.4,0.5,1.79,2
1,14,1,10,1,1,1,13,14,6,6,1,0,0,1,0,0,22,0,5,10,15,8,11.0,0,2,7,16,5,11.2,0,9.4,-0.8,-3.12,1
2,12,1,17,0,1,1,22,27,10,10,0,0,0,1,0,0,33,0,0,5,14,1,10.0,0,0,5,13,2,12.0,0,12.4,0.5,1.79,0
2,12,1,3,0,1,1,22,27,10,10,0,0,0,1,0,1,43,0,0,6,7,6,12.333333333333334,0,0,6,8,6,11.5,0,8.9,1.4,3.51,2
1,4,1,4,1,3,1,22,27,7,7,0,0,0,1,0,0,54,0,9,13,13,13,14.307692307692308,0,5,12,15,12,15.23076923076923,0,15.5,2.8,-4.06,2
1,12,1,3,0,2,1,22,27,6,8,0,0,0,1,0,0,39,0,7,11,13,11,14.454545454545457,0,6,8,8,8,13.5,0,12.7,3.7,-1.7,2
2,12,1,17,0,1,1,22,27,10,10,0,0,0,1,0,0,39,0,0,5,6,5,11.0,0,0,5,5,5,13.2,0,7.6,2.6,0.32,2
1,1,1,16,1,1,1,13,27,10,10,0,0,0,1,0,1,18,0,0,6,8,6,13.142857142857142,0,0,6,6,6,12.833333333333334,0,15.5,2.8,-4.06,2
1,8,1,10,1,1,1,22,27,10,8,0,0,0,1,0,1,19,0,0,6,8,6,13.75,0,0,6,7,6,11.857142857142858,0,16.2,0.3,-0.92,2
1,8,4,14,1,1,1,23,14,10,7,1,0,0,1,0,1,18,0,0,6,6,6,14.0,0,0,6,9,5,13.8,0,8.9,1.4,3.51,2
2,12,1,3,0,9,1,19,24,1,1,0,0,0,1,0,0,44,0,5,8,13,8,13.75,0,2,6,9,6,12.5,0,7.6,2.6,0.32,2
1,12,1,17,0,1,1,3,1,4,10,0,0,0,1,0,0,27,0,0,5,5,0,0.0,0,0,5,6,0,0.0,0,12.4,0.5,1.79,0
1,1,2,14,1,1,1,1,14,5,8,1,0,0,1,0,1,18,0,0,6,6,6,13.166666666666666,0,0,6,8,6,12.428571428571429,0,8.9,1.4,3.51,2
2,14,1,3,0,1,1,19,24,1,1,0,0,0,1,0,0,45,0,10,12,12,9,12.444444444444445,3,4,7,8,6,12.0,0,9.4,-0.8,-3.12,0
1,8,4,16,1,1,1,23,27,10,10,1,0,0,1,0,0,20,0,0,6,7,6,12.666666666666666,0,0,6,7,5,13.0,0,7.6,2.6,0.32,2
2,1,1,3,0,1,1,22,27,10,10,0,0,0,1,0,0,40,0,0,6,7,6,11.333333333333334,0,0,6,7,6,10.5,0,10.8,1.4,1.74,2
1,12,1,17,0,1,1,22,27,7,7,0,0,0,1,0,0,40,0,0,5,9,4,11.25,0,0,5,6,5,12.0,0,13.9,-0.3,0.79,1
1,14,1,12,1,1,1,3,3,3,3,0,0,0,1,0,0,18,0,0,7,8,7,13.6125,0,0,8,8,8,14.575,0,13.9,-0.3,0.79,2
1,9,6,12,1,1,1,3,14,4,9,1,0,0,1,0,0,21,0,0,8,8,7,12.414285714285716,0,0,8,8,7,12.414285714285716,0,12.7,3.7,-1.7,2
1,8,2,2,1,1,1,2,1,4,4,1,0,0,1,0,0,20,0,0,0,0,0,0.0,0,0,0,0,0,0.0,0,9.4,-0.8,-3.12,2
2,14,1,17,0,2,1,22,27,10,9,0,0,0,1,0,0,36,0,8,12,21,11,11.5,0,7,12,22,12,11.4375,0,9.4,-0.8,-3.12,1
2,4,1,3,0,3,1,13,14,5,5,0,0,0,1,0,0,27,0,0,5,5,0,0.0,0,0,6,0,0,0.0,0,9.4,-0.8,-3.12,0
2,12,1,13,1,1,3,23,28,10,10,0,0,0,1,0,0,32,1,0,7,10,7,11.0,0,0,8,8,8,13.125,0,12.7,3.7,-1.7,2
1,8,1,10,1,1,1,1,1,4,4,1,0,0,1,0,1,18,0,0,6,6,6,14.0,0,0,6,6,6,13.5,0,8.9,1.4,3.51,2
1,12,1,3,0,1,1,22,27,10,8,0,0,0,1,0,0,37,0,0,6,13,4,12.0,0,0,6,10,3,12.0,0,16.2,0.3,-0.92,0
1,8,1,15,1,1,1,3,1,3,4,1,0,0,1,0,0,19,0,0,6,7,6,12.5,0,0,6,7,6,12.5,0,10.8,1.4,1.74,2
4,12,2,3,0,1,1,22,28,8,6,0,0,0,1,0,1,41,0,0,6,8,6,11.333333333333334,0,0,6,9,6,11.333333333333334,0,10.8,1.4,1.74,2
2,1,4,12,1,1,1,1,27,5,10,0,0,0,1,0,1,18,0,0,7,7,6,14.066666666666668,0,0,7,7,6,14.066666666666668,0,7.6,2.6,0.32,2
1,14,1,6,1,1,1,22,27,12,12,0,0,0,1,0,0,21,0,2,9,14,8,13.555555555555555,0,2,7,10,7,13.571428571428571,0,7.6,2.6,0.32,2
1,15,1,4,1,1,1,1,14,4,10,1,0,1,0,0,0,23,0,0,6,13,5,11.6,0,0,6,11,4,12.25,0,12.4,0.5,1.79,0
1,8,2,15,1,1,1,1,1,4,4,1,0,0,1,0,0,18,0,0,6,0,0,0.0,0,0,6,0,0,0.0,0,13.9,-0.3,0.79,0
1,1,6,12,1,1,1,13,14,5,5,1,0,0,1,0,0,18,0,0,8,8,8,13.27625,0,0,8,8,8,13.27625,0,9.4,-0.8,-3.12,2
1,14,4,6,1,1,1,19,24,13,13,0,0,0,1,0,0,21,0,0,6,0,0,0.0,0,0,6,0,0,0.0,0,7.6,2.6,0.32,0
1,1,2,10,1,1,1,14,21,1,9,1,0,0,1,0,0,19,0,0,6,8,6,14.375,0,0,6,8,6,14.75,0,7.6,2.6,0.32,2
6,12,2,9,1,1,1,22,27,10,10,0,0,0,1,0,0,47,0,0,5,0,0,0.0,0,0,5,0,0,0.0,0,9.4,-0.8,-3.12,0
6,12,1,3,0,1,1,22,27,10,10,0,0,0,1,0,1,48,0,0,6,7,6,10.666666666666666,0,0,6,9,5,11.8,0,10.8,1.4,1.74,1
2,4,1,3,0,3,1,22,27,10,10,0,0,0,1,0,0,39,0,9,13,19,12,13.416666666666666,0,4,10,10,10,14.5,0,16.2,0.3,-0.92,2
1,1,1,12,1,1,1,23,28,8,8,1,0,0,1,0,0,19,0,0,7,9,6,12.97166666666667,0,0,8,9,7,12.321428571428571,0,11.1,0.6,2.02,2
1,14,1,17,0,2,1,22,27,10,10,0,0,0,1,0,0,38,0,14,15,16,14,10.928571428571429,0,12,14,16,12,11.833333333333334,0,9.4,-0.8,-3.12,0
5,12,1,4,1,12,1,13,1,10,10,0,0,1,0,0,0,27,0,0,6,6,0,0.0,0,0,6,7,0,0.0,0,8.9,1.4,3.51,0
1,1,1,2,1,1,1,13,14,5,8,1,0,0,1,0,1,18,0,0,0,0,0,0.0,0,0,0,0,0,0.0,0,12.4,0.5,1.79,2
1,12,1,3,0,1,1,13,27,5,6,0,0,0,1,0,0,34,0,0,6,6,4,13.25,0,0,6,6,0,0.0,0,12.7,3.7,-1.7,1
2,12,1,10,1,12,1,22,27,5,5,0,0,0,1,0,0,48,0,0,6,14,6,11.333333333333334,0,0,6,11,5,12.4,0,15.5,2.8,-4.06,0
1,12,1,14,1,1,1,19,24,1,1,0,0,0,1,0,0,25,0,0,5,6,1,11.0,0,0,5,5,0,0.0,0,7.6,2.6,0.32,0
2,12,1,12,1,1,1,13,27,7,7,0,0,0,1,0,1,32,0,0,8,9,7,12.757142857142856,0,0,8,9,7,12.757142857142856,0,12.7,3.7,-1.7,2
1,1,1,15,1,1,1,22,27,10,8,0,0,0,1,0,1,18,0,0,6,6,6,14.5,0,0,6,6,6,14.666666666666666,0,16.2,0.3,-0.92,2
1,15,1,3,0,14,1,1,3,5,7,0,0,1,1,0,0,20,0,3,6,6,6,13.833333333333334,0,2,6,7,6,14.571428571428571,0,12.4,0.5,1.79,2
1,1,1,9,1,1,1,13,27,10,8,1,0,0,1,0,0,20,0,0,5,8,4,11.25,0,0,5,7,5,10.4,0,7.6,2.6,0.32,2
1,1,1,2,1,1,1,22,27,10,4,1,0,0,1,0,0,20,0,0,0,0,0,0.0,0,0,0,0,0,0.0,0,9.4,-0.8,-3.12,0
1,1,3,12,1,1,1,1,1,5,5,1,0,0,1,0,0,19,0,0,8,10,1,13.67,7,0,8,10,1,13.67,7,9.4,-0.8,-3.12,1
1,12,1,17,0,7,1,22,24,12,12,1,0,0,1,0,0,39,0,0,5,9,0,0.0,0,0,5,5,2,12.5,0,7.6,2.6,0.32,0
1,1,1,8,1,1,1,6,6,1,5,1,0,1,1,0,0,29,0,0,5,10,1,13.0,4,0,5,14,0,0.0,8,10.8,1.4,1.74,0
1,12,1,17,0,1,1,22,27,7,7,0,0,1,1,0,0,36,0,0,5,5,0,0.0,0,0,5,5,0,0.0,0,12.7,3.7,-1.7,0
1,1,6,12,1,1,1,13,14,10,10,1,0,0,1,0,0,18,0,0,8,12,7,11.971428571428572,0,0,8,12,7,11.971428571428572,0,12.7,3.7,-1.7,2
2,12,1,3,0,9,1,19,24,1,1,0,0,0,1,0,0,51,0,0,6,12,0,0.0,0,1,6,11,0,0.0,1,7.6,2.6,0.32,0
1,14,1,15,1,1,9,19,24,12,12,0,0,1,1,0,0,23,1,0,6,11,1,16.0,0,0,6,8,4,12.25,0,7.6,2.6,0.32,0
1,15,1,6,1,1,1,17,8,7,7,1,0,0,1,0,0,21,0,0,6,0,0,0.0,0,0,6,0,0,0.0,0,10.8,1.4,1.74,0
1,14,5,16,1,1,1,19,24,1,1,1,0,0,0,0,0,28,0,0,6,9,4,12.75,1,0,5,5,0,0.0,5,9.4,-0.8,-3.12,0
2,12,1,17,0,1,1,22,27,10,4,0,0,0,1,0,0,34,0,0,5,9,4,11.0,0,0,5,10,4,10.75,1,7.6,2.6,0.32,1
1,12,1,3,0,1,1,22,27,7,6,0,0,0,1,0,0,41,0,0,2,2,0,0.0,0,0,6,0,0,0.0,0,12.7,3.7,-1.7,0
4,12,1,3,0,3,1,22,27,10,10,0,0,0,1,0,1,43,0,0,6,7,5,12.2,0,0,6,6,6,12.333333333333334,0,9.4,-0.8,-3.12,2
2,12,2,13,1,1,19,1,3,10,3,1,0,0,1,0,0,28,1,0,7,9,7,12.428571428571429,0,0,8,8,8,12.3,0,12.4,0.5,1.79,1
1,1,1,2,1,1,1,25,1,3,5,0,0,0,1,0,1,19,0,6,12,12,12,14.5,0,4,11,15,11,13.583333333333334,0,8.9,1.4,3.51,2
1,12,1,4,1,1,1,13,14,10,2,0,0,0,1,0,0,26,0,6,12,13,6,13.0,0,4,12,14,11,13.833333333333334,0,15.5,2.8,-4.06,2
1,1,4,12,1,1,1,4,3,3,4,1,0,0,1,0,0,18,0,0,7,7,7,11.714285714285714,0,0,8,8,8,12.75,0,12.4,0.5,1.79,2
2,12,1,16,1,1,1,22,14,10,6,0,0,0,1,0,0,45,0,0,7,12,4,10.25,0,0,7,10,3,13.0,0,11.1,0.6,2.02,0
1,15,1,16,1,14,1,3,27,3,8,0,0,0,1,0,0,19,0,0,6,0,0,0.0,0,0,6,0,0,0.0,0,12.4,0.5,1.79,0
1,8,6,14,1,1,1,4,1,4,11,0,0,0,1,0,0,20,0,0,6,9,6,12.375,0,0,6,7,6,13.142857142857142,0,11.1,0.6,2.02,2
1,1,6,16,1,1,1,1,14,6,6,0,0,0,1,0,0,18,0,0,6,6,6,12.666666666666666,0,0,6,6,6,12.0,0,7.6,2.6,0.32,2
1,12,1,6,1,1,1,3,3,5,3,1,0,0,1,0,0,27,0,0,6,13,3,10.5,0,0,6,19,1,12.0,0,12.4,0.5,1.79,0
2,1,1,4,1,1,1,13,28,6,6,0,0,0,1,0,0,20,0,0,6,11,6,14.125,0,0,6,10,5,12.6,0,13.9,-0.3,0.79,2
1,1,3,6,1,1,1,1,1,5,9,1,0,0,1,0,0,18,0,0,6,7,6,14.666666666666666,0,0,6,12,6,13.833333333333334,0,8.9,1.4,3.51,2
2,12,2,14,1,1,1,22,27,10,10,0,0,0,1,0,0,35,0,0,5,8,5,11.4,0,0,5,7,3,12.333333333333334,0,9.4,-0.8,-3.12,1
1,12,1,2,1,1,1,22,27,10,10,0,1,0,1,0,0,26,0,0,0,0,0,0.0,0,0,0,0,0,0.0,0,16.2,0.3,-0.92,0
4,12,1,10,1,1,1,22,27,10,10,1,0,0,1,0,1,39,0,0,6,7,6,14.0,0,0,6,7,5,14.8,0,12.7,3.7,-1.7,2
1,1,1,2,1,1,1,22,27,10,10,1,0,0,1,0,0,18,0,0,0,0,0,0.0,0,0,0,0,0,0.0,0,7.6,2.6,0.32,2
1,4,1,12,1,3,1,22,27,10,6,0,0,0,1,0,0,36,0,0,7,7,0,0.0,7,0,7,7,0,0.0,7,16.2,0.3,-0.92,0
2,12,1,3,0,3,1,22,27,10,10,0,0,0,1,0,0,38,0,8,11,11,11,12.636363636363637,0,5,8,8,8,11.0,0,13.9,-0.3,0.79,2
2,12,1,16,1,12,1,22,14,4,8,0,0,0,1,0,0,45,0,0,6,11,3,12.333333333333334,0,0,6,13,2,11.0,0,7.6,2.6,0.32,0
5,12,1,11,1,1,1,2,2,3,3,0,0,0,1,0,0,62,0,0,6,7,6,15.0,0,0,6,10,6,12.833333333333334,0,10.8,1.4,1.74,2
1,1,1,14,1,1,1,1,1,10,2,1,0,0,1,0,1,20,0,0,6,8,4,11.75,0,0,6,10,6,12.666666666666666,0,10.8,1.4,1.74,2
1,1,1,12,1,1,1,13,27,10,10,1,0,0,1,0,0,18,0,0,8,8,7,14.13714285714286,0,0,8,8,7,14.13714285714286,0,10.8,1.4,1.74,2
1,9,3,5,1,1,1,1,1,4,5,0,0,0,1,0,0,18,0,0,6,6,2,12.0,0,0,6,6,1,11.0,0,9.4,-0.8,-3.12,0
2,1,1,17,0,3,1,1,3,5,10,0,0,0,1,0,0,23,0,0,5,5,5,10.8,0,0,5,9,4,11.5,0,9.4,-0.8,-3.12,2
1,1,1,5,1,1,1,13,14,10,10,1,0,1,1,0,1,19,0,1,6,8,6,13.285714285714286,1,0,6,8,6,12.5,0,13.9,-0.3,0.79,0
1,8,1,9,1,1,1,1,3,8,4,1,0,1,1,0,1,19,0,0,5,7,5,13.6,0,0,5,5,5,12.6,0,8.9,1.4,3.51,2
1,13,1,12,1,1,1,3,3,4,4,0,0,0,1,0,0,18,0,0,7,8,7,13.55,0,0,8,8,8,14.1875,0,13.9,-0.3,0.79,2
1,8,4,12,1,1,1,4,1,3,2,1,0,0,1,0,0,18,0,0,8,8,0,0.0,5,0,8,8,0,0.0,5,9.4,-0.8,-3.12,1
1,12,2,3,0,1,1,20,27,12,12,0,0,0,1,0,0,41,0,0,6,10,4,13.5,0,1,6,7,6,11.166666666666666,0,7.6,2.6,0.32,2
1,12,1,14,1,1,1,13,3,5,3,0,0,0,1,0,1,51,0,0,6,8,5,11.6,0,0,6,9,5,14.2,0,12.4,0.5,1.79,2
1,14,2,10,1,1,1,13,14,5,6,1,0,0,1,0,0,24,0,6,10,16,10,12.5,0,2,7,9,4,12.6,0,16.2,0.3,-0.92,2
1,12,1,17,0,3,1,13,1,10,6,0,0,0,1,0,0,25,0,0,5,14,1,11.0,0,0,5,11,2,12.666666666666666,4,16.2,0.3,-0.92,0
1,3,1,6,1,1,1,1,1,5,5,0,0,0,1,0,0,18,0,0,5,9,3,12.0,1,0,5,6,4,13.0,0,7.6,2.6,0.32,1
1,7,6,9,1,1,1,22,27,10,10,1,0,0,1,0,0,20,0,0,5,8,4,11.6,0,0,5,10,3,12.333333333333334,0,7.6,2.6,0.32,2
1,1,1,2,1,1,1,1,14,15,16,1,1,0,1,0,0,19,0,0,0,0,0,0.0,0,0,0,0,0,0.0,0,13.9,-0.3,0.79,0
5,14,1,17,0,3,1,3,3,2,2,0,0,0,1,0,0,41,0,5,10,14,10,14.636363636363637,0,5,10,13,10,14.6,0,16.2,0.3,-0.92,2
1,1,2,11,1,1,1,1,14,10,10,1,0,0,1,0,1,19,0,0,6,8,6,13.0,0,0,6,6,6,12.166666666666666,0,8.9,1.4,3.51,2
1,13,1,16,1,9,1,1,3,4,3,0,0,0,1,0,0,28,0,14,18,23,14,12.785714285714286,2,16,17,18,16,13.875,0,16.2,0.3,-0.92,0
1,1,3,5,1,1,1,5,3,6,8,1,0,0,1,0,0,21,0,0,6,6,6,14.5,0,0,6,7,5,12.0,0,12.4,0.5,1.79,2
1,1,1,6,1,1,1,3,2,2,2,1,0,0,0,0,0,22,0,0,5,12,4,14.6,3,0,5,5,4,12.75,1,9.4,-0.8,-3.12,0
1,8,4,15,1,1,1,22,14,6,8,1,0,0,0,0,0,18,0,0,6,7,6,12.5,0,0,6,6,6,12.166666666666666,0,10.8,1.4,1.74,2
1,1,1,5,1,1,1,13,27,10,10,1,0,0,1,0,1,19,0,0,6,6,6,14.0,0,0,6,8,6,13.125,0,10.8,1.4,1.74,2
1,8,6,12,1,1,1,3,14,6,6,1,0,0,1,0,1,19,0,0,7,7,7,13.801428571428572,0,0,8,8,8,14.575,0,11.1,0.6,2.02,2
1,4,1,16,1,3,1,13,14,5,6,0,0,1,0,0,0,25,0,1,6,7,6,14.428571428571429,0,0,6,7,6,13.666666666666666,0,10.8,1.4,1.74,2
1,13,4,12,1,6,1,1,14,3,10,1,0,0,1,0,1,18,0,0,7,7,6,14.35,0,0,7,7,6,14.35,0,7.6,2.6,0.32,2
1,8,1,5,1,1,1,22,14,10,10,1,0,0,1,0,0,19,0,0,6,6,6,14.333333333333334,0,0,6,6,6,13.5,0,12.7,3.7,-1.7,2
1,14,2,16,1,1,1,13,1,6,5,1,0,0,1,0,0,20,0,0,6,10,4,12.25,0,0,6,8,4,11.5,0,10.8,1.4,1.74,1
2,12,1,3,0,12,1,19,24,1,1,0,0,0,1,0,0,46,0,0,6,9,6,13.333333333333334,0,0,6,6,6,11.833333333333334,0,7.6,2.6,0.32,2
1,8,1,2,1,1,1,3,3,4,4,1,0,0,0,0,0,19,0,6,12,12,12,13.0,0,4,11,14,11,13.25,0,8.9,1.4,3.51,2
1,1,2,11,1,1,1,23,14,10,8,1,0,0,1,0,0,18,0,0,6,10,4,11.75,0,0,6,9,5,11.2,0,7.6,2.6,0.32,1
1,1,1,8,1,1,1,13,14,10,10,1,0,0,1,0,1,18,0,0,6,8,6,14.5,0,0,6,11,4,13.0,0,13.9,-0.3,0.79,2
1,9,1,12,1,1,1,22,27,4,4,1,0,0,1,0,1,19,0,0,8,8,7,11.82,0,0,8,8,7,11.82,0,10.8,1.4,1.74,2
1,1,2,15,1,1,1,3,3,4,3,1,0,0,1,0,0,20,0,0,6,0,0,0.0,0,0,6,0,0,0.0,0,16.2,0.3,-0.92,0
2,12,1,3,0,1,1,22,27,6,7,0,0,0,1,0,1,38,0,0,6,6,5,12.4,0,0,6,7,6,12.666666666666666,0,9.4,-0.8,-3.12,2
1,8,1,15,1,1,1,1,28,10,9,1,0,0,1,0,0,18,0,0,6,7,6,12.571428571428571,0,0,6,8,6,11.857142857142858,0,13.9,-0.3,0.79,2
1,8,5,12,1,1,1,1,1,6,6,1,0,0,1,0,1,18,0,0,7,7,7,13.857142857142858,0,0,8,8,8,14.9,0,13.9,-0.3,0.79,2
1,8,1,10,1,1,1,13,1,1,6,1,0,0,1,0,0,18,0,0,6,9,5,11.833333333333334,0,0,6,7,5,13.8,0,13.9,-0.3,0.79,2
1,8,1,9,1,1,1,3,3,3,3,0,0,0,1,0,0,20,0,0,5,10,4,11.0,0,0,5,7,4,11.5,0,15.5,2.8,-4.06,1
1,1,1,8,1,1,1,3,14,5,9,1,0,0,1,0,0,19,0,0,6,6,6,14.666666666666666,0,0,6,8,6,13.666666666666666,0,12.4,0.5,1.79,2
4,12,1,3,0,1,1,13,14,12,12,0,0,0,0,0,0,37,0,0,4,4,0,0.0,0,0,5,10,0,0.0,0,10.8,1.4,1.74,0
1,12,1,12,1,1,1,3,14,3,6,0,0,0,1,0,0,24,0,0,8,12,7,12.714285714285714,0,0,8,12,7,12.714285714285714,0,12.7,3.7,-1.7,1
1,1,2,12,1,1,1,4,1,3,11,1,0,0,1,0,0,19,0,0,7,9,7,13.422222222222224,0,0,8,11,7,12.18888888888889,0,15.5,2.8,-4.06,2
1,1,3,15,1,1,1,3,1,6,4,1,0,0,1,0,1,19,0,0,6,7,6,14.0,0,0,6,8,5,12.2,0,13.9,-0.3,0.79,0
1,8,3,13,1,1,1,13,14,10,5,1,0,0,1,0,1,19,0,0,7,8,7,12.142857142857142,0,0,8,8,8,13.375,0,16.2,0.3,-0.92,0
1,8,1,9,1,1,1,22,28,10,10,1,0,1,1,0,1,18,0,0,5,5,5,12.8,0,0,5,5,5,13.0,0,11.1,0.6,2.02,2
1,1,4,12,1,1,1,13,28,8,8,1,0,0,1,0,1,18,0,0,7,7,7,14.572857142857142,0,0,8,9,8,14.955555555555556,0,12.4,0.5,1.79,2
1,1,4,9,1,1,1,1,14,5,6,0,0,0,1,0,0,18,0,0,5,9,4,11.25,0,0,5,6,4,11.0,0,8.9,1.4,3.51,2
1,8,5,9,1,1,1,1,28,5,6,1,0,0,1,0,1,19,0,0,5,12,2,10.0,0,0,5,11,4,11.75,0,11.1,0.6,2.02,1
1,1,1,8,1,1,1,25,14,3,10,1,0,0,1,0,0,18,0,0,6,8,5,14.4,0,0,6,11,4,14.6,0,8.9,1.4,3.51,0
1,1,4,12,1,1,1,1,10,4,7,1,0,0,1,0,0,20,0,0,7,7,7,12.982857142857142,0,0,8,8,8,14.4625,0,12.4,0.5,1.79,2
1,8,1,6,1,1,1,3,2,3,4,1,0,0,1,0,0,20,0,0,6,14,6,15.75,0,0,6,8,6,13.0,0,15.5,2.8,-4.06,2
1,1,1,6,1,1,1,2,2,7,7,0,0,0,1,0,0,18,0,0,6,11,5,12.285714285714286,0,0,6,19,3,14.0,1,12.4,0.5,1.79,0
1,7,1,12,1,1,1,22,27,10,10,1,0,0,1,0,0,20,0,0,7,7,6,13.755,0,0,8,9,7,13.571428571428571,0,12.4,0.5,1.79,2
1,8,1,14,1,1,1,1,1,4,4,1,0,0,1,0,1,18,0,0,6,7,6,13.833333333333334,0,0,6,11,6,13.5,0,8.9,1.4,3.51,2
1,1,6,12,1,1,1,1,27,8,8,1,0,0,1,0,0,19,0,0,7,0,0,0.0,0,0,8,0,0,0.0,0,12.7,3.7,-1.7,0
1,1,4,12,1,1,1,23,1,6,7,1,0,0,1,0,0,18,0,0,7,9,7,14.711111111111112,0,0,8,9,8,14.627777777777778,0,15.5,2.8,-4.06,2
1,17,1,6,1,16,1,1,14,5,9,1,0,0,1,0,0,20,0,7,11,13,11,14.615384615384617,0,4,9,11,9,13.7,0,8.9,1.4,3.51,2
1,1,1,12,1,1,1,3,3,2,6,0,0,0,1,0,0,18,0,0,7,7,7,13.677142857142858,0,0,8,9,8,14.533333333333331,0,11.1,0.6,2.02,2
1,7,2,6,1,1,1,22,27,10,10,1,0,0,1,0,1,19,0,0,5,8,5,13.166666666666666,2,0,5,5,5,12.8,0,9.4,-0.8,-3.12,2
1,8,6,10,1,1,1,3,3,2,3,1,0,0,1,0,0,19,0,0,6,11,5,10.8,0,0,6,12,5,11.333333333333334,0,15.5,2.8,-4.06,2
1,8,1,8,1,1,1,13,7,6,4,0,0,0,1,0,0,19,0,0,5,8,3,12.0,0,0,5,7,5,12.833333333333334,0,7.6,2.6,0.32,2
1,1,1,12,1,1,1,3,1,3,4,0,0,0,1,0,0,18,0,0,7,8,6,13.958333333333334,0,0,8,8,8,14.71875,0,11.1,0.6,2.02,2
1,8,1,16,1,1,1,23,14,5,11,1,0,0,1,0,0,19,0,0,6,9,4,13.0,0,0,6,9,4,12.25,0,12.7,3.7,-1.7,0
1,1,2,2,1,1,1,23,14,10,10,1,0,0,1,0,1,24,0,0,0,0,0,0.0,0,0,0,0,0,0.0,0,11.1,0.6,2.02,2
1,1,1,2,1,1,1,13,27,10,8,1,0,0,1,0,1,18,0,0,0,0,0,0.0,0,0,0,0,0,0.0,0,12.4,0.5,1.79,2
1,1,6,12,1,1,1,1,1,5,10,1,0,0,1,0,1,18,0,0,8,8,7,14.0,0,0,8,8,7,14.0,0,12.7,3.7,-1.7,2
1,1,4,15,1,1,1,3,14,3,4,1,1,0,1,0,0,18,0,0,6,10,6,12.571428571428571,0,0,6,11,6,12.571428571428571,0,10.8,1.4,1.74,1
1,1,4,15,1,1,1,26,1,5,4,1,0,0,1,0,0,19,0,0,6,6,4,12.0,0,0,6,11,3,11.333333333333334,0,11.1,0.6,2.02,0
1,12,1,3,0,1,1,22,27,10,7,0,0,0,1,0,1,35,0,2,8,8,8,13.625,0,1,7,7,7,14.0,0,8.9,1.4,3.51,2
1,8,6,9,1,1,1,22,27,10,10,1,0,0,1,0,0,19,0,0,5,7,4,12.5,0,0,5,8,4,10.0,1,7.6,2.6,0.32,2
1,4,1,16,1,3,1,22,27,10,10,0,0,0,1,0,0,28,0,14,15,25,14,12.428571428571429,1,8,14,22,11,11.909090909090908,0,7.6,2.6,0.32,0
1,14,1,12,1,1,1,23,3,6,3,0,0,0,1,0,0,21,0,3,7,8,7,13.3875,0,2,8,8,8,15.9,0,13.9,-0.3,0.79,2
1,9,2,12,1,1,1,13,1,6,6,1,0,0,1,0,1,19,0,0,7,8,6,12.648333333333332,0,0,8,9,8,12.205555555555556,0,11.1,0.6,2.02,2
1,3,2,10,1,1,1,25,28,3,10,1,0,0,1,0,0,19,0,0,6,6,6,14.0,0,0,6,6,6,13.333333333333334,0,8.9,1.4,3.51,2
1,1,1,6,1,1,1,3,4,3,3,0,0,0,1,0,0,18,0,0,5,12,5,12.8,2,0,5,10,5,11.857142857142858,1,9.4,-0.8,-3.12,2
1,1,1,11,1,1,1,10,1,5,5,1,0,0,1,0,0,18,0,0,6,8,6,11.333333333333334,0,0,6,11,6,10.833333333333334,0,7.6,2.6,0.32,2
1,1,2,12,1,1,1,3,3,3,3,1,0,0,0,0,0,19,0,0,7,0,0,0.0,0,0,8,0,0,0.0,0,12.7,3.7,-1.7,0
1,1,1,14,1,1,1,1,1,10,11,1,0,0,1,0,1,20,0,0,6,6,6,14.166666666666666,0,0,6,9,6,13.0,0,8.9,1.4,3.51,2
1,1,1,15,1,1,1,23,14,10,10,1,0,0,1,0,0,18,0,0,6,6,6,12.833333333333334,0,0,6,6,6,13.833333333333334,0,8.9,1.4,3.51,2
1,1,1,16,1,1,1,23,28,10,10,0,0,1,0,0,0,19,0,0,7,11,4,12.0,0,0,7,9,6,11.833333333333334,0,16.2,0.3,-0.92,0
1,1,3,15,1,1,1,1,14,10,10,1,0,0,1,0,1,20,0,0,6,6,6,13.0,0,0,6,7,6,13.142857142857142,0,12.4,0.5,1.79,0
1,8,5,12,1,1,1,13,1,10,5,1,0,0,1,0,0,18,0,0,7,8,6,13.39,0,0,8,10,7,12.757142857142856,0,11.1,0.6,2.02,1
1,8,4,14,1,1,1,1,27,8,8,1,0,0,0,0,0,18,0,0,6,6,6,12.333333333333334,0,0,6,8,5,13.6,0,8.9,1.4,3.51,2
1,1,1,5,1,1,1,3,3,4,4,0,0,0,1,0,1,21,0,1,6,8,6,12.571428571428571,1,0,6,8,6,11.625,0,13.9,-0.3,0.79,2
1,3,5,11,1,1,1,1,27,10,8,1,0,0,1,0,1,19,0,0,6,6,6,12.333333333333334,0,0,6,6,6,12.833333333333334,0,12.4,0.5,1.79,2
1,8,2,16,1,1,1,1,1,4,10,1,0,0,1,0,0,19,0,0,6,8,5,13.0,0,0,6,8,4,10.75,0,9.4,-0.8,-3.12,2
1,1,1,6,1,1,1,1,1,10,8,0,0,0,1,0,0,19,0,0,5,7,3,12.333333333333334,0,0,5,7,4,10.25,0,7.6,2.6,0.32,1
1,1,4,15,1,1,1,22,27,1,12,1,0,0,1,0,0,18,0,0,6,6,6,13.166666666666666,0,0,6,8,5,14.2,0,10.8,1.4,1.74,0
1,1,1,9,1,1,1,1,14,4,4,0,0,0,1,0,1,18,0,0,5,7,5,13.333333333333334,0,0,5,6,5,13.6,0,12.7,3.7,-1.7,2
1,1,2,6,1,1,1,23,27,6,8,1,0,0,1,0,0,18,0,0,5,9,4,13.0,0,0,5,8,5,13.142857142857142,0,10.8,1.4,1.74,2
2,12,1,13,1,1,1,22,27,10,7,0,0,0,1,0,0,31,0,0,7,21,5,10.9,3,0,8,21,3,11.7,1,12.7,3.7,-1.7,0
1,13,1,9,1,1,1,3,28,3,6,1,0,0,1,0,0,19,0,0,5,8,2,11.5,0,0,5,10,3,10.857142857142858,0,10.8,1.4,1.74,1
1,7,1,6,1,1,1,22,27,10,10,1,0,0,1,0,1,20,0,0,6,7,6,15.857142857142858,0,0,6,6,6,16.0,0,13.9,-0.3,0.79,2
1,8,1,6,1,1,1,23,14,1,12,0,0,0,1,0,1,19,0,0,5,5,5,12.6,0,0,5,9,3,13.0,0,7.6,2.6,0.32,0
1,8,1,10,1,1,1,23,28,10,7,0,0,0,1,0,1,19,0,0,6,8,6,14.0,0,0,6,7,6,14.571428571428571,0,16.2,0.3,-0.92,2
5,4,1,8,1,3,1,13,28,10,7,0,0,0,0,0,0,27,0,1,5,8,3,14.666666666666666,2,0,5,7,2,13.0,2,10.8,1.4,1.74,0
1,8,2,15,1,1,1,13,14,10,7,1,0,0,1,0,1,18,0,0,6,6,6,13.666666666666666,0,0,6,6,6,14.0,0,8.9,1.4,3.51,2
1,1,1,3,0,1,1,19,24,1,1,0,0,0,1,0,0,32,0,0,6,0,0,0.0,0,0,6,0,0,0.0,0,7.6,2.6,0.32,0
1,1,4,12,1,1,1,23,14,9,8,1,0,0,1,0,0,18,0,0,8,8,7,12.628571428571428,0,0,8,8,7,12.628571428571428,0,12.7,3.7,-1.7,2
1,1,3,12,1,1,1,13,27,10,10,1,0,0,1,0,1,19,0,0,8,8,7,14.232857142857142,0,0,8,8,7,14.232857142857142,0,10.8,1.4,1.74,2
1,1,2,15,1,1,1,13,14,6,7,0,0,0,1,0,0,19,0,0,6,6,6,15.0,0,0,6,7,6,14.0,0,15.5,2.8,-4.06,1
1,8,2,11,1,1,1,10,27,10,10,1,0,0,1,0,0,18,0,0,6,15,2,10.0,0,0,6,12,0,0.0,0,10.8,1.4,1.74,0
1,8,3,14,1,1,1,13,1,5,5,1,0,0,1,0,1,18,0,0,6,11,4,12.25,0,0,6,10,4,11.0,0,12.7,3.7,-1.7,0
1,12,1,15,1,12,1,13,14,26,35,0,0,1,0,0,1,24,0,0,6,6,6,13.5,0,0,6,6,6,13.0,0,11.1,0.6,2.02,2
1,8,2,10,1,1,1,23,1,8,8,1,0,0,1,0,1,19,0,0,6,8,5,12.2,0,0,6,7,6,11.5,0,9.4,-0.8,-3.12,2
1,8,2,11,1,1,1,13,14,10,8,1,0,1,1,0,0,21,0,0,6,0,0,0.0,0,0,6,0,0,0.0,0,11.1,0.6,2.02,0
1,15,1,5,1,14,1,1,1,5,11,1,0,0,1,0,0,19,0,2,7,11,6,12.0,0,5,9,9,8,12.75,0,16.2,0.3,-0.92,2
1,1,3,12,1,1,3,2,3,6,3,1,0,0,1,0,0,19,1,0,7,9,5,12.32,0,0,7,9,5,11.9,0,12.4,0.5,1.79,1
1,12,1,13,1,1,1,22,27,10,9,1,0,0,1,0,1,36,0,0,7,11,6,12.35,0,0,7,12,5,12.5,0,8.9,1.4,3.51,2
1,12,1,6,1,9,1,22,27,11,10,0,0,0,1,1,0,51,0,0,6,0,0,0.0,0,0,6,0,0,0.0,0,12.4,0.5,1.79,0
1,1,3,14,1,1,1,1,14,6,6,1,0,0,1,1,1,20,0,0,6,7,6,11.333333333333334,0,0,6,10,4,10.571428571428571,0,10.8,1.4,1.74,1
1,12,1,3,0,13,1,1,1,5,5,0,0,1,0,1,0,29,0,0,6,6,0,0.0,0,0,5,5,0,0.0,0,8.9,1.4,3.51,0
1,15,1,10,1,14,1,1,14,5,6,0,0,1,0,1,0,27,0,3,6,8,5,11.6,0,2,6,9,5,12.0,0,13.9,-0.3,0.79,0
1,12,1,7,1,1,1,13,27,10,5,1,0,0,1,1,0,33,0,0,5,10,4,12.0,0,0,5,8,3,13.666666666666666,1,7.6,2.6,0.32,1
2,2,1,9,1,2,1,22,27,10,10,0,0,0,0,1,0,57,0,12,15,17,12,11.75,0,9,14,16,9,12.22222222222222,0,9.4,-0.8,-3.12,0
1,1,1,14,1,1,1,4,2,15,17,1,0,0,1,1,0,20,0,0,6,8,5,12.8,0,0,6,10,5,11.6,0,13.9,-0.3,0.79,1
1,12,1,14,1,1,1,1,1,5,5,0,0,0,1,1,0,26,0,0,5,7,3,11.333333333333334,0,0,5,7,3,13.666666666666666,0,9.4,-0.8,-3.12,0
1,14,1,7,1,1,1,1,1,10,3,0,0,1,0,1,0,27,0,0,5,5,0,0.0,0,0,5,7,0,0.0,0,13.9,-0.3,0.79,1
1,1,1,14,1,1,1,1,27,5,10,0,0,0,1,1,0,19,0,0,5,5,5,10.8,0,0,5,5,4,12.25,0,9.4,-0.8,-3.12,2
1,15,1,6,1,14,1,10,28,5,9,1,0,0,1,1,0,23,0,1,6,10,5,12.5,0,1,6,8,2,13.5,0,12.4,0.5,1.79,0
1,12,1,17,0,1,1,13,28,6,6,0,0,0,1,1,0,27,0,0,5,5,5,15.2,0,0,5,6,5,14.166666666666666,0,10.8,1.4,1.74,2
1,1,6,12,1,1,1,13,27,4,6,1,0,1,1,1,1,20,0,0,7,7,7,13.314285714285717,0,0,8,8,8,12.575,0,12.4,0.5,1.79,2
1,9,1,5,1,1,1,23,28,8,6,0,0,0,1,0,1,19,0,6,12,12,11,13.090909090909092,0,5,11,12,11,12.083333333333334,0,10.8,1.4,1.74,2
1,1,1,8,1,1,1,3,14,3,10,1,0,1,0,0,0,19,0,0,6,0,0,0.0,0,0,6,0,0,0.0,0,11.1,0.6,2.02,0
1,1,1,5,1,1,1,22,14,10,4,1,0,0,1,0,0,20,0,0,6,8,5,12.2,0,0,6,6,6,11.5,0,16.2,0.3,-0.92,2
2,4,1,9,1,3,1,13,1,10,10,0,0,0,1,0,0,33,0,5,8,10,6,12.833333333333334,0,2,5,8,4,12.0,0,11.1,0.6,2.02,1
1,14,1,17,0,1,1,22,27,10,10,1,0,0,1,0,0,22,0,9,15,17,15,11.2,0,9,14,15,14,12.428571428571429,0,7.6,2.6,0.32,2
1,1,6,9,1,1,1,13,10,5,5,1,0,0,1,0,0,18,0,0,5,8,3,12.333333333333334,0,0,5,7,4,12.0,0,7.6,2.6,0.32,2
5,12,1,12,1,3,1,22,28,10,10,0,0,0,1,0,0,27,0,0,8,8,7,15.94285714285714,0,0,8,8,7,15.94285714285714,0,12.7,3.7,-1.7,2
1,12,1,17,0,1,1,22,27,10,8,0,0,0,1,0,0,27,0,0,5,0,0,0.0,0,0,5,0,0,0.0,0,15.5,2.8,-4.06,0
1,1,1,10,1,1,1,22,27,10,10,1,0,0,1,0,0,19,0,0,6,10,4,10.25,0,0,6,8,6,10.714285714285714,0,11.1,0.6,2.02,2
1,8,1,16,1,1,1,23,28,10,8,1,0,0,1,0,1,20,0,0,6,10,5,13.2,0,0,6,12,5,12.833333333333334,0,9.4,-0.8,-3.12,1
1,1,1,3,0,1,1,23,14,7,11,0,0,0,1,0,1,23,0,0,6,6,6,14.166666666666666,0,0,6,6,6,12.5,0,12.7,3.7,-1.7,2
1,14,1,12,1,1,1,17,28,12,4,1,0,0,1,0,1,22,0,18,23,23,20,14.575,3,18,23,23,20,14.575,3,7.6,2.6,0.32,2
1,8,2,11,1,1,1,13,14,8,8,1,0,0,1,0,1,18,0,0,6,9,1,10.0,1,0,6,6,0,0.0,0,12.7,3.7,-1.7,0
1,1,4,10,1,1,1,13,28,10,10,0,0,0,1,0,1,18,0,0,6,7,6,12.285714285714286,0,0,6,8,6,11.428571428571429,0,12.4,0.5,1.79,2
1,12,1,3,0,1,1,23,28,10,10,0,0,0,1,0,1,31,0,0,6,6,6,14.0,0,0,6,6,6,12.333333333333334,0,10.8,1.4,1.74,2
1,8,4,15,1,1,1,23,14,10,10,0,0,0,1,0,0,19,0,0,6,8,4,11.25,0,0,6,0,0,0.0,0,15.5,2.8,-4.06,0
1,1,1,10,1,1,1,22,27,10,10,1,0,0,1,0,0,19,0,0,6,11,5,11.6,0,0,6,11,6,11.666666666666666,0,7.6,2.6,0.32,1
1,8,1,3,0,1,1,13,27,5,8,0,0,0,1,0,0,24,0,0,6,12,1,12.0,0,0,6,12,0,0.0,0,10.8,1.4,1.74,0
1,1,1,12,1,1,1,23,14,4,11,0,0,0,1,0,0,19,0,0,7,10,7,13.47,0,0,8,8,8,13.32625,0,15.5,2.8,-4.06,2
1,8,4,9,1,1,1,1,1,5,6,1,0,0,1,0,0,19,0,0,5,6,5,12.4,0,0,5,5,5,12.8,0,7.6,2.6,0.32,2
1,12,1,14,1,1,1,22,27,10,10,1,0,0,0,0,0,26,0,0,6,9,3,11.75,0,0,6,11,4,11.5,3,16.2,0.3,-0.92,0
1,1,1,2,1,1,14,22,27,10,10,1,0,1,0,1,0,27,1,0,0,0,0,0.0,0,0,0,0,0,0.0,0,7.6,2.6,0.32,0
1,8,4,10,1,1,1,13,14,5,8,1,0,0,1,0,0,19,0,0,6,7,6,12.0,0,0,6,7,6,12.428571428571429,0,11.1,0.6,2.02,2
2,12,1,6,1,1,1,13,14,2,5,0,0,0,1,0,0,29,0,0,5,8,5,15.333333333333334,2,0,5,6,5,15.4,0,9.4,-0.8,-3.12,0
1,1,6,12,1,1,1,1,28,5,6,1,0,0,1,0,1,18,0,0,8,8,8,12.32,0,0,8,8,8,12.32,0,9.4,-0.8,-3.12,2
1,1,1,12,1,1,1,1,14,10,11,1,0,0,1,0,0,19,0,0,7,7,7,13.79857142857143,0,0,8,8,8,14.75625,0,11.1,0.6,2.02,2
1,1,5,15,1,1,1,23,1,5,6,1,0,0,1,0,0,18,0,0,6,6,6,13.166666666666666,0,0,6,6,6,12.5,0,15.5,2.8,-4.06,1
1,1,1,9,1,1,1,1,28,4,10,0,0,0,1,0,1,18,0,0,5,6,5,16.333333333333332,0,0,5,5,5,15.4,0,15.5,2.8,-4.06,2
1,13,1,2,1,1,1,1,1,2,5,1,0,0,1,0,0,19,0,0,0,0,0,0.0,0,0,0,0,0,0.0,0,12.7,3.7,-1.7,0
1,8,4,12,1,1,1,4,4,5,5,1,0,0,1,0,0,19,0,0,7,7,7,14.757142857142856,0,0,8,9,8,15.366666666666667,0,12.4,0.5,1.79,2
1,8,4,11,1,1,1,1,1,5,5,1,0,0,1,0,0,19,0,0,6,7,6,11.666666666666666,0,0,6,6,6,12.333333333333334,0,13.9,-0.3,0.79,0
1,1,1,14,1,1,1,3,28,3,10,1,0,0,1,0,0,19,0,0,6,7,5,12.6,0,0,6,10,5,12.375,0,10.8,1.4,1.74,1
1,1,1,15,1,1,1,1,14,10,8,0,0,0,1,0,0,19,0,0,6,6,6,11.666666666666666,0,0,6,6,6,11.5,0,12.7,3.7,-1.7,2
1,1,1,10,1,1,1,13,28,6,9,0,0,0,1,0,1,19,0,0,6,6,6,15.0,0,0,6,6,6,13.333333333333334,0,8.9,1.4,3.51,2
1,1,5,12,1,1,1,22,27,8,10,1,0,1,0,0,0,18,0,0,7,0,0,0.0,0,0,8,0,0,0.0,0,9.4,-0.8,-3.12,0
1,1,4,15,1,1,1,13,14,10,8,1,0,0,1,0,0,20,0,0,6,7,6,13.571428571428571,0,0,6,6,6,13.333333333333334,0,13.9,-0.3,0.79,2
1,8,1,11,1,1,1,13,14,4,11,0,0,0,1,0,0,20,0,0,6,8,5,10.8,0,0,6,9,4,11.5,0,9.4,-0.8,-3.12,2
1,1,1,6,1,1,1,23,27,2,2,1,0,0,1,0,0,21,0,0,5,8,3,11.333333333333334,1,0,5,8,3,13.333333333333334,0,12.7,3.7,-1.7,1
2,1,1,17,0,2,1,22,27,7,4,0,0,0,1,0,0,31,0,4,10,16,5,11.4,0,4,10,10,6,12.833333333333334,0,9.4,-0.8,-3.12,0
1,1,1,13,1,1,1,22,28,8,10,0,0,0,1,0,1,20,0,0,7,14,7,10.642857142857142,0,0,8,8,8,11.55,0,12.7,3.7,-1.7,2
1,8,5,14,1,1,1,13,21,8,8,1,0,0,1,0,1,19,0,0,5,8,3,10.5,0,0,5,6,4,11.75,1,7.6,2.6,0.32,1
1,1,1,12,1,1,1,23,28,10,10,1,0,0,1,0,0,18,0,0,7,7,6,14.65,0,0,7,7,6,14.65,0,7.6,2.6,0.32,2
1,8,3,12,1,1,1,13,27,8,8,1,0,0,1,0,1,19,0,0,7,7,7,13.714285714285714,0,0,8,11,8,14.863636363636363,0,16.2,0.3,-0.92,2
1,14,1,10,1,1,1,19,24,1,1,0,0,0,1,0,0,30,0,9,16,19,15,12.266666666666667,0,11,13,14,13,12.071428571428571,0,9.4,-0.8,-3.12,2
1,8,1,10,1,1,1,22,14,10,9,1,0,0,1,0,0,21,0,0,6,11,6,10.375,0,0,6,12,3,11.666666666666666,0,12.7,3.7,-1.7,1
1,9,1,9,1,1,1,13,14,10,6,1,0,0,1,0,0,19,0,0,5,8,5,11.0,0,0,5,6,5,15.4,0,12.4,0.5,1.79,2
1,1,6,9,1,1,1,1,27,5,10,1,0,1,1,0,0,22,0,0,5,5,5,13.8,0,0,5,5,5,13.0,0,7.6,2.6,0.32,2
1,1,1,15,1,1,1,1,28,5,10,0,0,0,1,0,1,18,0,0,6,6,6,12.666666666666666,0,0,6,6,6,12.833333333333334,0,11.1,0.6,2.02,2
1,8,1,10,1,1,1,3,1,4,5,1,0,0,1,0,0,18,0,0,6,8,6,11.75,0,0,6,10,5,12.0,0,12.7,3.7,-1.7,2
1,1,3,12,1,1,1,23,28,10,9,1,0,0,1,0,1,19,0,0,8,8,7,12.785714285714286,0,0,8,8,7,12.785714285714286,0,12.7,3.7,-1.7,2
1,1,1,8,1,1,1,3,1,3,5,1,0,0,1,0,0,18,0,0,6,11,6,14.444444444444445,0,0,6,6,6,13.333333333333334,0,16.2,0.3,-0.92,2
1,1,6,12,1,1,1,1,1,5,5,1,0,0,1,0,0,21,0,0,7,8,6,13.25,0,0,8,8,8,13.8375,0,13.9,-0.3,0.79,1
1,8,1,12,1,1,1,2,28,3,11,1,0,0,1,0,0,18,0,0,7,9,7,12.50625,0,0,8,15,5,13.2,0,13.9,-0.3,0.79,1
1,1,1,2,1,1,1,1,30,5,4,1,0,0,1,0,0,20,0,0,0,0,0,0.0,0,0,0,0,0,0.0,0,11.1,0.6,2.02,2
1,1,1,6,1,1,1,23,27,10,8,1,0,0,1,0,0,18,0,0,5,8,4,12.75,1,0,5,10,4,11.75,0,12.7,3.7,-1.7,2
1,12,1,6,1,3,1,2,3,5,8,1,0,0,1,0,0,25,0,1,6,7,6,16.857142857142858,0,1,6,6,6,16.5,0,13.9,-0.3,0.79,2
1,1,1,15,1,1,1,13,14,5,4,0,0,0,1,0,0,19,0,0,6,6,6,13.166666666666666,0,0,6,6,6,15.0,0,16.2,0.3,-0.92,2
1,1,1,16,1,1,1,13,28,3,8,1,0,0,1,0,1,19,0,0,6,9,5,12.2,0,0,6,10,4,11.5,0,7.6,2.6,0.32,1
1,12,1,6,1,1,1,13,1,10,11,1,0,0,1,0,0,26,0,0,6,7,6,16.5,0,0,6,8,6,14.285714285714286,0,8.9,1.4,3.51,2
1,8,2,9,1,1,1,1,14,5,6,1,0,0,1,0,0,21,0,0,5,10,4,11.75,0,0,5,6,5,11.6,0,12.4,0.5,1.79,2
1,1,1,9,1,1,1,23,28,3,10,0,0,0,1,0,0,19,0,0,5,14,1,11.0,0,0,5,6,0,0.0,0,13.9,-0.3,0.79,0
1,8,1,12,1,1,1,22,27,10,10,0,0,0,1,0,1,19,0,0,8,8,7,15.114285714285714,0,0,8,8,7,15.114285714285714,0,12.7,3.7,-1.7,2
1,1,1,10,1,1,1,22,28,10,9,1,0,0,1,0,1,18,0,0,6,8,6,15.5,0,0,6,7,6,14.285714285714286,0,16.2,0.3,-0.92,2
2,14,1,17,0,1,1,22,27,10,8,0,0,0,1,0,1,32,0,3,10,12,7,11.142857142857142,0,4,10,10,8,12.0,0,10.8,1.4,1.74,2
1,1,1,10,1,1,1,3,1,6,6,0,0,0,1,0,1,18,0,0,6,6,6,11.333333333333334,0,0,6,8,6,11.333333333333334,0,15.5,2.8,-4.06,2
1,1,5,12,1,1,1,1,1,4,5,0,0,0,1,0,0,20,0,0,7,9,5,12.04,0,0,7,9,6,11.77142857142857,0,12.4,0.5,1.79,1
1,8,3,9,1,1,1,23,14,8,8,0,0,0,1,0,0,20,0,0,5,7,5,11.166666666666666,0,0,5,9,4,10.75,0,15.5,2.8,-4.06,1
4,12,1,14,1,1,1,22,27,5,11,0,0,1,1,0,1,39,0,0,5,6,5,10.6,0,0,5,7,4,10.75,0,9.4,-0.8,-3.12,2
1,1,1,8,1,1,1,1,1,10,10,1,0,0,1,0,0,20,0,0,5,10,4,12.5,0,0,5,12,2,13.0,0,12.7,3.7,-1.7,1
1,1,1,2,1,1,1,3,1,5,5,1,0,1,0,0,0,18,0,0,0,0,0,0.0,0,0,0,0,0,0.0,0,12.4,0.5,1.79,0
1,8,1,15,1,1,1,2,1,15,26,0,0,1,1,0,1,18,0,0,6,6,6,15.666666666666666,0,0,6,6,6,13.833333333333334,0,8.9,1.4,3.51,2
1,1,1,2,1,1,1,3,3,3,3,1,0,0,1,0,0,21,0,6,12,12,12,15.333333333333334,0,4,11,15,11,15.0,0,8.9,1.4,3.51,2
1,1,5,12,1,1,1,1,1,4,9,1,0,0,1,0,0,18,0,0,7,9,6,12.183333333333332,0,0,7,9,6,11.783333333333331,0,16.2,0.3,-0.92,1
1,1,2,9,1,1,1,22,27,10,10,0,0,0,1,0,0,18,0,0,5,8,2,10.0,0,0,5,9,3,11.333333333333334,0,7.6,2.6,0.32,1
1,14,1,4,1,1,1,1,28,5,8,1,0,0,1,0,0,21,0,9,14,23,9,12.0,2,6,12,21,8,11.25,0,15.5,2.8,-4.06,2
1,1,1,9,1,1,1,13,14,6,6,1,0,0,1,0,0,22,0,0,5,8,3,10.333333333333334,0,0,5,11,2,10.0,0,7.6,2.6,0.32,0
1,8,1,11,1,1,1,1,1,5,5,1,0,0,1,1,0,21,0,0,6,11,6,11.166666666666666,0,0,6,14,3,14.666666666666666,0,7.6,2.6,0.32,1
1,14,1,5,1,1,1,13,14,10,10,1,0,0,1,1,1,20,0,0,6,8,3,11.0,0,0,6,8,2,11.333333333333334,0,10.8,1.4,1.74,1
1,1,2,2,1,1,1,23,14,10,10,1,0,0,1,1,1,21,0,0,0,0,0,0.0,0,0,0,0,0,0.0,0,10.8,1.4,1.74,2
1,1,1,11,1,1,14,1,1,10,10,1,0,0,1,0,1,20,1,0,6,7,6,12.857142857142858,0,0,6,8,5,11.8,0,8.9,1.4,3.51,2
1,1,4,12,1,1,1,13,28,10,10,1,0,0,1,0,0,19,0,0,8,8,7,14.328571428571427,0,0,8,8,7,14.328571428571427,0,10.8,1.4,1.74,2
1,1,1,10,1,1,1,1,28,6,8,0,0,0,1,0,1,20,0,0,6,7,6,15.0,0,0,6,6,6,16.333333333333332,0,13.9,-0.3,0.79,2
1,1,1,6,1,1,1,13,27,10,10,1,0,0,1,0,0,19,0,0,5,9,5,13.6,1,0,5,5,5,12.4,0,12.7,3.7,-1.7,2
1,1,1,6,1,1,1,1,1,3,8,1,0,0,1,0,1,18,0,0,5,12,5,12.857142857142858,2,0,5,8,4,13.25,0,9.4,-0.8,-3.12,2
1,8,2,16,1,1,1,3,1,3,4,1,0,0,1,0,0,18,0,0,6,7,2,14.5,0,0,6,6,1,10.0,0,15.5,2.8,-4.06,0
1,12,1,17,0,1,1,13,28,10,9,0,1,0,1,0,0,24,0,0,5,7,3,10.666666666666666,0,0,5,7,3,10.5,0,10.8,1.4,1.74,0
1,1,1,11,1,1,1,1,1,5,3,0,0,1,0,0,1,21,0,0,6,7,6,13.428571428571429,0,0,6,8,6,11.333333333333334,0,8.9,1.4,3.51,0
1,1,3,12,1,1,1,1,27,9,8,1,0,0,1,1,1,18,0,0,7,12,7,11.716666666666663,0,0,8,13,4,10.868,0,15.5,2.8,-4.06,2
1,8,1,9,1,1,1,1,27,5,9,1,0,0,1,1,1,20,0,0,5,11,4,12.0,0,0,5,5,5,12.8,0,11.1,0.6,2.02,2
1,9,2,16,1,1,1,1,3,10,3,1,0,1,0,0,0,20,0,0,6,11,5,13.2,0,0,6,8,4,10.75,0,10.8,1.4,1.74,0
1,8,3,11,1,1,1,10,28,6,8,1,0,1,1,0,0,18,0,0,6,7,5,12.2,0,0,6,10,4,12.25,0,12.4,0.5,1.79,0
1,12,1,13,1,1,1,23,14,10,7,1,0,0,1,0,1,25,0,0,7,11,5,12.58,0,0,7,9,6,12.157142857142857,0,8.9,1.4,3.51,2
1,8,5,10,1,1,1,13,27,6,8,1,0,0,1,0,1,19,0,0,6,9,5,11.333333333333334,0,0,6,6,6,10.833333333333334,0,13.9,-0.3,0.79,1
2,12,1,1,1,1,1,23,1,10,6,0,0,1,1,1,0,35,0,0,7,9,0,0.0,0,0,7,8,0,0.0,0,11.1,0.6,2.02,0
1,1,4,12,1,1,1,13,14,10,6,1,0,0,1,0,1,19,0,0,7,9,6,12.428571428571429,0,0,8,8,8,14.0,0,13.9,-0.3,0.79,2
1,1,1,14,1,1,1,23,28,10,10,1,0,0,1,1,1,18,0,0,6,6,6,13.0,0,0,6,6,6,13.0,0,13.9,-0.3,0.79,0
1,1,1,12,1,1,1,3,14,4,11,0,0,0,1,1,0,19,0,0,8,8,7,14.535714285714286,0,0,8,8,7,14.535714285714286,0,10.8,1.4,1.74,2
1,14,1,12,1,1,1,13,28,10,8,1,0,0,1,1,1,19,0,0,7,8,5,11.2,0,0,7,8,5,11.2,0,7.6,2.6,0.32,1
1,8,1,5,1,1,1,3,3,4,4,0,0,0,1,1,0,18,0,0,6,6,6,16.0,0,0,6,6,6,13.666666666666666,0,12.4,0.5,1.79,2
1,12,1,8,1,12,1,13,3,10,3,1,0,1,1,1,0,24,0,0,6,13,5,13.142857142857142,0,0,6,15,3,12.666666666666666,0,16.2,0.3,-0.92,0
1,14,1,3,0,1,3,19,24,1,1,1,0,0,1,1,0,25,1,8,14,23,11,11.6875,0,6,10,20,8,11.142857142857142,0,9.4,-0.8,-3.12,2
1,12,1,7,1,1,1,22,3,10,4,1,0,0,1,1,0,28,0,0,5,11,4,10.5,0,0,5,12,4,11.0,4,7.6,2.6,0.32,1
1,1,1,6,1,1,1,1,28,6,10,0,0,0,1,1,1,19,0,0,6,9,6,13.833333333333334,0,0,6,12,5,13.666666666666666,0,11.1,0.6,2.02,2
1,8,2,7,1,1,1,13,1,10,8,0,0,0,1,1,0,19,0,0,5,0,0,0.0,0,0,5,0,0,0.0,0,16.2,0.3,-0.92,0
1,12,1,8,1,8,1,10,26,12,12,0,0,0,0,1,1,30,0,0,5,13,0,0.0,3,0,5,5,0,0.0,5,9.4,-0.8,-3.12,0
1,1,1,12,1,1,1,13,14,5,6,1,0,0,1,1,0,19,0,0,7,9,0,0.0,0,0,7,8,0,0.0,0,15.5,2.8,-4.06,0
1,8,1,9,1,1,1,13,28,5,5,1,0,0,1,1,0,21,0,0,5,10,1,10.0,0,0,5,5,0,0.0,0,11.1,0.6,2.02,0
1,1,1,2,1,1,1,22,27,4,6,0,0,0,1,1,0,19,0,0,0,0,0,0.0,0,0,0,0,0,0.0,0,13.9,-0.3,0.79,0
1,12,1,4,1,1,1,13,14,10,6,0,0,0,0,1,0,29,0,0,6,9,0,0.0,0,0,6,6,0,0.0,0,13.9,-0.3,0.79,0
1,1,1,14,1,1,1,13,27,10,10,0,0,0,1,1,0,18,0,0,6,7,4,12.6,0,0,6,6,4,13.0,0,12.4,0.5,1.79,0
1,1,2,9,1,1,1,1,28,5,6,0,0,0,1,1,0,21,0,0,5,10,3,11.25,0,0,5,9,3,11.0,0,15.5,2.8,-4.06,1
1,13,1,5,1,1,1,3,2,4,2,0,0,0,1,1,0,20,0,6,7,13,7,12.375,0,4,7,8,4,11.25,0,13.9,-0.3,0.79,0
1,16,1,17,0,1,1,23,3,6,4,0,0,1,1,1,0,24,0,3,10,15,7,10.714285714285714,0,3,10,11,9,12.555555555555555,0,12.4,0.5,1.79,1
1,8,2,15,1,1,1,1,1,3,6,1,0,0,0,1,0,18,0,0,6,6,0,0.0,0,0,6,0,0,0.0,0,8.9,1.4,3.51,0
1,13,1,4,1,1,1,1,3,5,3,1,0,0,1,1,0,23,0,0,6,14,5,12.0,0,0,6,12,5,12.142857142857142,0,15.5,2.8,-4.06,1
1,1,6,9,1,1,1,1,14,2,7,1,0,0,1,1,0,19,0,0,5,6,5,12.6,0,0,5,8,3,12.666666666666666,0,8.9,1.4,3.51,2
1,4,1,11,1,3,1,13,14,4,4,0,0,0,1,1,0,35,0,0,6,7,0,0.0,0,0,6,6,0,0.0,0,16.2,0.3,-0.92,0
1,1,1,12,1,1,1,1,1,10,10,1,0,0,1,1,0,20,0,0,8,8,7,12.84142857142857,0,0,8,8,7,12.84142857142857,0,10.8,1.4,1.74,2
2,12,1,10,1,16,1,13,28,9,9,0,0,0,1,1,0,33,0,0,6,6,0,0.0,0,0,5,5,0,0.0,0,8.9,1.4,3.51,0
1,1,1,15,1,1,1,1,3,5,2,1,0,0,1,1,0,18,0,0,6,7,6,14.166666666666666,0,0,6,6,6,12.833333333333334,0,9.4,-0.8,-3.12,2
1,1,1,15,1,1,1,5,3,5,5,1,0,0,1,1,0,20,0,0,6,7,6,12.166666666666666,0,0,6,9,3,12.0,0,12.4,0.5,1.79,1
1,8,1,15,1,1,1,3,3,3,4,1,0,0,1,1,0,19,0,0,6,12,4,10.8,0,0,6,14,3,11.0,0,13.9,-0.3,0.79,0
1,8,5,15,1,1,1,23,1,5,5,1,0,0,1,1,0,18,0,0,6,6,6,13.0,0,0,6,12,0,0.0,0,7.6,2.6,0.32,0
1,12,1,17,0,1,1,22,27,8,10,0,0,0,0,1,0,28,0,0,5,0,0,0.0,0,0,5,0,0,0.0,0,8.9,1.4,3.51,0
1,1,1,9,1,1,1,5,1,2,6,0,0,0,1,1,0,18,0,0,5,5,5,13.0,0,0,5,6,5,13.333333333333334,0,16.2,0.3,-0.92,2
1,1,1,15,1,1,1,2,3,4,4,1,0,1,1,1,0,25,0,0,6,8,6,11.571428571428571,0,0,6,9,6,11.571428571428571,0,15.5,2.8,-4.06,0
1,1,1,10,1,1,1,1,28,5,7,0,1,1,0,1,0,19,0,0,6,6,4,11.5,0,0,6,6,5,11.0,0,8.9,1.4,3.51,0
1,9,2,5,1,1,1,23,14,6,6,0,0,0,1,1,0,18,0,0,6,8,5,11.0,0,0,6,6,4,10.75,0,9.4,-0.8,-3.12,2
1,4,1,4,1,3,1,3,3,7,3,1,0,0,1,1,0,29,0,1,6,10,6,17.11111111111111,0,2,6,9,6,15.571428571428571,0,13.9,-0.3,0.79,2
1,1,1,2,1,1,1,2,2,4,3,1,0,0,1,1,0,18,0,0,0,0,0,0.0,0,0,0,0,0,0.0,0,7.6,2.6,0.32,1
1,1,1,11,1,1,1,3,2,5,6,0,0,0,1,1,1,20,0,0,6,9,6,12.571428571428571,0,0,6,6,6,12.166666666666666,0,8.9,1.4,3.51,2
1,15,1,4,1,14,1,3,14,3,7,0,0,0,1,1,0,20,0,0,6,6,0,0.0,0,0,6,8,0,0.0,0,15.5,2.8,-4.06,0
1,1,4,5,1,1,1,3,3,3,3,1,0,0,1,1,0,18,0,0,6,7,6,14.5,0,0,6,6,6,15.166666666666666,0,9.4,-0.8,-3.12,2
1,1,6,11,1,1,1,3,1,3,3,1,0,0,1,1,1,21,0,0,6,6,6,13.5,0,0,6,6,6,12.333333333333334,0,12.4,0.5,1.79,2
1,8,2,11,1,1,1,3,3,3,3,0,0,0,0,1,0,18,0,0,6,9,5,11.2,0,0,6,14,2,10.0,0,9.4,-0.8,-3.12,0
1,1,5,7,1,1,1,22,27,12,12,1,0,0,1,1,0,20,0,0,5,10,3,10.666666666666666,0,0,5,5,4,12.25,0,7.6,2.6,0.32,2
1,14,1,3,0,1,1,22,27,10,10,0,0,0,1,0,0,23,0,9,13,15,9,11.0,0,4,11,12,7,11.571428571428571,0,15.5,2.8,-4.06,1
1,12,1,17,0,1,1,1,27,10,9,0,0,0,1,0,0,26,0,0,1,2,0,0.0,0,0,5,8,0,0.0,0,16.2,0.3,-0.92,0
1,8,3,14,1,1,1,22,27,9,9,0,0,1,1,0,0,19,0,0,5,5,1,10.0,0,0,5,5,0,0.0,0,9.4,-0.8,-3.12,0
1,12,1,13,1,1,1,22,28,10,10,1,0,1,0,0,1,24,0,0,7,14,5,12.36,0,1,8,15,5,12.0,0,8.9,1.4,3.51,0
1,1,1,14,1,1,1,13,28,10,8,1,0,0,1,0,1,20,0,0,6,8,6,15.25,0,0,6,7,6,14.714285714285714,0,11.1,0.6,2.02,2
1,8,1,17,0,1,1,23,3,10,4,1,0,1,0,0,0,26,0,0,5,5,0,0.0,0,0,5,6,0,0.0,0,10.8,1.4,1.74,0
1,12,1,9,1,9,1,13,27,8,10,0,0,0,1,0,0,31,0,0,5,8,1,13.0,2,0,5,9,4,12.25,0,10.8,1.4,1.74,0
2,14,1,12,1,1,1,22,27,10,11,1,0,0,1,0,0,27,0,0,8,8,8,13.81375,0,0,8,8,8,13.81375,0,9.4,-0.8,-3.12,2
1,1,1,6,1,1,1,13,28,10,10,0,0,1,1,0,0,24,0,0,6,8,6,13.285714285714286,0,0,6,13,6,12.875,0,11.1,0.6,2.02,2
1,15,1,6,1,14,1,13,28,32,44,1,0,0,1,0,0,23,0,0,6,11,4,11.5,0,0,6,12,4,12.2,0,8.9,1.4,3.51,1
1,1,2,12,1,1,1,23,28,10,9,1,0,0,1,0,1,20,0,0,7,8,7,11.9625,0,0,8,9,8,13.044444444444444,0,13.9,-0.3,0.79,2
1,1,6,12,1,1,1,23,28,6,6,1,0,0,1,0,0,20,0,0,7,9,6,13.683333333333332,0,0,8,11,6,13.116666666666667,0,11.1,0.6,2.02,2
1,12,1,12,1,1,1,23,1,10,5,1,0,0,1,0,0,24,0,0,8,8,7,14.985714285714286,0,0,8,8,7,14.985714285714286,0,12.7,3.7,-1.7,2
2,12,1,9,1,1,1,22,27,10,10,0,0,0,1,0,0,39,0,0,5,8,4,11.25,0,0,5,8,4,11.5,0,11.1,0.6,2.02,1
1,1,2,15,1,1,1,13,28,4,10,1,0,0,1,0,0,18,0,0,6,8,4,12.5,0,0,6,6,5,12.6,0,12.7,3.7,-1.7,2
1,8,3,6,1,1,1,22,28,10,10,0,0,0,1,0,0,20,0,0,6,0,0,0.0,0,0,6,0,0,0.0,0,11.1,0.6,2.02,0
1,1,2,12,1,1,1,1,1,5,4,1,0,0,1,0,0,18,0,0,7,10,7,13.78,0,0,8,10,8,13.661,0,15.5,2.8,-4.06,2
1,1,2,12,1,1,1,22,27,10,8,1,0,0,1,0,0,19,0,0,7,10,7,13.805,0,0,8,8,8,14.2725,0,15.5,2.8,-4.06,2
1,8,1,6,1,1,1,1,14,5,10,1,0,0,1,0,0,18,0,0,5,7,5,13.8,0,0,5,5,5,12.6,0,10.8,1.4,1.74,2
1,1,1,14,1,1,1,22,14,10,10,1,0,0,1,0,0,22,0,0,5,7,3,12.666666666666666,0,0,5,6,4,12.0,0,7.6,2.6,0.32,1
1,8,4,12,1,1,1,1,1,5,5,1,0,0,1,0,0,18,0,0,7,7,7,14.424285714285714,0,0,8,8,8,13.9375,0,11.1,0.6,2.02,2
1,1,1,10,1,1,1,3,1,5,10,0,0,0,1,0,1,18,0,0,6,7,6,13.166666666666666,0,0,6,6,6,12.5,0,12.4,0.5,1.79,2
4,12,1,17,0,1,1,22,27,10,10,0,0,0,1,0,0,30,0,0,5,10,3,10.666666666666666,0,0,5,8,5,10.4,0,12.7,3.7,-1.7,1
2,14,1,10,1,9,1,22,27,10,10,0,0,0,1,0,0,34,0,9,16,20,14,12.071428571428571,1,11,13,13,11,12.272727272727272,0,7.6,2.6,0.32,2
1,12,1,3,0,12,1,22,27,10,10,0,0,0,1,0,0,38,0,0,6,10,3,10.25,0,0,6,7,1,12.0,0,13.9,-0.3,0.79,0
1,1,1,12,1,1,1,22,14,8,8,1,0,0,1,0,1,19,0,0,8,8,8,14.11,0,0,8,8,8,14.11,0,9.4,-0.8,-3.12,2
1,8,3,16,1,1,1,23,28,6,8,1,0,0,1,0,0,19,0,0,6,9,5,12.4,0,0,6,10,3,10.666666666666666,0,10.8,1.4,1.74,0
1,14,1,15,1,1,1,1,1,5,9,0,0,0,0,0,0,21,0,0,6,7,6,12.0,0,0,6,6,6,12.0,0,10.8,1.4,1.74,0
1,8,1,15,1,1,1,2,3,3,3,1,0,0,1,0,1,18,0,0,6,6,6,14.833333333333334,0,0,6,6,6,13.5,0,11.1,0.6,2.02,2
1,8,5,6,1,1,1,1,28,5,8,1,0,0,1,0,1,20,0,0,6,7,6,15.428571428571429,0,0,6,7,6,13.5,0,13.9,-0.3,0.79,2
1,8,5,9,1,1,1,22,28,6,6,0,0,0,1,0,1,18,0,0,5,7,5,11.6,0,0,5,11,5,11.4,4,16.2,0.3,-0.92,2
1,1,3,5,1,1,1,23,27,6,6,1,0,0,1,0,0,18,0,0,6,6,6,14.166666666666666,0,0,6,6,6,14.0,0,16.2,0.3,-0.92,2
1,4,1,13,1,2,1,22,27,10,10,1,0,0,1,0,1,36,0,0,7,9,1,9.8,0,0,7,7,0,0.0,0,12.7,3.7,-1.7,0
1,8,4,9,1,1,1,23,27,7,8,1,0,0,1,0,1,18,0,0,5,12,4,10.714285714285714,0,0,5,9,4,11.0,0,13.9,-0.3,0.79,2
1,14,1,8,1,6,1,1,20,5,12,1,0,0,1,0,1,21,0,0,5,7,0,0.0,0,0,5,5,0,0.0,0,7.6,2.6,0.32,0
1,15,1,8,1,14,1,1,3,10,3,1,0,1,1,0,1,21,0,1,6,13,3,12.333333333333334,0,1,6,12,1,13.0,0,13.9,-0.3,0.79,0
1,6,1,6,1,1,14,3,3,5,3,0,0,0,1,0,0,18,1,0,6,13,6,13.0,0,0,6,15,6,12.25,0,11.1,0.6,2.02,2
1,8,6,14,1,1,1,1,12,5,6,1,0,0,1,0,0,18,0,0,5,7,4,11.4,0,0,5,5,4,11.25,0,9.4,-0.8,-3.12,2
1,1,2,12,1,1,1,23,28,10,8,1,0,0,1,0,0,19,0,0,7,7,6,12.766666666666666,0,0,7,7,6,12.766666666666666,0,7.6,2.6,0.32,2
2,12,1,4,1,12,1,22,14,10,5,0,0,1,1,0,0,29,0,0,6,11,5,12.6,0,0,6,6,6,12.666666666666666,0,11.1,0.6,2.02,2
1,15,1,9,1,14,1,13,1,10,4,0,0,0,1,0,1,20,0,4,7,8,7,13.0,0,2,5,5,5,13.4,0,11.1,0.6,2.02,2
1,8,2,12,1,1,1,22,27,10,10,1,0,0,1,0,0,18,0,0,7,7,6,14.316666666666668,0,0,7,7,6,14.316666666666668,0,7.6,2.6,0.32,2
1,1,1,6,1,1,1,2,1,5,11,1,0,0,1,0,0,19,0,0,5,7,4,12.75,0,0,5,5,5,12.0,0,10.8,1.4,1.74,2
1,1,3,9,1,1,1,1,28,4,9,1,0,0,1,0,1,19,0,0,5,5,5,13.4,0,0,5,5,5,12.6,0,8.9,1.4,3.51,2
1,12,1,3,0,1,1,10,5,10,5,0,0,1,0,0,0,37,0,0,6,6,0,0.0,0,0,5,5,0,0.0,0,8.9,1.4,3.51,0
1,1,2,6,1,1,1,22,1,10,10,1,0,0,1,0,1,18,0,0,5,6,4,15.75,0,0,5,5,5,13.8,0,10.8,1.4,1.74,2
1,1,1,16,1,1,1,13,14,8,8,1,0,0,1,0,0,21,0,0,6,9,5,12.4,0,0,6,11,1,11.0,0,12.7,3.7,-1.7,0
1,8,1,10,1,1,1,1,28,22,40,0,0,0,1,0,1,19,0,0,6,8,6,11.5,0,0,6,7,6,12.333333333333334,0,12.4,0.5,1.79,2
1,8,2,14,1,1,1,3,1,4,2,0,0,0,1,0,0,19,0,0,5,5,5,13.4,0,0,5,5,5,14.0,0,9.4,-0.8,-3.12,2
2,12,1,17,0,14,1,23,14,10,6,0,0,0,1,0,1,35,0,0,5,9,3,11.666666666666666,0,0,5,7,5,11.8,0,12.7,3.7,-1.7,1
2,12,1,12,1,1,1,22,28,10,9,0,0,0,1,0,0,30,0,0,7,0,0,0.0,0,0,8,0,0,0.0,0,13.9,-0.3,0.79,0
1,14,2,15,1,1,1,19,24,1,1,1,0,0,1,0,0,27,0,4,8,11,7,13.285714285714286,0,4,7,13,5,11.6,0,9.4,-0.8,-3.12,0
2,1,1,11,1,1,1,22,27,10,10,0,0,0,1,0,1,45,0,0,6,10,4,11.5,0,0,6,16,2,10.5,0,7.6,2.6,0.32,0
2,12,1,3,0,1,1,23,28,10,10,0,0,0,1,0,1,50,0,3,9,11,8,13.25,0,2,7,8,7,11.714285714285714,0,12.7,3.7,-1.7,2
4,13,1,9,1,1,1,22,27,10,10,0,0,0,1,0,0,41,0,8,14,24,11,12.25,3,5,10,12,10,13.4,0,9.4,-0.8,-3.12,2
1,14,1,12,1,1,1,22,27,10,7,1,0,0,1,0,0,26,0,0,7,8,6,12.0,0,0,7,8,6,12.0,0,7.6,2.6,0.32,1
1,12,1,4,1,12,1,22,27,10,10,0,0,0,1,0,0,44,0,0,6,10,1,12.0,0,0,6,6,0,0.0,0,11.1,0.6,2.02,0
5,4,1,9,1,15,1,22,27,10,10,0,0,0,1,0,0,23,0,10,15,15,13,10.923076923076923,0,5,10,10,7,11.142857142857142,0,15.5,2.8,-4.06,2
1,16,1,1,1,1,1,13,14,10,10,0,0,0,1,0,0,34,0,10,12,12,10,12.0,0,5,10,11,5,11.0,0,11.1,0.6,2.02,0
1,1,1,9,1,1,1,23,28,10,10,1,0,0,1,0,1,21,0,0,5,10,5,13.714285714285714,0,0,5,7,5,14.4,0,11.1,0.6,2.02,2
1,14,3,9,1,1,8,3,27,4,4,1,0,0,1,0,0,22,1,0,5,8,1,10.0,0,0,5,8,2,13.0,0,7.6,2.6,0.32,0
4,12,1,3,0,1,1,22,27,10,9,0,0,0,1,0,1,32,0,0,6,18,2,10.333333333333334,0,0,6,7,6,11.5,0,16.2,0.3,-0.92,2
1,8,2,13,1,1,14,1,1,8,8,1,0,0,1,0,0,20,1,0,7,8,7,12.728571428571428,0,0,8,8,8,14.625,0,15.5,2.8,-4.06,2
2,4,1,3,0,3,1,20,25,12,12,0,0,0,0,0,0,59,0,10,15,22,12,13.333333333333334,0,8,8,8,8,12.875,0,10.8,1.4,1.74,0
2,17,1,9,1,16,1,13,14,28,31,0,0,0,1,0,0,30,0,6,11,20,9,12.22222222222222,0,3,9,16,9,11.6,0,8.9,1.4,3.51,1
1,1,4,11,1,1,1,23,26,10,10,1,0,0,1,0,1,18,0,0,6,7,6,11.333333333333334,0,0,6,9,6,10.833333333333334,0,9.4,-0.8,-3.12,2
2,12,1,17,0,1,1,22,27,10,7,0,0,1,1,1,0,25,0,0,5,8,4,11.0,0,0,5,7,4,12.0,0,7.6,2.6,0.32,1
4,14,1,17,0,1,1,22,27,6,6,0,0,0,1,1,0,36,0,0,5,5,5,13.8,0,0,5,6,5,13.8,0,12.7,3.7,-1.7,2
1,4,1,13,1,17,1,23,14,10,10,0,0,0,1,1,0,36,0,0,7,16,1,12.0,0,0,7,13,0,0.0,1,11.1,0.6,2.02,0
1,8,6,14,1,1,1,23,14,1,2,0,0,0,0,1,0,19,0,0,6,9,4,11.25,0,0,6,11,3,10.166666666666666,0,10.8,1.4,1.74,0
1,12,1,17,0,1,1,1,27,5,7,0,0,0,1,1,0,25,0,0,5,6,4,10.5,0,0,5,6,5,12.0,0,9.4,-0.8,-3.12,2
1,12,1,4,1,12,1,22,27,10,8,0,0,0,1,1,0,35,0,17,18,20,18,11.555555555555555,0,11,13,13,13,11.615384615384617,0,15.5,2.8,-4.06,2
1,1,1,10,1,1,1,1,1,6,6,0,0,0,1,1,0,20,0,0,6,13,1,14.0,0,0,6,7,0,0.0,0,16.2,0.3,-0.92,0
1,12,1,4,1,1,1,22,27,10,8,1,0,0,0,1,0,35,0,0,6,17,1,13.0,0,0,6,8,0,0.0,0,15.5,2.8,-4.06,0
1,1,1,10,1,1,1,22,27,1,1,1,0,0,1,0,0,27,0,0,6,13,2,11.0,0,0,6,14,1,11.0,0,7.6,2.6,0.32,0
1,8,3,12,1,1,1,13,3,10,6,1,0,0,1,0,0,18,0,0,8,8,7,13.68142857142857,0,0,8,8,7,13.68142857142857,0,10.8,1.4,1.74,1
1,14,1,12,1,1,1,23,14,10,11,0,0,0,1,0,0,23,0,0,7,11,6,12.1,0,0,7,7,6,12.616666666666667,0,16.2,0.3,-0.92,1
1,8,2,3,0,1,1,13,1,6,11,1,0,0,1,0,0,19,0,0,6,8,4,10.5,0,0,6,8,4,11.25,0,10.8,1.4,1.74,2
1,8,2,12,1,1,1,22,27,8,8,1,0,0,1,0,1,18,0,0,7,10,5,11.94,0,0,7,8,6,12.8,0,11.1,0.6,2.02,1
1,12,1,12,1,1,1,13,14,4,8,0,0,1,0,0,0,26,0,0,7,11,4,12.86,0,0,7,10,5,11.566666666666668,0,12.4,0.5,1.79,0
1,8,1,10,1,1,1,1,28,10,8,0,0,0,1,0,0,19,0,0,6,10,6,14.25,0,0,6,7,6,14.0,0,16.2,0.3,-0.92,2
1,1,5,12,1,1,1,23,14,8,8,1,0,0,0,0,0,19,0,0,7,0,0,0.0,0,0,8,0,0,0.0,0,12.7,3.7,-1.7,0
1,1,1,2,1,1,1,13,14,6,2,1,0,0,1,0,0,18,0,0,0,0,0,0.0,0,0,0,0,0,0.0,0,13.9,-0.3,0.79,0
1,8,1,12,1,1,1,13,1,10,8,1,0,0,1,0,1,19,0,0,7,7,7,13.894285714285711,0,0,8,8,8,14.3625,0,11.1,0.6,2.02,2
1,8,1,12,1,1,1,22,27,10,9,1,0,0,1,0,1,19,0,0,7,8,7,13.46875,0,0,8,8,8,13.31375,0,15.5,2.8,-4.06,2
1,1,4,6,1,1,1,23,27,10,10,1,0,0,1,0,1,19,0,0,5,5,5,13.6,0,0,5,5,5,14.6,0,10.8,1.4,1.74,2
1,15,1,3,0,14,1,1,27,10,8,0,0,0,1,0,1,21,0,3,6,6,6,14.666666666666666,0,2,6,6,6,13.833333333333334,0,12.4,0.5,1.79,2
1,1,3,15,1,1,1,1,1,4,6,1,0,0,1,0,0,18,0,0,6,6,6,13.666666666666666,0,0,6,7,6,13.0,0,15.5,2.8,-4.06,2
2,14,1,11,1,3,1,23,27,10,4,1,0,0,1,0,0,33,0,9,12,22,10,13.3,0,9,11,11,11,13.727272727272728,0,9.4,-0.8,-3.12,2
1,4,1,3,0,3,1,13,27,6,4,0,0,0,1,0,0,32,0,7,11,13,11,13.454545454545457,0,5,11,13,7,12.428571428571429,0,12.7,3.7,-1.7,2
1,1,6,12,1,1,1,13,14,2,5,1,0,0,1,0,1,17,0,0,8,8,8,13.41625,0,0,8,8,8,13.41625,0,9.4,-0.8,-3.12,2
2,12,1,12,1,1,1,13,14,10,8,0,0,0,1,0,0,31,0,0,7,0,0,0.0,0,0,8,0,0,0.0,0,12.7,3.7,-1.7,0
2,12,1,3,0,1,1,13,14,10,8,0,0,0,1,0,1,32,0,0,6,6,6,11.333333333333334,0,0,6,8,5,13.0,0,15.5,2.8,-4.06,2
1,1,2,6,1,1,1,25,30,4,8,1,0,0,1,0,0,18,0,0,6,8,6,16.0,0,0,6,10,6,14.625,0,11.1,0.6,2.02,0
1,16,1,5,1,9,1,22,14,4,8,0,0,1,1,0,0,31,0,2,6,8,5,11.0,0,4,6,12,6,10.166666666666666,0,8.9,1.4,3.51,1
1,1,1,11,1,1,1,1,1,10,11,0,0,0,1,1,0,20,0,0,6,8,6,12.857142857142858,0,0,6,9,5,12.4,0,8.9,1.4,3.51,1
1,14,1,17,0,1,1,3,14,2,2,0,0,0,0,1,0,40,0,0,5,5,0,0.0,0,0,5,6,0,0.0,0,10.8,1.4,1.74,0
2,1,1,17,0,1,1,22,14,10,10,1,0,0,1,1,0,32,0,0,5,5,5,14.8,0,0,5,5,5,14.2,0,7.6,2.6,0.32,2
1,4,1,7,1,3,1,13,14,2,2,0,0,0,0,1,0,40,0,1,5,7,1,13.0,0,2,5,5,2,14.0,0,12.7,3.7,-1.7,0
1,1,1,2,1,1,1,1,1,5,10,0,0,0,1,1,1,18,0,0,0,0,0,0.0,0,0,0,0,0,0.0,0,16.2,0.3,-0.92,2
1,14,1,17,0,1,1,22,27,10,10,0,0,1,0,1,0,28,0,4,9,14,4,10.0,0,1,6,6,1,10.0,0,12.7,3.7,-1.7,0
1,7,2,5,1,1,1,1,1,4,2,1,0,1,1,1,0,19,0,0,6,11,5,11.2,0,0,6,7,6,12.0,0,9.4,-0.8,-3.12,2
1,1,1,15,1,1,1,1,27,6,10,0,0,0,1,1,1,19,0,0,6,8,6,11.833333333333334,0,0,6,11,3,13.0,0,15.5,2.8,-4.06,2
1,1,6,9,1,1,1,23,27,8,8,0,1,0,1,1,0,21,0,0,5,0,0,0.0,0,0,5,0,0,0.0,0,10.8,1.4,1.74,0
1,8,4,9,1,1,1,13,1,1,5,1,0,0,1,1,0,22,0,0,5,8,2,10.5,0,0,5,10,0,0.0,0,7.6,2.6,0.32,0
1,8,3,7,1,1,1,3,1,4,4,1,0,0,0,1,0,18,0,0,5,8,5,12.5,0,0,5,7,5,13.571428571428571,0,12.4,0.5,1.79,0
1,12,1,2,1,1,1,10,3,6,3,1,0,0,1,1,0,27,0,0,0,0,0,0.0,0,0,0,0,0,0.0,0,9.4,-0.8,-3.12,0
1,1,1,2,1,1,1,1,3,3,3,0,0,0,1,1,0,19,0,4,10,10,5,11.0,0,2,7,8,2,10.0,0,8.9,1.4,3.51,1
2,14,1,17,0,1,1,22,27,10,10,1,0,0,1,1,0,30,0,6,10,14,9,12.333333333333334,0,7,10,12,8,12.0,0,9.4,-0.8,-3.12,2
1,12,1,8,1,14,1,1,3,5,2,0,0,0,1,1,0,28,0,0,6,9,0,0.0,0,0,6,8,1,10.0,1,16.2,0.3,-0.92,0
5,12,1,7,1,1,1,22,27,10,10,0,0,1,1,1,1,34,0,0,5,14,1,17.0,0,0,5,10,2,11.0,0,9.4,-0.8,-3.12,1
1,8,1,9,1,1,1,1,1,5,5,0,0,0,1,1,0,21,0,0,5,5,5,11.0,0,0,5,11,3,11.428571428571429,0,10.8,1.4,1.74,1
1,1,1,10,1,1,1,1,14,10,10,0,0,0,1,1,1,20,0,0,6,11,5,11.142857142857142,0,0,6,9,6,11.571428571428571,0,16.2,0.3,-0.92,2
1,14,1,11,1,1,1,10,14,10,10,0,0,0,0,1,0,31,0,3,8,19,5,12.166666666666666,0,3,7,12,5,12.0,0,7.6,2.6,0.32,0
1,8,1,7,1,1,1,1,1,10,10,0,0,1,0,1,0,21,0,0,5,9,2,11.0,0,0,5,8,2,11.5,2,7.6,2.6,0.32,0
1,12,2,14,1,12,1,19,24,1,1,1,0,0,0,1,0,27,0,0,5,8,1,11.0,0,0,5,6,3,10.666666666666666,1,7.6,2.6,0.32,0
1,1,6,15,1,1,1,23,28,10,10,1,0,0,1,1,0,19,0,0,6,10,4,13.25,0,0,6,13,5,11.8,0,7.6,2.6,0.32,2
1,8,4,15,1,1,1,3,1,3,8,1,0,0,1,1,0,21,0,0,6,7,0,0.0,0,0,6,11,1,10.0,0,10.8,1.4,1.74,1
1,15,1,4,1,14,1,13,14,5,5,1,0,0,0,1,0,21,0,0,6,17,2,12.5,0,0,6,10,0,0.0,0,16.2,0.3,-0.92,0
1,14,1,14,1,1,1,19,24,13,13,0,0,0,0,1,0,35,0,6,10,10,7,12.142857142857142,0,4,9,9,4,12.25,0,7.6,2.6,0.32,0
1,12,1,6,1,1,1,22,26,12,8,0,0,0,1,1,0,28,0,0,5,8,3,12.0,0,0,5,10,3,11.333333333333334,0,7.6,2.6,0.32,0
1,8,1,14,1,1,1,1,1,5,4,0,0,0,1,1,0,24,0,0,6,6,4,11.25,0,0,6,9,4,10.428571428571429,0,10.8,1.4,1.74,1
1,1,3,15,1,1,1,19,1,6,11,1,0,0,0,1,0,19,0,0,4,8,0,0.0,1,0,6,0,0,0.0,0,9.4,-0.8,-3.12,0
1,8,1,14,1,1,1,1,1,5,9,0,0,1,0,1,0,20,0,0,6,7,5,12.4,0,0,6,8,4,13.0,0,13.9,-0.3,0.79,1
1,1,1,5,1,1,1,3,14,5,5,1,0,0,1,1,1,20,0,0,6,6,6,12.833333333333334,0,0,6,8,6,12.666666666666666,2,16.2,0.3,-0.92,2
1,1,1,7,1,1,1,22,27,10,7,0,0,0,1,1,0,19,0,0,5,7,1,13.0,0,0,5,7,2,10.0,0,9.4,-0.8,-3.12,1
1,12,1,6,1,1,1,25,1,6,7,0,0,1,0,1,0,37,0,5,7,7,5,12.0,0,3,7,7,3,11.666666666666666,0,8.9,1.4,3.51,0
1,1,1,11,1,1,1,22,28,10,9,1,0,0,1,1,0,19,0,0,6,13,2,12.0,0,0,6,12,1,13.0,0,7.6,2.6,0.32,0
1,12,1,12,1,1,1,22,27,10,9,0,0,0,1,1,0,36,0,0,7,18,0,0.0,0,0,7,7,0,0.0,0,13.9,-0.3,0.79,0
1,12,1,9,1,9,1,22,27,10,10,0,0,0,1,1,0,29,0,0,5,0,0,0.0,0,0,5,0,0,0.0,0,9.4,-0.8,-3.12,0
1,12,1,4,1,1,1,23,27,10,5,0,0,0,1,1,0,30,0,0,6,10,6,11.375,0,0,6,10,5,11.6,0,13.9,-0.3,0.79,2
1,16,1,14,1,12,1,2,1,4,11,0,0,1,1,1,0,32,0,1,6,15,2,12.0,0,0,6,7,0,0.0,0,11.1,0.6,2.02,0
1,1,1,3,0,1,1,3,1,3,10,1,0,0,1,1,0,26,0,0,6,6,6,11.833333333333334,0,0,6,6,6,11.666666666666666,0,10.8,1.4,1.74,1
2,15,1,4,1,14,1,22,27,5,8,0,0,0,1,1,0,37,0,0,6,17,1,12.0,0,0,6,23,2,10.5,1,16.2,0.3,-0.92,0
1,12,1,7,1,1,1,1,10,5,4,0,0,0,1,1,0,27,0,1,6,7,3,12.0,0,2,6,7,2,11.0,0,13.9,-0.3,0.79,0
1,1,1,15,1,1,1,23,1,6,8,1,0,0,1,1,1,18,0,0,6,7,6,12.714285714285714,0,0,6,8,5,11.833333333333334,0,13.9,-0.3,0.79,2
1,1,1,12,1,1,1,23,27,10,10,0,0,0,1,1,1,18,0,0,8,8,8,15.3,0,0,8,8,8,15.3,0,9.4,-0.8,-3.12,2
2,12,2,4,1,12,1,23,14,5,2,0,0,0,0,1,0,32,0,2,8,12,2,11.5,2,0,7,9,0,0.0,0,15.5,2.8,-4.06,0
1,15,1,7,1,14,1,3,14,4,5,0,0,0,1,1,0,20,0,0,5,12,1,13.0,0,0,5,8,3,12.6,0,12.4,0.5,1.79,1
1,14,1,4,1,1,1,3,3,2,3,0,0,0,1,1,0,22,0,0,6,12,0,0.0,0,0,6,10,0,0.0,0,16.2,0.3,-0.92,0
4,12,1,12,1,1,1,1,14,4,4,0,0,0,1,0,0,32,0,0,7,0,0,0.0,0,0,8,0,0,0.0,0,12.4,0.5,1.79,0
1,1,1,9,1,1,1,1,27,10,10,1,0,0,1,0,0,21,0,0,5,8,4,11.0,0,0,5,8,5,12.0,0,7.6,2.6,0.32,1
1,8,4,14,1,1,1,1,1,5,8,0,0,0,0,0,0,19,0,0,6,7,3,12.666666666666666,0,0,6,10,5,13.125,0,10.8,1.4,1.74,0
1,1,1,15,1,1,1,13,1,10,10,1,0,0,1,0,1,18,0,0,6,6,6,13.5,0,0,6,6,6,14.0,0,8.9,1.4,3.51,2
1,1,4,9,1,1,1,1,1,10,8,1,0,0,1,0,1,18,0,0,5,7,5,12.0,0,0,5,10,5,11.4,0,8.9,1.4,3.51,2
1,4,1,9,1,2,1,3,27,3,6,1,0,1,0,0,0,38,0,0,5,6,0,0.0,0,0,5,5,0,0.0,0,15.5,2.8,-4.06,0
1,8,3,16,1,1,1,19,24,1,1,1,0,0,1,0,0,21,0,0,6,8,5,11.8,0,0,6,8,4,10.5,0,7.6,2.6,0.32,0
1,1,1,10,1,1,1,19,27,6,6,0,0,0,0,0,0,21,0,0,6,12,2,11.5,0,0,6,13,1,13.0,0,9.4,-0.8,-3.12,0
1,1,1,17,0,1,1,22,27,10,4,0,0,0,1,1,0,26,0,0,5,11,2,11.5,0,0,5,10,3,12.0,0,7.6,2.6,0.32,1
1,1,4,12,1,1,1,13,28,10,4,1,0,0,1,0,0,19,0,0,7,7,6,14.616666666666667,0,0,7,7,6,14.616666666666667,0,7.6,2.6,0.32,2
1,1,6,12,1,1,1,13,27,10,10,1,0,0,1,0,1,19,0,0,8,8,7,14.06,0,0,8,8,7,14.06,0,10.8,1.4,1.74,1
1,8,1,11,1,1,1,1,1,10,11,0,0,1,1,0,0,18,0,0,6,9,4,11.0,0,0,6,12,3,11.333333333333334,0,7.6,2.6,0.32,0
1,4,1,9,1,3,1,22,27,10,10,0,0,0,1,0,0,25,0,0,5,0,0,0.0,0,0,5,0,0,0.0,0,12.7,3.7,-1.7,0
1,1,6,12,1,1,1,22,1,6,5,1,0,0,1,0,0,19,0,6,14,22,7,12.192307692307692,5,6,14,22,7,12.192307692307692,5,7.6,2.6,0.32,2
1,8,2,11,1,1,1,1,14,10,10,1,0,0,1,0,1,18,0,0,6,6,6,12.833333333333334,0,0,6,7,6,12.333333333333334,0,13.9,-0.3,0.79,2
1,8,1,9,1,1,1,22,27,10,8,0,0,0,1,0,1,19,0,0,5,8,5,12.875,0,0,5,6,5,11.833333333333334,0,13.9,-0.3,0.79,2
1,1,1,10,1,1,1,13,28,10,8,1,0,0,1,0,1,22,0,0,6,6,6,12.166666666666666,0,0,6,6,6,12.5,0,12.4,0.5,1.79,2
1,15,1,4,1,14,1,23,28,7,7,1,0,0,1,0,0,21,0,0,6,11,6,13.428571428571429,0,0,6,12,6,12.857142857142858,0,15.5,2.8,-4.06,2
1,8,1,6,1,1,1,13,27,10,10,1,0,0,1,0,1,21,0,0,6,6,6,14.5,0,0,6,8,6,14.666666666666666,0,8.9,1.4,3.51,2
1,1,1,16,1,1,1,23,28,4,8,0,0,0,1,0,1,20,0,0,7,7,7,12.142857142857142,0,0,7,7,7,12.857142857142858,0,11.1,0.6,2.02,2
2,1,1,9,1,1,1,13,27,10,10,0,0,0,1,0,0,19,0,0,5,6,4,11.25,0,0,5,10,3,11.714285714285714,0,10.8,1.4,1.74,1
1,1,4,12,1,1,1,13,14,10,4,1,0,0,1,0,0,18,0,0,7,7,6,13.9,0,0,7,7,6,13.9,0,7.6,2.6,0.32,2
1,12,1,12,1,1,1,13,14,10,9,0,0,0,1,0,0,26,0,0,7,12,3,13.766666666666666,0,0,7,11,3,12.066666666666668,0,13.9,-0.3,0.79,0
1,10,1,9,1,2,1,19,24,1,1,1,0,0,1,0,0,31,0,13,15,17,13,11.615384615384617,0,11,14,14,11,12.545454545454543,0,7.6,2.6,0.32,0
1,8,1,10,1,1,1,22,28,10,9,1,0,0,1,0,1,18,0,0,6,6,6,15.166666666666666,0,0,6,7,6,14.142857142857142,0,11.1,0.6,2.02,2
4,4,1,9,1,3,1,13,1,6,6,0,0,0,1,0,0,35,0,0,5,5,0,0.0,0,0,5,5,0,0.0,0,11.1,0.6,2.02,0
1,1,1,6,1,1,1,22,27,10,10,1,0,0,1,0,0,19,0,0,5,10,2,14.5,1,0,5,9,3,11.333333333333334,0,12.7,3.7,-1.7,1
1,1,1,10,1,1,1,13,28,8,8,0,0,0,1,0,1,19,0,0,6,9,5,10.8,0,0,6,8,6,10.714285714285714,0,15.5,2.8,-4.06,2
1,1,2,12,1,1,1,3,1,5,4,0,0,0,1,0,0,18,0,0,7,7,7,13.995714285714287,0,0,8,9,8,14.955555555555556,0,11.1,0.6,2.02,2
1,8,1,6,1,1,1,23,28,5,10,0,0,0,1,0,0,20,0,0,6,8,6,13.285714285714286,0,0,6,16,6,11.8,0,12.4,0.5,1.79,2
1,1,4,2,1,1,1,1,1,10,6,1,0,0,1,0,1,19,0,6,12,12,12,12.75,0,4,11,16,11,13.25,0,8.9,1.4,3.51,2
1,14,1,10,1,1,1,13,27,6,6,0,0,0,1,0,1,21,0,0,6,15,2,10.5,0,0,6,8,5,12.4,0,10.8,1.4,1.74,1
1,8,1,16,1,1,1,23,28,10,10,0,0,1,1,0,1,18,0,0,7,7,7,12.714285714285714,0,0,7,7,7,12.285714285714286,0,16.2,0.3,-0.92,2
1,13,1,12,1,1,1,13,14,5,10,0,0,0,1,0,0,23,0,0,8,8,8,12.88625,0,0,8,8,8,12.88625,0,9.4,-0.8,-3.12,2
1,1,1,5,1,1,1,1,1,10,10,0,0,0,1,0,1,21,0,0,6,7,5,13.0,0,0,6,6,6,12.666666666666666,0,16.2,0.3,-0.92,2
1,1,1,9,1,1,1,22,28,10,10,0,0,0,1,0,1,19,0,0,5,7,5,12.2,0,0,5,6,5,11.2,0,11.1,0.6,2.02,2
1,1,2,9,1,1,1,23,14,4,8,1,0,0,1,0,0,19,0,0,5,8,4,12.8,0,0,5,10,3,14.5,0,10.8,1.4,1.74,1
1,17,1,6,1,16,1,13,27,5,10,1,0,0,1,0,0,20,0,7,11,15,11,13.785714285714286,0,4,9,9,9,13.88888888888889,0,8.9,1.4,3.51,2
1,14,1,9,1,1,1,3,14,3,10,0,0,0,1,0,0,18,0,0,5,5,0,0.0,0,0,5,9,4,13.25,2,16.2,0.3,-0.92,1
1,1,1,12,1,1,1,22,27,10,8,1,0,0,1,0,1,18,0,0,8,8,8,14.50125,0,0,8,8,8,14.50125,0,9.4,-0.8,-3.12,2
2,1,5,12,1,1,1,1,14,5,5,0,0,0,1,0,0,19,0,0,7,7,6,14.35,0,0,7,7,6,14.35,0,7.6,2.6,0.32,2
1,8,1,5,1,1,1,23,14,6,6,0,0,0,1,0,1,21,0,0,6,6,6,11.5,0,0,6,6,6,12.333333333333334,0,9.4,-0.8,-3.12,2
1,1,1,10,1,1,1,23,28,10,10,1,1,0,1,0,1,18,0,0,6,8,6,11.714285714285714,0,0,6,6,6,14.666666666666666,0,12.7,3.7,-1.7,2
1,1,1,14,1,1,1,22,14,8,8,0,0,0,1,0,0,20,0,0,6,9,6,13.571428571428571,0,0,6,10,5,13.6,0,15.5,2.8,-4.06,1
1,1,1,15,1,1,1,13,28,10,6,0,0,0,1,0,0,18,0,0,6,6,5,13.0,0,0,6,6,6,13.666666666666666,0,12.7,3.7,-1.7,2
1,8,5,12,1,1,1,13,14,10,8,1,0,0,1,0,1,18,0,0,7,8,7,13.56875,0,0,8,8,8,14.02625,0,15.5,2.8,-4.06,2
2,14,1,17,0,1,1,22,27,10,10,0,0,0,1,0,0,32,0,1,5,5,5,10.2,0,0,5,9,4,11.25,0,9.4,-0.8,-3.12,1
1,8,2,2,1,1,1,3,3,4,4,1,0,0,1,0,0,18,0,0,0,0,0,0.0,0,0,0,0,0,0.0,0,13.9,-0.3,0.79,2
1,7,3,16,1,1,1,13,27,10,10,1,0,0,1,0,0,19,0,0,6,8,5,12.2,0,0,6,8,5,11.8,0,10.8,1.4,1.74,1
1,1,3,12,1,1,1,1,14,10,4,1,0,0,1,0,1,18,0,0,8,8,8,14.15375,0,0,8,8,8,14.15375,0,9.4,-0.8,-3.12,2
1,1,6,12,1,1,1,1,1,5,6,0,0,0,0,0,0,18,0,0,8,8,0,0.0,8,0,8,8,0,0.0,8,9.4,-0.8,-3.12,0
1,1,5,15,1,1,1,13,28,4,6,1,0,0,1,0,0,20,0,0,6,7,6,13.833333333333334,0,0,6,6,6,12.833333333333334,0,11.1,0.6,2.02,2
1,3,1,14,1,1,1,1,10,5,5,1,0,0,1,0,0,19,0,0,6,7,6,13.428571428571429,0,0,6,6,4,14.0,0,12.4,0.5,1.79,1
1,8,4,12,1,1,1,23,27,10,6,1,0,0,1,0,0,19,0,0,8,8,7,12.454285714285716,0,0,8,8,7,12.454285714285716,0,10.8,1.4,1.74,2
1,8,1,9,1,1,1,23,28,8,6,0,0,0,1,0,0,18,0,0,5,9,1,11.0,1,0,5,10,0,0.0,0,9.4,-0.8,-3.12,1
1,1,4,12,1,1,1,1,14,5,8,1,0,0,1,0,0,18,0,0,7,0,0,0.0,0,0,8,0,0,0.0,0,15.5,2.8,-4.06,0
1,8,3,12,1,1,1,1,14,8,9,1,0,0,1,0,1,18,0,0,7,8,6,13.271666666666668,0,0,8,11,7,12.94375,0,12.4,0.5,1.79,2
1,8,6,12,1,1,1,3,28,3,10,1,0,0,1,0,0,20,0,0,7,8,6,13.548333333333334,0,0,8,11,6,14.775,0,11.1,0.6,2.02,1
1,1,1,15,1,1,1,3,3,3,6,0,0,0,1,0,0,19,0,0,6,6,6,12.166666666666666,0,0,6,6,6,12.5,0,16.2,0.3,-0.92,1
1,1,1,11,1,1,1,23,14,4,4,0,0,0,1,0,0,21,0,0,6,16,2,11.0,0,0,6,12,0,0.0,0,12.7,3.7,-1.7,0
1,1,1,16,1,1,1,23,27,10,10,1,0,0,1,0,1,19,0,0,7,7,7,13.285714285714286,0,0,7,7,7,14.428571428571429,0,11.1,0.6,2.02,2
1,8,1,10,1,1,1,13,28,5,10,1,0,0,1,0,1,20,0,0,6,6,6,13.333333333333334,0,0,6,7,6,14.0,0,15.5,2.8,-4.06,2
1,1,1,12,1,1,1,1,1,10,5,0,0,0,1,0,1,21,0,0,8,8,8,13.2575,0,0,8,8,8,13.2575,0,9.4,-0.8,-3.12,2
1,15,1,6,1,14,1,22,28,10,7,1,0,0,1,0,0,23,0,0,6,7,0,0.0,0,0,6,7,0,0.0,0,11.1,0.6,2.02,0
1,8,1,10,1,1,1,1,28,6,9,0,0,0,0,0,1,18,0,0,6,10,6,12.666666666666666,0,0,6,6,2,11.5,0,12.7,3.7,-1.7,0
2,12,1,17,0,3,1,3,1,2,11,0,0,0,1,0,0,30,0,0,5,5,5,14.6,0,0,5,5,5,15.4,0,12.7,3.7,-1.7,0
1,1,1,6,1,1,1,7,14,5,2,1,0,0,1,0,0,20,0,0,5,13,0,0.0,5,0,5,5,0,0.0,5,9.4,-0.8,-3.12,0
2,14,2,9,1,1,1,22,27,10,10,0,0,0,0,0,0,29,0,3,5,7,3,12.333333333333334,0,0,5,8,0,0.0,0,10.8,1.4,1.74,0
1,9,1,9,1,1,1,23,28,6,6,1,0,0,1,0,0,24,0,0,5,5,5,10.8,0,0,5,11,2,11.0,0,10.8,1.4,1.74,1
1,1,1,10,1,1,1,13,1,5,4,1,0,0,1,0,0,20,0,0,6,7,6,11.666666666666666,0,0,6,10,6,11.333333333333334,0,7.6,2.6,0.32,2
1,14,1,3,0,1,1,22,27,10,10,0,0,0,1,0,0,27,0,0,6,6,4,12.5,0,0,6,6,6,14.333333333333334,0,13.9,-0.3,0.79,0
2,4,1,9,1,3,1,22,27,10,10,0,0,0,1,0,0,23,0,0,5,0,0,0.0,0,0,5,0,0,0.0,0,7.6,2.6,0.32,0
1,16,1,5,1,1,1,13,14,25,32,0,0,0,1,0,1,23,0,0,6,6,6,15.333333333333334,0,0,6,6,6,14.166666666666666,0,11.1,0.6,2.02,2
1,1,3,12,1,1,1,1,1,5,5,1,0,0,1,0,0,18,0,0,8,8,7,14.2,0,0,8,8,7,14.2,0,12.7,3.7,-1.7,2
1,1,1,15,1,1,1,23,28,10,8,1,0,0,1,0,1,19,0,0,6,6,6,14.833333333333334,0,0,6,6,6,14.666666666666666,0,12.7,3.7,-1.7,2
1,8,6,12,1,1,1,13,27,5,10,1,0,0,1,0,0,19,0,0,7,7,7,13.642857142857142,0,0,8,8,8,14.3875,0,13.9,-0.3,0.79,0
1,1,1,15,1,1,1,1,28,9,9,1,0,0,1,0,1,18,0,0,6,6,6,13.833333333333334,0,0,6,6,6,14.0,0,11.1,0.6,2.02,0
1,1,2,5,1,1,1,1,1,5,8,1,0,0,1,0,0,19,0,0,6,6,6,11.833333333333334,0,0,6,7,6,13.0,0,9.4,-0.8,-3.12,2
1,1,1,15,1,1,1,1,28,5,8,0,0,0,1,0,1,18,0,0,6,7,6,13.428571428571429,0,0,6,10,6,13.5,0,13.9,-0.3,0.79,2
1,14,1,17,0,1,1,22,27,10,9,1,0,0,1,0,0,29,0,8,13,16,8,10.5,0,8,12,19,9,10.333333333333334,0,9.4,-0.8,-3.12,1
1,12,2,13,1,12,1,22,27,4,8,0,0,0,1,0,0,24,0,0,7,10,6,11.416666666666666,0,0,8,9,8,11.9625,0,13.9,-0.3,0.79,2
1,8,2,13,1,1,1,22,28,10,9,1,0,0,1,0,0,19,0,0,7,16,2,12.75,0,0,7,12,2,11.0,0,8.9,1.4,3.51,0
1,8,1,13,1,1,1,1,28,5,10,0,0,0,1,0,0,19,0,0,7,10,6,11.15,0,0,7,7,7,12.814285714285717,0,12.7,3.7,-1.7,1
1,1,1,14,1,1,1,23,14,5,9,0,0,0,1,0,0,19,0,0,6,8,3,11.666666666666666,0,0,6,11,5,13.625,0,10.8,1.4,1.74,1
1,8,4,11,1,1,1,22,14,10,8,1,0,0,1,0,0,20,0,0,6,7,6,11.5,0,0,6,8,5,12.4,0,11.1,0.6,2.02,2
1,1,2,15,1,1,1,1,14,10,10,0,0,0,1,0,0,18,0,0,6,6,6,13.833333333333334,0,0,6,6,6,12.666666666666666,0,10.8,1.4,1.74,2
1,1,2,5,1,1,1,1,14,4,4,1,0,0,0,0,0,18,0,1,6,8,6,11.714285714285714,1,0,6,11,4,11.333333333333334,0,13.9,-0.3,0.79,0
1,1,5,12,1,1,1,13,1,10,6,1,0,0,1,0,1,19,0,0,7,8,7,11.678571428571429,0,0,8,10,7,13.0375,0,12.4,0.5,1.79,2
1,7,1,6,1,1,1,3,3,3,2,1,0,0,1,0,0,19,0,0,6,7,6,15.714285714285714,0,0,6,6,6,14.666666666666666,0,13.9,-0.3,0.79,0
1,1,1,2,1,1,1,1,14,6,9,1,0,0,1,0,1,18,0,0,0,0,0,0.0,0,0,0,0,0,0.0,0,13.9,-0.3,0.79,2
1,1,1,15,1,1,1,13,27,10,7,1,0,0,1,0,1,19,0,0,6,6,6,13.0,0,0,6,7,6,13.0,0,10.8,1.4,1.74,2
1,1,2,12,1,1,1,3,3,3,3,1,0,0,1,0,1,18,0,0,7,7,7,14.485714285714286,0,0,8,9,8,14.58888888888889,0,16.2,0.3,-0.92,2
1,12,1,17,0,1,1,22,27,10,10,0,0,0,1,0,0,24,0,0,5,9,5,12.285714285714286,0,0,5,8,5,12.125,0,16.2,0.3,-0.92,1
1,12,1,12,1,1,1,13,14,6,7,0,0,1,1,0,0,28,0,0,7,12,4,13.375,0,0,7,7,5,13.5,0,13.9,-0.3,0.79,1
1,13,1,12,1,1,1,1,1,5,5,0,0,0,1,0,0,20,0,1,8,8,7,11.571428571428571,0,1,8,8,7,11.571428571428571,0,12.7,3.7,-1.7,2
1,1,6,12,1,1,1,22,28,10,10,1,0,0,1,0,1,19,0,0,8,8,7,12.657142857142857,0,0,8,8,7,12.657142857142857,0,12.7,3.7,-1.7,2
1,8,1,9,1,1,1,22,27,10,10,0,0,0,0,0,0,22,0,0,5,9,2,10.0,1,0,5,11,1,10.0,0,9.4,-0.8,-3.12,0
1,1,1,10,1,1,1,13,1,7,6,1,0,0,1,0,0,19,0,0,6,7,6,13.714285714285714,0,0,6,6,6,13.166666666666666,0,12.7,3.7,-1.7,2
1,4,1,10,1,3,1,22,27,10,10,1,0,0,1,0,0,36,0,10,14,21,13,13.071428571428571,0,4,11,16,11,13.0,0,16.2,0.3,-0.92,2
1,15,1,4,1,14,1,22,28,10,8,0,0,0,1,0,1,19,0,0,6,7,6,15.333333333333334,0,0,6,9,6,14.0,0,15.5,2.8,-4.06,2
1,8,1,10,1,1,1,4,3,2,2,0,0,0,1,0,0,18,0,0,6,9,5,11.571428571428571,0,0,6,8,6,12.142857142857142,0,16.2,0.3,-0.92,2
4,14,4,17,0,9,1,22,27,10,10,0,0,0,0,0,0,40,0,0,5,10,0,0.0,0,0,5,5,0,0.0,0,7.6,2.6,0.32,0
1,1,2,12,1,1,1,23,27,10,8,1,0,0,1,0,1,19,0,0,7,7,6,12.9,0,0,7,7,6,12.9,0,7.6,2.6,0.32,2
4,14,1,12,1,1,1,22,27,10,10,0,0,0,1,0,0,38,0,1,8,12,5,13.126,1,1,8,12,5,13.126,1,10.8,1.4,1.74,1
1,4,1,6,1,3,1,22,27,8,8,0,0,0,1,0,0,32,0,4,10,20,4,11.5,2,3,9,13,3,11.666666666666666,2,15.5,2.8,-4.06,0
1,1,1,16,1,1,1,1,27,10,10,1,0,0,1,0,0,19,0,0,6,11,3,10.333333333333334,0,0,6,10,5,11.8,0,9.4,-0.8,-3.12,1
1,8,3,5,1,1,1,3,1,5,5,1,0,0,1,0,0,19,0,0,6,6,6,13.5,0,0,6,7,6,13.428571428571429,0,8.9,1.4,3.51,2
2,12,1,9,1,1,1,22,27,10,10,0,0,0,1,0,0,35,0,0,1,1,0,0.0,1,0,5,0,0,0.0,0,10.8,1.4,1.74,0
1,1,1,9,1,1,1,23,14,4,11,1,0,0,1,0,0,20,0,0,5,5,4,12.0,0,0,4,4,2,11.5,0,7.6,2.6,0.32,1
1,8,1,16,1,1,1,13,14,4,5,0,0,0,1,0,0,29,0,2,8,10,7,11.142857142857142,0,2,8,11,8,11.375,0,12.7,3.7,-1.7,2
1,1,1,17,0,1,1,22,27,10,10,0,0,0,1,0,0,29,0,0,5,11,5,11.4,0,0,5,10,4,10.25,0,15.5,2.8,-4.06,1
1,1,5,12,1,1,1,22,27,8,8,1,0,0,1,0,1,19,0,0,8,8,7,12.771428571428572,1,0,8,8,7,12.771428571428572,1,9.4,-0.8,-3.12,1
1,1,6,12,1,1,1,23,14,8,10,1,0,0,1,0,1,18,0,0,8,8,7,13.79857142857143,0,0,8,8,7,13.79857142857143,0,10.8,1.4,1.74,2
2,12,1,3,0,12,1,23,14,1,11,0,0,1,0,0,0,25,0,0,6,7,6,13.333333333333334,0,0,6,6,6,13.5,0,7.6,2.6,0.32,2
4,12,1,3,0,12,1,22,27,10,10,0,0,1,0,0,0,50,0,0,6,11,0,0.0,0,0,5,6,0,0.0,0,8.9,1.4,3.51,0
2,1,1,9,1,1,1,19,24,1,1,0,0,0,1,0,0,24,0,14,15,17,14,11.357142857142858,0,13,14,15,13,12.846153846153848,0,7.6,2.6,0.32,0
1,1,5,7,1,1,1,23,14,6,4,0,0,0,1,0,0,18,0,0,5,11,0,0.0,0,0,5,8,0,0.0,0,9.4,-0.8,-3.12,0
1,8,1,6,1,1,1,23,28,29,38,1,0,0,1,0,0,20,0,0,6,13,6,15.692307692307692,0,0,6,13,5,14.428571428571429,0,15.5,2.8,-4.06,2
1,7,1,4,1,1,1,1,27,5,10,1,0,1,1,0,1,20,0,13,18,19,18,15.052631578947368,0,11,13,13,13,14.538461538461538,0,15.5,2.8,-4.06,2
1,14,1,17,0,1,1,22,27,10,10,0,0,0,1,0,0,21,0,6,10,20,6,11.5,0,5,10,17,5,12.4,0,9.4,-0.8,-3.12,0
1,12,1,10,1,1,1,23,1,10,4,0,0,1,1,1,0,28,0,2,8,15,7,11.0,0,0,6,17,1,10.0,0,10.8,1.4,1.74,1
1,1,1,11,1,1,1,23,27,10,8,0,0,0,1,1,1,19,0,0,6,6,6,13.0,0,0,6,6,6,13.166666666666666,0,12.4,0.5,1.79,2
1,1,1,12,1,1,1,22,27,10,8,0,0,0,1,1,1,18,0,0,8,8,8,12.93875,0,0,8,8,8,12.93875,0,9.4,-0.8,-3.12,2
1,8,1,2,1,1,1,22,27,10,10,0,0,0,1,1,0,22,0,0,0,0,0,0.0,0,0,0,0,0,0.0,0,12.7,3.7,-1.7,2
1,15,1,4,1,14,1,22,27,10,11,0,0,0,1,1,0,25,0,0,6,6,0,0.0,0,0,6,8,0,0.0,0,15.5,2.8,-4.06,0
2,12,1,12,1,1,1,22,27,10,10,0,0,0,0,1,0,37,0,0,7,10,5,13.0,0,0,7,9,5,12.88,0,11.1,0.6,2.02,0
1,12,1,12,1,1,1,22,27,8,8,0,0,0,0,1,0,38,0,0,7,11,5,12.18,0,0,7,11,4,11.8125,0,11.1,0.6,2.02,0
2,12,1,14,1,1,1,13,28,10,10,0,0,0,1,1,0,36,0,0,6,13,3,11.333333333333334,0,0,6,12,5,11.4,0,13.9,-0.3,0.79,0
1,1,2,12,1,1,1,13,1,10,10,1,0,0,1,1,0,18,0,0,8,8,7,13.0,0,0,8,8,7,13.0,0,12.7,3.7,-1.7,2
1,1,1,14,1,1,1,1,1,1,1,0,0,0,0,1,0,19,0,0,5,5,0,0.0,0,0,6,0,0,0.0,0,9.4,-0.8,-3.12,0
1,12,1,8,1,1,1,1,1,5,11,0,0,1,1,1,0,24,0,0,5,13,2,12.5,2,0,5,8,3,12.333333333333334,0,9.4,-0.8,-3.12,0
1,1,1,10,1,1,1,1,1,4,4,0,0,0,1,1,0,20,0,0,6,9,5,11.0,0,0,6,9,5,12.166666666666666,0,11.1,0.6,2.02,2
1,1,1,2,1,1,1,22,27,10,10,1,0,0,1,1,0,21,0,0,0,0,0,0.0,0,0,0,0,0,0.0,0,12.7,3.7,-1.7,0
2,14,3,17,0,1,1,22,27,10,10,1,0,0,1,1,0,32,0,0,5,5,0,0.0,0,0,5,5,0,0.0,0,7.6,2.6,0.32,0
2,12,1,17,0,12,1,23,28,8,9,0,0,0,1,1,0,39,0,0,5,9,0,0.0,0,0,5,5,1,10.0,0,12.7,3.7,-1.7,0
1,4,1,7,1,3,1,22,27,10,10,0,0,0,0,1,0,33,0,0,5,6,0,0.0,0,0,5,5,0,0.0,0,12.7,3.7,-1.7,0
1,8,2,14,1,1,1,22,28,6,9,0,0,0,1,1,1,20,0,0,5,5,5,12.4,0,0,5,5,4,10.75,0,9.4,-0.8,-3.12,2
1,1,1,4,1,1,1,23,14,10,8,0,0,0,1,1,0,19,0,0,6,8,6,15.5,0,0,6,10,6,14.1,0,16.2,0.3,-0.92,2
2,12,1,17,0,1,1,22,27,6,9,0,0,0,0,1,0,43,0,0,5,13,2,11.5,0,0,5,12,3,10.8,0,13.9,-0.3,0.79,0
2,14,1,17,0,1,1,22,27,8,9,0,0,0,1,1,0,49,0,0,5,7,4,13.333333333333334,0,0,5,9,4,11.6,1,16.2,0.3,-0.92,0
1,1,2,15,1,1,1,23,28,6,8,1,0,0,1,1,1,18,0,0,6,8,6,12.666666666666666,0,0,6,6,6,13.5,0,12.7,3.7,-1.7,2
1,12,1,4,1,1,1,1,27,29,44,0,0,0,1,1,0,27,0,0,6,6,0,0.0,0,0,6,6,0,0.0,0,11.1,0.6,2.02,1
1,1,1,9,1,1,1,1,14,10,10,1,0,0,1,1,1,19,0,0,5,8,5,12.6,0,0,5,9,5,13.6,0,8.9,1.4,3.51,0
1,12,1,5,1,1,1,22,27,10,11,0,0,1,1,1,1,45,0,0,6,6,6,13.5,0,0,6,6,0,0.0,0,16.2,0.3,-0.92,0
1,6,1,14,1,1,1,22,10,10,10,1,0,0,0,1,0,19,0,0,6,6,6,13.0,0,0,6,8,6,13.0,0,13.9,-0.3,0.79,2
1,15,1,4,1,14,1,1,3,10,7,0,0,0,1,1,1,21,0,0,6,15,6,11.714285714285714,0,0,6,8,4,11.75,0,13.9,-0.3,0.79,2
1,1,1,14,1,1,1,1,1,6,10,0,0,0,1,1,1,18,0,0,6,8,6,12.166666666666666,0,0,6,7,5,13.0,0,13.9,-0.3,0.79,2
1,8,3,9,1,1,1,22,27,6,8,0,0,0,1,1,0,18,0,0,5,10,0,0.0,1,0,5,13,0,0.0,0,9.4,-0.8,-3.12,0
1,8,1,11,1,1,1,22,27,6,2,0,0,0,0,1,0,29,0,0,6,12,0,0.0,0,0,6,6,0,0.0,6,9.4,-0.8,-3.12,0
1,1,1,14,1,1,1,1,1,5,10,0,0,0,1,1,0,19,0,0,5,6,5,11.5,0,0,5,5,5,11.6,0,9.4,-0.8,-3.12,2
1,1,1,9,1,1,1,13,14,10,8,1,0,0,1,1,1,18,0,0,5,7,4,11.25,0,0,5,6,4,12.25,0,12.4,0.5,1.79,1
1,15,1,5,1,14,1,1,1,10,10,0,0,0,1,1,1,22,0,2,7,7,7,12.285714285714286,0,5,9,10,8,12.375,0,12.4,0.5,1.79,2
1,8,6,12,1,1,1,1,1,5,4,1,0,0,1,1,1,18,0,0,7,7,7,12.718571428571428,0,0,8,11,8,12.805555555555555,0,11.1,0.6,2.02,0
1,15,1,8,1,14,1,1,14,5,8,0,0,0,1,1,0,20,0,2,6,12,5,12.4,0,1,6,11,2,15.0,0,13.9,-0.3,0.79,1
1,1,1,2,1,1,1,13,14,2,2,1,0,0,1,1,0,20,0,0,0,0,0,0.0,0,0,0,0,0,0.0,0,10.8,1.4,1.74,0
4,12,1,14,1,12,1,22,27,10,8,0,0,1,1,1,1,29,0,0,6,16,1,14.0,0,0,6,7,0,0.0,0,11.1,0.6,2.02,0
1,12,1,14,1,1,1,9,9,12,5,1,0,0,1,1,0,29,0,0,5,10,3,11.666666666666666,0,0,5,8,4,11.25,0,7.6,2.6,0.32,0
1,14,1,15,1,1,1,1,1,5,6,1,0,0,1,1,0,23,0,0,6,15,1,13.0,0,0,6,8,4,11.25,0,9.4,-0.8,-3.12,1
1,8,1,2,1,1,1,3,10,3,10,1,0,1,1,1,0,19,0,0,0,0,0,0.0,0,0,0,0,0,0.0,0,10.8,1.4,1.74,0
1,1,1,7,1,1,1,23,28,10,10,1,0,0,1,1,0,18,0,0,5,10,0,0.0,0,0,5,11,1,12.0,3,7.6,2.6,0.32,0
2,13,1,11,1,1,1,2,2,19,17,1,0,0,1,1,0,22,0,2,6,13,4,11.5,0,2,6,12,2,12.5,0,7.6,2.6,0.32,0
1,14,1,17,0,1,1,22,27,10,10,1,0,1,1,1,0,34,0,6,10,10,7,11.714285714285714,0,4,10,10,6,11.5,0,10.8,1.4,1.74,0
1,14,1,17,0,4,1,3,3,3,2,0,0,0,1,1,0,26,0,0,5,7,5,12.6,0,0,5,7,5,13.714285714285714,0,13.9,-0.3,0.79,2
1,8,1,2,1,1,1,22,27,8,10,1,0,0,1,1,0,24,0,12,17,19,13,11.642857142857142,0,12,17,25,12,11.25,0,11.1,0.6,2.02,0
1,1,1,14,1,1,1,1,1,10,9,1,0,0,1,1,1,17,0,0,6,8,6,14.875,0,0,6,8,6,13.428571428571429,0,11.1,0.6,2.02,2
1,14,4,14,1,1,1,3,3,5,5,0,0,0,1,1,0,21,0,0,5,11,2,10.0,0,0,5,10,3,10.333333333333334,0,9.4,-0.8,-3.12,1
2,12,1,17,0,1,1,1,4,5,3,0,0,0,1,1,0,34,0,0,5,5,5,14.2,0,0,5,5,5,14.6,0,12.7,3.7,-1.7,1
1,15,1,4,1,14,1,13,28,7,8,1,0,0,1,1,0,19,0,0,6,8,6,12.714285714285714,0,0,6,9,6,13.5,0,12.4,0.5,1.79,2
2,12,1,4,1,1,1,1,3,5,3,0,0,1,0,1,0,49,0,4,12,16,5,11.6,0,2,7,7,5,11.2,0,8.9,1.4,3.51,0
1,14,1,12,1,1,1,2,4,5,6,0,0,0,1,1,0,23,0,0,7,14,5,11.94,0,0,7,14,6,12.2,0,13.9,-0.3,0.79,0
1,9,3,7,1,1,1,1,14,10,9,1,0,0,1,1,0,18,0,0,5,10,4,11.6,0,0,5,9,3,14.2,0,12.4,0.5,1.79,0
1,1,1,12,1,1,1,10,1,5,11,0,0,0,1,1,0,20,0,0,7,9,5,12.7,0,0,8,9,7,13.475,0,13.9,-0.3,0.79,1
1,1,3,14,1,1,1,3,1,3,4,1,0,0,1,1,0,19,0,0,6,6,6,13.333333333333334,0,0,6,9,5,13.8,0,8.9,1.4,3.51,2
1,13,1,4,1,14,1,3,1,3,7,1,0,0,1,1,0,24,0,4,9,13,8,13.333333333333334,0,5,10,12,9,13.11111111111111,0,16.2,0.3,-0.92,1
1,1,1,9,1,1,1,1,28,5,8,1,0,0,1,1,0,18,0,0,5,5,5,13.4,0,0,5,5,5,15.0,0,8.9,1.4,3.51,2
2,12,1,11,1,12,1,19,24,1,1,0,0,1,0,1,0,45,0,0,6,12,0,0.0,0,0,6,12,0,0.0,0,9.4,-0.8,-3.12,0
1,12,1,17,0,1,1,19,24,1,1,1,0,0,1,1,0,30,0,0,5,5,2,11.0,0,0,5,5,0,0.0,0,7.6,2.6,0.32,0
1,16,1,17,0,14,1,1,4,5,11,0,0,0,1,1,0,28,0,13,15,17,13,12.0,0,9,13,13,9,11.333333333333334,0,8.9,1.4,3.51,0
1,12,1,17,0,1,1,22,27,10,10,0,0,0,1,1,0,40,0,0,5,0,0,0.0,0,0,5,0,0,0.0,0,12.7,3.7,-1.7,0
1,12,2,9,1,12,1,23,14,5,11,0,0,0,0,1,0,32,0,0,5,5,0,0.0,0,0,5,9,0,0.0,0,10.8,1.4,1.74,0
1,8,5,11,1,1,1,13,27,6,6,1,0,0,1,1,0,19,0,0,6,12,4,12.5,0,0,6,12,4,10.25,0,7.6,2.6,0.32,0
1,1,1,5,1,1,1,1,14,4,10,1,0,0,1,1,0,20,0,0,6,7,6,13.666666666666666,0,0,6,7,6,12.166666666666666,1,16.2,0.3,-0.92,2
1,8,1,7,1,1,1,1,3,5,3,0,0,0,1,1,0,18,0,0,5,10,1,10.0,0,0,5,7,0,0.0,0,9.4,-0.8,-3.12,0
1,8,1,14,1,1,1,23,27,10,10,0,0,0,0,1,0,20,0,0,6,6,6,11.5,0,0,6,9,2,13.0,0,10.8,1.4,1.74,0
1,12,1,17,0,1,1,22,28,10,5,0,0,0,1,1,0,39,0,0,5,7,4,12.25,0,0,5,7,4,12.75,0,15.5,2.8,-4.06,1
1,8,1,6,1,1,1,13,28,5,9,0,0,0,0,1,0,19,0,0,6,11,5,13.6,0,0,6,11,5,13.666666666666666,0,11.1,0.6,2.02,1
1,12,1,17,0,9,1,22,27,10,10,0,0,0,1,1,0,38,0,0,5,11,2,10.5,0,0,5,9,3,11.333333333333334,1,7.6,2.6,0.32,1
1,8,3,12,1,1,1,13,27,5,10,1,0,0,1,1,1,18,0,0,7,7,6,13.266666666666666,0,0,7,7,6,13.266666666666666,0,7.6,2.6,0.32,2
1,8,4,12,1,1,1,13,28,10,7,1,0,0,1,1,1,18,0,0,7,8,7,12.5125,0,0,8,8,8,14.1875,0,13.9,-0.3,0.79,2
2,14,1,8,1,7,1,19,24,1,1,0,0,0,1,1,0,28,0,0,5,9,0,0.0,0,0,5,5,0,0.0,0,7.6,2.6,0.32,0
1,12,1,14,1,1,1,22,27,10,10,1,0,0,0,1,0,31,0,0,6,14,0,0.0,0,0,6,6,0,0.0,0,12.7,3.7,-1.7,0
1,1,1,12,1,1,1,2,14,4,10,0,0,0,1,1,0,23,0,0,7,7,6,13.483333333333334,0,0,7,7,6,13.483333333333334,0,7.6,2.6,0.32,2
1,1,1,12,1,1,1,23,14,32,44,1,0,0,1,1,0,21,0,0,7,9,6,12.565,0,0,8,12,5,12.16,0,11.1,0.6,2.02,1
1,12,1,10,1,12,1,22,27,10,10,0,0,1,0,1,0,33,0,0,6,8,0,0.0,0,0,5,6,0,0.0,0,16.2,0.3,-0.92,0
1,14,1,9,1,1,1,22,27,6,4,0,0,0,1,1,0,22,0,0,5,9,3,13.0,0,0,5,9,3,11.666666666666666,0,12.7,3.7,-1.7,0
1,15,1,7,1,14,1,13,27,10,10,1,0,1,1,1,0,20,0,0,5,6,5,16.5,0,0,5,7,5,17.714285714285715,0,12.4,0.5,1.79,0
1,8,1,14,1,1,1,22,28,4,4,0,0,1,1,1,0,19,0,0,6,7,6,13.166666666666666,0,0,6,9,5,13.2,0,8.9,1.4,3.51,1
1,15,1,6,1,14,1,23,28,5,2,1,0,0,1,1,0,20,0,1,6,11,6,13.8,0,1,6,7,6,13.142857142857142,0,16.2,0.3,-0.92,2
1,12,1,11,1,9,1,22,27,6,8,1,0,0,1,1,0,25,0,0,6,7,6,11.166666666666666,0,0,6,11,4,11.8,0,9.4,-0.8,-3.12,1
1,12,1,4,1,1,1,1,1,10,5,0,0,0,0,1,0,25,0,0,6,0,0,0.0,0,0,6,0,0,0.0,0,13.9,-0.3,0.79,0
1,1,4,5,1,1,1,4,14,3,11,1,0,0,1,1,0,19,0,0,6,7,6,12.666666666666666,0,0,6,8,6,12.142857142857142,0,9.4,-0.8,-3.12,1
1,1,1,14,1,1,1,2,1,3,5,1,0,0,1,1,0,20,0,0,5,5,5,12.6,0,0,5,6,4,14.5,1,7.6,2.6,0.32,2
2,12,1,12,1,12,1,13,14,5,5,0,0,0,1,1,0,33,0,0,7,7,5,13.06,0,0,7,9,0,0.0,0,16.2,0.3,-0.92,1
1,8,5,15,1,1,1,1,27,6,6,1,0,0,1,1,0,19,0,0,6,7,6,13.833333333333334,0,0,6,8,6,13.625,0,7.6,2.6,0.32,2
1,12,1,8,1,12,1,19,24,13,13,0,0,0,1,1,0,31,0,0,5,5,0,0.0,0,0,5,5,0,0.0,0,7.6,2.6,0.32,0
1,15,1,7,1,14,1,3,28,3,4,0,0,1,0,1,0,24,0,2,6,6,2,16.0,0,2,7,7,2,16.0,0,8.9,1.4,3.51,0
1,15,1,7,1,14,1,13,3,4,5,0,0,1,0,1,0,23,0,0,5,5,0,0.0,0,0,5,5,0,0.0,0,15.5,2.8,-4.06,0
2,12,1,17,0,1,1,1,3,2,3,0,0,0,0,1,1,26,0,0,5,12,3,10.666666666666666,0,0,5,11,3,10.666666666666666,0,9.4,-0.8,-3.12,0
2,14,1,5,1,2,1,22,27,7,7,1,0,0,1,1,0,38,0,14,18,18,18,14.5,0,13,18,18,18,14.5,0,16.2,0.3,-0.92,2
1,1,6,7,1,1,1,13,14,8,4,1,0,0,1,1,1,20,0,0,5,6,5,14.0,0,0,5,7,5,13.8,0,8.9,1.4,3.51,2
1,8,5,7,1,1,1,1,14,10,10,1,0,0,1,1,0,20,0,0,5,10,3,13.333333333333334,0,0,5,11,5,13.571428571428571,0,12.4,0.5,1.79,2
1,12,1,6,1,12,1,3,1,3,6,0,0,0,1,1,0,25,0,0,6,0,0,0.0,0,0,6,0,0,0.0,0,10.8,1.4,1.74,0
1,8,2,5,1,1,1,1,14,22,29,1,0,0,1,1,0,19,0,0,6,9,5,12.0,0,0,6,10,4,11.2,0,8.9,1.4,3.51,2
1,8,1,7,1,1,1,1,28,5,6,0,0,0,1,1,0,18,0,0,5,6,5,16.2,0,0,5,8,5,16.0,0,8.9,1.4,3.51,2
1,14,1,17,0,9,1,10,10,10,10,0,0,0,1,1,0,28,0,7,13,13,7,10.285714285714286,0,5,11,13,5,10.6,0,10.8,1.4,1.74,0
1,1,2,7,1,1,1,13,14,10,10,1,0,0,1,1,0,18,0,0,5,5,0,0.0,0,0,5,5,0,0.0,0,9.4,-0.8,-3.12,1
1,1,1,11,1,1,1,1,28,10,10,1,0,0,1,1,1,20,0,0,6,7,6,13.571428571428571,0,0,6,8,6,13.166666666666666,0,8.9,1.4,3.51,2
1,1,1,8,1,1,1,4,3,4,4,0,0,0,1,1,0,18,0,0,6,7,6,14.285714285714286,0,0,6,9,6,14.857142857142858,0,11.1,0.6,2.02,2
1,8,3,9,1,1,1,1,1,4,4,1,0,0,1,1,0,19,0,0,5,7,5,10.2,0,0,5,6,4,10.5,0,12.4,0.5,1.79,2
1,13,1,12,1,1,1,13,14,10,10,0,0,1,1,1,0,24,0,0,8,16,2,10.25,1,0,8,16,2,10.25,1,12.7,3.7,-1.7,0
1,8,4,6,1,1,1,1,3,6,6,1,0,0,1,1,0,21,0,0,6,0,0,0.0,0,0,6,0,0,0.0,0,10.8,1.4,1.74,0
1,1,1,14,1,1,1,3,27,5,8,0,0,0,1,1,1,20,0,0,6,7,6,14.833333333333334,0,0,6,6,6,14.833333333333334,0,12.7,3.7,-1.7,2
1,15,1,4,1,14,1,13,1,10,9,1,0,0,1,1,0,21,0,0,6,12,5,13.625,0,0,6,6,5,12.6,0,13.9,-0.3,0.79,2
2,1,1,13,1,1,1,13,14,31,29,0,0,1,1,1,0,24,0,0,7,7,7,12.271428571428572,0,0,8,10,7,13.657142857142857,0,10.8,1.4,1.74,2
1,12,1,17,0,1,1,23,27,10,10,0,0,0,1,1,0,27,0,0,5,0,0,0.0,0,0,5,0,0,0.0,0,10.8,1.4,1.74,0
1,8,6,9,1,1,1,22,28,10,10,1,0,1,0,1,0,19,0,0,5,8,4,12.5,0,0,5,9,5,10.5,0,8.9,1.4,3.51,1
1,12,1,3,0,1,1,3,14,5,8,0,0,0,1,1,0,39,0,3,9,10,9,13.22222222222222,0,2,7,8,7,13.142857142857142,0,8.9,1.4,3.51,2
1,12,1,1,1,1,1,13,27,10,10,0,0,0,1,1,0,25,0,0,7,13,2,15.0,0,0,7,12,2,11.5,0,12.4,0.5,1.79,0
1,4,1,2,1,3,1,1,2,10,3,0,0,0,0,1,0,18,0,0,0,0,0,0.0,0,0,0,0,0,0.0,0,9.4,-0.8,-3.12,0
1,14,1,5,1,1,1,1,2,10,3,0,0,0,1,1,0,19,0,6,12,12,12,13.166666666666666,0,6,12,12,12,13.0,0,10.8,1.4,1.74,2
1,9,1,15,1,1,1,23,27,10,9,0,0,0,1,1,1,21,0,0,6,8,5,13.833333333333334,0,0,6,6,4,14.0,0,13.9,-0.3,0.79,2
1,4,1,17,0,15,1,1,3,5,3,0,0,0,1,1,0,27,0,0,5,0,0,0.0,0,0,5,0,0,0.0,0,8.9,1.4,3.51,0
1,1,3,9,1,1,1,1,1,6,4,1,0,0,1,1,0,19,0,0,5,6,0,0.0,0,0,5,6,0,0.0,0,7.6,2.6,0.32,1
1,8,3,12,1,1,1,3,1,3,8,1,0,0,1,1,0,18,0,0,8,8,7,13.154285714285717,0,0,8,8,7,13.154285714285717,0,10.8,1.4,1.74,1
1,4,1,14,1,3,1,16,27,4,4,1,0,0,1,1,0,27,0,7,12,12,9,12.333333333333334,0,6,11,11,6,13.166666666666666,0,9.4,-0.8,-3.12,0
1,1,3,15,1,1,1,13,28,9,4,1,0,1,1,1,0,18,0,0,6,6,6,13.0,0,0,6,7,5,11.8,0,12.7,3.7,-1.7,0
1,1,1,8,1,1,1,2,3,10,2,0,0,0,1,1,0,19,0,0,5,14,2,11.5,2,0,5,8,5,11.4,3,9.4,-0.8,-3.12,1
1,15,1,4,1,14,1,13,28,10,11,0,0,0,1,1,0,19,0,0,6,15,3,13.25,0,0,6,9,1,12.0,0,13.9,-0.3,0.79,0
1,15,1,4,1,14,1,13,1,2,2,0,0,0,1,1,0,22,0,0,6,12,3,13.333333333333334,0,0,6,12,3,12.75,0,15.5,2.8,-4.06,1
1,7,2,10,1,1,1,13,28,5,6,1,0,0,1,0,0,18,0,0,6,6,6,13.5,0,0,6,6,6,12.166666666666666,0,10.8,1.4,1.74,2
1,7,4,15,1,1,1,22,27,10,4,1,0,0,1,0,1,18,0,0,6,7,6,12.666666666666666,0,0,6,8,5,12.8,0,10.8,1.4,1.74,2
1,14,1,9,1,1,1,4,14,3,2,0,0,0,1,0,0,23,0,7,11,18,11,15.090909090909092,1,2,6,7,6,14.5,0,9.4,-0.8,-3.12,0
1,9,4,2,1,1,1,1,4,10,6,1,0,1,0,1,0,20,0,0,0,0,0,0.0,0,0,0,0,0,0.0,0,9.4,-0.8,-3.12,0
1,8,3,15,1,1,1,2,1,4,4,1,0,0,1,1,0,18,0,0,6,7,6,13.166666666666666,0,0,6,7,6,12.666666666666666,0,16.2,0.3,-0.92,2
1,1,4,15,1,1,1,13,14,10,8,1,0,0,1,1,0,18,0,0,6,6,6,12.833333333333334,0,0,6,8,6,12.833333333333334,0,12.4,0.5,1.79,2
1,8,3,7,1,1,1,1,14,20,44,1,0,0,1,1,0,18,0,0,5,7,5,11.8,0,0,5,9,3,12.0,0,8.9,1.4,3.51,1
1,8,2,15,1,1,1,13,1,10,10,1,0,0,1,1,0,20,0,0,6,6,6,11.833333333333334,0,0,6,6,6,12.166666666666666,0,12.7,3.7,-1.7,2
1,1,3,15,1,1,1,3,1,3,5,1,0,0,1,1,0,20,0,0,6,6,5,12.8,0,0,6,11,3,12.75,0,15.5,2.8,-4.06,2
1,15,1,5,1,14,1,1,1,5,5,0,0,0,1,1,0,21,0,2,7,7,5,11.8,0,5,9,9,5,11.0,0,12.4,0.5,1.79,0
1,14,1,2,1,1,1,13,14,10,5,0,0,0,1,1,0,22,0,0,0,0,0,0.0,0,0,0,0,0,0.0,0,13.9,-0.3,0.79,1
1,8,1,7,1,1,1,13,1,6,5,1,0,0,1,1,0,20,0,0,5,7,5,15.8,0,0,5,7,5,14.571428571428571,0,11.1,0.6,2.02,0
1,1,1,2,1,1,1,1,27,10,10,0,0,1,1,1,0,19,0,0,0,0,0,0.0,0,0,0,0,0,0.0,0,15.5,2.8,-4.06,1
1,15,1,7,1,14,1,23,14,10,6,1,0,0,1,1,0,19,0,0,5,9,2,12.5,0,0,5,10,3,11.6,0,12.4,0.5,1.79,1
1,8,1,14,1,1,1,1,1,5,5,1,0,0,1,1,0,20,0,0,6,9,6,14.666666666666666,0,0,6,7,6,13.857142857142858,0,8.9,1.4,3.51,2
1,15,1,6,1,14,1,13,27,6,8,1,0,0,1,1,0,19,0,2,6,10,4,12.5,0,1,6,16,2,12.0,0,12.4,0.5,1.79,0
1,1,1,7,1,1,1,1,10,4,4,1,0,0,1,1,0,19,0,0,5,7,3,12.0,0,0,6,10,2,10.5,0,11.1,0.6,2.02,0
1,6,1,7,1,1,14,2,2,3,3,0,0,1,1,1,0,24,1,2,8,8,7,13.142857142857142,0,1,6,8,6,11.833333333333334,0,8.9,1.4,3.51,1
1,8,1,14,1,1,1,13,1,6,5,0,0,1,1,1,0,18,0,0,6,6,3,12.666666666666666,0,0,6,11,4,11.142857142857142,0,10.8,1.4,1.74,0
1,1,1,7,1,1,1,13,14,10,9,0,0,0,0,1,1,18,0,0,5,6,5,15.0,0,0,5,6,5,14.2,0,8.9,1.4,3.51,1
1,1,1,10,1,1,1,13,28,10,8,1,0,1,1,0,0,18,0,0,6,7,5,13.6,0,0,6,7,5,11.8,0,8.9,1.4,3.51,0
1,8,5,15,1,1,1,1,1,8,8,1,0,0,1,0,0,18,0,0,6,6,6,12.5,0,0,6,6,6,13.833333333333334,0,8.9,1.4,3.51,2
1,8,1,10,1,1,1,13,27,10,10,1,0,0,1,0,1,21,0,0,6,7,6,13.333333333333334,0,0,6,7,6,13.5,0,12.4,0.5,1.79,2
1,6,1,6,1,1,14,22,27,10,10,0,0,0,1,0,0,18,1,0,6,13,4,12.25,0,0,6,15,5,11.0,0,11.1,0.6,2.02,0
1,1,1,12,1,1,1,1,14,4,4,1,0,0,1,0,1,18,0,0,7,7,7,15.101428571428572,0,0,8,8,8,16.09375,0,11.1,0.6,2.02,2
1,1,2,10,1,1,1,13,27,10,10,1,0,0,1,0,1,18,0,0,6,6,6,13.166666666666666,0,0,6,6,6,16.0,0,10.8,1.4,1.74,2
1,9,6,3,0,1,1,3,14,3,5,1,0,0,1,0,0,23,0,0,6,8,4,11.0,0,0,6,6,0,0.0,0,13.9,-0.3,0.79,0
1,1,2,9,1,1,1,3,14,3,5,1,0,0,1,0,0,21,0,0,5,9,3,11.666666666666666,0,0,5,9,4,11.75,0,8.9,1.4,3.51,2
1,1,1,10,1,1,1,13,28,8,6,0,0,0,1,0,0,20,0,0,6,13,1,10.0,0,0,6,13,1,13.0,0,9.4,-0.8,-3.12,1
1,8,1,3,0,1,1,19,24,1,1,1,0,0,1,0,0,26,0,4,7,15,7,11.571428571428571,0,2,6,14,2,11.0,0,7.6,2.6,0.32,0
1,1,6,15,1,1,1,1,14,5,5,1,0,0,1,0,1,18,0,0,6,6,6,12.166666666666666,0,0,6,10,5,11.2,0,7.6,2.6,0.32,1
1,1,1,2,1,1,1,3,27,10,10,1,0,0,1,0,0,18,0,0,0,0,0,0.0,0,0,0,0,0,0.0,0,16.2,0.3,-0.92,0
1,1,1,14,1,1,1,13,14,10,9,0,0,0,0,0,1,19,0,0,6,6,6,13.833333333333334,0,0,6,7,6,14.285714285714286,0,8.9,1.4,3.51,2
1,1,3,12,1,1,1,13,1,10,4,1,0,0,1,0,1,20,0,0,7,10,6,12.357142857142858,0,0,8,9,7,13.0,0,13.9,-0.3,0.79,2
1,1,3,15,1,1,1,23,14,8,8,1,0,1,0,0,0,19,0,0,6,7,6,12.166666666666666,0,0,6,10,2,10.333333333333334,0,16.2,0.3,-0.92,0
1,15,1,10,1,14,1,22,14,29,15,1,0,1,1,0,0,21,0,3,6,8,3,12.0,0,2,6,6,2,12.5,0,12.4,0.5,1.79,1
1,12,1,11,1,1,1,22,27,5,7,0,0,0,1,0,0,33,0,5,10,14,9,12.416666666666666,0,5,9,14,7,13.0,0,10.8,1.4,1.74,2
1,1,2,6,1,1,1,3,28,5,7,0,0,0,1,0,0,18,0,0,5,7,4,12.75,0,0,5,6,4,12.75,0,7.6,2.6,0.32,2
1,13,1,12,1,6,1,22,1,10,5,0,0,0,1,0,0,21,0,12,21,33,18,14.933333333333334,12,12,21,33,18,14.933333333333334,12,7.6,2.6,0.32,2
1,1,1,15,1,1,1,3,14,3,4,1,0,0,1,0,0,19,0,0,6,6,6,13.0,0,0,6,7,6,11.666666666666666,0,8.9,1.4,3.51,2
4,12,1,16,1,12,1,23,14,10,10,0,0,1,0,0,0,33,0,0,7,7,7,12.857142857142858,0,0,7,8,6,12.666666666666666,0,8.9,1.4,3.51,1
2,1,4,12,1,1,1,23,28,6,6,1,0,0,1,0,0,18,0,0,7,10,7,14.455000000000002,0,0,8,8,8,13.91,0,15.5,2.8,-4.06,2
1,1,1,14,1,1,1,1,14,5,5,0,0,0,1,0,1,18,0,0,6,8,6,14.0,0,0,6,7,6,13.285714285714286,0,11.1,0.6,2.02,2
1,1,3,15,1,1,1,13,28,5,5,1,0,0,1,0,1,20,0,0,6,6,6,13.5,0,0,6,7,6,12.666666666666666,0,11.1,0.6,2.02,2
1,1,2,11,1,1,1,22,27,7,7,1,0,0,0,0,0,20,0,0,6,0,0,0.0,0,0,6,0,0,0.0,0,11.1,0.6,2.02,0
1,8,2,3,0,1,1,13,1,2,2,0,0,0,1,0,1,20,0,0,6,6,6,11.666666666666666,0,0,6,12,5,14.0,0,10.8,1.4,1.74,2
1,8,1,6,1,1,1,1,27,5,10,1,0,0,1,0,1,19,0,0,5,6,4,12.0,0,0,5,8,5,13.333333333333334,1,10.8,1.4,1.74,2
1,1,3,10,1,1,1,23,27,9,9,1,0,0,1,0,1,19,0,0,6,7,6,11.714285714285714,0,0,6,6,6,11.833333333333334,0,13.9,-0.3,0.79,2
1,8,3,10,1,1,1,26,1,3,4,1,0,0,1,0,0,21,0,0,6,8,6,12.666666666666666,0,0,6,7,6,12.428571428571429,0,11.1,0.6,2.02,2
1,12,1,6,1,1,1,3,3,5,3,1,0,0,1,0,0,26,0,0,6,11,3,11.75,0,0,6,19,4,12.8,0,12.4,0.5,1.79,1
1,8,1,10,1,1,1,22,27,9,7,0,0,0,1,0,0,21,0,0,6,0,0,0.0,0,0,6,0,0,0.0,0,16.2,0.3,-0.92,0
1,1,4,12,1,1,1,13,28,6,6,1,0,0,1,0,0,18,0,0,8,8,7,12.328571428571427,0,0,8,8,7,12.328571428571427,0,12.7,3.7,-1.7,2
5,12,1,16,1,12,1,22,27,10,9,0,0,0,1,0,0,27,0,0,7,14,6,11.666666666666666,0,0,7,10,1,10.0,0,12.4,0.5,1.79,0
1,14,1,5,1,1,1,1,28,4,10,1,0,0,1,0,1,20,0,5,12,12,12,13.25,0,5,12,12,11,12.727272727272728,0,15.5,2.8,-4.06,2
1,14,1,14,1,14,1,13,3,8,11,0,0,0,1,0,0,21,0,0,6,8,5,11.833333333333334,0,0,6,8,4,13.25,2,16.2,0.3,-0.92,1
1,8,1,13,1,1,1,23,27,10,10,1,0,0,1,0,1,18,0,0,7,7,7,13.3,0,0,8,8,8,15.125,0,15.5,2.8,-4.06,2
1,15,1,6,1,14,1,1,14,10,10,1,0,0,1,0,0,20,0,1,6,13,6,12.555555555555555,0,1,6,11,5,11.8,0,16.2,0.3,-0.92,1
1,1,1,15,1,1,1,1,14,5,11,1,0,0,1,0,0,18,0,0,6,6,6,12.833333333333334,0,0,6,7,6,12.166666666666666,0,11.1,0.6,2.02,2
1,15,1,10,1,14,1,1,1,4,6,0,0,0,1,0,1,20,0,3,6,6,6,12.833333333333334,0,2,6,6,6,12.833333333333334,0,13.9,-0.3,0.79,2
1,1,2,6,1,1,1,1,14,5,11,1,0,0,1,0,1,19,0,0,5,10,3,12.666666666666666,1,0,5,7,3,13.0,0,12.7,3.7,-1.7,2
1,1,5,12,1,1,1,22,3,10,3,1,0,0,1,0,0,20,0,0,7,8,6,13.271428571428572,0,0,8,8,7,14.471428571428572,0,13.9,-0.3,0.79,2
1,1,1,17,0,1,1,13,27,6,9,0,0,0,1,0,1,20,0,0,5,5,5,12.4,0,0,5,6,5,12.833333333333334,0,10.8,1.4,1.74,2
1,15,1,6,1,14,1,23,1,6,6,0,0,0,1,0,0,20,0,0,5,10,2,14.5,1,0,5,7,4,11.25,0,12.7,3.7,-1.7,1
1,1,3,10,1,1,1,13,1,8,11,1,0,1,1,0,0,19,0,0,6,7,0,0.0,0,0,5,5,0,0.0,0,13.9,-0.3,0.79,0
1,1,1,15,1,1,1,3,3,15,20,0,0,0,1,0,0,18,0,0,6,7,6,14.285714285714286,0,0,6,8,6,13.25,0,8.9,1.4,3.51,2
1,1,1,6,1,1,1,23,28,10,11,1,0,0,1,0,0,18,0,0,5,7,3,12.333333333333334,0,0,5,9,5,12.6,0,10.8,1.4,1.74,2
1,8,1,12,1,1,1,23,27,10,9,1,0,0,1,0,1,19,0,0,7,10,6,12.583333333333334,0,0,8,8,7,12.671428571428573,0,13.9,-0.3,0.79,2
1,1,6,12,1,1,1,10,27,6,10,1,0,0,1,0,0,19,0,0,7,8,6,13.731666666666667,0,0,8,10,7,13.771428571428572,0,12.4,0.5,1.79,0
1,12,1,4,1,12,1,22,27,10,5,0,0,0,1,1,0,43,0,0,6,8,6,12.875,0,0,6,14,5,12.142857142857142,0,16.2,0.3,-0.92,1
2,13,1,5,1,1,1,22,17,1,5,0,0,0,1,1,0,47,0,8,10,14,8,14.625,0,5,7,7,5,13.4,0,9.4,-0.8,-3.12,0
1,13,1,9,1,1,1,19,24,13,13,1,0,0,0,1,0,23,0,0,3,3,0,0.0,0,0,2,2,0,0.0,0,7.6,2.6,0.32,0
1,1,1,10,1,1,14,13,14,10,10,1,0,1,1,0,1,19,1,0,6,8,6,12.666666666666666,0,0,6,7,6,12.666666666666666,0,8.9,1.4,3.51,2
1,13,1,12,1,1,1,3,3,3,3,1,0,0,1,0,0,20,0,0,8,11,6,12.491666666666667,0,0,8,11,6,12.491666666666667,0,12.7,3.7,-1.7,2
1,1,1,2,1,1,1,1,3,5,5,1,0,0,1,0,1,19,0,6,12,12,12,13.666666666666666,0,4,11,12,11,14.166666666666666,0,8.9,1.4,3.51,2
1,8,1,6,1,1,6,22,27,10,10,1,0,0,1,0,0,19,1,0,6,13,6,16.0,0,0,6,8,6,14.5,0,15.5,2.8,-4.06,2
1,15,1,6,1,14,1,13,27,5,8,1,0,0,1,0,0,19,0,2,6,8,6,14.142857142857142,0,1,6,7,6,13.0,0,13.9,-0.3,0.79,2
1,12,1,3,0,12,1,13,14,22,27,0,0,1,1,0,1,39,0,0,6,9,6,11.833333333333334,0,0,6,9,4,13.75,0,11.1,0.6,2.02,2
1,1,1,5,1,1,1,1,1,4,6,1,0,0,1,0,1,20,0,0,6,6,6,12.666666666666666,0,0,6,8,6,13.0,0,10.8,1.4,1.74,2
1,8,1,5,1,1,1,23,14,10,4,1,0,0,1,0,0,21,0,0,6,6,6,12.5,0,0,6,6,6,12.666666666666666,0,7.6,2.6,0.32,2
1,14,5,10,1,1,10,22,14,10,8,1,0,1,0,0,0,22,1,5,11,16,9,10.88888888888889,0,2,10,20,4,11.25,1,9.4,-0.8,-3.12,2
1,1,2,15,1,1,1,13,28,6,1,1,0,0,1,0,0,19,0,0,6,11,1,13.0,0,0,5,10,0,0.0,0,7.6,2.6,0.32,0
1,8,1,14,1,1,1,1,14,20,18,1,0,0,1,0,0,22,0,0,6,6,6,15.166666666666666,0,0,6,6,6,16.0,0,13.9,-0.3,0.79,2
1,3,2,16,1,1,1,13,14,4,4,1,0,0,1,0,1,19,0,0,6,8,6,12.666666666666666,0,0,6,7,6,12.0,0,12.7,3.7,-1.7,2
1,1,1,2,1,1,1,22,28,10,10,1,0,1,1,1,0,18,0,0,0,0,0,0.0,0,0,0,0,0,0.0,0,7.6,2.6,0.32,0
5,12,1,9,1,1,1,13,14,10,10,0,0,0,1,1,0,26,0,0,5,9,5,12.0,0,0,5,5,5,10.2,0,11.1,0.6,2.02,1
1,12,1,17,0,1,1,22,27,10,10,0,0,0,0,1,0,36,0,0,5,5,0,0.0,0,0,5,5,0,0.0,0,12.7,3.7,-1.7,0
1,9,1,2,1,1,1,13,2,6,6,1,0,1,1,1,1,20,0,0,0,0,0,0.0,0,0,0,0,0,0.0,0,12.4,0.5,1.79,2
2,12,1,9,1,1,1,22,27,10,8,0,0,0,1,1,0,30,0,0,5,8,2,11.0,0,0,5,6,4,11.5,0,15.5,2.8,-4.06,0
1,14,1,4,1,1,1,1,1,5,11,0,0,0,1,1,0,24,0,0,6,7,6,15.714285714285714,0,0,6,10,6,15.9,0,15.5,2.8,-4.06,0
1,1,1,9,1,1,1,19,24,1,1,0,0,0,1,1,0,26,0,11,15,15,11,10.818181818181818,0,12,14,15,11,11.636363636363637,1,7.6,2.6,0.32,0
1,1,1,9,1,1,1,13,28,10,8,0,0,0,0,1,0,19,0,0,5,16,1,12.0,0,0,5,6,0,0.0,0,13.9,-0.3,0.79,0
5,12,1,10,1,1,1,13,28,10,11,0,0,0,1,1,0,34,0,0,6,8,5,12.6,0,0,6,11,4,11.25,0,12.4,0.5,1.79,2
1,14,1,8,1,1,1,1,1,2,2,1,0,0,1,1,0,33,0,0,5,12,1,13.0,2,0,5,7,3,14.0,0,9.4,-0.8,-3.12,1
1,8,6,9,1,1,1,13,1,10,5,1,0,0,1,1,0,19,0,0,5,8,5,11.6,1,0,5,10,4,10.75,0,9.4,-0.8,-3.12,2
1,8,5,7,1,1,1,13,1,5,6,1,0,1,0,1,0,26,0,0,5,11,1,10.0,0,0,5,14,1,11.0,0,8.9,1.4,3.51,0
1,12,1,14,1,1,1,23,27,8,8,0,0,0,1,1,0,29,0,0,6,7,1,14.0,0,0,6,6,0,0.0,0,16.2,0.3,-0.92,0
1,8,5,7,1,1,1,13,27,10,8,1,0,0,1,1,1,19,0,0,5,9,5,12.6,0,0,5,8,2,12.5,0,8.9,1.4,3.51,0
1,8,1,2,1,1,1,1,1,10,10,1,0,0,1,1,0,18,0,0,0,0,0,0.0,0,0,0,0,0,0.0,0,12.7,3.7,-1.7,0
1,12,1,17,0,12,1,13,27,10,10,0,0,0,0,1,0,29,0,0,5,11,2,11.333333333333334,0,0,5,9,1,12.0,0,11.1,0.6,2.02,0
1,14,1,11,1,1,1,22,27,10,10,0,0,0,1,1,0,21,0,0,6,6,6,12.666666666666666,0,0,6,7,5,11.4,0,9.4,-0.8,-3.12,2
1,8,1,11,1,1,1,1,1,5,11,0,0,0,1,1,0,19,0,0,6,7,5,10.8,0,0,6,10,2,10.5,0,10.8,1.4,1.74,1
1,1,1,12,1,1,1,23,28,6,11,0,0,0,1,1,0,20,0,0,7,14,5,12.87857142857143,0,0,8,15,7,11.85625,0,15.5,2.8,-4.06,2
1,1,1,6,1,1,1,3,1,3,6,0,0,0,1,1,0,18,0,0,5,5,0,0.0,0,0,5,5,0,0.0,0,7.6,2.6,0.32,0
1,8,3,5,1,1,1,23,27,6,6,1,0,0,1,1,0,18,0,0,6,6,6,12.833333333333334,0,0,6,8,5,11.4,0,15.5,2.8,-4.06,1
1,1,1,9,1,1,1,19,24,13,13,0,0,1,1,1,1,21,0,0,5,5,5,12.6,0,0,5,9,3,12.833333333333334,0,10.8,1.4,1.74,1
1,1,1,9,1,1,1,1,1,5,3,1,0,0,1,1,0,20,0,0,5,0,0,0.0,0,0,5,0,0,0.0,0,8.9,1.4,3.51,0
1,12,1,7,1,1,1,22,27,10,10,0,0,0,1,1,1,30,0,0,5,11,0,0.0,0,0,5,5,0,0.0,0,12.7,3.7,-1.7,0
1,9,2,14,1,1,1,22,28,5,2,1,0,0,1,1,0,19,0,0,6,6,6,14.166666666666666,0,0,6,6,6,14.0,0,13.9,-0.3,0.79,2
1,16,1,9,1,1,1,1,14,10,7,1,0,0,1,1,0,30,0,0,5,7,5,13.4,0,0,5,7,4,13.25,0,8.9,1.4,3.51,0
1,1,1,9,1,1,1,23,1,6,6,1,0,0,1,1,1,22,0,0,5,8,5,11.2,0,0,5,13,4,11.25,0,12.7,3.7,-1.7,2
1,8,3,2,1,1,1,22,27,6,11,1,0,0,1,1,0,22,0,0,0,0,0,0.0,0,0,0,0,0,0.0,0,12.4,0.5,1.79,2
1,8,4,5,1,1,1,1,1,10,11,1,0,1,0,1,0,19,0,0,6,6,6,12.666666666666666,0,0,6,8,5,11.8,0,11.1,0.6,2.02,0
1,8,2,14,1,1,1,1,14,6,4,1,0,0,1,1,0,21,0,0,5,7,3,12.333333333333334,0,0,5,5,4,11.25,0,7.6,2.6,0.32,0
1,8,4,6,1,1,1,23,28,23,30,0,0,0,1,1,0,21,0,0,5,7,4,12.25,0,0,5,7,5,12.0,0,7.6,2.6,0.32,2
1,15,1,2,1,14,1,13,28,10,10,1,0,1,1,1,1,21,0,0,0,0,0,0.0,0,0,0,0,0,0.0,0,15.5,2.8,-4.06,0
1,12,1,9,1,1,1,1,14,5,8,0,0,0,1,1,0,27,0,0,5,13,3,10.75,0,0,5,9,3,10.333333333333334,0,15.5,2.8,-4.06,0
1,14,1,1,1,1,1,22,27,2,2,1,0,0,1,1,0,32,0,0,7,7,0,0.0,0,0,7,8,0,0.0,0,13.9,-0.3,0.79,0
1,12,1,14,1,9,1,22,1,10,4,0,0,1,0,1,0,40,0,0,6,13,0,0.0,0,0,6,6,0,0.0,0,15.5,2.8,-4.06,0
1,1,2,9,1,1,1,22,1,6,4,1,0,0,1,1,0,20,0,0,5,9,2,14.333333333333334,0,0,5,10,2,12.5,0,7.6,2.6,0.32,1
1,15,1,8,1,14,1,4,4,3,11,1,0,0,1,1,0,20,0,1,5,8,2,11.5,0,1,5,13,2,11.5,0,12.7,3.7,-1.7,0
1,1,3,2,1,1,1,22,27,10,10,1,0,0,1,1,0,18,0,0,0,0,0,0.0,0,0,0,0,0,0.0,0,7.6,2.6,0.32,2
1,14,1,9,1,1,1,1,28,2,8,0,0,0,1,1,0,21,0,0,5,11,2,10.5,0,0,5,13,0,0.0,0,12.7,3.7,-1.7,0
1,8,1,14,1,1,1,13,27,6,9,0,0,0,1,1,0,18,0,0,6,6,6,13.5,0,0,6,0,0,0.0,0,12.7,3.7,-1.7,0
1,15,1,4,1,1,1,1,3,22,21,0,0,0,1,1,0,19,0,0,6,17,1,11.0,0,0,6,19,0,0.0,0,16.2,0.3,-0.92,1
5,4,1,5,1,3,1,22,27,8,8,0,0,0,0,1,0,30,0,0,6,6,1,10.0,0,0,6,6,0,0.0,0,15.5,2.8,-4.06,0
1,12,1,4,1,9,1,13,1,10,2,0,0,0,1,1,0,29,0,0,6,17,0,0.0,2,0,6,8,0,0.0,0,15.5,2.8,-4.06,0
1,8,2,7,1,1,1,1,1,5,5,1,0,1,1,1,0,18,0,0,5,10,1,12.0,0,0,5,7,3,10.666666666666666,2,7.6,2.6,0.32,0
1,1,2,14,1,1,1,1,1,10,10,1,0,0,1,1,1,18,0,0,5,6,4,12.25,0,0,5,5,5,12.2,0,9.4,-0.8,-3.12,0
1,15,1,4,1,14,1,1,1,4,11,0,0,0,1,1,0,22,0,4,10,21,5,11.4,1,2,7,13,6,11.666666666666666,0,15.5,2.8,-4.06,0
1,14,2,17,0,1,1,22,27,6,6,1,0,0,0,1,0,27,0,0,5,5,0,0.0,0,0,5,5,0,0.0,0,12.7,3.7,-1.7,0
1,8,6,14,1,1,1,23,1,10,8,1,0,0,1,1,0,20,0,0,6,8,4,14.25,0,0,6,10,5,14.0,0,10.8,1.4,1.74,2
1,16,1,3,0,2,1,13,28,10,11,0,0,0,1,1,0,42,0,8,12,12,11,14.454545454545457,0,7,11,11,10,14.2,0,11.1,0.6,2.02,2
1,1,1,4,1,1,1,23,28,5,9,0,0,1,1,1,0,21,0,8,12,13,12,14.538461538461538,0,4,12,14,12,14.461538461538462,0,15.5,2.8,-4.06,2
1,14,1,12,1,1,1,1,28,8,8,0,1,0,1,1,0,23,0,0,7,10,6,12.733333333333334,0,0,8,10,7,11.95,0,16.2,0.3,-0.92,2
1,16,1,5,1,1,1,23,28,10,10,1,0,0,1,1,0,21,0,4,12,13,5,13.2,0,4,12,12,4,13.5,0,8.9,1.4,3.51,0
1,1,3,2,1,1,1,4,3,2,2,1,0,0,1,1,0,19,0,0,0,0,0,0.0,0,0,0,0,0,0.0,0,12.7,3.7,-1.7,2
2,12,1,10,1,1,1,22,27,8,8,0,0,0,1,1,1,40,0,0,6,7,6,12.333333333333334,0,0,6,10,4,12.75,0,8.9,1.4,3.51,0
1,14,1,9,1,1,1,13,1,10,6,0,0,0,1,1,0,22,0,5,9,9,5,11.2,0,5,9,14,7,11.25,2,12.7,3.7,-1.7,0
1,1,2,12,1,1,1,23,27,10,10,1,0,0,1,1,0,19,0,0,7,7,6,13.2,0,0,7,7,6,13.2,0,7.6,2.6,0.32,2
1,12,1,7,1,1,1,13,27,10,10,0,0,0,1,1,1,24,0,0,5,8,5,11.833333333333334,0,0,5,8,4,14.0,0,12.7,3.7,-1.7,1
1,1,1,11,1,1,1,3,1,3,5,0,0,0,1,1,0,21,0,0,6,10,5,11.333333333333334,0,0,6,14,2,11.5,0,12.7,3.7,-1.7,1
1,8,4,7,1,1,1,3,1,10,4,1,0,0,1,1,0,18,0,0,5,5,5,13.6,0,0,5,6,5,14.6,0,8.9,1.4,3.51,2
1,8,3,7,1,1,1,22,27,10,8,0,0,0,1,1,0,18,0,0,5,10,0,0.0,0,0,5,10,2,11.5,4,7.6,2.6,0.32,0
1,16,1,14,1,1,1,3,1,4,11,0,0,0,1,1,0,24,0,0,6,11,5,12.857142857142858,0,0,6,12,5,13.666666666666666,0,11.1,0.6,2.02,0
1,12,1,7,1,1,1,22,14,10,4,0,0,0,1,1,1,28,0,0,5,16,3,14.333333333333334,0,0,5,9,5,12.428571428571429,0,9.4,-0.8,-3.12,1
1,8,1,14,1,1,1,13,28,8,10,1,0,0,1,0,1,19,0,0,6,9,5,13.5,0,0,6,6,6,14.0,0,12.4,0.5,1.79,2
1,16,1,6,1,15,1,3,3,5,3,0,0,0,1,0,0,28,0,0,6,8,6,14.428571428571429,0,0,6,12,4,15.6,0,11.1,0.6,2.02,1
1,8,3,16,1,1,1,10,1,5,1,1,0,0,1,0,0,18,0,0,6,12,0,0.0,0,0,6,12,0,0.0,0,7.6,2.6,0.32,0
1,1,1,2,1,1,1,3,1,5,4,1,0,0,0,0,0,19,0,0,0,0,0,0.0,0,0,0,0,0,0.0,0,16.2,0.3,-0.92,2
1,1,1,12,1,1,1,1,1,5,5,1,0,0,1,0,1,19,0,0,8,8,8,12.82875,0,0,8,8,8,12.82875,0,9.4,-0.8,-3.12,2
1,14,1,8,1,1,1,24,3,4,3,1,0,0,1,0,0,21,0,0,5,6,0,0.0,5,0,5,6,4,13.75,1,10.8,1.4,1.74,2
1,1,3,12,1,1,1,1,14,5,6,1,0,1,1,0,0,18,0,0,7,0,0,0.0,0,0,8,0,0,0.0,0,13.9,-0.3,0.79,0
1,1,4,5,1,1,1,3,14,2,6,1,0,0,1,0,0,19,0,0,6,6,6,14.666666666666666,0,0,6,6,6,13.166666666666666,0,9.4,-0.8,-3.12,2
1,8,2,12,1,1,1,23,28,8,8,1,0,0,1,0,0,19,0,0,8,8,7,13.937142857142858,0,0,8,8,7,13.937142857142858,0,10.8,1.4,1.74,2
1,1,1,5,1,1,1,3,1,3,11,1,0,0,1,0,0,20,0,7,12,12,10,14.7,0,8,12,12,12,14.583333333333334,0,15.5,2.8,-4.06,2
1,1,2,15,1,1,1,1,1,10,5,1,0,0,1,0,0,18,0,0,6,6,6,11.666666666666666,0,0,6,6,5,12.2,0,12.7,3.7,-1.7,2
1,14,4,12,1,6,1,22,27,10,10,1,0,0,1,0,0,20,0,0,7,7,6,14.85,0,0,7,7,6,14.85,0,7.6,2.6,0.32,2
1,12,1,6,1,12,1,13,27,8,12,0,0,0,1,0,0,26,0,0,5,11,1,12.0,1,0,5,12,0,0.0,4,10.8,1.4,1.74,0
1,9,4,12,1,1,1,3,1,4,5,1,0,0,1,0,0,18,0,0,7,8,7,13.6875,0,0,8,9,8,15.622222222222222,0,13.9,-0.3,0.79,0
1,12,1,3,0,1,1,22,27,10,10,0,0,0,1,0,0,58,0,0,6,14,5,12.4,0,0,6,10,5,11.6,0,9.4,-0.8,-3.12,2
1,1,2,12,1,1,1,1,3,5,4,0,0,0,1,0,0,18,0,0,7,10,7,13.398,0,0,8,8,8,13.5425,0,15.5,2.8,-4.06,2
1,15,1,6,1,1,1,1,1,5,4,1,0,0,1,0,0,20,0,0,6,13,5,11.8,0,0,6,19,4,12.0,0,12.4,0.5,1.79,1
1,8,1,17,0,1,1,23,27,7,8,0,0,0,1,0,0,20,0,0,5,0,0,0.0,0,0,5,0,0,0.0,0,11.1,0.6,2.02,0
1,2,1,9,1,1,1,22,27,10,10,1,0,0,1,0,0,29,0,13,15,19,13,11.76923076923077,0,12,14,17,14,11.928571428571429,0,9.4,-0.8,-3.12,2
1,4,1,10,1,3,1,1,1,5,11,0,0,1,0,0,0,27,0,0,6,8,0,0.0,0,0,5,6,0,0.0,0,16.2,0.3,-0.92,0
1,1,1,6,1,1,1,13,28,6,8,1,0,0,1,0,1,21,0,0,6,8,6,13.285714285714286,0,0,6,11,6,13.0,0,11.1,0.6,2.02,2
1,1,1,10,1,1,1,1,14,5,10,0,0,0,1,0,1,20,0,0,6,6,6,11.666666666666666,0,0,6,8,6,11.166666666666666,0,15.5,2.8,-4.06,2
1,8,1,10,1,1,1,13,28,4,8,0,0,0,1,0,1,19,0,0,6,13,6,11.5,0,0,6,9,5,12.2,0,11.1,0.6,2.02,2
1,1,1,12,1,1,1,22,28,7,7,1,0,0,1,0,1,22,0,0,7,9,6,13.081666666666669,0,0,8,12,6,13.15,0,11.1,0.6,2.02,2
1,9,3,5,1,1,1,23,27,10,8,1,0,0,1,0,1,19,0,0,6,6,6,12.666666666666666,0,0,6,6,6,13.0,0,15.5,2.8,-4.06,2
1,8,1,15,1,1,1,22,1,10,9,1,0,1,0,0,0,19,0,0,6,6,3,11.333333333333334,0,0,6,6,0,0.0,0,12.4,0.5,1.79,0
1,1,3,16,1,1,1,3,3,3,3,1,0,0,1,0,0,23,0,0,6,8,5,13.6,0,0,6,8,5,11.6,0,7.6,2.6,0.32,1
1,1,3,15,1,1,1,1,1,5,5,1,0,0,1,0,1,18,0,0,6,6,6,13.166666666666666,0,0,6,7,5,13.2,0,12.4,0.5,1.79,0
1,15,1,8,1,14,1,1,14,5,9,0,0,0,1,0,0,19,0,0,6,0,0,0.0,0,0,6,0,0,0.0,0,12.7,3.7,-1.7,0
1,15,1,4,1,14,1,1,1,5,4,1,0,0,1,0,0,20,0,0,6,10,5,11.666666666666666,0,0,6,7,5,12.6,0,12.4,0.5,1.79,2
1,1,4,10,1,1,1,1,28,10,8,1,0,0,1,0,1,19,0,0,6,6,6,13.5,0,0,6,7,6,13.428571428571429,0,11.1,0.6,2.02,2
1,12,1,6,1,12,1,22,27,10,10,1,0,1,0,0,1,26,0,0,6,7,0,0.0,0,0,6,6,0,0.0,0,13.9,-0.3,0.79,0
1,1,1,10,1,1,1,1,14,5,8,1,0,0,1,0,1,18,0,0,6,6,6,13.166666666666666,0,0,6,7,6,14.142857142857142,0,11.1,0.6,2.02,2
1,1,1,6,1,1,1,22,27,5,10,1,0,1,1,0,0,29,0,4,5,11,4,12.5,2,1,5,11,2,12.5,0,12.7,3.7,-1.7,0
1,15,1,4,1,14,1,3,1,3,7,1,0,0,0,0,0,20,0,0,6,10,6,13.375,0,0,6,10,6,13.0,0,16.2,0.3,-0.92,2
1,1,1,5,1,1,1,13,2,8,4,1,0,0,1,0,0,19,0,0,6,6,6,13.166666666666666,0,0,6,6,6,12.666666666666666,0,15.5,2.8,-4.06,2
1,15,1,6,1,14,1,1,1,5,5,1,0,0,1,0,0,23,0,1,6,12,4,13.4,0,1,6,17,2,13.5,0,12.4,0.5,1.79,1
1,14,1,13,1,1,1,2,3,4,3,0,0,0,1,0,0,25,0,2,7,10,3,13.0,0,1,8,10,3,11.666666666666666,4,10.8,1.4,1.74,1
1,9,1,12,1,1,1,3,3,2,2,1,0,0,1,0,0,18,0,0,8,8,7,13.154285714285717,0,0,8,8,7,13.154285714285717,0,10.8,1.4,1.74,2
1,1,3,5,1,1,1,1,28,5,8,1,0,0,1,0,1,19,0,0,6,6,6,12.833333333333334,0,0,6,6,6,12.833333333333334,0,9.4,-0.8,-3.12,2
1,8,2,16,1,1,1,1,14,6,6,1,0,0,1,0,0,18,0,0,7,10,7,12.142857142857142,0,0,7,7,7,13.142857142857142,0,12.4,0.5,1.79,2
1,1,2,12,1,1,1,1,14,5,5,1,0,0,1,0,1,19,0,0,7,9,5,13.34,0,0,7,9,6,12.385714285714286,0,12.4,0.5,1.79,1
1,4,1,3,0,15,1,22,14,10,4,0,0,0,1,0,0,36,0,6,10,15,4,13.0,0,5,9,10,4,13.75,0,8.9,1.4,3.51,0
1,15,1,4,1,14,1,1,28,5,10,0,0,0,1,1,1,20,0,0,6,18,3,12.0,0,0,6,17,3,11.666666666666666,0,15.5,2.8,-4.06,1
1,8,2,2,1,1,14,1,1,3,4,1,0,0,1,1,0,20,1,0,0,0,0,0.0,0,0,0,0,0,0.0,0,11.1,0.6,2.02,0
1,1,1,10,1,1,1,23,28,10,9,1,0,0,1,1,0,18,0,0,6,9,5,11.0,0,0,6,12,0,0.0,0,11.1,0.6,2.02,0
1,15,1,4,1,14,1,3,1,5,7,0,0,0,1,1,0,19,0,0,6,8,5,11.5,0,0,6,11,6,11.333333333333334,0,12.4,0.5,1.79,1
1,8,1,10,1,1,1,1,34,5,3,1,0,1,0,1,0,20,0,3,9,9,3,13.333333333333334,0,2,6,6,2,12.5,0,8.9,1.4,3.51,0
1,1,2,12,1,1,1,13,14,5,8,1,0,0,1,1,0,18,0,0,7,9,7,14.594444444444443,0,0,8,10,8,13.472,0,15.5,2.8,-4.06,2
1,15,1,8,1,14,1,3,1,4,7,1,0,1,1,1,0,20,0,2,6,9,4,11.0,0,1,6,13,3,10.666666666666666,0,12.4,0.5,1.79,0
1,9,1,7,1,1,1,13,1,12,4,1,0,1,0,1,0,24,0,0,5,8,0,0.0,0,0,5,5,0,0.0,0,9.4,-0.8,-3.12,0
1,8,1,15,1,1,1,13,28,6,8,1,0,0,1,1,0,19,0,0,6,6,0,0.0,0,0,6,0,0,0.0,0,8.9,1.4,3.51,0
1,8,1,7,1,1,1,13,14,8,10,1,0,0,1,1,0,18,0,0,5,9,1,12.0,0,0,5,10,2,12.0,3,7.6,2.6,0.32,0
1,1,3,7,1,1,1,4,28,3,8,1,0,0,1,1,0,18,0,0,5,8,5,14.0,0,0,5,6,5,13.2,0,8.9,1.4,3.51,2
1,1,1,11,1,1,1,1,14,5,5,0,0,0,1,1,0,18,0,0,6,8,6,13.571428571428571,0,0,6,7,5,11.8,0,8.9,1.4,3.51,2
1,14,2,14,1,1,1,3,14,2,8,1,0,0,1,1,0,22,0,0,6,12,0,0.0,0,0,6,6,0,0.0,0,16.2,0.3,-0.92,0
1,1,1,14,1,1,1,13,28,10,10,0,0,0,1,1,0,19,0,0,6,8,6,14.25,0,0,6,7,6,13.857142857142858,0,11.1,0.6,2.02,2
2,12,1,6,1,9,1,1,29,6,4,1,0,1,0,0,0,32,0,0,6,7,0,0.0,0,0,6,6,0,0.0,0,13.9,-0.3,0.79,0
1,8,1,16,1,1,1,19,14,1,4,1,0,0,1,0,1,21,0,0,6,12,0,0.0,0,0,6,12,0,0.0,0,7.6,2.6,0.32,0
1,9,1,12,1,1,1,22,27,7,7,1,0,0,1,0,1,19,0,0,8,8,7,13.542857142857144,0,0,8,8,7,13.542857142857144,0,12.7,3.7,-1.7,2
4,14,1,3,0,1,1,23,27,10,10,0,0,0,1,0,1,39,0,3,9,9,9,13.11111111111111,0,2,7,10,7,11.714285714285714,0,12.7,3.7,-1.7,2
1,14,1,3,0,8,1,19,24,1,1,1,0,0,1,0,0,30,0,3,9,11,9,12.666666666666666,0,2,7,7,7,12.142857142857142,0,7.6,2.6,0.32,2
1,1,1,9,1,1,1,1,14,6,6,1,0,0,1,0,0,18,0,0,5,10,4,10.75,1,0,5,13,2,10.0,0,9.4,-0.8,-3.12,0
2,14,1,17,0,1,1,22,27,10,10,1,0,0,1,0,0,38,0,4,10,14,4,10.75,0,2,10,10,2,10.0,0,7.6,2.6,0.32,0
1,1,3,5,1,1,1,19,27,6,8,1,0,0,1,0,0,20,0,0,6,6,6,13.666666666666666,0,0,6,6,6,13.333333333333334,0,9.4,-0.8,-3.12,2
1,12,1,3,0,12,1,19,24,1,1,0,0,0,1,0,0,55,0,0,6,6,6,13.833333333333334,0,1,6,6,6,12.833333333333334,0,7.6,2.6,0.32,2
4,11,1,5,1,2,1,19,24,1,1,0,0,0,1,0,0,53,0,15,18,18,17,13.176470588235292,0,13,18,18,16,13.0,0,7.6,2.6,0.32,0
2,12,1,3,0,1,1,19,24,1,1,0,0,0,1,0,0,54,0,0,6,8,4,12.75,0,0,6,12,5,12.6,0,7.6,2.6,0.32,0
1,14,1,12,1,1,1,22,27,10,8,1,0,0,1,0,1,18,0,0,7,8,5,12.86,0,0,7,8,5,12.86,0,7.6,2.6,0.32,1
1,12,1,3,0,1,1,22,27,10,9,0,0,1,0,0,0,44,0,2,8,12,4,12.0,2,2,7,9,4,12.0,2,8.9,1.4,3.51,0
1,14,1,10,1,1,1,22,27,10,7,1,0,0,1,0,0,28,0,8,11,11,9,11.666666666666666,0,8,11,13,9,12.555555555555555,0,10.8,1.4,1.74,2
1,4,1,3,0,17,1,13,14,10,5,0,0,0,1,0,0,37,0,12,14,14,14,16.5,0,8,11,11,11,16.90909090909091,0,8.9,1.4,3.51,2
1,14,1,10,1,1,1,11,12,12,12,1,0,0,1,0,0,20,0,8,10,14,9,12.333333333333334,0,3,7,10,7,11.77777777777778,0,7.6,2.6,0.32,2
1,1,3,12,1,1,1,13,3,4,3,1,0,0,1,0,0,18,0,0,7,8,7,12.59125,0,0,8,11,7,12.820000000000002,0,15.5,2.8,-4.06,1
1,1,1,10,1,1,1,13,14,10,10,1,0,0,1,1,0,19,0,0,6,9,4,11.5,0,0,6,12,3,11.0,0,8.9,1.4,3.51,0
1,8,1,4,1,1,1,23,27,6,10,1,0,0,1,1,1,23,0,17,18,19,18,11.894736842105264,0,12,13,13,13,12.923076923076923,0,15.5,2.8,-4.06,2
1,8,1,10,1,1,1,13,27,7,7,0,0,0,1,1,0,22,0,0,6,0,0,0.0,0,0,6,0,0,0.0,0,13.9,-0.3,0.79,0
1,12,1,11,1,1,1,3,14,4,6,0,0,0,0,1,0,24,0,0,6,0,0,0.0,0,0,6,0,0,0.0,0,11.1,0.6,2.02,0
1,15,1,4,1,14,1,4,4,5,3,1,0,0,1,1,0,22,0,0,6,13,5,13.0,0,0,6,13,2,11.5,0,12.4,0.5,1.79,1
1,12,1,4,1,1,1,1,28,6,7,0,0,0,1,1,0,26,0,0,6,9,0,0.0,0,0,6,6,0,0.0,0,13.9,-0.3,0.79,0
1,8,6,15,1,1,1,22,27,6,6,1,0,0,1,1,0,18,0,0,6,6,6,15.166666666666666,0,0,6,6,6,14.833333333333334,0,9.4,-0.8,-3.12,2
1,15,1,8,1,14,1,23,14,10,10,0,0,0,1,1,0,24,0,2,6,8,4,11.75,0,1,6,8,2,13.5,0,11.1,0.6,2.02,0
1,1,1,7,1,1,1,1,28,5,4,1,0,0,1,1,0,18,0,0,5,5,0,0.0,0,0,5,6,1,15.0,0,10.8,1.4,1.74,1
1,1,1,2,1,1,1,1,28,8,9,1,0,0,1,1,0,26,0,0,0,0,0,0.0,0,0,0,0,0,0.0,0,11.1,0.6,2.02,0
1,12,1,11,1,12,1,22,27,10,5,0,0,0,1,1,0,27,0,0,6,11,3,11.333333333333334,0,0,6,10,3,14.75,0,16.2,0.3,-0.92,0
1,15,1,4,1,14,1,22,27,10,7,1,0,0,1,1,1,20,0,0,6,10,5,12.6,0,0,6,6,5,13.2,0,12.4,0.5,1.79,2
1,1,1,7,1,1,1,10,1,5,11,1,0,0,1,1,0,19,0,0,5,10,0,0.0,0,0,5,10,1,14.0,3,7.6,2.6,0.32,0
1,1,1,6,1,1,1,23,28,5,10,0,0,0,1,1,1,18,0,0,6,8,6,15.5,0,0,6,9,4,15.5,0,11.1,0.6,2.02,0
1,1,3,12,1,1,1,1,1,5,5,1,0,0,1,1,0,18,0,0,8,8,7,12.365714285714288,0,0,8,8,7,12.365714285714288,0,10.8,1.4,1.74,2
1,8,1,14,1,1,1,22,27,10,10,1,0,0,1,1,0,19,0,0,6,7,5,13.2,0,0,6,10,5,13.25,0,10.8,1.4,1.74,1
1,14,1,5,1,1,1,22,27,10,10,1,0,0,1,1,0,34,0,7,12,12,7,11.428571428571429,0,4,12,12,7,11.857142857142858,0,7.6,2.6,0.32,1
1,1,1,10,1,1,1,23,14,9,11,1,0,0,1,1,0,19,0,0,6,0,0,0.0,0,0,6,0,0,0.0,0,16.2,0.3,-0.92,0
1,1,1,15,1,1,1,1,14,5,5,0,0,0,1,1,1,19,0,0,6,10,4,14.0,0,0,6,9,6,12.333333333333334,0,9.4,-0.8,-3.12,2
2,12,1,4,1,1,1,2,2,2,5,0,0,0,1,1,0,30,0,3,12,12,3,12.0,0,5,12,16,5,11.8,0,15.5,2.8,-4.06,0
1,14,1,15,1,1,1,1,3,10,4,0,0,0,0,1,0,22,0,0,4,4,0,0.0,4,0,5,8,3,12.0,0,10.8,1.4,1.74,0
1,8,1,9,1,1,1,3,28,2,10,0,0,0,0,1,0,19,0,0,5,13,4,10.0,0,0,5,7,3,11.333333333333334,0,15.5,2.8,-4.06,0
1,1,1,9,1,1,1,23,1,10,9,0,0,0,1,1,0,21,0,0,5,9,1,10.0,0,0,5,10,1,10.0,0,7.6,2.6,0.32,0
1,1,2,2,1,1,1,22,27,10,10,1,0,0,0,1,0,22,0,0,0,0,0,0.0,0,0,0,0,0,0.0,0,7.6,2.6,0.32,0
1,1,1,11,1,1,1,22,27,10,10,0,0,0,1,1,1,19,0,0,6,7,6,11.166666666666666,0,0,6,12,3,11.666666666666666,0,10.8,1.4,1.74,1
1,1,1,10,1,1,1,13,28,8,8,0,0,0,1,1,0,20,0,0,6,12,4,11.75,0,0,6,13,3,11.333333333333334,0,15.5,2.8,-4.06,1
1,12,1,4,1,12,1,3,1,3,9,1,0,0,1,1,0,35,0,0,6,13,3,11.75,0,0,6,10,0,0.0,0,13.9,-0.3,0.79,0
1,7,2,9,1,1,1,22,27,10,10,1,0,0,1,1,0,20,0,0,5,8,1,10.0,0,0,5,7,1,11.0,0,7.6,2.6,0.32,0
1,1,1,8,1,1,1,6,9,5,6,0,0,0,1,1,0,21,0,0,5,8,3,14.0,0,0,5,5,5,12.8,0,7.6,2.6,0.32,2
1,12,1,6,1,9,1,19,24,13,13,0,0,1,0,1,0,27,0,0,5,5,0,0.0,0,0,5,5,0,0.0,0,7.6,2.6,0.32,0
1,14,1,15,1,1,1,22,28,10,6,1,0,0,0,1,0,26,0,0,6,12,3,12.0,0,0,6,15,0,0.0,0,9.4,-0.8,-3.12,0
1,8,1,15,1,1,1,1,23,4,4,0,0,0,0,1,0,20,0,0,6,10,0,0.0,0,0,5,10,0,0.0,0,10.8,1.4,1.74,0
1,12,1,4,1,1,1,22,27,7,7,0,0,1,0,1,0,28,0,4,10,19,8,11.88888888888889,0,2,8,17,5,11.6,1,15.5,2.8,-4.06,0
1,1,3,15,1,1,1,13,28,10,8,1,0,0,1,1,0,19,0,0,6,6,6,13.833333333333334,0,0,6,6,6,13.666666666666666,0,11.1,0.6,2.02,2
1,14,1,17,0,1,1,22,14,10,10,0,0,0,0,1,0,47,0,0,5,5,0,0.0,0,0,5,5,0,0.0,0,12.7,3.7,-1.7,0
4,12,1,15,1,9,1,22,27,5,10,0,0,0,0,1,0,55,0,0,6,8,5,11.4,0,0,6,9,5,12.4,0,10.8,1.4,1.74,0
1,14,1,4,1,1,1,22,27,6,10,1,0,0,1,1,0,39,0,0,6,8,0,0.0,0,1,6,8,2,11.0,0,16.2,0.3,-0.92,0
2,1,1,4,1,1,1,22,27,10,10,1,0,1,1,1,0,35,0,14,17,17,14,10.642857142857142,1,12,12,12,12,10.666666666666666,0,15.5,2.8,-4.06,0
1,12,1,10,1,1,1,22,20,1,5,0,0,0,0,1,0,32,0,0,6,10,2,11.0,0,0,6,12,0,0.0,0,7.6,2.6,0.32,0
1,1,4,15,1,1,1,3,10,3,10,1,0,0,1,1,0,20,0,0,6,6,6,16.833333333333332,0,0,6,6,6,16.666666666666668,0,8.9,1.4,3.51,2
1,12,1,11,1,1,1,22,27,10,10,0,0,0,1,1,0,36,0,0,6,8,6,13.571428571428571,0,0,6,9,5,13.2,0,12.7,3.7,-1.7,2
1,12,1,17,0,12,1,23,14,10,11,0,0,1,1,1,1,34,0,0,5,11,5,14.714285714285714,0,0,5,14,5,14.375,5,16.2,0.3,-0.92,2
1,1,1,14,1,1,1,23,14,1,3,1,0,0,1,1,0,21,0,0,5,8,0,0.0,0,0,5,5,0,0.0,0,9.4,-0.8,-3.12,0
1,14,1,17,0,1,1,22,14,4,11,0,0,0,1,1,1,42,0,0,5,14,1,10.0,0,0,5,14,1,11.0,0,13.9,-0.3,0.79,0
1,12,1,4,1,12,1,22,14,10,8,0,0,0,1,1,0,25,0,0,6,15,1,11.0,0,0,6,13,4,11.75,0,12.4,0.5,1.79,0
1,9,1,15,1,1,1,23,28,7,8,1,0,0,1,1,1,18,0,0,6,6,1,11.0,0,0,6,0,0,0.0,0,8.9,1.4,3.51,0
1,1,1,15,1,1,1,13,28,10,10,0,0,0,1,1,1,18,0,0,6,6,5,12.0,0,0,6,6,6,12.833333333333334,0,12.7,3.7,-1.7,2
1,1,2,10,1,1,1,23,14,10,8,1,0,0,1,1,0,19,0,0,6,10,6,11.125,0,0,6,7,6,11.857142857142858,0,7.6,2.6,0.32,2
1,14,1,6,1,1,1,3,14,5,7,0,0,1,0,1,0,34,0,2,6,13,3,11.333333333333334,0,0,6,8,2,11.5,0,13.9,-0.3,0.79,0
1,8,2,15,1,1,1,1,1,5,6,0,0,0,1,1,0,20,0,0,6,15,2,12.0,0,0,6,12,0,0.0,0,10.8,1.4,1.74,0
1,1,1,12,1,1,1,22,27,8,8,0,0,0,1,1,0,20,0,0,7,8,0,0.0,1,0,7,7,0,0.0,0,13.9,-0.3,0.79,0
1,8,1,12,1,1,1,13,14,5,10,0,0,0,1,1,0,21,0,0,8,8,7,14.54,0,0,8,8,7,14.54,0,10.8,1.4,1.74,2
1,15,1,4,1,14,1,1,14,4,11,1,0,0,1,1,0,19,0,0,6,9,6,12.166666666666666,0,0,6,14,4,13.0,0,12.4,0.5,1.79,2
1,12,1,6,1,1,1,1,1,5,5,0,0,1,0,1,0,31,0,0,5,13,4,13.5,1,0,5,12,3,11.666666666666666,1,9.4,-0.8,-3.12,0
1,8,1,14,1,1,1,1,27,5,6,0,0,0,1,1,0,21,0,0,6,8,6,14.75,0,0,6,9,5,14.333333333333334,0,11.1,0.6,2.02,2
1,1,1,9,1,1,1,23,28,10,10,0,0,0,1,1,1,20,0,0,5,8,5,12.375,0,0,5,7,5,11.666666666666666,0,13.9,-0.3,0.79,2
1,14,2,12,1,6,1,1,14,5,11,0,0,0,1,1,0,22,0,0,7,7,6,12.733333333333334,0,0,7,7,6,12.733333333333334,0,7.6,2.6,0.32,2
1,1,2,5,1,1,1,13,14,4,4,1,1,0,0,1,0,19,0,0,6,9,4,12.5,0,0,6,6,0,0.0,0,9.4,-0.8,-3.12,0
1,12,1,8,1,1,1,1,1,12,2,1,0,1,0,1,0,41,0,0,5,5,0,0.0,1,0,5,5,0,0.0,5,12.7,3.7,-1.7,0
1,14,1,12,1,12,1,19,24,1,1,1,0,0,1,1,0,27,0,0,7,7,0,0.0,6,0,7,7,0,0.0,6,7.6,2.6,0.32,0
1,8,1,12,1,1,1,1,1,5,11,0,0,0,1,0,0,19,0,0,7,7,7,13.44285714285714,0,0,8,8,7,13.771428571428572,0,13.9,-0.3,0.79,0
1,9,2,12,1,1,10,1,1,5,4,1,0,0,1,0,1,20,1,0,8,8,8,14.2,0,0,8,8,8,14.2,0,9.4,-0.8,-3.12,2
1,14,4,12,1,6,1,23,27,6,10,1,0,0,1,0,1,19,0,0,7,7,6,13.55,0,0,7,7,6,13.55,0,7.6,2.6,0.32,2
2,12,1,17,0,1,1,22,27,10,10,0,0,0,1,0,0,35,0,0,5,5,5,11.6,0,0,5,6,5,11.166666666666666,0,15.5,2.8,-4.06,2
1,8,5,15,1,1,1,13,10,8,4,1,0,0,1,0,0,22,0,0,6,7,6,13.571428571428571,0,0,6,7,6,15.285714285714286,0,13.9,-0.3,0.79,2
1,1,2,11,1,1,1,1,14,6,8,1,0,0,1,0,1,20,0,0,6,6,6,13.833333333333334,0,0,6,6,6,15.0,0,11.1,0.6,2.02,2
1,1,1,14,1,1,1,22,28,10,10,1,0,1,0,0,0,18,0,0,6,7,4,11.25,0,0,6,9,4,10.857142857142858,0,10.8,1.4,1.74,0
1,1,1,10,1,1,1,22,27,10,10,1,0,0,1,0,1,18,0,0,6,7,5,10.2,0,0,6,9,4,11.25,0,12.4,0.5,1.79,2
1,4,1,12,1,3,1,1,27,10,6,0,0,0,1,0,0,30,0,0,8,8,7,15.675714285714283,0,0,8,8,7,15.675714285714283,0,10.8,1.4,1.74,2
1,9,1,10,1,1,1,23,28,10,8,0,0,1,1,0,1,18,0,0,6,9,6,10.833333333333334,0,0,6,8,6,12.0,0,11.1,0.6,2.02,2
1,1,1,11,1,1,1,13,14,8,9,1,0,0,1,0,1,20,0,0,6,6,6,14.5,0,0,6,7,5,15.0,0,12.4,0.5,1.79,1
1,1,1,10,1,1,1,13,28,10,10,0,1,0,1,0,1,19,0,0,6,12,4,10.4,0,0,6,11,4,10.75,0,12.4,0.5,1.79,1
1,8,1,6,1,1,1,23,28,6,4,0,0,0,1,0,0,19,0,0,5,7,5,13.0,1,0,5,7,5,13.333333333333334,0,7.6,2.6,0.32,2
1,1,2,13,1,1,1,1,28,4,9,1,0,0,1,0,1,21,0,0,7,7,7,12.242857142857144,0,0,8,8,8,14.125,0,15.5,2.8,-4.06,2
1,9,1,16,1,1,1,1,14,20,41,1,0,1,1,0,0,21,0,0,7,7,7,13.0,0,0,7,8,6,12.5,0,8.9,1.4,3.51,1
1,1,4,14,1,1,1,1,1,10,10,1,0,0,1,0,0,18,0,0,6,6,6,14.166666666666666,0,0,6,7,6,13.428571428571429,0,8.9,1.4,3.51,1
1,1,3,9,1,1,1,1,1,6,8,1,0,0,1,0,1,18,0,0,5,11,4,14.25,0,0,5,7,4,12.5,0,12.7,3.7,-1.7,2
4,12,1,6,1,1,1,22,27,12,12,0,0,0,0,0,0,35,0,0,5,14,1,12.0,2,0,5,11,2,10.5,1,9.4,-0.8,-3.12,0
1,1,6,12,1,1,14,1,1,10,7,1,0,0,1,0,0,21,1,0,7,11,4,13.25,0,0,7,9,5,13.82,0,11.1,0.6,2.02,1
1,1,1,12,1,1,1,23,27,10,8,1,0,0,1,1,1,18,0,0,7,7,6,13.183333333333332,0,0,7,7,6,13.183333333333332,0,7.6,2.6,0.32,2
1,8,5,5,1,1,1,13,1,6,6,1,0,0,1,1,0,22,0,0,6,6,1,11.0,0,0,6,6,0,0.0,0,9.4,-0.8,-3.12,1
1,8,1,12,1,1,1,23,1,10,7,1,0,0,1,1,1,20,0,0,7,8,7,11.9725,0,0,8,8,8,12.65125,0,15.5,2.8,-4.06,2
2,12,1,11,1,1,1,22,27,5,8,1,0,0,1,0,0,34,0,0,6,7,5,12.4,0,0,6,8,5,12.8,0,9.4,-0.8,-3.12,2
2,4,1,9,1,3,1,22,27,10,10,0,0,0,1,0,0,33,0,3,8,9,5,12.6,2,2,7,13,5,11.25,0,10.8,1.4,1.74,1
1,1,3,12,1,1,1,22,28,10,10,1,0,0,1,0,1,22,0,0,7,7,6,13.9,0,0,7,7,6,13.9,0,7.6,2.6,0.32,2
1,8,3,11,1,1,1,22,27,10,7,1,0,0,1,0,1,20,0,0,6,11,4,11.5,0,0,6,12,3,11.0,0,7.6,2.6,0.32,1
2,12,1,9,1,1,1,22,27,7,11,0,0,0,1,0,0,35,0,0,5,6,4,14.2,0,0,5,10,4,11.857142857142858,0,10.8,1.4,1.74,1
2,12,1,9,1,1,1,23,27,5,8,1,0,0,0,0,0,39,0,0,5,12,3,10.666666666666666,2,0,5,15,3,10.666666666666666,0,9.4,-0.8,-3.12,0
1,9,6,12,1,1,1,23,27,10,6,1,0,0,0,0,0,19,0,0,7,14,0,0.0,0,0,8,0,0,0.0,0,11.1,0.6,2.02,0
4,12,1,11,1,1,1,22,27,10,9,0,0,0,1,0,1,36,0,0,6,10,6,11.0,0,0,6,14,3,11.333333333333334,0,10.8,1.4,1.74,2
1,1,2,12,1,1,1,22,27,10,10,1,0,0,1,0,1,21,0,0,8,8,7,13.957142857142856,0,0,8,8,7,13.957142857142856,0,12.7,3.7,-1.7,2
1,1,1,10,1,1,1,3,28,2,6,1,0,0,1,0,0,22,0,0,6,11,4,12.5,1,0,6,13,3,13.666666666666666,0,9.4,-0.8,-3.12,1
2,12,1,10,1,1,1,23,28,10,8,0,0,1,1,0,1,42,0,0,6,8,6,13.333333333333334,0,0,6,7,6,15.285714285714286,0,11.1,0.6,2.02,2
1,12,1,7,1,1,1,22,27,12,12,1,0,0,1,0,0,34,0,0,5,5,0,0.0,0,0,5,6,0,0.0,0,10.8,1.4,1.74,0
1,8,1,15,1,1,1,13,14,5,5,1,0,0,1,0,0,20,0,0,6,9,6,11.666666666666666,0,0,6,8,5,11.6,0,7.6,2.6,0.32,1
2,15,1,3,0,14,1,22,14,10,11,0,0,0,1,0,0,33,0,3,6,7,6,15.714285714285714,0,2,6,7,6,15.5,0,13.9,-0.3,0.79,2
1,1,4,11,1,1,1,1,14,10,7,1,0,0,1,0,0,20,0,0,6,8,5,11.0,0,0,6,9,5,11.4,0,13.9,-0.3,0.79,2
1,1,2,14,1,1,1,15,21,1,6,1,0,1,1,0,0,19,0,0,5,8,4,12.25,0,0,5,7,4,12.75,2,7.6,2.6,0.32,2
2,14,1,17,0,3,1,22,14,10,5,0,0,1,1,0,0,34,0,4,10,25,5,12.2,0,3,9,18,8,12.22222222222222,0,16.2,0.3,-0.92,0
1,1,1,9,1,1,1,22,27,10,7,1,0,0,1,0,0,18,0,0,5,6,5,13.0,0,0,5,5,5,14.0,0,7.6,2.6,0.32,2
1,8,1,3,0,1,1,23,27,7,7,0,0,0,1,0,1,24,0,0,6,11,4,12.0,0,0,6,7,6,13.0,0,10.8,1.4,1.74,2
1,1,1,16,1,1,1,13,10,10,8,1,0,0,1,0,0,18,0,0,6,6,6,13.333333333333334,0,0,6,7,6,12.333333333333334,0,7.6,2.6,0.32,2
1,1,1,14,1,1,1,22,27,11,7,1,0,0,1,0,0,20,0,0,5,6,3,13.0,0,0,5,7,3,13.0,1,7.6,2.6,0.32,1
1,8,1,12,1,1,1,1,1,5,4,1,0,0,1,0,0,21,0,0,8,8,7,12.91,0,0,8,8,7,12.91,0,10.8,1.4,1.74,2
1,1,5,10,1,1,1,23,1,10,6,1,0,0,1,0,1,19,0,0,6,8,6,11.0,0,0,6,13,3,11.0,0,9.4,-0.8,-3.12,2
1,8,4,12,1,1,1,23,14,6,8,0,0,0,1,0,1,19,0,0,7,8,6,13.579999999999998,0,0,8,8,8,12.93625,0,15.5,2.8,-4.06,2
1,1,1,10,1,1,1,13,14,6,6,1,0,0,1,0,1,18,0,0,6,10,4,12.4,0,0,6,8,6,12.5,0,12.4,0.5,1.79,2
4,12,1,3,0,1,1,22,27,6,6,0,0,0,1,0,1,38,0,4,9,13,8,12.88888888888889,0,2,7,9,7,13.0,0,13.9,-0.3,0.79,2
1,1,1,2,1,1,1,13,14,6,5,1,0,1,1,1,0,21,0,6,12,12,11,11.545454545454543,0,4,11,18,9,11.7,1,8.9,1.4,3.51,1
1,14,1,9,1,1,11,1,5,10,11,1,0,0,1,1,0,23,1,0,5,6,1,10.0,0,0,5,5,0,0.0,0,15.5,2.8,-4.06,1
1,8,5,12,1,1,1,13,1,5,4,1,0,0,1,0,0,19,0,0,8,8,8,14.34125,0,0,8,8,8,14.34125,0,9.4,-0.8,-3.12,2
1,1,2,15,1,1,1,23,27,6,4,1,0,1,0,0,0,18,0,0,6,8,6,14.142857142857142,0,0,6,6,5,12.0,0,13.9,-0.3,0.79,0
1,1,6,2,1,1,1,13,27,6,6,1,0,0,1,0,1,18,0,0,0,0,0,0.0,0,0,0,0,0,0.0,0,9.4,-0.8,-3.12,2
1,12,1,4,1,1,1,13,14,10,7,1,0,0,1,0,0,24,0,0,6,10,5,11.8,0,0,6,13,4,11.25,0,12.4,0.5,1.79,1
1,1,1,15,1,1,2,1,1,6,10,0,0,0,1,0,1,18,1,0,6,6,6,13.333333333333334,0,0,6,6,6,14.166666666666666,0,12.7,3.7,-1.7,2
1,1,1,8,1,1,1,3,1,5,10,1,0,0,1,0,0,18,0,0,6,8,6,14.5,0,0,6,9,6,12.857142857142858,0,13.9,-0.3,0.79,2
1,4,1,17,0,15,1,13,14,8,4,0,0,0,1,0,0,26,0,5,10,13,8,12.666666666666666,0,5,10,12,10,13.4,0,11.1,0.6,2.02,2
1,1,1,9,1,1,1,13,14,10,10,0,0,1,1,0,0,19,0,0,5,13,1,10.0,0,0,5,8,2,10.0,0,12.4,0.5,1.79,1
1,9,3,14,1,1,1,23,28,10,10,1,0,0,1,0,1,19,0,0,6,10,0,0.0,0,0,6,6,0,0.0,0,12.7,3.7,-1.7,0
1,1,1,11,1,1,1,23,27,6,6,0,0,0,1,0,0,19,0,0,6,12,4,11.0,0,0,6,6,4,12.5,0,16.2,0.3,-0.92,1
1,1,1,8,1,1,1,22,27,10,10,1,0,1,1,0,0,20,0,0,5,10,2,12.0,2,0,5,9,4,11.0,0,9.4,-0.8,-3.12,0
1,1,3,11,1,1,1,13,14,10,10,1,0,0,1,0,0,22,0,0,6,10,4,10.0,0,0,6,12,2,13.5,0,9.4,-0.8,-3.12,1
1,1,2,12,1,1,1,13,1,6,6,1,0,0,1,0,0,19,0,0,7,7,7,14.20857142857143,0,0,8,9,8,15.127777777777778,0,11.1,0.6,2.02,2
1,1,5,12,1,1,1,3,1,6,11,1,0,0,1,0,0,20,0,0,7,7,7,14.30714285714286,0,0,8,8,8,15.0125,0,12.4,0.5,1.79,2
2,12,1,9,1,1,1,22,27,6,6,0,0,0,1,0,0,36,0,0,5,8,3,11.0,0,0,5,12,4,13.375,0,10.8,1.4,1.74,1
1,12,1,16,1,12,1,13,4,10,5,1,0,0,1,0,0,29,0,0,7,14,0,0.0,0,0,6,6,0,0.0,0,11.1,0.6,2.02,0
1,8,3,10,1,1,1,3,3,3,3,1,0,0,1,0,0,19,0,0,6,10,6,12.0,0,0,6,12,4,11.0,0,12.7,3.7,-1.7,2
5,12,1,9,1,1,1,1,1,5,9,0,0,1,0,0,0,24,0,0,5,0,0,0.0,0,0,5,0,0,0.0,0,13.9,-0.3,0.79,0
5,12,1,4,1,1,1,1,1,5,9,0,0,1,0,0,0,27,0,0,6,6,0,0.0,0,0,6,7,0,0.0,0,8.9,1.4,3.51,0
1,8,1,15,1,1,1,22,27,10,9,1,0,0,1,0,1,18,0,0,6,7,6,13.857142857142858,0,0,6,7,6,14.285714285714286,0,13.9,-0.3,0.79,2
1,8,2,2,1,1,1,3,1,3,7,1,0,0,1,0,1,18,0,0,0,0,0,0.0,0,0,0,0,0,0.0,0,15.5,2.8,-4.06,2
1,8,4,13,1,1,1,23,27,4,8,1,0,0,1,0,0,21,0,0,7,0,0,0.0,0,0,7,0,0,0.0,0,12.7,3.7,-1.7,0
2,12,1,14,1,1,1,22,14,10,5,0,0,0,1,0,1,43,0,0,6,8,5,11.0,0,0,6,9,5,13.0,0,12.4,0.5,1.79,2
1,14,1,9,1,1,1,1,14,10,11,0,0,0,1,0,1,18,0,0,5,9,5,13.2,0,0,5,13,5,14.4,5,16.2,0.3,-0.92,2
1,9,1,6,1,1,1,22,27,10,10,1,0,0,1,0,1,21,0,0,6,7,6,13.5,0,0,6,6,3,15.333333333333334,0,8.9,1.4,3.51,0
1,4,1,9,1,3,1,6,19,2,8,0,0,0,1,0,0,26,0,0,5,5,0,0.0,0,0,5,0,0,0.0,0,9.4,-0.8,-3.12,0
1,1,6,12,1,1,1,1,14,10,5,1,0,0,1,0,1,19,0,0,8,8,7,14.214285714285714,0,0,8,8,7,14.214285714285714,0,12.7,3.7,-1.7,2
1,1,1,6,1,1,1,22,9,12,12,0,0,0,1,0,0,18,0,0,5,5,5,13.0,0,0,5,5,5,12.4,0,7.6,2.6,0.32,2
1,1,1,15,1,1,1,3,2,3,2,1,0,0,1,0,0,22,0,0,6,13,2,12.0,0,0,6,14,1,10.0,0,9.4,-0.8,-3.12,0
1,12,1,12,1,12,1,1,14,5,11,1,0,0,1,0,0,27,0,0,7,0,0,0.0,0,0,8,0,0,0.0,0,11.1,0.6,2.02,0
1,1,3,9,1,1,1,23,14,10,11,1,0,0,1,0,0,18,0,0,5,6,5,12.8,1,0,5,6,5,12.6,0,9.4,-0.8,-3.12,2
1,8,1,6,1,1,1,22,28,8,10,0,0,0,1,0,0,19,0,0,5,11,4,13.6,2,0,5,9,4,12.2,0,9.4,-0.8,-3.12,2
1,8,4,12,1,1,1,13,14,4,11,1,0,0,1,0,0,18,0,0,7,7,7,13.971428571428572,0,0,8,8,8,15.75,0,13.9,-0.3,0.79,2
1,1,1,6,1,1,1,23,27,5,5,0,0,0,1,0,1,19,0,0,6,8,6,15.0,0,0,6,9,6,14.857142857142858,0,11.1,0.6,2.02,2
1,12,1,6,1,1,1,22,27,10,10,0,0,0,0,0,0,32,0,0,6,0,0,0.0,0,0,6,0,0,0.0,0,11.1,0.6,2.02,0
1,13,1,12,1,1,1,22,1,10,5,1,0,0,1,0,0,23,0,20,26,27,26,15.07777777777778,0,14,17,17,17,15.023529411764704,0,15.5,2.8,-4.06,2
1,8,3,12,1,1,1,22,27,5,4,1,0,0,1,0,0,20,0,0,7,7,6,13.383333333333333,0,0,7,7,6,13.383333333333333,0,7.6,2.6,0.32,2
1,1,1,2,1,1,1,13,28,6,6,1,0,1,1,0,0,20,0,6,12,12,12,13.25,0,4,11,16,10,13.090909090909092,0,8.9,1.4,3.51,2
1,8,1,10,1,1,1,13,14,5,6,1,0,1,0,0,0,19,0,0,6,10,5,11.714285714285714,0,0,6,13,2,10.666666666666666,0,16.2,0.3,-0.92,0
1,1,3,12,1,1,1,13,14,6,6,1,0,0,1,0,1,18,0,0,8,8,8,13.01125,0,0,8,8,8,13.01125,0,9.4,-0.8,-3.12,2
1,15,1,4,1,14,1,13,14,10,5,0,0,0,1,0,0,21,0,0,6,12,3,10.666666666666666,2,0,6,12,4,12.0,0,15.5,2.8,-4.06,0
1,1,1,12,1,1,1,1,14,10,10,0,0,0,1,0,1,20,0,0,7,14,0,0.0,0,0,7,15,0,0.0,0,11.1,0.6,2.02,1
1,15,1,6,1,14,1,3,14,3,5,1,0,0,1,0,0,22,0,1,6,9,6,13.0,0,1,6,18,3,12.666666666666666,0,12.4,0.5,1.79,2
1,15,1,17,0,14,1,22,27,10,10,0,0,0,1,0,0,26,0,0,5,5,5,12.0,0,0,5,7,5,11.4,0,12.7,3.7,-1.7,2
1,1,1,5,1,1,1,22,27,4,4,1,0,0,1,0,0,20,0,0,6,6,6,12.166666666666666,0,0,6,7,5,13.8,0,12.7,3.7,-1.7,2
1,1,1,12,1,1,1,13,28,6,4,1,0,0,1,0,0,19,0,0,7,10,6,11.85,0,0,8,10,7,13.65,0,16.2,0.3,-0.92,2
1,12,1,17,0,1,1,22,27,10,10,0,0,0,1,0,0,31,0,0,5,8,4,11.0,0,0,5,6,5,11.2,0,7.6,2.6,0.32,2
1,14,3,12,1,1,1,1,14,10,8,1,0,1,1,0,1,20,0,0,7,9,7,12.327777777777778,0,0,8,10,8,11.736,0,15.5,2.8,-4.06,2
1,14,1,6,1,1,1,13,28,8,8,1,0,0,1,0,0,20,0,0,5,9,4,12.0,0,0,5,10,5,13.428571428571429,1,10.8,1.4,1.74,2
1,8,4,12,1,1,1,22,27,6,6,1,0,0,1,0,0,21,0,0,7,7,7,14.428571428571429,0,0,8,9,8,14.511111111111113,0,16.2,0.3,-0.92,2
1,1,4,12,1,1,1,13,14,10,8,1,0,0,1,0,0,18,0,0,7,7,7,13.78,0,0,8,8,8,12.6125,0,12.4,0.5,1.79,2
1,8,2,12,1,1,1,22,1,10,5,1,0,0,1,0,1,19,0,0,7,7,6,13.8,0,0,7,7,6,13.8,0,7.6,2.6,0.32,2
1,1,1,16,1,1,1,13,14,4,8,1,0,0,1,0,1,18,0,0,7,7,7,14.857142857142858,0,0,7,7,7,15.142857142857142,0,13.9,-0.3,0.79,2
4,12,1,15,1,13,1,13,14,8,10,0,0,0,1,0,0,40,0,0,6,8,5,13.0,0,0,6,7,5,12.6,0,16.2,0.3,-0.92,1
1,8,6,10,1,1,1,1,28,5,8,0,0,0,1,0,1,18,0,0,6,7,6,12.142857142857142,0,0,6,6,6,13.333333333333334,0,13.9,-0.3,0.79,2
1,1,2,6,1,1,1,25,4,3,3,1,0,0,1,0,0,18,0,0,6,7,6,15.666666666666666,0,0,6,6,6,14.833333333333334,0,8.9,1.4,3.51,2
1,8,1,12,1,1,1,1,14,5,4,1,0,0,1,0,0,19,0,0,7,13,5,12.5,0,0,8,14,7,12.166666666666666,0,15.5,2.8,-4.06,2
1,8,1,10,1,1,1,23,28,10,8,0,0,0,1,0,1,19,0,0,6,7,6,12.833333333333334,0,0,6,6,6,13.166666666666666,0,12.4,0.5,1.79,2
1,12,1,4,1,1,1,23,28,10,7,0,0,1,0,0,0,28,0,0,6,6,0,0.0,0,0,6,7,0,0.0,0,8.9,1.4,3.51,0
1,8,1,5,1,1,1,22,28,10,9,1,0,0,1,0,0,20,0,0,6,6,6,12.5,0,0,6,6,6,12.666666666666666,0,7.6,2.6,0.32,2
1,1,2,15,1,1,1,22,27,10,10,1,0,0,1,0,0,18,0,0,6,14,4,11.25,0,0,6,9,5,13.0,0,9.4,-0.8,-3.12,2
1,1,2,12,1,1,1,1,1,5,4,1,0,0,1,0,0,18,0,0,7,7,6,15.25,0,0,7,7,6,15.25,0,7.6,2.6,0.32,2
1,1,1,6,1,1,1,13,27,10,10,1,0,0,1,0,1,20,0,0,5,13,5,14.0,2,0,5,10,3,12.0,1,9.4,-0.8,-3.12,2
1,14,1,10,1,1,1,23,14,10,5,0,0,1,1,0,0,28,0,15,16,16,13,12.076923076923077,0,13,13,13,11,12.090909090909092,0,16.2,0.3,-0.92,2
1,6,1,16,1,1,14,28,1,25,26,0,0,0,1,0,0,23,1,11,16,17,16,14.625,0,6,10,12,9,14.88888888888889,0,8.9,1.4,3.51,2
1,1,1,16,1,1,1,13,27,6,6,1,0,0,1,0,0,19,0,0,7,10,4,10.5,0,0,7,7,2,10.5,0,16.2,0.3,-0.92,0
1,8,1,10,1,1,1,23,14,24,36,1,0,0,1,0,1,18,0,0,6,8,6,12.833333333333334,0,0,6,6,6,12.166666666666666,0,8.9,1.4,3.51,2
1,1,3,15,1,1,9,22,27,10,10,0,0,1,0,0,1,20,1,0,6,6,6,12.5,0,0,6,7,5,11.8,0,10.8,1.4,1.74,2
1,1,1,2,1,1,1,3,1,3,5,1,0,0,1,0,0,20,0,5,12,13,12,11.23076923076923,0,3,11,18,9,12.77777777777778,0,11.1,0.6,2.02,2
2,12,1,17,0,1,1,22,27,10,10,0,0,0,1,0,0,27,0,0,5,5,2,10.5,0,0,5,5,0,0.0,0,7.6,2.6,0.32,0
1,1,1,16,1,1,1,1,1,10,10,1,0,0,1,0,0,18,0,0,6,11,3,12.0,0,0,6,13,2,12.0,0,12.7,3.7,-1.7,0
4,12,2,13,1,12,1,13,14,5,7,0,0,0,1,0,1,37,0,0,7,10,7,10.985714285714286,0,0,8,11,8,12.3,0,10.8,1.4,1.74,2
4,4,1,12,1,15,1,13,14,5,7,0,0,0,0,0,0,42,0,2,7,10,5,12.62,0,3,7,11,3,14.166666666666666,0,12.4,0.5,1.79,0
1,8,6,12,1,1,1,1,28,5,9,1,0,0,1,0,0,20,0,0,7,9,6,13.0,0,0,8,8,8,14.2125,0,13.9,-0.3,0.79,0
2,12,1,7,1,1,1,19,24,10,10,0,0,0,0,1,0,34,0,0,5,5,0,0.0,0,0,5,5,0,0.0,0,15.5,2.8,-4.06,0
1,13,1,7,1,1,1,3,3,4,3,1,0,0,1,1,0,22,0,0,5,0,0,0.0,0,0,5,0,0,0.0,0,10.8,1.4,1.74,0
2,12,2,11,1,12,1,13,14,10,6,0,0,0,1,1,0,39,0,0,6,6,6,13.5,0,0,6,6,6,13.333333333333334,0,12.4,0.5,1.79,2
1,1,1,12,1,1,1,22,27,10,10,1,0,0,1,1,1,18,0,0,7,7,6,13.516666666666666,0,0,7,7,6,13.516666666666666,0,7.6,2.6,0.32,2
1,1,2,5,1,1,1,22,27,10,10,1,0,0,1,1,1,21,0,0,6,6,6,13.166666666666666,0,0,6,8,6,13.285714285714286,0,8.9,1.4,3.51,2
2,12,1,6,1,1,1,22,27,12,11,0,0,0,1,1,0,34,0,0,6,0,0,0.0,0,0,6,0,0,0.0,0,10.8,1.4,1.74,0
1,15,1,4,1,14,1,22,27,10,10,0,0,0,1,1,1,22,0,0,6,8,6,13.125,0,0,6,10,6,13.0,0,16.2,0.3,-0.92,2
1,12,1,4,1,1,1,1,27,5,8,0,0,0,1,1,0,31,0,0,6,15,3,14.4,0,0,6,20,0,0.0,0,16.2,0.3,-0.92,0
1,9,3,16,1,1,1,23,27,6,10,1,0,0,0,1,0,19,0,0,6,10,4,12.0,0,0,6,12,0,0.0,0,10.8,1.4,1.74,0
1,8,5,11,1,1,1,23,1,6,10,0,0,0,1,1,0,19,0,0,5,5,0,0.0,0,0,5,10,0,0.0,0,10.8,1.4,1.74,0
1,12,1,13,1,12,1,22,27,10,11,0,0,0,1,1,0,31,0,0,7,7,0,0.0,0,0,7,7,0,0.0,0,15.5,2.8,-4.06,0
1,3,1,9,1,1,1,13,28,6,7,1,0,0,1,0,0,19,0,0,5,15,3,10.8,0,0,5,6,3,10.5,0,13.9,-0.3,0.79,1
2,12,2,14,1,1,14,22,14,10,10,0,0,0,1,0,0,30,1,0,6,0,0,0.0,0,0,6,0,0,0.0,0,9.4,-0.8,-3.12,0
1,16,1,12,1,1,1,22,28,4,4,1,0,0,1,0,1,20,0,2,7,7,7,16.13142857142857,0,0,8,9,8,15.52222222222222,0,11.1,0.6,2.02,2
1,8,1,12,1,1,1,13,28,8,8,1,0,0,1,0,1,18,0,0,7,7,7,14.838571428571427,0,0,8,9,8,14.8,0,12.4,0.5,1.79,2
4,12,1,17,0,1,1,22,27,6,6,0,0,0,1,0,0,31,0,0,5,7,3,10.333333333333334,0,0,5,6,3,12.0,0,10.8,1.4,1.74,0
1,8,1,11,1,1,1,13,1,10,5,1,0,0,1,0,0,19,0,0,6,11,3,12.0,0,0,6,11,4,11.25,0,7.6,2.6,0.32,0
4,12,1,3,0,1,1,22,27,10,8,0,0,0,1,0,1,43,0,0,6,6,0,0.0,0,0,5,5,0,0.0,0,8.9,1.4,3.51,0
1,8,2,11,1,1,1,23,28,10,9,1,0,0,1,0,1,20,0,0,6,6,6,13.166666666666666,0,0,6,6,6,14.0,0,13.9,-0.3,0.79,2
1,1,2,12,1,1,1,1,1,6,10,1,0,0,1,0,1,19,0,0,8,8,8,13.9475,0,0,8,8,8,13.9475,0,9.4,-0.8,-3.12,2
1,1,1,14,1,1,1,3,1,2,8,0,0,0,1,0,0,22,0,0,5,6,3,11.333333333333334,0,0,5,5,0,0.0,0,9.4,-0.8,-3.12,0
1,1,1,3,0,1,1,3,1,2,8,0,0,0,1,0,0,26,0,2,8,11,7,12.75,0,2,7,7,7,12.285714285714286,0,16.2,0.3,-0.92,2
1,9,1,9,1,1,1,13,14,6,9,1,0,0,1,0,1,19,0,0,5,6,5,12.6,0,0,5,8,5,11.25,0,10.8,1.4,1.74,2
1,4,1,12,1,3,1,13,3,5,3,1,0,0,1,0,0,29,0,0,8,8,6,12.25,1,0,8,8,6,12.25,1,12.7,3.7,-1.7,0
1,6,1,13,1,1,12,3,14,14,29,0,0,0,1,0,0,20,1,0,7,14,0,0.0,6,0,7,12,2,11.666666666666666,0,8.9,1.4,3.51,1
4,1,1,17,0,1,1,22,27,10,8,0,0,0,1,0,1,38,0,0,5,8,5,11.0,0,0,5,7,5,11.4,0,9.4,-0.8,-3.12,1
1,12,1,4,1,1,1,22,27,10,6,0,0,0,1,0,0,41,0,8,12,17,12,11.833333333333334,0,3,12,22,9,12.7,0,15.5,2.8,-4.06,2
1,1,6,12,1,1,1,13,28,5,10,1,0,0,1,0,0,19,0,0,8,10,6,13.066666666666668,0,0,8,10,6,13.066666666666668,0,12.7,3.7,-1.7,0
1,1,1,5,1,1,1,1,28,5,6,0,0,1,1,0,0,19,0,0,6,6,6,13.833333333333334,0,0,6,8,6,13.875,0,10.8,1.4,1.74,2
4,4,1,12,1,3,1,3,14,3,4,0,0,0,1,0,0,43,0,0,7,7,3,13.833333333333334,1,0,7,7,0,0.0,0,16.2,0.3,-0.92,0
1,8,1,8,1,1,1,23,27,10,8,1,0,0,1,0,0,19,0,0,5,5,5,11.8,0,0,5,5,5,13.2,0,10.8,1.4,1.74,2
1,1,1,2,1,1,1,13,28,10,9,1,0,0,1,1,1,19,0,6,12,12,12,13.333333333333334,0,4,11,15,10,12.818181818181818,0,8.9,1.4,3.51,1
1,1,6,12,1,1,1,2,14,4,10,1,0,0,1,1,0,18,0,0,8,8,8,13.74625,0,0,8,8,8,13.74625,0,9.4,-0.8,-3.12,2
1,1,1,2,1,1,1,3,3,3,3,1,0,0,1,1,0,19,0,0,0,0,0,0.0,0,0,0,0,0,0.0,0,16.2,0.3,-0.92,0
2,12,1,3,0,12,1,19,24,1,1,0,0,0,1,1,0,38,0,0,6,0,0,0.0,0,0,6,0,0,0.0,0,9.4,-0.8,-3.12,0
2,4,1,8,1,2,1,13,14,5,9,1,0,0,1,1,0,37,0,0,6,9,0,0.0,0,0,6,6,0,0.0,0,16.2,0.3,-0.92,0
1,12,1,14,1,1,1,1,14,5,11,1,0,0,1,0,1,26,0,0,6,6,6,13.333333333333334,0,0,6,10,5,14.5,0,10.8,1.4,1.74,2
1,8,1,10,1,1,1,22,27,10,10,1,0,0,1,0,1,21,0,0,6,8,1,10.0,0,0,6,13,5,11.4,0,12.7,3.7,-1.7,1
1,1,3,6,1,1,1,1,14,10,10,1,0,0,1,0,1,18,0,0,6,7,6,15.666666666666666,0,0,6,8,6,15.285714285714286,0,8.9,1.4,3.51,2
1,1,1,16,1,1,1,3,14,3,4,0,0,0,1,0,0,18,0,0,7,9,7,11.857142857142858,0,0,7,7,7,11.857142857142858,0,16.2,0.3,-0.92,2
1,1,1,6,1,1,1,3,1,3,5,0,0,0,1,0,0,18,0,0,5,12,5,14.5,2,0,5,5,5,13.6,0,9.4,-0.8,-3.12,2
1,8,1,10,1,1,1,23,1,10,5,0,0,0,1,0,0,19,0,0,6,6,6,12.166666666666666,0,0,6,7,6,13.714285714285714,0,15.5,2.8,-4.06,2
1,1,1,15,1,1,1,13,14,10,10,1,0,0,1,0,0,18,0,0,6,6,5,12.6,0,0,6,8,6,12.0,0,11.1,0.6,2.02,2
1,8,2,12,1,1,1,2,28,4,9,1,0,0,1,0,0,18,0,0,8,12,7,12.285714285714286,0,0,8,12,7,12.285714285714286,0,12.7,3.7,-1.7,1
1,8,1,10,1,1,1,23,28,29,44,0,0,1,1,0,1,19,0,0,6,6,6,12.666666666666666,0,0,6,7,6,13.0,0,8.9,1.4,3.51,2
1,1,1,12,1,1,1,13,28,8,9,0,0,0,1,0,0,19,0,0,7,0,0,0.0,0,0,8,0,0,0.0,0,16.2,0.3,-0.92,0
1,1,1,11,1,1,1,13,1,10,9,1,0,0,1,0,1,18,0,0,6,7,6,12.857142857142858,0,0,6,10,4,13.0,0,12.7,3.7,-1.7,2
2,1,1,12,1,1,1,1,1,10,11,0,0,0,1,0,0,18,0,0,8,8,7,13.9,0,0,8,8,7,13.9,0,12.7,3.7,-1.7,2
1,1,1,12,1,1,1,23,27,10,8,1,0,0,1,0,1,20,0,0,8,8,7,13.817142857142857,0,0,8,8,7,13.817142857142857,0,10.8,1.4,1.74,2
1,17,1,13,1,16,1,1,14,5,6,0,0,0,1,0,1,22,0,1,7,10,6,13.314285714285717,0,2,8,10,7,12.875,0,8.9,1.4,3.51,2
1,1,1,8,1,1,1,19,1,1,1,0,0,0,1,0,0,18,0,0,6,0,0,0.0,0,0,6,0,0,0.0,0,7.6,2.6,0.32,0
1,8,4,11,1,1,1,23,14,8,8,1,0,0,1,0,1,19,0,0,6,6,6,12.166666666666666,0,0,6,6,6,12.166666666666666,0,12.4,0.5,1.79,2
1,1,1,11,1,1,1,22,27,10,10,1,0,0,0,0,1,20,0,0,6,12,4,11.25,0,0,6,12,3,11.333333333333334,0,7.6,2.6,0.32,0
1,14,1,5,1,1,1,2,3,4,3,0,0,0,1,0,0,19,0,1,6,6,5,12.4,0,0,6,8,6,12.75,0,10.8,1.4,1.74,1
1,1,2,15,1,1,1,22,27,6,6,1,1,0,1,0,1,20,0,0,6,6,6,14.666666666666666,0,0,6,7,6,14.571428571428571,0,8.9,1.4,3.51,2
1,12,1,6,1,1,1,3,14,3,10,0,0,0,1,0,0,28,0,0,6,15,4,12.0,0,0,6,14,4,12.0,0,11.1,0.6,2.02,0
1,1,2,6,1,1,1,1,1,31,14,0,0,0,1,0,0,19,0,0,6,8,6,14.0,0,0,6,18,3,12.666666666666666,0,12.4,0.5,1.79,2
1,13,1,4,1,14,1,13,1,6,6,0,0,0,1,0,0,22,0,0,6,10,6,12.571428571428571,0,0,6,12,4,13.666666666666666,0,15.5,2.8,-4.06,1
1,1,1,6,1,1,1,1,3,10,2,1,0,0,1,0,0,19,0,1,6,14,6,15.538461538461538,0,0,6,9,6,12.625,0,15.5,2.8,-4.06,2
1,1,3,15,1,1,1,13,14,6,6,1,0,0,0,0,0,18,0,0,6,0,0,0.0,0,0,6,0,0,0.0,0,13.9,-0.3,0.79,0
1,3,1,8,1,1,1,5,33,3,3,1,0,0,1,0,0,18,0,0,6,6,6,15.0,0,0,6,6,6,14.833333333333334,0,8.9,1.4,3.51,2
1,14,1,8,1,1,1,2,1,3,4,1,0,0,1,0,0,22,0,0,5,11,4,12.25,0,0,5,9,5,13.285714285714286,0,12.7,3.7,-1.7,2
1,17,1,6,1,16,1,1,14,5,8,0,0,0,1,0,0,20,0,7,11,13,11,15.692307692307692,0,4,9,9,9,15.555555555555555,0,8.9,1.4,3.51,2
1,12,1,17,0,1,1,1,27,10,8,0,0,0,1,0,1,24,0,0,5,7,5,12.285714285714286,0,0,5,9,5,12.75,1,16.2,0.3,-0.92,2
1,8,1,2,1,1,1,1,28,10,10,1,0,1,1,0,0,22,0,12,17,19,12,11.833333333333334,0,10,17,22,11,11.25,0,11.1,0.6,2.02,1
1,14,1,3,0,1,1,23,14,6,5,0,0,0,1,0,0,20,0,2,6,6,6,12.166666666666666,0,0,6,7,5,14.0,0,12.7,3.7,-1.7,1
1,1,1,13,1,1,1,13,28,10,10,1,0,0,1,0,1,20,0,0,7,10,7,11.88888888888889,0,0,8,10,8,11.95625,0,12.7,3.7,-1.7,2
2,4,1,3,0,3,1,23,1,10,10,0,0,0,0,0,0,35,0,0,6,0,0,0.0,0,0,6,0,0,0.0,0,10.8,1.4,1.74,0
1,1,1,14,1,1,1,1,1,6,8,0,0,0,1,0,1,18,0,0,5,6,5,11.8,0,0,5,5,5,12.6,0,9.4,-0.8,-3.12,2
1,8,2,10,1,1,1,2,3,4,4,1,0,0,1,0,0,19,0,0,6,7,6,11.166666666666666,0,0,6,9,6,11.666666666666666,0,9.4,-0.8,-3.12,2
1,9,1,12,1,1,1,3,3,4,4,0,0,0,1,0,0,18,0,0,7,7,7,14.05714285714286,0,0,8,9,8,14.6,0,16.2,0.3,-0.92,2
1,1,2,11,1,1,1,1,28,5,10,1,0,0,1,0,0,18,0,0,6,10,4,11.75,0,0,6,13,4,10.0,0,7.6,2.6,0.32,0
2,12,1,10,1,12,1,1,2,5,7,0,0,0,1,0,0,31,0,0,6,6,6,13.166666666666666,0,0,6,8,6,13.0,0,9.4,-0.8,-3.12,1
1,8,1,10,1,1,1,13,14,6,8,0,0,0,1,0,1,19,0,0,6,7,6,13.5,0,0,6,7,6,14.0,0,15.5,2.8,-4.06,2
1,9,1,12,1,1,1,23,27,5,10,1,0,0,1,0,1,20,0,0,7,10,7,12.625,0,0,8,8,8,13.0625,0,15.5,2.8,-4.06,2
1,8,3,6,1,1,1,13,28,6,8,0,0,0,1,0,0,21,0,0,6,0,0,0.0,0,0,6,0,0,0.0,0,15.5,2.8,-4.06,0
1,1,3,12,1,1,1,13,28,10,8,1,0,0,1,0,1,18,0,0,8,8,7,13.971428571428572,0,0,8,8,7,13.971428571428572,0,12.7,3.7,-1.7,2
1,1,5,5,1,1,1,19,1,6,8,1,0,0,1,0,0,18,0,0,6,7,2,11.0,0,0,6,0,0,0.0,0,9.4,-0.8,-3.12,0
2,12,1,17,0,1,1,23,14,5,9,0,0,0,1,0,0,33,0,0,5,5,5,12.8,0,0,5,6,5,15.333333333333334,0,10.8,1.4,1.74,2
1,1,2,14,1,1,1,22,27,10,8,1,0,0,1,0,1,18,0,0,6,8,6,13.571428571428571,0,0,6,6,5,12.8,0,12.4,0.5,1.79,1
1,1,1,2,1,1,1,22,27,8,10,1,0,0,0,0,1,18,0,0,0,0,0,0.0,0,0,0,0,0,0.0,0,12.7,3.7,-1.7,0
1,1,1,6,1,1,1,22,27,10,7,0,0,1,1,0,0,21,0,0,5,9,2,11.5,0,0,5,13,4,11.0,1,10.8,1.4,1.74,1
1,8,3,11,1,1,1,22,14,6,6,1,0,0,1,0,0,19,0,0,6,8,4,11.25,0,0,6,8,4,12.0,0,10.8,1.4,1.74,1
1,4,1,17,0,3,1,3,14,3,4,0,0,0,1,0,0,28,0,0,5,7,5,13.714285714285714,0,0,5,7,5,13.142857142857142,0,16.2,0.3,-0.92,2
2,12,1,9,1,1,1,1,14,10,10,0,0,0,0,0,0,29,0,0,4,4,0,0.0,0,0,5,0,0,0.0,0,12.7,3.7,-1.7,0
1,15,1,8,1,14,1,1,27,4,4,1,0,1,0,0,0,36,0,2,6,9,6,12.0,0,1,6,8,3,14.666666666666666,0,12.4,0.5,1.79,0
1,12,1,3,0,12,1,22,27,10,8,0,0,0,1,0,1,32,0,0,6,7,6,12.666666666666666,0,0,6,7,6,13.333333333333334,0,12.7,3.7,-1.7,2
1,12,1,12,1,1,1,23,27,6,8,1,0,0,1,0,1,25,0,0,8,11,7,13.29,3,0,8,11,7,13.29,3,9.4,-0.8,-3.12,1
2,14,1,17,0,1,1,22,27,4,11,0,0,0,1,0,0,33,0,8,10,15,8,10.375,0,7,10,13,9,10.444444444444445,0,7.6,2.6,0.32,1
2,14,1,3,0,10,1,19,24,1,1,0,0,0,0,0,0,34,0,3,7,13,3,12.0,0,2,7,15,1,13.0,1,9.4,-0.8,-3.12,0
2,12,1,3,0,1,1,19,24,1,1,0,0,0,1,0,0,33,0,0,6,10,5,11.4,0,1,6,7,6,11.166666666666666,0,7.6,2.6,0.32,2
1,14,1,17,0,1,1,22,28,10,9,0,0,1,0,0,0,29,0,0,5,15,2,13.25,0,0,5,12,3,12.6,3,16.2,0.3,-0.92,0
1,1,1,12,1,1,1,1,1,5,11,0,0,0,1,0,0,18,0,0,7,7,6,13.861666666666666,0,0,8,16,0,0.0,1,12.4,0.5,1.79,0
1,1,1,15,1,1,1,22,28,8,8,0,0,0,1,0,1,18,0,0,6,6,6,12.166666666666666,0,0,6,7,6,12.142857142857142,0,15.5,2.8,-4.06,2
2,4,1,10,1,3,1,22,14,5,6,0,0,0,1,0,0,38,0,0,6,17,4,13.75,0,0,6,15,6,14.5,0,16.2,0.3,-0.92,2
1,1,4,12,1,1,1,23,27,10,9,1,0,0,1,0,1,19,0,0,7,7,6,15.433333333333332,0,0,7,7,6,15.433333333333332,0,7.6,2.6,0.32,2
4,12,1,3,0,12,1,22,27,10,10,0,0,0,1,0,1,39,0,0,6,6,6,13.833333333333334,0,0,6,6,6,15.5,0,11.1,0.6,2.02,2
1,14,1,17,0,3,1,22,27,10,10,0,0,0,1,0,0,37,0,7,14,21,12,11.833333333333334,0,11,12,15,11,11.363636363636363,0,12.7,3.7,-1.7,2
1,8,2,13,1,1,1,22,27,6,6,1,0,0,1,0,0,32,0,0,7,7,0,0.0,0,0,8,8,0,0.0,0,16.2,0.3,-0.92,0
1,9,1,10,1,1,1,23,24,5,1,0,0,0,1,0,0,18,0,0,1,1,0,0.0,1,0,6,0,0,0.0,0,10.8,1.4,1.74,0
1,14,1,13,1,1,1,1,1,5,9,1,1,0,1,0,0,20,0,1,7,9,7,12.333333333333334,0,0,8,8,8,12.625,0,12.7,3.7,-1.7,1
1,1,5,5,1,1,1,22,27,10,10,1,0,0,1,0,0,20,0,0,6,6,6,11.166666666666666,0,0,6,6,6,12.166666666666666,0,7.6,2.6,0.32,2
1,8,1,6,1,1,1,22,27,10,10,1,0,0,1,0,1,23,0,0,6,6,6,14.666666666666666,0,0,6,8,6,12.428571428571429,0,8.9,1.4,3.51,2
1,1,2,9,1,1,1,1,14,5,10,1,0,0,1,0,0,19,0,0,5,5,5,11.2,0,0,5,11,4,11.75,0,10.8,1.4,1.74,1
1,1,1,10,1,1,1,22,28,10,11,0,0,0,1,0,0,18,0,0,6,9,6,13.714285714285714,0,0,6,6,6,14.166666666666666,0,13.9,-0.3,0.79,2
1,1,1,9,1,1,1,23,14,10,10,1,0,0,1,1,0,19,0,0,5,5,5,12.8,0,0,5,10,5,11.444444444444445,0,10.8,1.4,1.74,2
1,8,4,15,1,1,1,1,28,6,8,1,0,0,1,0,0,20,0,0,6,9,4,13.25,0,0,6,11,5,11.8,0,12.4,0.5,1.79,2
1,1,6,12,1,1,1,22,14,10,8,1,0,0,1,0,0,19,0,0,8,10,6,13.78,1,0,8,10,6,13.78,1,9.4,-0.8,-3.12,0
1,8,3,12,1,1,1,22,28,5,6,1,0,0,1,0,0,19,0,0,8,8,7,15.11,0,0,8,8,7,15.11,0,10.8,1.4,1.74,2
1,1,2,10,1,1,1,1,14,5,6,0,0,0,1,0,0,18,0,0,6,10,4,11.0,0,0,6,8,5,11.2,0,10.8,1.4,1.74,2
1,1,1,12,1,1,1,23,14,10,6,1,0,0,1,0,1,20,0,0,8,8,7,15.798571428571426,0,0,8,8,7,15.798571428571426,0,10.8,1.4,1.74,2
1,1,3,12,1,1,1,13,27,10,10,1,0,0,1,0,0,20,0,0,7,7,7,13.775714285714288,0,0,8,8,8,15.599999999999998,0,12.4,0.5,1.79,2
4,12,1,12,1,1,1,23,27,8,8,1,0,0,1,0,0,24,0,0,8,11,7,12.16,0,0,8,11,7,12.16,0,10.8,1.4,1.74,2
4,12,2,13,1,1,1,23,27,8,8,1,0,0,1,0,0,24,0,0,7,0,0,0.0,0,0,7,0,0,0.0,0,10.8,1.4,1.74,0
1,8,2,15,1,1,1,2,1,3,8,1,0,0,1,0,0,20,0,0,6,6,6,14.333333333333334,0,0,6,6,6,15.5,0,12.4,0.5,1.79,2
1,1,3,5,1,1,1,13,14,4,4,1,0,0,1,0,0,20,0,0,6,6,6,11.833333333333334,0,0,6,6,3,13.333333333333334,0,9.4,-0.8,-3.12,1
1,1,1,6,1,1,1,23,27,4,10,1,0,0,0,0,0,18,0,0,6,7,6,14.833333333333334,0,0,6,8,6,12.5,0,8.9,1.4,3.51,1
1,1,1,12,1,1,1,1,27,10,10,0,0,0,1,0,0,18,0,0,8,8,7,14.2,0,0,8,8,7,14.2,0,12.7,3.7,-1.7,2
1,1,1,6,1,1,1,2,1,5,4,1,0,0,1,0,0,21,0,0,5,6,5,12.2,0,0,5,5,5,13.2,0,10.8,1.4,1.74,2
1,8,1,16,1,1,1,1,28,5,11,1,0,0,1,0,0,18,0,0,6,10,4,13.0,0,0,6,9,5,13.666666666666666,0,9.4,-0.8,-3.12,2
1,8,5,12,1,1,1,13,1,6,4,1,0,0,1,0,1,19,0,0,8,8,7,12.485714285714286,0,0,8,8,7,12.485714285714286,0,12.7,3.7,-1.7,2
1,4,1,6,1,15,1,1,1,5,5,1,0,0,1,0,0,22,0,0,6,7,6,17.0,0,0,6,7,6,16.285714285714285,0,11.1,0.6,2.02,2
1,8,3,10,1,1,1,13,14,8,8,1,0,0,1,0,0,19,0,0,6,7,5,10.8,0,0,6,9,6,10.166666666666666,0,8.9,1.4,3.51,2
1,1,3,12,1,1,3,22,27,10,10,1,0,0,1,0,0,18,1,0,7,7,6,14.716666666666669,0,0,7,7,6,14.716666666666669,0,7.6,2.6,0.32,2
1,1,1,6,1,1,1,22,14,10,6,1,0,0,1,0,1,19,0,0,5,10,2,13.5,0,0,5,11,5,11.4,1,10.8,1.4,1.74,1
1,14,1,12,1,1,1,23,14,6,6,1,0,0,1,0,1,24,0,0,8,8,7,11.971428571428572,0,0,8,8,7,11.971428571428572,0,12.7,3.7,-1.7,1
1,1,3,6,1,1,1,23,14,10,6,0,0,0,1,0,0,19,0,0,5,7,3,12.0,0,0,5,7,4,13.5,0,7.6,2.6,0.32,1
1,1,1,3,0,1,1,23,28,6,3,0,0,0,1,0,0,34,0,0,6,7,6,12.333333333333334,0,0,6,6,6,11.666666666666666,0,10.8,1.4,1.74,2
1,8,5,6,1,1,1,23,28,10,10,1,0,0,1,0,0,19,0,0,12,22,6,15.307692307692308,0,0,10,13,6,13.875,0,15.5,2.8,-4.06,2
1,1,1,12,1,1,1,22,27,8,10,1,0,0,1,0,1,18,0,0,7,7,6,12.666666666666666,0,0,7,7,6,12.666666666666666,0,7.6,2.6,0.32,2
1,1,5,12,1,1,1,22,27,10,6,1,0,0,1,0,1,19,0,0,7,10,7,14.368,0,0,8,8,8,14.44875,0,15.5,2.8,-4.06,2
1,12,1,12,1,1,1,13,1,2,2,0,0,0,1,0,0,25,0,0,8,8,7,12.084285714285716,0,0,8,8,7,12.084285714285716,0,10.8,1.4,1.74,2
1,15,1,6,1,14,1,3,28,3,10,1,0,0,1,0,0,21,0,7,12,18,8,12.25,0,4,12,27,8,12.2,0,12.4,0.5,1.79,1
1,1,1,11,1,1,1,22,27,8,8,0,0,0,1,0,0,18,0,0,6,10,5,12.2,0,0,6,10,5,11.6,0,16.2,0.3,-0.92,1
1,1,1,10,1,1,1,19,28,5,8,0,0,0,1,0,1,18,0,0,6,12,4,11.0,0,0,6,9,6,11.5,0,9.4,-0.8,-3.12,2
1,1,1,3,0,1,1,23,28,10,8,1,0,0,1,0,0,28,0,0,6,8,5,12.8,0,0,6,8,5,11.0,0,9.4,-0.8,-3.12,2
5,14,1,12,1,1,1,1,28,6,6,0,0,0,1,0,1,18,0,0,8,8,7,11.857142857142858,0,0,8,8,7,11.857142857142858,0,12.7,3.7,-1.7,2
2,12,1,11,1,1,1,22,27,10,10,0,0,0,1,0,0,41,0,0,6,8,6,12.285714285714286,0,0,6,10,5,13.0,0,8.9,1.4,3.51,2
1,8,2,16,1,1,1,22,27,6,1,0,0,0,1,0,0,18,0,0,6,11,3,12.333333333333334,0,0,6,11,4,13.5,0,7.6,2.6,0.32,0
1,8,1,10,1,1,1,23,14,8,8,0,0,0,1,0,1,21,0,0,6,11,4,11.25,0,0,6,12,4,11.4,0,15.5,2.8,-4.06,2
4,4,1,10,1,15,1,19,24,13,13,0,0,1,1,0,0,41,0,0,6,0,0,0.0,0,0,6,0,0,0.0,0,11.1,0.6,2.02,0
1,4,1,5,1,3,1,3,5,3,3,1,0,0,1,0,0,32,0,0,3,3,2,16.0,0,0,3,3,1,16.0,0,7.6,2.6,0.32,0
1,14,1,3,0,9,1,19,24,1,13,0,0,0,1,0,0,29,0,0,6,10,6,11.666666666666666,0,0,6,7,6,11.0,0,7.6,2.6,0.32,2
1,12,1,13,1,1,1,13,28,10,9,0,0,0,1,0,0,24,0,0,7,15,5,12.4,0,0,8,14,7,12.15,0,12.4,0.5,1.79,1
1,14,1,13,1,1,1,23,28,8,9,1,0,0,1,0,0,22,0,0,7,14,6,10.744444444444444,1,0,8,10,8,11.8375,0,12.7,3.7,-1.7,1
1,1,1,10,1,1,1,13,1,2,4,0,0,0,1,0,0,21,0,0,6,0,0,0.0,0,0,6,0,0,0.0,0,15.5,2.8,-4.06,0
2,12,1,12,1,12,1,22,28,10,11,1,0,0,1,0,0,39,0,0,7,12,4,12.0,0,0,7,13,4,12.5625,0,11.1,0.6,2.02,0
4,12,1,6,1,1,1,22,27,10,10,0,0,0,0,0,1,44,0,0,6,12,4,12.75,0,0,6,15,2,10.0,0,8.9,1.4,3.51,1
1,1,1,9,1,1,1,22,27,10,10,1,0,0,1,0,0,20,0,0,5,9,2,10.0,0,0,5,10,2,11.0,0,7.6,2.6,0.32,1
1,14,3,12,1,1,1,23,27,10,9,0,0,0,1,0,0,21,0,11,14,26,12,13.417391304347827,1,11,14,26,12,13.417391304347827,1,7.6,2.6,0.32,2
1,1,1,15,1,1,1,19,18,1,7,1,0,0,1,0,0,18,0,0,6,6,6,15.166666666666666,0,0,6,7,6,14.857142857142858,0,7.6,2.6,0.32,2
1,12,1,4,1,1,1,22,27,6,6,0,0,1,1,0,0,34,0,0,6,10,5,13.833333333333334,0,0,6,13,5,12.5,0,16.2,0.3,-0.92,2
1,1,3,6,1,1,1,8,14,12,12,1,0,0,1,0,0,18,0,0,5,6,5,13.333333333333334,0,0,5,7,4,14.8,0,7.6,2.6,0.32,2
1,1,1,2,1,1,1,13,4,10,3,1,0,1,1,0,0,19,0,0,0,0,0,0.0,0,0,0,0,0,0.0,0,12.7,3.7,-1.7,1
1,1,1,16,1,1,1,22,14,7,8,1,0,0,1,0,0,18,0,0,6,11,3,11.666666666666666,0,0,6,11,3,10.666666666666666,0,9.4,-0.8,-3.12,0
1,1,5,6,1,1,1,3,14,3,4,1,0,0,1,0,0,19,0,0,6,12,5,15.0,0,0,6,9,6,13.428571428571429,0,16.2,0.3,-0.92,2
1,1,3,12,1,1,1,22,27,10,10,1,0,0,1,0,1,18,0,0,8,8,7,13.242857142857144,0,0,8,8,7,13.242857142857144,0,12.7,3.7,-1.7,1
1,1,5,8,1,1,1,3,1,3,10,1,0,0,1,0,0,19,0,0,5,13,1,13.0,0,0,5,7,2,12.5,0,12.7,3.7,-1.7,0
1,1,2,12,1,1,1,3,27,5,8,1,0,0,1,0,1,19,0,0,7,8,6,13.075,0,0,8,10,7,12.05,0,12.4,0.5,1.79,2
1,1,1,14,1,1,1,13,14,6,10,1,0,0,1,0,1,18,0,0,6,6,6,13.5,0,0,6,9,6,13.666666666666666,0,10.8,1.4,1.74,2
1,15,1,17,0,14,1,22,27,8,8,1,0,0,1,0,1,23,0,2,6,8,5,11.8,0,2,6,8,6,12.333333333333334,0,9.4,-0.8,-3.12,2
1,8,2,11,1,1,9,13,27,10,10,1,0,0,0,0,0,18,1,0,6,7,5,12.6,0,0,6,6,5,11.8,0,11.1,0.6,2.02,1
4,14,1,16,1,1,16,13,16,12,12,0,0,0,1,0,0,33,1,0,6,6,6,12.166666666666666,0,0,6,9,3,11.0,0,7.6,2.6,0.32,0
1,8,2,10,1,1,1,13,28,10,10,1,0,0,1,0,0,19,0,0,6,9,6,12.166666666666666,0,0,6,9,6,11.0,0,8.9,1.4,3.51,2
1,14,3,2,1,1,1,22,28,8,8,1,0,0,1,0,0,21,0,0,0,0,0,0.0,0,0,0,0,0,0.0,0,9.4,-0.8,-3.12,0
1,1,6,12,1,1,1,13,14,10,10,0,0,0,1,0,0,18,0,0,7,7,7,13.557142857142855,0,0,8,9,8,13.2,0,12.4,0.5,1.79,2
1,9,1,17,0,1,1,23,28,6,6,0,0,0,1,0,1,21,0,0,5,6,4,12.25,0,0,5,8,4,11.8,0,10.8,1.4,1.74,1
1,8,2,5,1,1,1,13,28,5,8,1,0,0,1,0,0,19,0,0,6,6,6,14.333333333333334,0,0,6,6,6,13.5,0,9.4,-0.8,-3.12,2
1,1,2,15,1,1,1,19,28,1,6,1,0,0,1,0,0,20,0,0,6,10,4,10.5,0,0,6,8,4,11.75,0,7.6,2.6,0.32,2
1,1,1,15,1,1,1,22,27,1,6,1,0,0,1,0,0,20,0,0,4,8,0,0.0,0,0,4,8,0,0.0,0,7.6,2.6,0.32,0
1,9,5,16,1,1,1,13,27,8,8,1,0,0,1,0,0,20,0,0,6,10,4,12.75,0,0,6,14,3,11.333333333333334,0,10.8,1.4,1.74,1
1,1,1,10,1,1,1,23,28,5,8,1,0,0,1,0,1,18,0,0,6,14,0,0.0,0,0,6,9,4,11.0,0,7.6,2.6,0.32,1
1,14,2,9,1,1,1,13,27,6,10,1,0,0,1,0,0,18,0,0,5,10,1,14.0,0,0,5,10,1,14.0,0,7.6,2.6,0.32,1
1,1,2,12,1,1,1,22,27,8,8,1,0,0,1,0,1,20,0,0,7,9,7,14.093333333333332,0,0,8,8,8,15.0,0,11.1,0.6,2.02,2
1,1,1,10,1,1,1,22,27,6,7,0,0,0,1,0,1,21,0,0,6,6,6,13.333333333333334,0,0,6,8,6,13.166666666666666,0,9.4,-0.8,-3.12,2
1,14,1,12,1,1,1,23,14,10,6,1,0,0,1,0,0,19,0,0,8,12,7,12.071428571428571,0,0,8,12,7,12.071428571428571,0,12.7,3.7,-1.7,2
1,1,3,11,1,1,1,13,1,8,10,1,0,0,1,0,1,18,0,0,6,6,6,12.666666666666666,0,0,6,6,6,12.5,0,12.4,0.5,1.79,2
1,12,1,6,1,1,1,22,27,10,10,1,0,1,1,0,0,27,0,0,6,11,6,12.125,0,0,6,16,5,12.0,0,12.4,0.5,1.79,1
1,1,2,12,1,1,1,13,28,8,10,1,0,0,1,0,1,21,0,0,7,9,7,13.2,0,0,8,9,7,13.2575,0,15.5,2.8,-4.06,2
1,8,4,12,1,1,1,3,14,5,8,1,0,0,1,0,1,18,0,0,7,8,7,14.15,0,0,8,8,8,14.51125,0,15.5,2.8,-4.06,2
1,8,1,16,1,1,1,23,27,6,8,1,0,1,1,0,0,18,0,0,6,12,4,13.5,0,0,6,14,3,10.666666666666666,0,10.8,1.4,1.74,1
1,14,1,16,1,1,1,22,27,10,10,0,0,1,0,0,0,28,0,0,6,0,0,0.0,0,0,5,10,0,0.0,0,10.8,1.4,1.74,0
1,12,1,13,1,1,1,29,30,3,3,0,0,0,1,0,0,36,0,0,7,13,5,12.2,0,0,7,14,3,11.4,0,11.1,0.6,2.02,0
1,1,1,6,1,1,1,23,28,10,11,1,0,0,1,0,0,20,0,0,5,6,5,14.8,1,0,5,6,5,14.0,0,12.7,3.7,-1.7,2
1,1,1,10,1,1,1,23,28,1,8,1,0,0,1,0,0,19,0,0,6,8,5,11.0,0,0,6,13,5,11.4,0,7.6,2.6,0.32,2
1,1,1,17,0,1,1,13,27,10,10,1,0,0,1,0,0,20,0,0,5,10,0,0.0,0,0,5,10,0,0.0,3,7.6,2.6,0.32,1
1,8,2,6,1,1,1,22,27,10,8,1,0,0,1,0,0,19,0,0,5,15,3,14.0,3,0,5,10,4,11.75,1,9.4,-0.8,-3.12,1
2,12,1,3,0,1,1,22,28,4,8,0,0,0,1,0,0,28,0,0,6,8,5,11.833333333333334,0,0,6,6,6,13.0,0,16.2,0.3,-0.92,2
1,1,1,14,1,1,1,22,1,8,1,0,0,0,1,0,0,20,0,0,5,7,4,11.75,0,0,5,7,5,11.8,1,7.6,2.6,0.32,2
1,13,1,11,1,1,1,23,27,2,2,1,0,0,1,0,0,28,0,8,14,22,12,12.333333333333334,0,3,12,20,8,12.0,0,9.4,-0.8,-3.12,2
1,14,1,17,0,14,1,22,27,10,10,0,0,0,1,0,0,24,0,3,10,16,3,11.666666666666666,0,3,10,24,6,11.833333333333334,0,9.4,-0.8,-3.12,0
1,15,1,6,1,14,1,1,29,4,10,1,0,0,1,0,0,20,0,1,6,9,6,12.666666666666666,0,1,6,10,4,11.5,0,13.9,-0.3,0.79,1
1,8,2,16,1,1,1,22,27,6,7,1,0,0,1,0,0,22,0,0,6,9,4,12.25,0,0,6,8,5,11.6,0,10.8,1.4,1.74,1
1,8,2,11,1,1,1,1,4,5,5,0,0,0,1,0,1,18,0,0,6,7,6,11.285714285714286,0,0,6,9,4,13.5,0,16.2,0.3,-0.92,2
1,1,5,9,1,1,1,23,28,10,10,1,0,1,0,0,0,22,0,0,5,12,2,11.5,0,0,5,12,0,0.0,0,12.7,3.7,-1.7,0
1,1,5,11,1,1,1,22,27,10,8,1,0,0,1,0,1,18,0,0,6,10,6,11.666666666666666,0,0,6,10,4,12.25,0,9.4,-0.8,-3.12,2
1,1,1,12,1,1,1,13,27,6,6,0,0,0,1,0,1,21,0,0,8,8,7,13.514285714285714,0,0,8,8,7,13.514285714285714,0,12.7,3.7,-1.7,2
1,8,6,15,1,1,1,1,1,5,3,1,0,0,1,0,0,19,0,0,6,7,6,13.0,0,0,6,9,6,13.714285714285714,0,7.6,2.6,0.32,2
1,3,1,16,1,1,1,1,28,6,9,1,0,0,1,0,0,22,0,0,6,11,3,15.0,0,0,6,11,4,10.25,0,9.4,-0.8,-3.12,1
1,1,1,12,1,1,1,23,28,6,6,1,0,0,1,0,1,20,0,0,8,8,7,12.744285714285716,0,0,8,8,7,12.744285714285716,0,10.8,1.4,1.74,2
1,1,1,9,1,1,1,22,27,29,33,0,0,0,1,0,0,20,0,0,5,10,4,11.75,0,0,5,8,5,11.8,0,11.1,0.6,2.02,2
1,8,1,3,0,1,1,22,27,6,7,1,0,1,1,0,0,19,0,0,6,6,6,12.166666666666666,0,0,6,7,6,11.666666666666666,0,10.8,1.4,1.74,2
1,8,1,2,1,1,1,1,1,8,4,1,0,0,1,0,0,20,0,0,0,0,0,0.0,0,0,0,0,0,0.0,0,15.5,2.8,-4.06,1
1,1,2,5,1,1,1,13,28,10,10,1,0,0,1,0,1,20,0,1,6,9,5,13.4,1,0,6,9,6,12.375,0,13.9,-0.3,0.79,2
1,1,1,10,1,1,1,19,28,1,8,1,0,0,1,0,0,20,0,0,6,9,5,11.8,0,0,6,10,4,11.5,0,7.6,2.6,0.32,0
1,1,3,12,1,1,1,1,27,5,10,1,0,0,1,0,0,19,0,0,7,7,6,13.533333333333331,0,0,7,7,6,13.533333333333331,0,7.6,2.6,0.32,2
1,1,1,11,1,1,1,13,14,10,10,1,0,0,1,0,1,18,0,0,6,7,6,14.166666666666666,0,0,6,10,4,14.0,0,15.5,2.8,-4.06,2
1,1,1,12,1,1,1,23,27,8,9,0,0,0,1,0,1,18,0,0,7,7,7,14.652857142857142,0,0,8,9,8,14.755555555555556,0,12.4,0.5,1.79,2
1,1,1,2,1,1,1,1,28,5,10,1,0,0,0,0,0,19,0,0,0,0,0,0.0,0,0,0,0,0,0.0,0,7.6,2.6,0.32,0
1,1,1,9,1,1,18,22,27,10,10,0,0,0,1,1,0,20,1,0,5,5,5,13.6,0,0,5,7,5,13.0,0,9.4,-0.8,-3.12,2
1,1,1,11,1,1,1,13,1,4,8,0,0,0,1,0,1,22,0,0,6,9,6,12.833333333333334,0,0,6,6,4,13.25,0,16.2,0.3,-0.92,2
1,1,1,10,1,1,1,13,27,6,5,1,0,0,1,0,1,18,0,0,6,6,6,14.666666666666666,0,0,6,6,6,15.166666666666666,0,9.4,-0.8,-3.12,2
1,8,2,15,1,1,1,1,1,5,9,1,0,0,1,0,0,19,0,0,6,6,6,13.333333333333334,0,0,6,6,6,14.666666666666666,0,12.4,0.5,1.79,2
1,1,1,10,1,1,1,13,27,10,10,0,0,0,0,0,1,20,0,0,6,10,5,13.4,0,0,6,9,5,11.4,0,10.8,1.4,1.74,2
1,1,2,12,1,1,1,23,27,6,7,1,0,0,1,0,1,19,0,0,7,9,7,13.3125,0,0,8,8,8,15.6375,0,13.9,-0.3,0.79,2
1,1,1,2,1,1,1,13,27,6,7,1,0,1,0,0,0,18,0,0,0,0,0,0.0,0,0,0,0,0,0.0,0,8.9,1.4,3.51,0
1,1,6,15,1,1,1,1,27,4,4,1,0,1,0,0,0,20,0,0,4,4,0,0.0,0,0,5,5,0,0.0,0,12.4,0.5,1.79,0
1,1,2,15,1,1,1,1,2,10,4,1,0,0,1,0,1,19,0,0,6,7,6,12.333333333333334,0,0,6,6,6,13.5,0,9.4,-0.8,-3.12,2
1,8,3,15,1,1,1,1,14,6,8,0,0,0,1,0,0,18,0,0,6,6,6,13.5,0,0,6,6,6,13.333333333333334,0,12.4,0.5,1.79,1
1,7,4,10,1,1,1,22,27,10,10,1,0,0,1,0,0,18,0,0,6,8,5,13.0,0,0,6,7,6,11.833333333333334,0,10.8,1.4,1.74,2
1,1,1,14,1,1,1,19,28,1,5,0,0,0,1,0,0,22,0,0,5,6,2,12.5,0,0,5,5,0,0.0,0,9.4,-0.8,-3.12,0
1,1,1,10,1,1,1,22,27,10,10,0,0,0,1,0,0,18,0,0,6,10,6,17.0,0,0,6,11,6,16.0,0,12.4,0.5,1.79,2
1,1,1,10,1,1,1,13,1,10,10,1,0,0,1,0,0,20,0,0,6,7,6,13.5,0,0,6,6,6,13.0,0,10.8,1.4,1.74,2
1,8,2,11,1,1,1,13,28,6,6,1,0,0,1,0,0,19,0,0,6,7,6,12.714285714285714,0,0,6,6,6,11.833333333333334,0,8.9,1.4,3.51,2
1,14,1,12,1,1,1,23,14,6,9,0,0,0,1,0,1,19,0,0,7,9,6,13.0,0,0,8,11,8,13.927272727272726,0,16.2,0.3,-0.92,2
1,15,1,10,1,14,1,23,14,6,1,0,0,0,1,0,0,21,0,3,6,7,6,12.571428571428571,0,2,6,6,6,13.5,0,12.4,0.5,1.79,2
1,8,2,3,0,1,1,13,1,6,6,1,0,0,1,0,1,19,0,0,6,10,4,11.5,0,0,6,11,6,11.5,0,9.4,-0.8,-3.12,0
1,1,6,10,1,1,1,23,1,8,5,1,0,0,1,0,1,19,0,0,6,6,6,13.5,0,0,6,7,6,13.285714285714286,0,11.1,0.6,2.02,2
2,12,1,3,0,1,1,22,27,6,5,0,0,0,1,0,0,45,0,0,6,8,5,13.6,0,0,6,7,5,13.0,0,15.5,2.8,-4.06,1
2,12,1,6,1,1,1,21,26,13,6,0,0,0,0,0,1,28,0,0,5,14,1,12.0,3,0,5,5,0,0.0,5,9.4,-0.8,-3.12,0
2,14,1,12,1,1,1,3,3,3,3,0,0,0,1,0,0,28,0,0,7,8,7,14.95,0,0,8,8,8,14.7375,0,13.9,-0.3,0.79,2
1,12,1,17,0,1,1,23,14,10,6,0,0,1,1,0,0,25,0,0,5,10,4,11.25,0,0,5,9,4,12.0,0,12.7,3.7,-1.7,1
1,14,1,14,1,1,1,1,28,5,5,0,0,1,0,0,0,19,0,0,6,13,3,10.666666666666666,0,0,6,6,4,12.25,0,15.5,2.8,-4.06,0
1,1,5,12,1,1,1,23,28,10,6,1,0,0,1,0,0,19,0,0,8,8,7,14.992857142857142,0,0,8,8,7,14.992857142857142,0,10.8,1.4,1.74,2
1,1,2,9,1,1,1,23,28,10,6,1,0,0,1,1,0,20,0,0,5,12,3,10.5,0,0,5,10,4,11.25,0,12.4,0.5,1.79,1
1,1,3,10,1,1,1,1,1,10,10,1,0,0,1,1,0,22,0,0,6,6,4,11.25,0,0,6,7,3,11.0,0,8.9,1.4,3.51,1
1,14,1,15,1,1,1,23,14,10,10,1,0,0,1,1,1,20,0,0,6,6,6,12.333333333333334,0,0,6,7,6,14.0,0,12.4,0.5,1.79,2
1,1,4,12,1,1,1,13,27,8,8,1,0,0,1,1,0,20,0,0,7,7,6,13.016666666666666,0,0,7,7,6,13.016666666666666,0,7.6,2.6,0.32,1
1,1,1,6,1,1,1,23,14,5,12,0,0,1,0,1,0,20,0,0,5,7,3,11.333333333333334,0,0,5,8,2,11.5,0,7.6,2.6,0.32,0
1,12,1,6,1,15,1,3,2,4,3,1,0,0,1,0,0,27,0,0,6,7,6,16.142857142857142,0,0,6,7,6,14.666666666666666,0,13.9,-0.3,0.79,2
1,16,1,6,1,1,1,1,1,10,5,0,0,0,1,0,0,22,0,0,6,8,6,14.833333333333334,0,0,6,10,5,13.833333333333334,0,11.1,0.6,2.02,2
1,1,3,12,1,1,1,22,27,10,10,1,0,1,0,0,0,19,0,0,8,8,7,13.327142857142857,0,0,8,8,7,13.327142857142857,0,10.8,1.4,1.74,0
1,8,1,10,1,1,1,13,28,4,4,1,0,0,0,0,0,19,0,0,6,13,4,11.0,0,0,6,13,2,11.5,0,12.7,3.7,-1.7,0
1,1,1,5,1,1,1,4,29,3,3,1,0,0,1,0,0,18,0,1,6,10,6,11.714285714285714,1,0,6,15,6,10.375,0,13.9,-0.3,0.79,1
1,1,1,2,1,1,1,3,3,3,6,1,0,0,1,0,0,19,0,6,12,13,12,12.333333333333334,0,4,11,12,10,12.727272727272728,0,8.9,1.4,3.51,0
1,9,4,16,1,1,1,13,27,10,7,1,0,1,0,0,0,20,0,0,7,9,0,0.0,0,0,6,6,0,0.0,0,11.1,0.6,2.02,0
2,14,1,17,0,1,1,23,14,4,4,0,0,0,0,0,0,39,0,11,15,15,12,11.916666666666666,0,8,13,14,8,11.25,0,10.8,1.4,1.74,0
2,12,2,3,0,12,1,22,27,5,8,0,0,1,1,0,0,37,0,0,6,9,6,11.833333333333334,0,0,6,7,6,11.0,0,7.6,2.6,0.32,2
2,12,1,12,1,3,1,1,1,5,7,0,0,1,0,0,0,30,0,3,7,11,3,12.333333333333334,0,3,7,9,3,11.666666666666666,0,13.9,-0.3,0.79,0
2,14,1,17,0,3,1,22,27,10,10,0,0,0,1,0,0,41,0,5,10,11,10,14.3,0,5,10,10,10,14.2,0,12.7,3.7,-1.7,2
4,12,1,12,1,12,1,22,27,6,8,0,0,0,0,0,0,40,0,0,8,11,5,11.832,4,0,8,11,5,11.832,4,9.4,-0.8,-3.12,0
1,1,1,9,1,1,1,7,16,5,4,0,0,0,1,0,0,20,0,0,5,13,2,10.0,1,0,5,10,0,0.0,0,9.4,-0.8,-3.12,0
2,1,1,17,0,1,1,13,14,10,10,0,0,0,1,0,0,28,0,0,5,5,5,12.0,0,0,5,6,5,11.6,0,7.6,2.6,0.32,2
1,9,2,16,1,1,1,13,27,10,5,1,0,1,0,0,0,19,0,0,7,11,5,12.2,0,0,7,13,0,0.0,0,12.4,0.5,1.79,0
1,1,1,14,1,1,1,22,27,6,10,1,0,0,1,0,0,23,0,0,5,7,3,11.333333333333334,0,0,5,5,4,11.25,0,7.6,2.6,0.32,0
1,4,1,3,0,4,1,2,3,3,3,0,0,0,1,0,0,18,0,10,16,24,13,13.846153846153848,0,7,11,15,9,12.555555555555555,0,15.5,2.8,-4.06,0
1,12,1,12,1,1,1,1,14,5,9,0,0,0,1,0,0,24,0,0,8,8,7,12.412857142857144,0,0,8,8,7,12.412857142857144,0,10.8,1.4,1.74,2
1,8,5,14,1,1,1,1,14,6,6,0,0,0,1,0,0,21,0,0,5,7,3,12.666666666666666,0,0,5,6,4,12.75,1,7.6,2.6,0.32,1
1,1,2,12,1,1,1,13,14,8,8,1,0,0,1,0,0,19,0,0,8,11,7,12.545714285714286,0,0,8,11,7,12.545714285714286,0,10.8,1.4,1.74,2
1,1,1,15,1,1,1,22,14,10,11,1,0,0,1,0,0,19,0,0,6,12,3,13.0,0,0,6,13,2,14.0,0,9.4,-0.8,-3.12,0
1,12,1,4,1,1,1,22,27,10,10,0,0,1,0,0,0,48,0,0,6,6,0,0.0,0,0,6,6,0,0.0,0,11.1,0.6,2.02,0
2,14,1,17,0,2,1,22,27,10,10,0,0,0,0,0,0,38,0,9,12,12,9,12.22222222222222,2,9,12,12,9,13.0,0,9.4,-0.8,-3.12,0
1,8,1,9,1,1,1,1,27,4,8,0,0,0,1,0,0,19,0,0,5,10,5,13.285714285714286,0,0,5,8,5,13.0,0,12.7,3.7,-1.7,2
2,12,1,17,0,9,1,22,1,10,5,0,0,0,1,1,0,30,0,0,5,7,3,11.666666666666666,0,0,5,8,1,11.0,0,7.6,2.6,0.32,0
1,15,1,4,1,14,1,22,14,10,10,0,0,0,1,1,1,24,0,0,6,9,6,13.555555555555555,0,0,6,7,6,12.666666666666666,0,13.9,-0.3,0.79,2
1,8,5,15,1,1,1,1,14,10,6,1,0,0,1,1,0,19,0,0,6,6,6,13.166666666666666,0,0,6,8,6,12.428571428571429,0,16.2,0.3,-0.92,2
1,15,1,2,1,14,1,1,1,10,10,0,0,0,1,1,0,21,0,0,0,0,0,0.0,0,0,0,0,0,0.0,0,15.5,2.8,-4.06,1
1,1,1,11,1,1,1,1,1,6,6,1,0,0,1,1,1,21,0,0,6,6,6,11.666666666666666,0,0,6,7,5,12.2,0,10.8,1.4,1.74,2
1,1,2,17,0,1,1,5,1,5,5,0,0,0,1,1,0,19,0,0,5,11,4,11.0,0,0,5,8,4,12.25,0,15.5,2.8,-4.06,0
1,8,2,5,1,1,1,3,1,3,5,1,0,0,1,1,0,18,0,0,6,6,6,13.0,0,0,6,8,1,10.0,0,10.8,1.4,1.74,1
1,8,1,5,1,1,1,22,28,10,8,0,0,0,1,1,1,18,0,0,6,6,6,13.666666666666666,0,0,6,6,6,12.0,0,12.4,0.5,1.79,2
1,8,4,7,1,1,1,1,3,2,5,1,0,0,1,1,0,19,0,0,5,6,5,14.6,0,0,5,5,5,15.2,0,8.9,1.4,3.51,0
1,1,1,12,1,1,1,1,14,10,10,0,0,0,1,1,1,19,0,0,8,8,7,12.514285714285714,0,0,8,8,7,12.514285714285714,0,12.7,3.7,-1.7,2
1,8,2,6,1,1,1,3,14,3,10,0,0,0,1,1,0,18,0,0,5,5,3,14.0,0,0,5,7,3,12.666666666666666,0,7.6,2.6,0.32,1
1,1,1,11,1,1,1,22,14,10,10,1,0,0,1,1,0,25,0,0,6,8,6,13.166666666666666,0,0,6,8,5,12.6,0,7.6,2.6,0.32,1
1,8,1,7,1,1,1,22,1,10,3,1,0,0,1,1,0,18,0,0,5,10,4,13.0,0,0,5,10,3,12.333333333333334,3,7.6,2.6,0.32,1
5,12,1,9,1,1,1,1,14,5,8,0,0,0,0,1,0,29,0,0,5,5,1,13.0,0,0,5,5,0,0.0,0,8.9,1.4,3.51,0
1,8,1,7,1,1,1,13,27,12,6,1,0,0,1,1,0,21,0,0,5,10,1,10.0,0,0,5,8,3,13.666666666666666,3,7.6,2.6,0.32,0
1,1,3,15,1,1,1,1,1,5,8,1,0,1,1,1,1,18,0,0,6,6,6,14.333333333333334,0,0,6,6,6,15.333333333333334,0,11.1,0.6,2.02,2
1,8,1,11,1,1,1,13,1,10,10,0,0,0,1,1,1,20,0,0,6,6,0,0.0,0,0,6,12,0,0.0,0,10.8,1.4,1.74,0
1,12,1,17,0,1,1,13,27,10,8,0,0,0,1,1,0,27,0,0,5,7,1,11.0,0,0,5,7,0,0.0,0,13.9,-0.3,0.79,0
1,1,1,6,1,1,1,3,1,5,10,1,0,0,1,1,0,21,0,0,6,15,3,11.25,0,0,6,9,0,0.0,0,12.4,0.5,1.79,1
1,9,2,9,1,1,1,22,27,6,10,1,0,0,1,1,0,20,0,0,5,7,4,10.75,0,0,5,12,3,10.571428571428571,0,10.8,1.4,1.74,0
1,12,1,9,1,12,1,23,14,8,10,0,0,1,0,1,0,28,0,0,5,7,1,11.0,0,0,5,9,0,0.0,0,10.8,1.4,1.74,0
1,12,2,13,1,1,1,22,14,10,9,0,0,0,1,1,1,24,0,0,7,13,6,10.857142857142858,0,0,7,7,7,11.857142857142858,0,12.7,3.7,-1.7,1
1,1,5,9,1,1,1,3,2,3,3,0,0,0,1,1,0,22,0,1,5,10,4,11.75,0,0,5,10,3,11.0,0,7.6,2.6,0.32,1
1,1,1,6,1,1,1,22,14,10,10,1,0,0,1,1,0,20,0,0,5,8,5,12.8,0,0,5,9,4,13.666666666666666,1,10.8,1.4,1.74,2
1,15,1,6,1,14,1,1,1,5,5,0,0,0,1,1,0,21,0,1,5,15,3,12.333333333333334,2,0,5,7,5,11.4,0,9.4,-0.8,-3.12,2
1,15,1,4,1,14,1,1,3,10,3,1,0,1,0,1,0,23,0,0,6,12,2,11.333333333333334,0,0,6,8,2,13.0,0,13.9,-0.3,0.79,0
1,1,1,10,1,1,1,13,1,8,4,1,0,0,1,1,0,18,0,0,6,10,5,11.6,0,0,6,6,6,11.166666666666666,0,10.8,1.4,1.74,2
1,1,1,2,1,1,1,1,10,5,5,1,0,0,1,1,1,20,0,8,14,15,12,10.923076923076923,0,7,13,14,11,12.181818181818182,0,11.1,0.6,2.02,2
1,1,1,2,1,1,1,1,28,5,6,1,0,0,1,1,0,19,0,0,0,0,0,0.0,0,0,0,0,0,0.0,0,15.5,2.8,-4.06,2
2,12,1,12,1,3,1,1,1,5,7,0,0,0,1,1,0,32,0,0,7,7,7,13.62857142857143,0,0,8,8,8,13.9125,0,13.9,-0.3,0.79,2
1,1,6,11,1,1,1,13,14,10,10,1,0,0,1,1,0,20,0,0,6,16,3,10.333333333333334,0,0,6,16,1,11.0,0,10.8,1.4,1.74,0
1,12,1,4,1,1,1,23,27,8,8,0,0,0,1,1,0,32,0,12,18,25,18,13.736842105263158,0,10,13,15,12,13.75,1,15.5,2.8,-4.06,2
1,12,1,4,1,1,1,23,14,10,7,1,0,0,1,1,0,28,0,7,13,19,8,11.625,0,5,10,17,6,11.0,0,15.5,2.8,-4.06,1
1,15,1,5,1,14,1,1,28,6,6,1,1,0,1,1,1,21,0,2,7,7,4,11.5,0,5,9,10,7,12.142857142857142,0,12.4,0.5,1.79,2
1,1,1,15,1,1,1,23,27,10,7,0,0,0,1,1,1,19,0,0,6,8,5,14.0,0,0,6,8,6,13.0,0,10.8,1.4,1.74,2
1,12,1,17,0,14,1,13,14,10,10,0,0,0,1,1,0,24,0,0,5,7,3,11.333333333333334,0,0,5,6,0,0.0,0,10.8,1.4,1.74,0
1,8,1,9,1,1,1,23,28,10,9,0,0,0,1,1,0,18,0,0,5,13,1,10.0,0,0,5,5,1,10.0,0,12.7,3.7,-1.7,0
1,15,1,4,1,14,1,1,27,7,7,1,0,0,1,1,0,20,0,0,6,14,5,11.714285714285714,0,0,6,15,5,12.0,0,16.2,0.3,-0.92,2
1,14,1,2,1,14,1,23,27,10,8,0,0,0,0,1,0,25,0,0,0,0,0,0.0,0,0,0,0,0,0.0,0,15.5,2.8,-4.06,0
1,8,6,9,1,1,1,22,27,10,10,1,0,0,1,1,0,25,0,13,15,15,13,10.76923076923077,0,11,14,15,12,11.833333333333334,0,7.6,2.6,0.32,0
1,8,4,15,1,1,1,1,1,5,6,1,0,0,1,1,0,18,0,0,6,10,5,11.6,0,0,6,6,6,12.0,0,9.4,-0.8,-3.12,0
1,1,1,9,1,1,1,13,1,8,6,1,0,0,1,1,0,19,0,0,5,6,4,13.75,0,0,5,5,0,0.0,0,12.4,0.5,1.79,0
1,1,5,9,1,1,1,13,3,10,10,1,0,0,1,1,0,18,0,0,5,14,4,11.0,0,0,5,9,5,10.5,0,13.9,-0.3,0.79,0
1,13,1,9,1,1,1,13,1,5,5,0,0,0,0,1,0,25,0,0,5,6,0,0.0,0,0,5,5,0,0.0,0,15.5,2.8,-4.06,0
1,12,1,2,1,1,1,19,24,1,1,1,0,0,1,1,0,38,0,0,0,0,0,0.0,0,0,0,0,0,0.0,0,7.6,2.6,0.32,0
1,15,1,2,1,14,1,1,1,2,8,0,0,0,1,1,0,19,0,0,0,0,0,0.0,0,0,0,0,0,0.0,0,12.4,0.5,1.79,0
1,1,4,15,1,1,1,1,14,10,10,1,0,0,1,1,0,19,0,0,6,7,6,12.333333333333334,0,0,6,10,5,13.2,0,16.2,0.3,-0.92,2
1,15,1,6,1,14,1,23,27,10,5,1,0,0,1,1,1,22,0,0,6,9,6,13.428571428571429,0,1,6,12,6,13.625,0,12.4,0.5,1.79,2
1,1,6,7,1,1,1,2,1,4,6,1,0,0,1,1,0,18,0,0,5,10,0,0.0,0,0,5,10,1,10.0,3,7.6,2.6,0.32,1
1,4,1,17,0,3,1,13,14,4,10,0,0,0,0,1,0,32,0,0,5,12,4,14.75,0,0,5,9,2,15.0,0,16.2,0.3,-0.92,0
1,14,1,16,1,1,1,2,29,3,6,0,0,0,1,1,0,37,0,19,21,21,21,12.476190476190476,0,13,19,19,19,12.210526315789474,0,12.4,0.5,1.79,2
1,8,1,7,1,1,1,22,27,10,7,1,0,0,1,1,0,21,0,0,5,8,0,0.0,0,0,5,5,0,0.0,0,7.6,2.6,0.32,0
1,1,1,11,1,1,1,1,3,5,2,1,0,0,1,1,0,18,0,0,6,15,3,11.666666666666666,0,0,6,14,2,12.5,0,10.8,1.4,1.74,0
1,1,3,5,1,1,1,28,3,15,21,1,0,1,1,1,0,19,0,0,6,6,6,12.0,0,0,6,7,6,13.571428571428571,0,8.9,1.4,3.51,2
1,8,1,14,1,1,1,1,14,5,9,0,0,0,1,1,1,19,0,0,6,7,6,12.0,0,0,6,6,6,14.0,0,12.4,0.5,1.79,2
1,1,1,2,1,1,14,1,1,10,8,1,0,0,0,0,0,19,1,6,12,12,12,15.25,0,4,11,12,11,15.0,0,8.9,1.4,3.51,2
1,8,1,15,1,1,1,13,28,10,10,1,0,0,1,1,1,19,0,0,6,9,5,12.4,0,0,6,6,6,13.166666666666666,0,12.7,3.7,-1.7,2
1,6,1,9,1,1,12,1,1,10,8,0,0,1,1,1,0,21,1,0,5,9,3,12.333333333333334,0,0,5,8,4,11.25,0,8.9,1.4,3.51,1
4,12,1,17,0,1,1,13,14,8,9,0,0,0,1,0,0,28,0,0,5,8,4,11.5,0,0,5,7,4,12.0,0,10.8,1.4,1.74,1
1,1,1,15,1,1,7,1,1,4,6,1,0,1,0,0,0,19,1,0,6,8,5,12.2,0,0,6,6,4,11.75,0,16.2,0.3,-0.92,0
1,12,1,17,0,12,1,22,27,10,7,0,0,1,1,0,0,28,0,0,5,14,2,10.5,0,0,5,6,0,0.0,0,12.4,0.5,1.79,0
1,1,1,12,1,1,1,13,14,8,10,0,0,0,1,0,1,19,0,0,8,8,7,14.4,0,0,8,8,7,14.4,0,12.7,3.7,-1.7,2
2,4,1,3,0,3,1,13,28,4,8,0,0,0,1,0,0,32,0,8,14,18,13,12.846153846153848,0,7,11,19,10,12.8,0,10.8,1.4,1.74,2
1,12,1,3,0,14,1,13,27,10,9,0,0,1,0,0,0,26,0,0,6,13,4,12.0,0,0,6,7,5,13.2,0,16.2,0.3,-0.92,0
2,12,1,9,1,9,1,22,27,10,10,0,0,0,1,0,0,25,0,0,5,0,0,0.0,0,0,5,0,0,0.0,0,9.4,-0.8,-3.12,0
2,14,2,16,1,1,1,23,22,5,2,0,0,0,1,0,0,31,0,3,7,8,6,13.666666666666666,0,1,6,8,5,13.5,0,9.4,-0.8,-3.12,0
1,8,1,10,1,1,1,22,1,10,6,1,0,0,1,0,1,20,0,0,6,10,5,11.857142857142858,0,0,6,8,6,11.666666666666666,0,12.7,3.7,-1.7,2
1,1,4,10,1,1,1,1,27,9,10,1,0,0,1,0,0,19,0,0,6,0,0,0.0,0,0,6,0,0,0.0,0,12.7,3.7,-1.7,0
1,8,1,2,1,1,1,22,14,6,10,1,0,0,1,0,0,23,0,0,0,0,0,0.0,0,0,0,0,0,0.0,0,11.1,0.6,2.02,0
1,1,1,10,1,1,1,22,1,10,10,1,0,0,1,0,0,18,0,0,6,8,5,13.2,0,0,6,6,6,11.333333333333334,0,9.4,-0.8,-3.12,2
1,1,2,10,1,1,1,13,28,10,9,1,0,0,1,0,1,19,0,0,6,8,6,12.714285714285714,0,0,6,12,5,11.0,0,13.9,-0.3,0.79,0
1,1,1,11,1,1,1,23,14,10,11,0,0,0,1,0,0,18,0,0,6,6,6,12.5,0,0,6,6,6,12.666666666666666,0,15.5,2.8,-4.06,2
1,1,1,9,1,1,1,1,1,5,7,1,0,0,1,0,0,21,0,0,5,9,3,10.666666666666666,0,0,5,13,2,12.5,0,7.6,2.6,0.32,1
1,1,2,15,1,1,1,22,27,10,8,1,0,0,1,0,0,20,0,0,6,12,1,17.0,0,0,6,12,1,17.0,0,9.4,-0.8,-3.12,1
1,1,1,6,1,1,1,1,14,5,10,1,0,0,1,0,0,24,0,0,5,6,5,13.0,1,0,5,9,4,13.25,0,12.7,3.7,-1.7,2
1,1,1,14,1,1,1,22,27,10,7,0,0,0,1,0,1,18,0,0,5,7,3,12.666666666666666,0,0,5,5,4,12.5,0,9.4,-0.8,-3.12,1
1,13,1,12,1,1,1,3,27,3,7,1,0,0,1,0,0,25,0,0,14,14,12,13.291666666666666,1,0,14,14,12,13.291666666666666,1,7.6,2.6,0.32,2
1,8,1,6,1,1,1,2,3,3,3,0,0,0,1,0,0,20,0,0,5,12,3,11.666666666666666,2,0,5,11,4,11.5,1,9.4,-0.8,-3.12,2
1,8,2,12,1,1,1,13,27,6,10,1,0,0,1,0,0,18,0,0,8,8,7,14.24,0,0,8,8,7,14.24,0,10.8,1.4,1.74,2
1,12,1,14,1,1,1,19,24,1,1,1,0,0,1,0,0,24,0,0,5,10,3,13.0,0,0,5,11,3,11.333333333333334,0,7.6,2.6,0.32,0
1,8,2,12,1,1,1,1,1,6,11,1,0,0,1,0,0,18,0,0,7,9,5,14.06,0,0,7,9,6,12.571428571428571,0,12.4,0.5,1.79,1
1,8,5,10,1,1,1,23,27,10,10,0,0,1,0,0,0,21,0,0,6,10,5,11.833333333333334,0,0,6,10,5,13.2,0,13.9,-0.3,0.79,0
1,1,1,15,1,1,1,1,14,6,11,1,0,0,1,0,0,18,0,0,6,6,6,12.833333333333334,0,0,6,6,6,13.333333333333334,0,9.4,-0.8,-3.12,2
1,8,2,11,1,1,1,10,14,6,6,1,0,0,1,0,0,20,0,0,6,16,1,10.0,0,0,6,12,0,0.0,0,10.8,1.4,1.74,0
1,8,5,9,1,1,1,1,1,5,5,1,0,0,1,0,0,19,0,0,5,9,2,11.0,0,0,5,12,2,10.0,0,7.6,2.6,0.32,0
1,1,1,12,1,1,1,3,1,3,10,1,0,0,1,0,0,20,0,0,7,7,7,14.105714285714289,0,0,8,8,8,13.6625,0,11.1,0.6,2.02,2
1,1,5,12,1,1,1,23,14,10,7,1,0,0,1,0,0,20,0,0,8,12,7,12.471428571428572,0,0,8,12,7,12.471428571428572,0,12.7,3.7,-1.7,2
1,15,1,6,1,14,1,3,1,5,4,1,0,0,1,0,1,20,0,2,6,11,6,11.833333333333334,0,1,6,17,5,11.857142857142858,0,12.4,0.5,1.79,2
1,1,3,5,1,1,1,1,1,5,9,1,0,0,1,0,0,20,0,0,6,6,6,12.5,0,0,6,6,6,12.833333333333334,0,7.6,2.6,0.32,2
1,1,6,16,1,1,1,23,28,10,8,1,0,0,1,0,0,18,0,0,6,7,6,11.666666666666666,0,0,6,7,6,12.333333333333334,0,10.8,1.4,1.74,0
1,1,1,2,1,1,1,3,1,5,5,1,0,0,1,0,0,18,0,0,0,0,0,0.0,0,0,0,0,0,0.0,0,12.4,0.5,1.79,2
4,12,1,17,0,1,1,22,28,10,10,0,0,0,1,0,0,30,0,0,5,11,3,10.333333333333334,0,0,5,10,4,12.8,0,12.4,0.5,1.79,1
1,1,2,6,1,1,1,4,14,3,6,1,0,0,1,0,0,18,0,0,5,8,5,16.166666666666668,2,0,5,9,5,14.285714285714286,1,9.4,-0.8,-3.12,2
1,12,1,6,1,12,1,22,27,5,9,0,0,0,1,0,0,35,0,0,6,11,3,12.666666666666666,0,0,6,7,0,0.0,0,11.1,0.6,2.02,0
1,12,1,3,0,1,1,13,27,8,9,0,0,1,0,0,0,31,0,0,6,14,2,10.5,0,0,6,6,3,12.333333333333334,0,11.1,0.6,2.02,0
1,14,1,11,1,1,1,22,27,10,10,1,0,1,1,0,0,19,0,0,6,13,2,11.5,0,0,6,13,1,11.0,0,7.6,2.6,0.32,0
1,1,4,10,1,1,1,1,14,5,6,1,0,0,1,0,0,19,0,0,6,6,6,13.0,0,0,6,8,5,13.4,0,8.9,1.4,3.51,2
1,8,4,12,1,1,1,13,27,5,9,1,0,0,1,0,0,19,0,0,7,7,6,11.966666666666669,0,0,7,7,6,11.966666666666669,0,7.6,2.6,0.32,2
1,8,1,12,1,1,1,3,3,3,4,0,0,0,1,0,0,19,0,0,8,8,8,13.3475,0,0,8,8,8,13.3475,0,9.4,-0.8,-3.12,2
1,1,3,6,1,1,1,1,28,10,12,0,0,0,1,0,0,21,0,0,5,7,5,12.0,0,0,5,7,4,12.5,0,7.6,2.6,0.32,2
1,8,3,16,1,1,1,19,24,1,1,0,0,0,1,0,0,18,0,0,6,10,2,10.5,0,0,6,13,0,0.0,0,7.6,2.6,0.32,0
1,8,1,10,1,1,1,22,27,10,10,1,0,0,1,0,0,18,0,0,6,9,4,11.5,0,0,6,10,4,10.75,0,7.6,2.6,0.32,1
1,1,2,2,1,1,1,23,28,5,10,1,0,0,1,1,0,19,0,0,0,0,0,0.0,0,0,0,0,0,0.0,0,7.6,2.6,0.32,2
1,1,1,14,1,1,1,3,14,4,10,1,0,0,1,1,0,18,0,0,6,9,6,13.571428571428571,0,0,6,11,4,14.0,0,12.4,0.5,1.79,2
1,8,1,6,1,1,1,13,14,2,2,1,0,0,1,1,0,18,0,0,6,10,6,14.7,0,0,6,10,6,12.0,0,16.2,0.3,-0.92,2
1,12,1,17,0,1,1,22,27,10,10,1,0,0,0,1,0,25,0,0,5,5,0,0.0,0,0,5,5,0,0.0,0,9.4,-0.8,-3.12,0
1,1,1,12,1,1,1,2,2,4,4,1,0,0,1,1,0,18,0,0,7,8,6,11.833333333333334,0,0,7,8,6,11.833333333333334,0,7.6,2.6,0.32,1
1,1,3,2,1,1,1,1,3,6,3,1,0,0,1,1,0,19,0,0,0,0,0,0.0,0,0,0,0,0,0.0,0,12.7,3.7,-1.7,2
1,1,6,12,1,1,1,23,14,4,4,1,0,0,1,1,0,18,0,0,7,7,7,13.175714285714289,0,0,8,8,8,14.925,0,12.4,0.5,1.79,2
1,12,1,4,1,1,1,10,10,10,10,0,0,0,1,1,0,24,0,0,6,7,0,0.0,0,0,6,10,0,0.0,0,12.4,0.5,1.79,0
1,1,1,10,1,1,1,22,27,8,10,0,0,0,1,0,0,19,0,0,6,12,2,13.0,0,0,6,9,6,10.833333333333334,0,7.6,2.6,0.32,1
5,4,1,12,1,15,1,22,27,5,10,0,0,0,1,0,0,29,0,1,8,11,7,13.742857142857144,0,1,8,11,7,13.742857142857144,0,12.7,3.7,-1.7,2
1,14,1,17,0,1,1,22,27,10,10,1,0,0,1,0,0,27,0,0,5,5,0,0.0,0,0,5,5,0,0.0,0,7.6,2.6,0.32,0
1,8,6,12,1,1,1,23,1,10,11,1,0,0,1,0,0,18,0,0,7,8,7,12.217142857142855,0,0,8,11,7,12.11875,0,11.1,0.6,2.02,2
2,14,1,17,0,1,1,22,27,10,10,0,0,0,1,0,0,28,0,14,15,15,14,11.071428571428571,0,12,14,16,12,11.333333333333334,1,9.4,-0.8,-3.12,0
2,12,1,16,1,12,1,22,27,10,10,0,0,0,1,0,1,32,0,0,7,10,7,13.428571428571429,0,2,8,8,8,13.25,0,13.9,-0.3,0.79,2
1,12,1,17,0,1,1,22,27,8,8,0,0,0,1,0,0,30,0,0,5,7,5,11.4,0,0,5,6,5,13.666666666666666,0,10.8,1.4,1.74,0
1,4,1,12,1,2,1,23,27,8,9,0,0,0,1,0,0,29,0,0,8,14,4,11.325,1,0,8,14,4,11.325,1,12.7,3.7,-1.7,0
1,1,2,10,1,1,1,1,14,5,9,0,0,0,1,0,0,20,0,0,6,13,0,0.0,0,0,5,11,0,0.0,0,9.4,-0.8,-3.12,1
1,1,1,12,1,1,1,1,1,10,10,0,0,0,1,0,0,19,0,0,8,8,7,15.0,0,0,8,8,7,15.0,0,12.7,3.7,-1.7,2
1,12,2,3,0,1,1,22,27,10,10,0,0,0,1,0,0,29,0,0,6,7,6,13.166666666666666,0,0,6,8,6,15.625,0,12.4,0.5,1.79,2
2,1,1,10,1,1,1,22,24,10,8,0,0,0,0,0,0,27,0,0,6,12,2,11.0,0,0,6,14,4,10.5,0,9.4,-0.8,-3.12,0
1,1,1,10,1,1,1,13,14,31,45,0,0,0,1,0,0,19,0,0,6,0,0,0.0,0,0,6,0,0,0.0,0,12.4,0.5,1.79,0
1,8,1,14,1,1,1,22,28,9,8,1,0,0,1,0,1,21,0,0,5,7,3,12.333333333333334,0,0,5,5,2,12.5,0,7.6,2.6,0.32,0
2,1,1,17,0,1,1,22,27,10,10,0,0,0,0,0,0,29,0,0,5,6,4,12.25,0,0,5,6,5,10.166666666666666,0,10.8,1.4,1.74,0
2,14,1,9,1,2,1,22,27,10,10,0,0,1,0,0,0,42,0,13,13,13,13,11.923076923076923,0,12,12,12,12,12.5,0,15.5,2.8,-4.06,0
1,1,1,10,1,1,1,13,14,10,8,0,0,0,1,0,1,18,0,0,6,6,6,14.333333333333334,0,0,6,7,6,14.142857142857142,0,15.5,2.8,-4.06,2
1,12,1,6,1,1,1,23,28,10,10,1,0,0,1,0,0,24,0,0,5,6,5,12.0,0,0,5,5,5,13.0,0,10.8,1.4,1.74,2
2,4,1,12,1,3,1,22,27,10,6,0,0,0,1,0,0,32,0,0,7,9,7,13.761111111111113,0,1,8,11,7,12.06375,0,15.5,2.8,-4.06,1
1,1,1,9,1,1,1,22,1,5,11,0,0,0,1,0,0,18,0,0,5,6,4,11.25,0,0,5,8,5,11.0,0,10.8,1.4,1.74,1
1,12,1,17,0,1,1,23,28,6,8,0,0,0,1,0,0,27,0,0,5,10,3,12.333333333333334,0,0,5,10,3,10.666666666666666,0,11.1,0.6,2.02,2
1,1,4,12,1,1,1,23,1,10,11,1,0,0,1,0,0,18,0,0,8,8,8,14.88875,0,0,8,8,8,14.88875,0,9.4,-0.8,-3.12,2
1,8,3,15,1,1,1,19,24,13,13,1,0,1,1,0,1,19,0,0,6,8,6,12.166666666666666,0,0,6,8,5,12.4,0,9.4,-0.8,-3.12,0
1,1,2,15,1,1,1,13,27,10,11,1,0,0,1,0,1,18,0,0,6,7,6,12.666666666666666,0,0,6,6,6,13.333333333333334,0,11.1,0.6,2.02,2
1,3,4,16,1,1,1,3,28,4,9,1,0,0,1,0,0,21,0,0,6,9,5,12.6,0,0,6,9,3,11.666666666666666,0,9.4,-0.8,-3.12,1
1,12,1,9,1,1,1,23,28,8,10,0,1,0,1,0,1,26,0,0,5,8,4,13.0,0,0,5,10,4,12.25,2,16.2,0.3,-0.92,2
1,1,1,11,1,1,1,22,14,10,10,1,0,0,1,0,1,22,0,0,6,9,6,13.875,0,0,6,6,6,14.333333333333334,0,9.4,-0.8,-3.12,2
2,12,1,17,0,1,1,22,27,7,4,0,0,1,1,1,0,37,0,0,5,10,4,10.75,0,0,5,12,3,13.333333333333334,0,9.4,-0.8,-3.12,0
1,4,1,6,1,3,1,13,27,12,12,0,0,0,1,1,0,24,0,3,5,10,3,14.666666666666666,1,0,5,5,0,0.0,0,7.6,2.6,0.32,0
1,9,2,16,1,1,1,1,14,4,10,1,0,0,1,1,0,18,0,0,6,7,5,12.6,0,0,6,6,6,13.0,0,10.8,1.4,1.74,1
1,8,3,12,1,1,1,1,1,5,11,1,0,0,1,1,1,19,0,0,7,11,6,12.4125,0,0,8,12,7,11.2625,0,15.5,2.8,-4.06,2
2,12,1,8,1,12,1,2,1,9,9,1,0,1,0,1,0,28,0,0,6,12,1,11.0,0,0,6,9,2,10.5,0,16.2,0.3,-0.92,0
1,1,4,12,1,1,1,22,27,8,8,1,0,0,1,1,1,18,0,0,8,8,7,14.314285714285717,0,0,8,8,7,14.314285714285717,0,12.7,3.7,-1.7,2
1,1,1,5,1,1,1,1,28,6,8,1,0,0,1,1,0,20,0,0,6,6,4,12.0,0,0,6,8,2,11.333333333333334,0,10.8,1.4,1.74,1
1,1,1,15,1,1,1,1,14,5,5,1,0,0,1,1,0,18,0,0,6,6,6,12.833333333333334,0,0,6,7,6,13.285714285714286,0,15.5,2.8,-4.06,2
2,12,1,15,1,1,1,22,27,10,10,0,0,0,1,1,0,47,0,0,6,8,5,11.4,0,0,6,10,6,11.666666666666666,0,12.7,3.7,-1.7,0
2,14,1,17,0,1,1,22,27,5,2,0,0,0,1,1,0,38,0,0,5,5,5,14.6,0,0,5,6,5,14.333333333333334,0,13.9,-0.3,0.79,2
1,1,1,5,1,1,1,22,14,10,5,0,0,0,1,1,1,20,0,1,6,7,6,13.5,0,1,6,9,5,12.5,0,10.8,1.4,1.74,2
1,15,1,8,1,14,1,22,27,10,4,1,0,0,1,1,0,21,0,1,6,8,6,12.5,0,0,6,11,3,13.333333333333334,0,13.9,-0.3,0.79,0
1,14,1,5,1,1,1,13,14,8,9,1,0,0,1,1,1,19,0,4,6,6,4,13.0,0,2,6,7,5,12.2,0,13.9,-0.3,0.79,1
1,14,1,1,1,1,1,22,1,10,11,1,0,0,1,1,0,25,0,5,10,13,5,11.6,0,2,8,10,2,13.0,0,12.4,0.5,1.79,1
1,1,1,8,1,1,1,3,28,4,6,1,0,0,1,0,0,18,0,0,5,6,5,11.8,1,0,5,8,5,11.6,0,9.4,-0.8,-3.12,2
4,12,1,12,1,12,1,22,27,7,7,0,0,1,0,0,0,46,0,0,7,14,3,12.333333333333334,0,0,7,12,3,11.083333333333334,0,11.1,0.6,2.02,0
1,14,2,12,1,1,1,23,28,10,6,0,0,0,1,0,0,23,0,11,14,15,12,12.625,1,11,14,15,12,12.625,1,7.6,2.6,0.32,2
1,1,1,5,1,1,1,1,1,10,10,1,0,0,1,0,1,20,0,0,6,6,6,13.833333333333334,0,0,6,6,6,13.5,0,16.2,0.3,-0.92,2
1,15,1,5,1,14,1,3,28,4,10,0,0,0,1,1,0,20,0,2,7,7,6,12.5,0,5,9,10,7,13.142857142857142,1,16.2,0.3,-0.92,2
1,1,6,15,1,1,1,1,1,6,5,0,0,0,1,1,0,19,0,0,6,7,5,13.6,0,0,6,8,5,12.666666666666666,0,15.5,2.8,-4.06,2
1,1,2,15,1,1,19,1,1,10,10,1,0,1,0,0,0,18,1,0,6,6,6,12.0,0,0,6,6,2,11.0,0,11.1,0.6,2.02,0
1,1,1,12,1,1,1,22,27,10,10,1,0,0,1,0,1,30,0,0,7,8,7,14.9125,0,0,8,9,1,13.5,0,13.9,-0.3,0.79,0
1,1,1,9,1,1,1,22,27,8,5,1,0,0,1,0,1,20,0,0,5,5,5,13.8,0,0,5,6,5,12.0,0,9.4,-0.8,-3.12,2
1,5,1,15,1,1,9,23,27,6,10,1,0,0,1,0,0,22,1,0,6,8,6,11.666666666666666,0,0,6,6,6,13.0,0,12.7,3.7,-1.7,2
1,1,2,14,1,1,1,22,27,7,7,1,0,0,0,0,0,20,0,0,6,0,0,0.0,0,0,6,0,0,0.0,0,9.023867206500045,1.35495737945453,3.4261081192340623,0
3,12,1,3,0,12,1,22,27,10,9,0,0,0,0,0,0,50,0,0,6,10,0,0.0,0,0,5,6,0,0.0,0,9.16139941578976,1.3049456669855424,3.332961304760573,0
1,15,1,4,1,14,1,22,27,5,8,0,0,0,1,0,0,36,0,0,6,16,1,11.941236876611448,0,0,6,21,2,10.558763123388552,0,16.2,0.3,-0.92,0
1,12,1,7,1,1,1,22,26,10,9,0,0,0,0,1,0,26,0,0,5,8,1,10.701579395767872,0,0,5,9,1,10.467719597178585,0,9.677472966771404,1.820947637460724,1.2418786290048105,0
1,12,1,6,1,2,1,2,1,11,11,0,0,0,0,0,0,36,0,1,5,8,1,11.253955120734576,0,0,5,7,0,0.0,0,13.411074338056814,3.471440391338881,-2.299334084933601,0
1,4,1,12,1,3,1,1,1,6,8,0,0,0,0,0,0,24,0,0,7,0,0,0.0,0,0,8,0,0,0.0,0,13.19995748188341,2.0334750603886387,-0.6625882250919275,0
1,1,1,10,1,1,1,10,28,5,9,1,0,0,1,0,0,18,0,0,6,10,5,10.713482354576374,0,0,6,9,5,11.71752806727361,0,11.016779606643992,0.6302619612203665,2.0763629027729325,0
1,8,2,13,1,1,1,1,1,5,5,0,0,0,1,1,0,19,0,0,6,14,2,11.250258840952592,0,0,6,9,0,0.0,0,11.962098796523485,0.762720014809703,1.383872949452481,0
1,1,1,12,1,1,1,13,14,10,9,1,0,0,1,0,0,23,0,0,6,8,4,12.428572748230884,0,0,6,6,4,11.300001539602698,0,12.7,3.7,-1.7,0
1,12,1,13,1,1,1,22,27,8,8,0,0,0,0,0,0,29,0,0,5,7,1,13.780998546982437,0,0,5,6,0,0.0,0,15.490435292223085,0.4445409589915937,-0.5704736809839643,0
1,8,2,14,1,1,1,1,1,5,6,0,0,0,0,0,0,21,0,0,6,10,4,12.149063892346302,0,0,6,10,5,11.475141156853836,0,8.315506683262248,2.331684993776657,0.6375060906976228,0
1,8,5,15,1,1,1,13,27,5,8,1,0,0,1,0,0,18,0,0,6,8,5,11.697314550466157,0,0,6,9,4,11.93563944402107,0,10.682312126209958,1.4441329526712663,1.687776006005668,0
1,1,1,4,1,1,1,22,27,10,10,1,0,0,1,1,0,34,0,13,16,16,13,10.64439314790036,0,11,12,12,12,10.680846887138118,0,15.40397964995045,2.7975691050620366,-4.006763400858604,0
1,12,1,4,1,12,1,3,1,3,5,0,0,0,0,1,0,25,0,0,3,3,0,0.0,0,0,3,4,0,0.0,0,16.2,0.3,-0.92,0
1,8,1,10,1,1,1,13,27,7,9,0,0,0,1,0,0,19,0,0,6,6,0,0.0,0,0,5,4,0,0.0,0,8.9,1.4,3.51,0
1,1,5,9,1,1,1,23,27,7,8,0,0,0,1,0,0,20,0,0,5,0,0,0.0,0,0,5,0,0,0.0,0,10.83265706589058,1.3129144909584567,1.77047992816454,0
1,6,1,7,1,1,14,1,2,5,7,0,0,0,1,0,0,23,1,0,5,5,0,5.667586690964402,0,0,6,7,0,0.0,0,10.06094243998986,0.97783911273096,2.7237253474614134,0
1,7,1,9,1,1,1,22,27,10,9,1,0,0,1,0,0,20,0,0,5,8,1,10.0,0,0,5,7,1,11.0,0,7.6,2.6,0.32,0
1,8,4,7,1,1,1,18,26,1,6,1,0,0,1,1,0,18,0,0,5,9,3,11.728163803946163,0,0,5,10,3,11.253387054869986,3,7.6,2.6,0.32,0
1,1,1,14,1,1,1,13,1,6,3,0,0,0,0,1,0,20,0,0,5,6,4,11.5384547629989,0,0,5,5,4,11.780755002297688,0,8.596937711922378,0.7168954330355093,-1.5852587383405434,0
1,15,1,4,1,14,1,13,27,10,10,0,0,0,1,1,0,19,0,0,5,14,3,13.349766759237928,0,0,5,8,1,12.175414082176577,0,13.853953803428649,-0.2754420284952792,0.8206974643809011,0
1,5,3,7,1,1,1,1,27,6,8,1,0,0,0,0,0,19,0,0,6,0,0,0.0,0,0,6,0,0,0.0,0,12.7,3.7,-1.7,0
1,15,1,4,1,14,1,1,28,3,8,0,0,0,0,0,0,23,0,0,6,13,3,11.379710476652658,0,1,7,12,4,10.755278365762315,0,14.351135778219314,1.947616867711104,-1.8919820330912855,0
1,12,1,6,1,12,1,22,27,10,5,0,0,0,0,0,0,26,0,0,5,9,0,0.0,0,0,5,7,0,0.0,0,12.004473295680002,0.5304251311015382,1.859977801533538,0
2,5,1,11,1,1,1,22,27,10,10,0,0,0,1,0,0,45,0,0,6,12,4,11.96103450855017,0,0,6,15,2,11.068176330959716,0,9.918159430315644,3.099995171244551,-0.5981729508309019,0
2,9,1,14,1,13,1,18,14,4,7,0,0,0,0,0,0,43,0,0,6,10,3,12.44010001704257,0,1,6,12,2,12.179399413067133,0,9.387721215596496,1.8178719681765327,0.8674896222764268,0
1,7,1,3,0,5,1,22,1,10,10,0,0,0,0,0,0,32,0,0,6,2,0,0.0,0,0,6,2,0,0.0,0,10.92470570642307,1.06745144953848,1.856391992661532,0
1,9,1,8,1,1,1,13,1,9,7,1,0,0,1,0,0,20,0,0,5,0,0,0.0,0,0,5,0,0,0.0,0,12.241852816785585,0.5889577905581099,1.7850579005245495,0
1,1,3,3,0,1,1,19,24,1,1,0,0,0,1,0,0,36,0,0,6,0,0,0.0,0,0,6,0,0,0.0,0,9.318196515385376,-0.6454823068390433,-2.963664451625385,0
1,1,1,10,1,1,1,21,27,3,5,0,0,0,1,0,0,19,0,0,6,7,5,11.224770551673783,0,0,6,7,4,12.00332576728544,0,10.116628836427193,1.1619263791844603,1.5423625776932086,0
1,12,1,5,1,12,1,13,14,10,5,0,0,0,1,0,0,25,0,0,6,20,3,12.567489634819784,0,0,6,14,2,11.04958851592344,0,15.5,2.8,-4.06,0
1,8,2,15,1,1,1,3,1,3,7,1,0,0,1,0,0,19,0,0,6,6,5,14.054868108054542,0,0,6,6,5,13.43387459500782,0,15.5,2.8,-4.06,0
1,8,1,14,1,1,1,1,28,8,8,0,0,0,0,0,0,19,0,0,6,8,1,13.088686494428574,0,0,6,3,0,0.0,0,13.358413261907147,2.1620805461000017,-1.4171908338428647,0
1,5,4,2,1,1,1,1,2,10,6,1,0,0,0,0,0,19,0,0,0,0,0,0.0,0,0,0,0,0,0.0,0,9.4,-0.8,-3.12,0
1,1,1,3,1,1,1,3,2,4,2,0,0,0,0,0,0,23,0,6,11,13,7,13.231629756140984,1,4,9,12,7,12.838690591490566,1,8.539404462124528,1.7328574195773592,2.6251540262901867,0
1,2,1,8,1,1,1,1,1,10,10,0,0,0,0,0,0,20,0,0,5,7,2,10.90593942013812,0,0,5,8,2,11.598776287369118,0,10.198012288883964,1.6257453916685134,1.4728679531922588,0
1,1,2,11,1,1,1,2,14,5,4,1,0,0,0,0,0,18,0,0,5,3,0,0.0,0,0,6,2,0,0.0,0,13.25643808592798,1.845206380240072,-0.5453909716994443,0
1,12,1,11,1,1,1,1,1,5,4,0,0,0,1,0,0,25,0,0,6,12,2,11.25442240063627,0,0,6,19,1,11.03002834203908,3,14.857261533501,0.3706704456052105,0.0375845379506031,0
4,12,1,11,1,1,1,8,2,7,5,0,0,0,0,1,0,51,0,0,6,8,3,13.117383100310684,0,0,6,6,0,0.0,0,10.482106774966686,2.357590942742994,1.340848342743043,0
2,1,1,9,1,1,1,22,27,10,9,1,0,0,1,0,0,33,0,0,5,7,2,10.077734636964983,0,0,5,6,3,11.961132681517508,0,7.6,2.6,0.32,0
1,1,3,2,1,1,1,1,14,4,6,0,0,0,0,0,0,19,0,0,0,0,0,0.0,0,0,0,0,0,0.0,0,15.379655596030982,2.764152730732633,-3.911489884463765,0
1,1,1,16,0,1,1,22,27,10,10,0,0,0,0,0,0,29,0,0,5,6,4,12.286713892823055,0,0,5,6,4,10.212630851734655,0,10.84274669211323,1.3765582656153248,1.7269002072556228,0
1,3,1,7,1,1,1,1,27,5,9,1,0,0,1,1,0,19,0,0,5,5,0,0.0,0,0,5,5,0,0.0,0,10.586874913833569,0.177426399627643,0.4685512100614901,0
1,12,1,12,1,1,1,13,1,7,5,0,0,0,0,0,0,28,0,0,5,3,0,0.0,0,0,5,2,0,0.0,0,13.343315639612944,1.5556145346235186,-0.36512004780314,0
1,1,1,6,1,1,1,1,1,7,7,0,0,0,0,0,0,18,0,0,6,10,5,12.07346677740366,0,0,6,16,3,13.690472383713672,0,11.316653342997853,0.7785748546576949,2.322387500012484,0
1,8,2,6,1,1,1,2,1,4,4,1,0,0,0,0,0,18,0,0,5,7,5,12.3758633464713,0,0,5,7,5,13.092615764960724,0,12.455861494087916,1.095855936937764,1.1401446187772513,0
1,1,1,5,0,1,1,22,12,10,5,0,0,0,0,0,0,21,0,0,5,6,0,0.0,0,0,5,3,0,0.0,0,9.4,-0.8,-3.12,0
1,8,4,8,1,1,1,1,1,5,5,1,0,0,1,0,0,18,0,0,5,9,1,11.162616939344892,0,0,5,11,2,10.108411292896594,0,7.6,2.6,0.32,0
1,12,1,14,1,11,1,1,2,4,7,0,0,1,0,0,0,25,0,0,5,5,5,11.2,0,0,5,5,4,12.479751699066687,0,9.4,-0.8,-3.12,0
1,1,4,12,1,1,1,1,14,4,7,1,0,0,1,0,0,18,0,0,7,0,0,0.0,0,0,8,0,0,0.0,0,15.624223929953782,2.3563431073079224,-3.5027669427787504,0
1,1,1,9,1,1,1,22,14,9,11,0,0,0,1,1,0,18,0,0,6,0,0,0.0,0,0,6,0,0,0.0,0,15.768279254310546,0.4154601994285745,-0.8577518924819858,0
1,1,1,14,1,1,1,1,3,4,4,1,0,0,1,0,0,18,0,0,6,7,6,11.951010460212649,0,0,6,7,5,11.493704884900952,0,10.496582918454392,0.8194243932893119,2.428677932501344,0
1,1,3,10,1,1,1,1,14,5,7,0,0,0,1,0,0,19,0,0,6,2,0,0.0,0,0,6,1,0,0.0,0,15.5,2.8,-4.06,0
1,12,1,5,1,1,1,1,1,3,6,0,0,0,0,1,0,31,0,2,9,12,3,12.0,0,3,9,12,4,11.465405570967503,0,15.5,2.8,-4.06,0
1,1,1,7,1,1,1,1,10,4,4,1,0,0,1,0,0,18,0,0,5,7,3,12.10090727496898,0,0,5,9,1,9.79364907521714,0,11.079818545006203,0.6538172133167893,2.001163975339124,0
1,12,1,11,1,1,1,22,27,7,8,0,0,0,0,0,0,38,0,0,6,11,4,11.977310019443951,0,0,6,11,3,11.65903154005255,0,10.872308612150691,0.4124894453005716,1.331568392032099,0
3,12,1,3,0,11,1,22,27,9,10,0,0,1,0,0,0,49,0,0,6,10,0,0.0,0,0,5,6,0,0.0,0,9.19844322270085,1.4633061381486652,3.167694667296146,0
1,15,1,8,1,14,1,3,1,4,2,1,0,0,0,0,0,20,0,0,6,12,4,13.21885517181054,0,0,6,10,3,11.960449538254124,0,16.13935595865632,0.2841798153016487,-0.8749124736096991,0
1,1,1,14,1,1,1,13,14,8,8,0,0,0,1,0,0,20,0,0,3,4,3,12.62548778895935,0,0,6,2,0,0.0,0,12.964695050317076,0.1988293064975603,1.4135366331219503,0
1,1,1,15,1,1,4,13,1,6,10,1,0,0,1,0,0,18,0,0,6,6,6,13.842127775651528,0,0,6,6,6,13.405276665390916,0,11.1,0.6,2.02,0
1,15,1,4,1,14,1,22,27,10,5,0,0,0,0,1,0,20,0,0,6,15,3,11.796182838794484,0,0,6,14,2,12.02120645114176,0,16.151649291396787,0.3025447741370111,-0.8855183104434996,0
1,13,1,10,1,1,1,13,14,5,8,1,0,0,0,0,0,20,0,0,6,12,3,11.957023745398992,0,0,6,12,2,11.233055405930982,0,16.2,0.3,-0.92,0
1,11,1,4,1,1,1,1,2,7,6,1,0,0,0,1,0,27,0,0,6,6,0,0.0,0,0,6,8,0,0.0,0,15.784108499253506,1.785326788380338,-2.7855704462057043,0
1,1,2,9,1,1,1,8,14,6,6,0,0,0,1,0,0,23,0,0,5,9,0,0.0,0,0,5,7,0,0.0,0,7.6,2.6,0.32,0
1,1,1,6,1,1,1,3,1,3,6,0,0,0,0,1,0,18,0,0,5,5,0,0.0,0,0,5,5,0,0.0,0,7.639111282841015,2.563897277377524,0.4159730709714155,0
1,10,1,3,1,1,1,20,25,28,44,0,0,0,0,0,0,29,0,0,0,0,0,0.0,0,0,0,0,0,0.0,0,15.600051907915692,0.3315762153728582,-0.4921422816977703,0
3,12,1,9,1,1,1,14,3,10,3,0,0,0,1,1,0,51,0,0,5,5,3,10.269526632711438,0,0,5,5,0,0.0,0,9.96703054890649,1.626339813404407,2.286148294663313,0
1,12,1,10,1,1,1,20,21,1,3,0,0,0,0,0,0,30,0,0,6,10,1,11.93738631958994,0,0,6,12,0,0.0,0,8.443647687630946,1.0064432566971009,-1.2923044696946977,0
1,8,1,11,1,1,1,22,27,6,3,0,0,0,0,0,0,30,0,0,6,9,0,0.0,0,0,6,6,0,0.0,3,12.220772615896124,-0.3436985474285683,-2.2073970948571366,0
1,1,1,14,1,1,18,2,1,7,7,1,0,0,0,0,0,18,1,0,6,6,5,12.0,0,0,6,6,1,7.992522208762232,0,12.494376066846602,0.5179778784207881,1.2161832085237236,0
1,1,1,15,1,1,1,13,1,5,6,0,0,0,1,0,0,18,0,0,6,0,0,0.0,0,0,6,0,0,0.0,0,11.34805218526408,0.7240260926320397,1.677236980362363,0
1,1,1,13,1,1,1,1,1,10,10,0,0,0,0,1,0,18,0,0,5,6,3,11.216180594063765,0,0,5,9,3,10.481494540292084,0,10.8,1.4,1.74,0
1,8,4,10,1,1,1,13,1,6,6,1,0,0,1,1,0,18,0,0,5,7,3,10.906450504565038,0,0,5,7,3,11.165805454108536,0,15.489023834694294,0.3374197981739845,-0.4129617347425101,0
1,12,1,7,0,1,1,1,28,5,8,0,0,0,0,1,0,25,0,0,5,7,0,0.0,0,0,5,5,0,0.0,0,9.401919821654312,-0.7996894406147437,-3.119378881229488,0
1,12,1,8,1,1,1,22,27,10,9,0,0,0,0,1,0,36,0,0,4,4,0,0.0,0,0,5,8,0,0.0336316292609453,0,10.79360999044042,1.4,1.7459527983791874,0
1,12,1,12,1,5,1,13,2,7,5,0,0,0,1,0,0,28,0,0,5,9,0,0.0,0,0,5,5,0,0.0,0,12.655208775687356,0.1001114649576353,1.3368190021087685,0
1,12,1,9,1,1,1,10,2,5,3,0,0,0,1,0,0,24,0,0,5,5,0,0.0,0,0,5,5,0,0.0,0,9.424999420073966,2.646202516963898,-0.6918351215093637,0
1,1,1,2,1,1,1,23,1,4,4,0,0,0,1,0,0,19,0,0,0,0,0,0.0,0,0,0,0,0,0.0,0,12.482851405176358,0.4558125839059424,1.7347657298824282,0
1,1,1,8,1,1,1,13,14,6,9,0,0,0,0,0,0,20,0,0,5,12,2,13.187940761653236,1,0,5,12,2,11.7555994358484,0,9.4,-0.8,-3.12,0
2,12,1,12,1,12,1,23,27,4,10,0,0,0,0,0,0,37,0,0,7,9,1,12.048577534151788,0,0,7,9,0,0.0,0,14.394358857274655,0.5720829119175174,0.1757520907223654,0
1,5,2,4,0,2,1,1,1,5,5,0,0,0,1,0,0,25,0,0,6,0,0,0.0,0,0,6,0,0,0.0,0,10.8,1.4,1.74,0
1,1,1,5,1,1,1,13,14,9,8,0,0,0,1,0,0,18,0,0,6,0,0,0.0,0,0,6,0,0,0.0,0,12.800394186969635,0.7970666548484384,1.0344174213637545,0
1,7,1,11,1,1,1,13,1,10,10,0,0,0,1,1,0,19,0,0,6,6,0,0.0,0,0,6,11,0,0.0,0,10.8,1.4,1.74,0
1,3,4,8,1,1,1,3,1,3,10,0,0,0,0,1,0,18,0,0,5,1,0,0.0,0,0,5,1,0,0.0,0,8.9,1.4,3.51,0
1,15,1,4,1,14,1,22,27,6,8,0,0,0,0,1,0,35,0,0,6,17,2,11.961892865749425,0,0,6,22,2,10.614321402751733,0,16.039950036147577,0.8716070137586569,-1.6379384092808729,0
2,12,1,4,0,12,1,19,27,10,10,0,0,0,0,1,0,40,0,0,6,6,0,0.0,0,0,5,7,0,0.0,0,12.572816304208374,1.0388707528464425,0.866723820519579,0
1,8,2,9,1,1,1,1,28,6,8,0,0,0,0,0,0,21,0,0,5,0,0,0.0,0,0,5,0,0,0.0,0,9.740117870992629,1.0945025923663163,2.9410110782822647,0
1,1,1,2,1,1,9,22,27,10,10,1,0,1,0,1,0,23,0,0,0,0,0,0.0,0,0,0,0,0,0.0,0,7.6,2.6,0.32,0
2,4,1,3,0,3,1,21,1,9,9,0,0,0,0,0,0,35,0,0,5,0,0,0.0,0,0,5,0,0,0.0,0,10.834067277659887,1.3091539262402967,1.771796125815896,0
1,8,2,4,1,1,1,22,27,8,10,1,0,0,1,1,0,24,0,12,16,17,13,11.355934824721182,0,11,16,21,12,11.441582302570868,0,9.9505061845748,1.256853608814401,1.4616744325077593,0
1,8,1,17,0,15,1,7,1,4,4,0,0,0,1,0,0,27,0,0,5,0,0,0.0,0,0,5,0,0,0.0,0,8.9,1.4,3.51,0
1,1,2,10,1,1,1,22,27,6,7,1,0,0,0,0,0,19,0,0,6,0,0,0.0,0,0,6,0,0,0.0,0,12.261176202148238,0.5316955175206918,1.3506160717027798,0
1,15,1,7,1,14,1,3,2,3,4,0,0,0,1,0,0,21,0,0,6,12,0,0.0,0,0,6,6,0,0.0,0,13.11975474833201,0.1161308008895947,1.3101635011119934,0
1,12,1,4,1,1,1,1,1,2,6,0,0,0,0,1,0,23,0,0,6,0,0,0.0,0,0,5,0,0,0.0,0,13.441762650987474,-0.0487085505415183,0.9304275746973868,0
1,12,1,17,0,1,1,22,27,10,10,0,0,0,0,1,0,35,0,0,5,5,0,0.0,0,0,5,5,0,0.0,0,11.983050942039176,2.310911200200905,-0.0330934402410858,0
1,9,2,15,0,1,1,22,27,9,9,0,0,0,1,0,0,22,0,0,5,5,1,10.219531014232308,0,0,5,5,0,0.0,0,8.609688348763695,0.6928108967796867,-1.6096266220817286,0
1,1,1,10,1,1,1,13,27,10,10,0,0,0,1,1,0,18,0,0,6,9,4,11.698299151551415,0,0,6,9,3,13.0,0,15.73128369010171,0.324669279468331,-0.585731263204115,0
1,14,1,6,1,1,1,1,1,5,5,0,0,0,0,1,0,24,0,0,5,6,0,0.0,0,0,5,8,1,6.859947038557434,0,15.5,2.8,-4.06,0
1,13,1,14,1,1,7,19,24,12,12,0,0,0,1,0,0,22,0,0,5,11,1,15.687297800281838,0,0,5,8,3,12.12715270725358,0,7.841227411211153,2.144348223267821,-0.1410123858702041,0
1,1,1,2,1,1,1,3,3,3,3,1,0,0,1,0,0,18,0,0,0,0,0,0.0,0,0,0,0,0,0.0,0,9.575574325511369,-0.6963823652719797,-3.1470557157345387,0
1,8,2,9,1,1,1,13,14,6,8,0,0,0,1,0,0,18,0,0,5,7,2,10.251712418557874,0,0,5,11,2,11.626711482168629,0,10.8,1.4,1.74,0
1,11,1,14,1,1,1,1,14,7,5,1,0,0,1,1,0,20,0,0,5,7,4,12.902869006303137,0,0,5,5,4,11.914458285131436,0,8.093597583240495,2.1443714616241576,1.5312125311824476,0
3,12,1,8,1,1,1,1,1,4,7,0,0,0,0,0,0,23,0,0,5,0,0,0.0,0,0,5,0,0,0.0,0,12.982647281107594,0.2030643942313199,1.0711242203057376,0
1,6,1,9,1,1,1,23,28,10,9,0,0,0,1,1,0,18,0,0,5,11,1,10.21296416150891,0,0,5,5,1,10.0,0,12.7,3.7,-1.7,0
1,1,2,11,1,1,1,1,1,3,3,1,0,0,1,0,0,18,0,0,6,9,3,11.352278606690078,0,0,6,13,1,12.159071311033076,0,9.4,-0.8,-3.12,0
1,7,4,12,1,1,1,1,14,5,8,1,0,0,1,0,0,18,0,0,7,0,0,0.0,0,0,8,0,0,0.0,0,12.421816998501823,0.4883642674656944,1.775455334332118,0
1,15,1,6,1,14,1,1,1,5,6,1,0,0,0,0,0,20,0,2,6,7,6,12.701175117613191,0,1,6,11,4,12.525881338209896,0,13.374118661790105,-0.0195299529547223,1.140587558806597,0
1,12,1,8,1,10,1,15,24,12,12,0,0,0,0,1,0,30,0,0,5,8,0,0.0,1,0,5,5,0,0.0,2,8.33814816366166,1.2057201353057525,-1.090683157220062,0
1,3,5,7,1,1,1,22,27,10,9,1,0,0,0,0,0,19,0,0,5,10,0,0.0,2,0,5,7,0,0.0,0,9.203877977450134,0.0629368992194111,-0.519421980988775,0
1,8,2,12,1,1,1,23,27,4,8,1,0,0,0,0,0,19,0,0,6,0,0,0.0,0,0,6,0,0,0.0,0,12.7,3.7,-1.7,0
1,8,2,12,1,1,1,2,3,4,3,1,0,0,0,0,0,18,0,0,6,8,5,14.104158694493748,0,0,6,8,5,12.241861845914686,0,12.246653911189998,0.5862571749556265,1.7852079347246874,0
1,1,2,15,1,1,1,23,27,7,5,1,0,0,0,0,0,18,0,0,6,7,6,13.570723161318863,0,0,6,6,5,12.232170311348868,0,12.82040805222777,0.2920342939396106,1.1208426936721354,0
1,1,1,15,1,1,1,23,27,7,7,0,0,0,1,0,0,18,0,0,6,7,6,13.458031532520568,0,0,6,8,4,12.148014014453588,0,8.231813664092247,2.0167873869917727,1.8703735295802035,0
1,1,1,11,1,1,1,22,27,10,9,0,0,0,0,0,0,19,0,0,6,12,3,11.55649156528338,0,0,6,12,2,11.044870683654858,0,8.292310359228342,2.340383615289372,0.6272127219075769,0
1,5,1,9,1,2,1,22,27,9,8,0,0,0,1,0,0,23,0,0,5,0,0,0.0,0,0,5,0,0,0.0,0,14.087899738124444,2.351754540107682,-1.3906966297894092,0
1,15,1,6,1,14,1,22,27,8,7,0,0,0,0,0,0,19,0,1,6,8,4,11.562208670022788,0,0,6,12,2,12.007768799392338,0,12.4,0.5,1.79,0
1,8,1,10,1,1,1,22,27,9,6,0,0,0,1,0,0,20,0,0,6,0,0,0.0,0,0,6,0,0,0.0,0,15.456764027232424,0.4513999203785803,-0.5538874652663421,0
1,12,1,12,0,1,1,22,27,10,7,0,0,0,1,0,0,31,0,0,6,0,0,0.0,0,0,7,0,0,0.0,0,14.016102565587424,-0.2697123741945852,0.7036802664545679,0
1,8,1,8,1,1,1,3,2,5,3,0,0,0,1,0,0,18,0,0,6,10,5,13.805902873300653,0,0,6,12,3,13.03435036898926,0,13.9,-0.3,0.79,0
3,12,1,12,0,1,1,22,27,9,9,0,0,0,0,0,0,38,0,0,6,13,2,11.8088625417205,0,0,6,13,2,10.058729899870803,0,16.031151537871438,0.2559525750968967,-0.7944648390261553,0
2,12,1,12,1,1,1,6,14,4,4,0,0,0,1,0,0,31,0,0,6,0,0,0.0,0,0,7,0,0,0.0,0,12.4,0.5,1.79,0
1,8,3,16,1,1,1,22,27,10,7,1,0,0,1,0,0,18,0,0,6,7,5,11.851648877659793,0,0,6,7,5,11.348351122340208,0,10.8,1.4,1.74,0
1,8,2,8,1,1,6,18,2,10,4,1,0,0,0,0,0,20,0,0,6,13,3,12.547596686244525,0,0,6,16,0,0.0,0,11.53461720998122,0.9867778193855647,1.762956787811913,0
1,1,1,8,1,1,1,19,14,1,5,1,0,0,1,0,0,18,0,0,5,6,3,12.75499185617863,0,0,5,5,0,0.0,0,7.69584363862971,2.5580684080995018,0.3493521143303488,0
1,7,1,6,1,1,1,2,27,6,7,0,0,0,0,0,0,33,0,0,4,5,0,0.0,0,0,4,6,0,0.0,0,15.844832665795009,1.5684547650178258,-2.513179184862389,0
1,12,1,4,1,1,1,1,1,8,4,0,0,0,0,1,0,24,0,0,5,0,0,0.0,0,0,5,0,0,0.0,0,12.880870008108726,0.2588777374887639,1.1023140297731329,0
1,8,1,10,1,1,1,10,25,5,2,1,0,0,0,0,0,20,0,0,6,11,4,10.683299572841635,0,0,6,13,1,11.183299572841635,0,9.469655642984698,3.003259060251602,-0.4205302742802139,0
1,12,1,3,0,1,1,22,27,12,12,0,0,0,0,0,0,33,0,0,6,0,0,0.0,0,0,6,0,0,0.0,0,12.315767009954891,2.955548581787601,-0.8066582981451218,0
1,12,1,9,1,1,1,19,24,12,12,1,0,0,0,1,0,22,0,0,3,3,0,0.0,0,0,2,1,0,0.0,0,7.736553990595595,2.3420646844305426,0.0590301513061961,0
4,12,1,4,1,12,1,13,1,9,9,0,0,1,0,0,0,26,0,0,5,5,0,0.0,0,0,5,6,0,0.0,0,9.750606164610286,1.5804316106749088,2.534380505136385,0
1,12,1,7,1,1,1,19,24,10,10,0,0,0,0,1,0,33,0,0,5,5,0,0.0,0,0,5,5,0,0.0,0,15.141471650918238,2.915241255061995,-3.757811820059657,0
2,13,1,3,0,1,1,19,24,2,2,0,0,0,0,0,0,44,0,9,11,11,8,12.300980789460612,2,3,7,8,5,12.0,0,10.326606430424995,-0.2531503033557404,-3.2627885319015566,0
1,12,1,8,1,1,1,1,14,5,7,0,0,0,0,1,0,27,0,0,5,13,3,10.830982517378825,0,0,5,8,2,10.495298368090978,0,15.277876523760945,2.369635764786828,-3.3866882126503604,0
1,15,1,4,1,14,1,1,28,3,8,0,0,0,1,1,0,23,0,0,6,14,3,11.447518890358232,0,0,6,12,4,11.44240954725783,0,15.75138767863775,1.9021868620080369,-2.9323466986820934,0
5,12,1,17,0,7,1,22,27,11,11,1,0,0,0,1,0,54,0,0,4,4,0,0.0,0,0,5,4,0,0.0,0,8.527588430435639,2.80006809283906,-0.0473977704862725,0
1,3,1,2,1,1,1,22,27,10,10,1,0,0,0,1,0,20,0,0,0,0,0,0.0,0,0,0,0,0,0.0,0,7.6,2.6,0.32,0
1,8,1,9,1,1,1,13,14,9,7,0,0,0,1,0,0,20,0,0,5,7,4,10.896216419299815,0,0,5,9,2,11.068807726729323,2,16.2,0.3,-0.92,0
1,12,1,8,1,1,1,1,1,5,5,0,0,1,0,0,0,30,0,1,5,12,3,12.947044753026647,0,1,5,10,3,11.666666666666666,0,11.532827381182926,-0.5630191798685639,-1.2668099865721691,0
1,8,3,10,1,1,1,1,14,4,8,1,0,0,1,0,0,19,0,0,6,9,5,12.188057566871498,0,0,6,7,0,0.0,0,15.43538279859836,0.1005346431126162,-0.3515237328709564,0
2,12,1,8,1,1,1,22,27,8,8,0,0,0,0,0,0,40,0,0,6,7,5,12.318973344066531,0,0,6,10,4,12.362280289796333,0,8.9,1.4,3.51,0
1,12,1,7,1,12,1,13,2,10,3,1,0,0,1,1,0,23,0,0,6,12,5,12.961556067980396,0,0,6,14,3,12.565943847290695,0,16.2,0.3,-0.92,0
1,4,1,6,1,2,1,13,27,11,11,0,0,0,1,1,0,23,0,2,5,10,2,14.4759464574231,0,0,5,5,0,0.0,0,7.743040156932675,2.5182627674670424,0.389476647653014,0
1,1,1,13,1,1,1,17,14,4,1,1,0,0,0,0,0,20,0,0,5,9,3,11.718441561546392,0,0,5,14,2,10.554043291285224,0,7.6,2.6,0.32,0
2,12,1,14,1,12,1,22,17,4,7,0,0,0,0,0,0,45,0,0,6,11,3,12.333333333333334,0,0,6,12,2,11.023215861585996,0,8.575066186611854,2.042819321936083,0.7936035763543297,0
1,12,1,11,1,1,1,1,27,10,10,0,0,0,1,0,0,28,0,0,7,10,3,11.887164919287208,0,0,7,16,1,1.97240253908375,0,15.580463305031383,0.9018356465409392,-1.0580681777358625,0
3,12,1,11,1,11,1,22,28,6,6,0,0,1,0,1,0,46,0,0,6,6,0,0.0,6,0,7,7,0,0.0,7,15.5,2.8,-4.06,0
1,8,1,2,1,1,1,1,1,10,9,1,0,0,0,1,0,18,0,0,0,0,0,0.0,0,0,0,0,0,0.0,0,12.301901625368016,3.1571385800472966,-1.871302936962853,0
2,12,1,15,1,3,1,22,1,8,8,0,0,0,0,0,0,29,0,0,6,9,4,12.82025958934424,0,0,6,11,3,12.323532739180363,0,8.300987601557457,1.9529345216392708,2.0401157299756045,0
1,1,1,12,1,1,1,22,14,2,3,1,0,0,1,1,0,20,0,0,5,7,0,0.0,0,0,5,3,0,0.0,0,9.4,-0.8,-3.12,0
1,10,1,4,1,1,1,1,27,5,7,0,0,0,1,1,0,22,0,0,6,7,0,0.0,0,0,6,6,0,0.0,0,11.03921437471634,-0.6178650694759623,-1.695704843302025,0
1,8,3,12,1,1,1,3,1,4,4,1,0,0,1,0,0,18,0,0,7,7,7,13.786565327228937,0,0,8,9,8,15.183130491532152,0,12.4904316416064,0.1530755437693711,1.4092032431514738,0
1,3,1,10,1,1,1,13,14,4,8,0,0,0,0,0,0,21,0,0,5,10,4,10.845197414314685,0,0,5,11,0,0.0,0,10.8,1.4,1.74,0
1,8,3,14,1,1,1,13,14,5,5,1,0,0,1,0,0,19,0,0,6,11,5,12.006552023306847,0,0,6,8,5,11.57517258474677,0,15.527518497888767,2.7017196503972523,-3.936559880898949,0
1,12,1,5,1,12,1,22,27,6,9,0,0,0,1,0,0,36,0,0,6,10,2,12.53294026593936,0,0,6,6,0,0.0,0,11.1,0.6,2.02,0
3,12,1,12,1,8,1,1,1,5,6,0,0,0,0,0,0,29,0,2,7,10,4,12.06124316455394,0,1,7,9,4,11.24806640700606,0,13.9,-0.3,0.79,0
1,8,1,6,1,1,1,1,2,5,2,0,0,0,1,1,0,18,0,0,5,9,1,10.065407225559095,0,0,5,6,0,0.0,0,9.252833742492031,-0.5220192913738355,-2.8387489300958806,0
1,12,1,10,1,12,1,22,28,9,10,0,0,0,0,0,0,39,0,0,6,12,4,12.101137100714578,0,0,6,13,3,12.65994981058436,0,11.1,0.6,2.02,0
2,12,1,3,0,12,1,13,27,7,9,0,0,0,0,1,0,47,0,0,6,6,0,0.0,0,0,5,5,0,0.0,0,12.70068487797911,0.4841744801063626,1.5755642054412138,0
1,8,3,12,1,1,1,2,2,4,4,1,0,0,1,1,0,18,0,0,7,7,5,14.109517365186436,0,0,7,9,6,12.42477050594114,0,12.320598652188677,0.5061077959854864,1.8040479307666184,0
1,12,1,6,1,12,1,22,28,4,8,0,0,0,1,0,0,30,0,0,5,1,0,0.0,0,0,5,1,0,0.0,0,12.61693670555584,2.813991525928948,-0.7336970079662589,0
1,8,4,10,1,1,1,22,27,10,9,1,0,0,1,1,0,20,0,0,5,7,0,0.0,0,0,5,5,0,0.0,0,8.64806166373098,1.6325584642483264,2.891782082539865,0
1,8,2,15,1,1,1,1,1,3,5,1,0,0,0,0,0,18,0,0,6,4,0,0.0,0,0,6,0,0,0.0,0,10.158701548081709,0.9720414736522192,2.8252663578435504,0
1,8,1,15,1,1,1,22,27,6,6,1,0,0,0,0,0,18,0,0,6,9,5,11.978574776772346,0,0,6,9,4,11.657739490321813,0,10.8,1.4,1.74,0
1,12,1,8,1,9,1,21,26,10,10,0,0,0,0,0,0,25,0,0,5,1,0,0.0,0,0,5,1,0,0.0,0,9.02317121799392,-0.0882123006551849,-2.399838327721717,0
1,14,1,5,1,1,1,1,14,6,10,1,0,0,0,0,0,22,0,0,6,13,5,11.562952789720862,0,0,6,11,4,11.786909871510773,0,13.548463518653284,1.3520858364201789,-0.3772618013295843,0
1,1,1,14,1,1,1,1,28,3,10,0,0,0,0,0,0,19,0,0,6,7,5,12.56527681605619,0,0,6,8,4,12.82301532346068,0,11.624763223694366,0.9360706866719192,1.765773850740449,0
2,4,1,10,1,10,1,13,14,3,5,0,0,0,0,0,0,41,0,1,6,8,3,12.765063186818487,0,2,6,8,2,14.103042461921715,0,12.51452356854091,1.721584731103053,0.4577091526407331,0
1,8,2,15,1,1,1,7,2,3,1,1,0,0,0,0,0,19,0,0,5,10,0,0.0,0,0,5,10,0,0.0,0,7.6,2.6,0.32,0
1,1,2,10,1,1,1,22,25,10,8,0,0,0,0,0,0,25,0,0,6,12,2,10.768732641933424,0,0,6,12,2,10.268732641933424,0,10.047548602586408,0.2175763754929254,-0.8720812795929014,0
1,8,3,13,1,1,1,22,1,6,6,1,0,0,1,0,0,18,0,0,5,5,5,12.494941876267513,0,0,5,10,0,0.0,0,8.483851716531852,2.094941876267513,0.7492994051726138,0
1,1,1,15,0,1,1,23,27,7,8,0,0,0,0,0,0,20,0,0,5,0,0,0.0,0,0,5,0,0,0.0,0,8.980703046359316,1.3706534376875217,3.455342027693009,0
1,4,1,12,1,3,1,1,1,7,9,0,0,0,0,0,0,23,0,0,7,0,0,0.0,0,0,8,0,0,0.0,0,13.002924333212825,2.690252222623917,-1.0714320085833884,0
1,1,1,7,1,1,1,2,1,5,5,0,0,0,1,0,0,18,0,0,5,5,0,0.0,0,0,5,5,0,0.0,0,7.6,2.6,0.32,0
1,12,1,11,1,2,1,13,14,5,7,0,0,0,1,0,0,37,0,0,6,0,0,0.0,0,0,6,0,0,0.0,0,15.206579145524158,2.8943138460815203,-3.81268813694179,0
1,12,1,13,1,12,1,13,14,7,3,0,0,1,0,1,0,38,0,0,4,5,0,0.0,0,0,4,4,0,0.0,0,14.681316092614937,1.213799929441435,-1.578364405739019,0
1,15,1,8,1,14,1,2,7,3,9,0,0,0,0,0,0,20,0,0,5,2,0,0.0,0,0,5,2,0,0.0,0,12.7,3.7,-1.7,0
1,13,1,17,0,1,1,22,27,9,9,0,0,0,0,0,0,31,0,4,8,8,5,11.4,0,3,4,4,4,11.285792030239405,0,10.8,1.4,1.74,0
1,7,1,5,1,2,1,2,3,4,4,1,0,0,1,0,0,31,0,0,4,4,3,16.19174815721005,0,0,4,4,3,16.298274911215636,0,10.418697910987763,1.3025041362119816,0.5302838124070237,0
1,6,1,7,1,1,1,4,16,3,6,0,0,0,1,0,0,21,0,0,5,5,0,0.0,0,0,5,2,0,0.0,0,9.4,-0.8,-3.12,0
1,12,1,7,1,1,1,13,1,6,5,0,0,0,0,1,0,25,0,0,5,6,0,0.0,0,0,5,5,0,0.0,0,15.5,2.8,-4.06,0
4,12,1,12,1,1,1,22,27,10,10,0,0,0,0,0,0,36,0,0,7,11,4,11.90386484642407,0,0,7,12,3,12.480519632918996,0,14.826859522158156,0.3807729692848143,-0.1284249010088199,0
1,1,1,10,1,1,1,13,28,10,9,0,0,0,1,1,0,19,0,0,6,10,5,11.733876352513905,0,0,6,10,3,12.623470405221587,0,14.162665519235038,0.7150125794150848,0.0835758738582962,0
3,12,1,3,0,1,1,13,14,12,12,0,0,0,0,0,0,36,0,0,4,4,0,0.0,0,0,5,9,0,0.0,0,10.83813527577768,1.4461637548887705,1.6709550796446213,0
1,1,4,2,1,1,1,3,12,5,5,1,0,0,0,1,0,18,0,0,0,0,0,0.0,0,0,0,0,0,0.0,0,13.535317089942613,1.640515003900558,-3.757245584351812,0
1,14,1,16,0,1,1,22,27,10,10,0,0,0,0,0,0,28,0,0,5,1,0,0.0,0,0,5,8,0,0.0,0,10.123366377611058,1.6537376083958537,1.4397438300649066,0
1,3,1,9,1,2,1,22,27,9,9,0,0,0,0,0,0,23,0,0,5,0,0,0.0,0,0,5,0,0,0.0,0,12.176004236515336,2.6847582082484647,-0.4817098498981575,0
1,12,1,4,1,1,1,22,27,9,9,0,0,0,0,0,0,42,0,0,6,10,4,12.241616650772652,0,0,6,12,4,10.657187798012767,0,9.163476690002351,1.304190294544599,3.3315544235893157,0
1,13,1,4,1,14,1,3,2,3,3,0,0,0,1,1,0,25,0,8,13,15,13,12.545863627778685,0,3,9,12,5,11.244989062521515,0,15.018320035255538,2.5591600176277685,-3.3944058668985613,0
1,1,1,9,1,1,1,13,14,8,6,0,0,0,0,0,0,20,0,0,5,10,2,12.406407546445951,1,0,5,9,2,11.203203773222976,0,9.4,-0.8,-3.12,0
1,8,3,14,1,1,1,13,27,8,11,0,0,0,0,0,0,18,0,0,6,6,2,11.802244202138777,0,0,6,0,0,0.0,0,12.7,3.7,-1.7,0
1,3,1,8,1,2,1,13,28,10,10,1,0,0,1,0,0,23,0,0,5,1,0,0.0,0,0,5,0,0,0.0,0,13.053569160317252,0.984906151203122,0.5566517458529292,0
2,14,1,12,1,1,1,22,27,7,7,0,0,0,0,1,0,40,0,0,7,10,5,12.54859797903615,0,0,7,9,5,12.739563815700135,0,11.1,0.6,2.02,0
1,1,5,15,1,1,1,1,27,4,4,1,0,1,0,0,0,19,0,0,4,4,0,0.0,0,0,5,4,0,0.0,0,12.28700362548635,0.5086920288087423,1.8099916662601077,0
1,1,2,2,1,1,1,22,27,10,10,1,0,0,1,0,0,20,0,0,0,0,0,0.0,0,0,0,0,0,0.0,0,11.82050242945524,2.63534504618266,-0.1076465038558043,0
1,3,3,9,1,1,1,22,1,10,8,0,0,0,0,1,0,21,0,0,5,9,1,10.0,0,0,5,9,1,10.964037391284617,0,8.343685987562417,1.1952598012709892,-1.101266554008176,0
1,12,1,8,1,12,1,22,27,8,10,0,0,1,0,0,0,40,0,0,6,12,2,10.712769472283876,0,0,6,11,1,14.575732456973885,0,14.901741318340084,0.376368157744701,-0.17159205410193,0
1,1,2,11,1,1,1,11,14,7,7,1,0,0,1,0,0,19,0,0,6,9,0,0.0,0,0,6,8,0,0.0,0,12.089889584785531,2.713668090754064,-2.169331187514004,0
1,8,3,8,1,1,1,13,1,1,4,1,0,0,1,0,0,21,0,0,5,7,1,9.16040682064658,0,0,5,9,0,0.0,0,7.6,2.6,0.32,0
1,6,1,6,1,1,10,22,27,8,10,0,0,0,1,0,0,18,0,0,5,11,4,11.824336141301911,0,0,5,14,4,10.87838175465769,0,11.014867228260382,0.8270207246389796,1.9405427463763567,0
1,12,1,4,1,1,1,1,2,5,6,0,0,0,0,1,0,26,0,0,6,7,0,0.0,0,0,6,9,0,0.0,0,15.945842392520955,1.2077057409965877,-2.0600784106917143,0
2,12,1,9,1,1,1,16,3,10,3,0,0,0,1,1,0,53,0,0,5,4,2,7.912486206312115,0,0,5,4,0,0.0,0,11.236946207211432,1.8957158621357584,0.8295935168802213,0
1,12,1,5,1,1,1,1,1,2,5,0,0,0,0,1,0,23,0,0,6,0,0,0.0,0,0,5,2,0,0.0,0,12.569412744473627,0.4296768820628497,1.1977606105645338,0
1,12,1,17,0,10,1,22,26,9,10,0,0,0,1,0,0,39,0,0,5,9,0,0.0,0,0,5,5,1,10.890241814744616,0,10.883906697920985,3.308293601512369,-0.9806846136863504,0
1,8,1,13,1,1,1,19,26,1,1,0,0,0,0,0,0,18,0,0,5,7,2,11.97303049758596,0,0,5,6,3,10.766855939008776,0,7.643151203862464,2.5838182985515754,0.3391483467139689,0
1,12,1,9,1,4,1,1,11,3,4,0,0,0,0,0,0,26,0,0,5,6,3,11.68461985548551,0,1,5,6,2,11.098556295160778,0,12.125986687105993,-0.4971125903215564,-0.7514204563145714,0
1,4,1,10,1,1,10,26,1,4,4,0,0,0,0,0,0,24,0,4,6,6,5,12.762773208264006,0,1,6,7,2,13.367395222037349,0,11.1,0.6,2.02,0
1,13,1,8,1,6,1,19,24,1,1,0,0,0,1,0,0,28,0,0,5,8,0,0.0,0,0,5,5,0,0.0,0,7.6,2.6,0.32,0
1,15,1,9,1,14,1,1,1,5,4,0,0,0,1,0,0,22,0,2,6,7,6,12.282380286938556,0,1,6,6,2,13.694281721631336,0,13.9,-0.3,0.79,0
1,12,1,5,0,1,1,19,24,1,1,1,0,0,1,0,0,26,0,0,5,10,3,12.43446829628838,0,0,5,14,3,11.836028181076994,0,7.6,2.6,0.32,0
4,12,1,14,1,12,1,22,27,10,8,0,0,0,1,0,0,28,0,0,6,15,1,13.625076795727704,0,0,6,7,0,1.6068137325955567,0,11.308885785237422,0.5839318626740444,1.9830432841503025,0
1,1,1,2,1,1,1,13,14,3,3,1,0,0,1,0,0,19,0,0,0,0,0,0.0,0,0,0,0,0,0.0,0,10.855970107215391,1.2507463807589554,1.7922387667343656,0
2,12,1,17,0,1,1,19,24,11,11,1,0,0,1,0,0,29,0,0,5,8,0,0.0,0,0,5,5,0,0.0,0,7.6,2.6,0.32,0
1,8,1,15,1,1,1,14,28,5,8,1,0,0,0,0,0,18,0,0,6,9,4,11.818578090351538,0,0,6,13,0,0.0,0,9.08792752846944,-0.2105297759978336,-2.523594832186044,0
1,1,1,15,1,1,1,22,27,6,7,0,0,0,1,0,0,19,0,0,5,7,5,11.93117694975095,0,0,5,9,4,11.474191356156606,0,7.6,2.6,0.32,0
1,12,1,17,0,1,1,2,4,2,3,0,0,0,0,1,0,28,0,0,5,9,3,10.973255418112783,0,0,5,11,2,13.27267105395868,0,12.43522863931658,3.33894814452261,-1.813931918839532,0
1,10,1,12,1,1,4,1,27,5,5,0,0,0,0,0,0,20,0,0,5,7,2,11.573534168710763,0,0,5,7,3,13.419609111656204,0,10.117654669937222,1.4985260819024653,1.0910317426682743,0
1,1,2,9,1,1,1,1,1,4,3,1,0,0,1,1,0,19,0,0,5,2,0,0.0,0,0,5,2,0,0.0,0,10.336388894463816,1.0306428557093046,2.804117457577782,0
1,1,1,10,1,1,1,13,14,5,7,0,0,0,0,0,0,21,0,0,5,10,4,10.982378616908608,0,0,5,11,0,0.0,0,10.833480627873648,1.4405291811102052,1.679382442165606,0
1,8,1,13,1,1,1,13,27,10,9,0,0,0,1,0,0,21,0,0,5,0,0,0.0,0,0,6,0,0,0.0,0,13.33980548915974,-0.109533866314311,1.0947458138971025,0
1,8,3,10,1,1,1,13,27,5,5,1,0,0,0,0,0,19,0,0,6,12,4,11.903216601431389,0,0,6,12,3,10.747319498807178,0,9.629063555133282,3.037641158950316,-0.4836683100723981,0
1,13,1,4,1,1,1,22,27,8,8,1,0,0,1,1,0,24,0,11,17,18,13,11.541648691031693,0,10,15,15,10,12.364890998266674,0,12.65115269324059,3.605358343153644,-1.5864300117843717,0
1,14,1,7,0,13,1,2,1,3,8,0,0,0,0,1,0,22,0,0,5,5,0,0.0,0,0,5,5,0,0.0,0,12.188927078397125,3.390666389556155,-0.9992921259076376,0
1,6,1,11,1,1,1,13,14,10,8,1,0,1,1,0,0,20,0,0,6,0,0,0.0,0,0,6,0,0,0.0,0,11.1,0.6,2.02,0
2,13,1,14,0,1,1,19,24,1,2,0,0,0,0,1,0,36,0,0,5,6,0,2.7079796839718684,0,0,5,5,1,10.17193521802996,0,9.4,-0.8,-3.12,0
1,1,1,14,1,1,1,1,28,8,8,0,0,0,0,0,0,18,0,0,6,6,5,13.43459562942318,0,0,6,6,5,13.487337237829802,0,10.724047307741856,0.7367100699120526,2.274622505211198,0
1,8,1,7,1,1,1,13,14,5,9,1,0,0,0,0,1,20,0,0,6,13,1,12.005929659773294,0,0,6,7,0,0.0,0,14.572201015788409,3.098221102068012,-3.277997999021657,0
1,11,1,6,0,1,1,22,27,11,11,0,0,0,0,0,0,34,0,0,5,5,0,0.0,0,0,4,5,0,0.0,0,10.701126384778622,1.2446271760806888,1.3967673071600668,0
1,15,1,8,1,14,4,1,27,4,9,0,0,0,0,0,0,23,0,0,5,8,1,7.052329978176443,0,0,5,6,0,0.0,0,15.5,2.8,-4.06,0
1,8,3,10,1,1,1,1,14,5,8,0,0,0,0,1,0,18,0,0,5,12,0,0.0,0,0,5,2,0,0.0,0,10.12825842790117,-0.2002577652578597,-0.9180892238752856,0
1,8,2,7,1,1,1,1,27,5,8,0,0,0,0,1,0,22,0,0,3,0,0,0.0,0,0,3,0,0,0.0,0,8.53602717824163,1.735974912392341,2.6168666912236933,0
1,8,3,11,1,1,1,13,1,6,5,0,0,0,1,1,0,18,0,0,6,6,3,11.384178444680105,0,0,6,7,3,11.225302814270565,0,14.95526183923646,0.5535577734888695,-0.306851202290552,0
1,6,1,5,1,1,1,22,14,6,7,1,0,0,1,0,0,18,0,0,5,6,2,12.95323906286062,0,0,5,5,0,0.0,0,11.502190006923888,0.892791871970799,1.5150456896204407,0
1,15,1,9,1,14,1,1,1,4,4,0,0,0,1,1,0,21,0,2,6,7,5,11.901761018127676,0,1,6,8,2,12.921069211985854,0,13.414481145393635,-0.041056610876605,1.1136792364042436,0
1,12,1,7,1,12,1,22,27,9,6,0,0,0,0,1,0,30,0,0,5,10,0,0.0,0,0,5,6,0,0.0,0,11.12369068415075,-0.0530673702013417,-0.2988929136066063,0
1,12,1,8,1,1,1,1,12,5,6,0,0,0,1,1,0,27,0,0,5,10,3,11.36548702664443,0,0,5,8,2,10.66159308087703,0,14.712176605895127,1.2735921739218103,-1.6719103366196064,0
1,12,1,11,1,1,1,22,27,10,7,0,0,0,0,0,0,35,0,0,6,9,4,12.575759026758492,0,0,6,8,5,12.239402355199257,0,11.67277080275476,0.1848673478603956,0.599768213841956,0
1,12,1,4,1,1,1,1,1,9,5,0,0,0,0,1,0,24,0,0,6,0,0,0.0,0,0,6,0,0,0.0,0,13.9,-0.3,0.79,0
1,12,1,17,0,1,1,22,27,10,9,0,0,0,0,0,0,31,0,0,5,14,1,11.265484862064694,0,0,5,12,2,12.23362797453502,1,13.879643838721796,0.4221240084883265,0.7347803150168243,0
1,1,1,7,1,1,1,2,1,6,5,0,0,0,1,0,0,18,0,0,6,12,5,12.286374012693122,0,0,6,17,3,13.505864492852682,1,11.938191114815591,0.7597674979162301,1.7755684723379872,0
1,1,1,2,1,1,1,17,14,9,10,0,0,0,1,0,0,20,0,0,0,0,0,0.0,0,0,0,0,0,0.0,0,15.906866754995828,1.3469044464434692,-2.234911984732997,0
1,1,1,14,1,1,1,22,27,6,9,0,0,0,0,0,0,21,0,0,5,8,3,12.954138129057778,0,0,5,5,4,11.03859067881855,0,11.912750152101568,3.530201013198377,-1.3881873151461113,0
2,13,1,17,0,7,1,3,1,3,6,0,0,0,1,1,0,37,0,0,1,3,0,0.0,0,0,4,2,0,0.0,0,10.8,1.4,1.74,0
1,4,1,2,1,1,1,22,27,10,3,1,0,0,1,0,0,19,0,0,0,0,0,0.0,0,0,0,0,0,0.0,0,12.251204461435329,0.8826780428142909,-3.559365933401509,0
1,12,1,7,1,1,1,22,27,5,6,0,0,0,0,0,0,30,0,0,2,2,0,0.0,0,0,2,2,0,0.0,0,7.864300037794377,2.65700589050467,0.2153164556186976,0
2,12,1,5,1,1,1,13,14,3,5,0,0,0,0,0,0,33,0,0,5,1,0,0.0,0,0,5,1,0,0.0,0,12.840826202268028,2.732679144361216,-2.5856732615106277,0
1,12,1,10,1,1,1,12,1,5,2,0,0,0,1,0,0,24,0,0,5,5,0,0.0,0,0,5,5,0,0.0,0,14.438124052182104,2.773117064612205,-3.4712637150072925,0
1,12,1,9,1,1,1,22,27,10,10,0,0,1,0,0,0,26,0,0,5,5,0,0.0,0,0,5,9,0,0.0,0,10.8,1.4,1.74,0
1,8,1,13,1,1,1,13,27,10,9,1,0,0,1,0,0,21,0,0,6,0,0,0.0,0,0,6,0,0,0.0,0,13.916063628176088,-0.26887672040883,0.7413071270912344,0
1,1,1,11,1,1,1,12,28,8,9,0,0,0,1,0,0,19,0,0,7,11,5,11.55005990934544,0,0,7,11,5,11.909254193745843,0,10.896706153492415,1.1421169240202216,1.8302590765929223,0
3,12,1,7,1,11,1,22,27,10,5,0,0,0,1,1,0,48,0,0,6,0,0,0.0,0,0,6,0,0,0.0,0,14.910610782149368,2.3627112254656604,-2.947765508249613,0
1,8,3,12,1,1,1,22,27,5,7,0,0,0,1,0,0,21,0,0,6,0,0,0.0,0,0,6,0,0,0.0,0,13.591242291673172,2.834221773803203,-1.5013802892842645,0
1,1,1,14,1,1,1,13,27,9,8,0,0,0,1,1,0,18,0,0,6,6,4,12.727398911110429,0,0,6,6,4,12.617803266668716,0,12.49554918333282,1.5191912888834262,0.6784445005615132,0
1,8,2,12,1,1,1,2,2,4,4,0,0,0,1,0,0,18,0,0,6,7,5,13.832349385164186,0,0,6,8,6,12.264129120604156,0,12.471931642033097,1.2672708483530029,0.9531952310150064,0
1,1,2,7,1,1,1,3,1,3,5,0,0,0,1,1,0,18,0,0,5,5,0,0.0,0,0,5,5,0,0.0,0,10.459065954917651,1.349158644723527,1.1955889486935312,0
1,1,1,9,1,1,1,20,1,4,4,0,0,0,1,0,0,18,0,0,6,0,0,0.0,0,0,6,0,0,0.0,0,10.570929987865998,1.2324290532045408,0.5416408086185744,0
1,1,1,8,1,1,1,13,27,10,9,1,0,0,1,0,0,18,0,0,5,6,5,14.29391297343305,0,0,5,7,5,13.705531794922564,0,13.194209096976724,2.052636343410926,-0.6745161237733013,0
1,1,2,15,1,1,1,22,14,7,8,1,0,0,0,0,0,18,0,0,6,8,4,11.992232533395168,0,0,6,10,2,10.449622755514332,0,13.827695787507633,-0.0837550931972948,-1.6875101863945896,0
1,8,1,13,1,1,1,1,14,5,5,0,0,0,1,0,0,21,0,0,6,0,0,0.0,0,0,6,0,0,0.0,0,9.14664799513261,1.3365762298230432,3.38879012810626,0
1,8,1,8,1,1,1,2,2,6,8,0,0,1,0,0,0,20,0,0,5,9,2,10.16938059221227,0,0,5,8,2,10.728710549911394,0,10.257982104920734,1.6032567106547249,1.4994795590585754,0
2,12,1,9,1,1,1,21,27,10,9,0,0,0,0,0,0,30,0,0,5,8,3,10.988342303555504,0,0,5,9,2,11.615411194800508,0,7.711913885867159,2.558032292799816,0.3696617868535521,0
1,1,1,7,1,1,1,2,14,3,4,1,0,0,0,0,0,18,0,0,6,8,4,11.614205396969776,0,0,6,13,2,12.792837960857426,0,11.448032225759524,0.4881324988630097,1.86711441511278,0
1,12,1,6,1,6,1,19,24,13,13,0,0,0,0,1,0,25,0,0,4,4,0,0.0,0,0,4,4,0,0.0,0,7.6,2.6,0.32,0
1,3,1,4,1,2,1,22,1,9,4,0,0,0,0,0,0,22,0,0,2,2,1,9.38340456821038,0,0,5,0,0,0.0,0,10.89865526908634,1.344506411138934,1.743082977158948,0
1,12,1,4,1,1,1,1,2,4,3,0,0,1,0,1,0,46,0,3,10,14,5,12.427631002156517,0,1,6,7,4,12.069918717595169,0,8.9,1.4,3.51,0
1,8,1,10,1,1,1,13,14,5,6,1,0,1,0,0,0,19,0,0,6,10,5,11.744367359046874,0,0,6,12,2,10.733162934033444,0,16.2,0.3,-0.92,0
1,12,1,8,1,13,1,17,25,11,11,0,0,0,1,1,0,31,0,0,5,5,0,0.0,0,0,5,5,0,0.0,0,7.936543155922923,2.2893447791480708,1.1458251287647117,0
1,12,1,6,1,4,1,22,27,8,9,0,0,1,0,1,0,45,0,0,5,5,0,0.0,0,0,5,5,0,0.0,0,15.5,2.8,-4.06,0
1,8,4,10,1,1,1,1,14,9,5,1,0,0,1,0,0,19,0,0,6,11,5,12.035732854230698,0,0,6,7,0,0.0,0,15.246926042813236,2.309669207950644,-3.292869567277619,0
1,14,2,11,1,1,1,22,27,10,10,1,0,0,1,0,0,19,0,0,6,15,2,10.63977237662629,0,0,6,14,3,10.13977237662629,0,7.6,2.6,0.32,0
1,15,1,14,0,14,1,1,27,4,10,0,0,0,0,0,0,21,0,0,5,12,3,11.316272275988323,0,0,5,10,1,12.631481161347802,0,15.5,2.8,-4.06,0
1,12,3,6,1,1,1,19,24,12,12,0,0,0,1,0,0,20,0,0,6,0,0,0.0,0,0,6,0,0,0.0,0,8.305695620167105,2.196745359904511,0.6627664440811657,0
1,6,3,7,1,1,1,19,26,1,6,1,0,0,1,0,0,18,0,0,5,9,3,11.68848745904876,0,0,5,10,3,11.360609323810952,3,7.6,2.6,0.32,0
3,2,1,17,0,1,1,22,27,10,10,0,0,0,0,0,0,37,0,0,4,0,0,0.0,0,0,5,0,0,0.0,0,12.7,3.7,-1.7,0
1,8,1,11,1,1,1,22,27,9,9,1,0,0,1,0,0,18,0,0,6,7,5,12.42086360545288,0,0,6,7,5,12.383778549499157,0,7.933765503583512,1.9695540487866996,-0.3178629624040456,0
1,1,4,11,1,1,1,10,27,5,10,1,0,0,1,0,0,19,0,0,6,9,5,12.6831759628136,0,0,7,10,6,13.082691425432184,0,11.96475638690506,0.53348027793038,1.867004639239874,0
1,1,1,8,1,1,1,13,14,8,9,1,0,0,1,0,1,18,0,0,6,8,6,13.262719225837085,0,0,6,8,6,13.092761543501238,0,13.9,-0.3,0.79,0
1,12,1,5,1,1,1,22,27,7,7,0,0,0,0,0,0,29,0,0,6,0,0,0.0,0,0,6,0,0,0.0,0,11.933520370639448,0.5358830484123502,1.8725310113484055,0
1,1,1,14,1,1,1,22,27,9,9,0,0,0,0,0,0,18,0,0,6,7,4,11.495598918373783,0,0,6,8,4,10.8746856370267,0,11.033318972455096,1.682438756129851,1.317569860397093,0
1,12,1,3,1,3,1,19,25,1,1,1,0,0,1,1,0,39,0,0,1,0,0,0.0,0,0,1,0,0,0.0,0,7.6,2.6,0.32,0
1,12,1,3,0,1,1,8,4,10,4,0,0,1,0,0,0,37,0,0,5,5,0,0.0,0,0,5,5,0,0.0,0,9.596922130008007,1.821821289215373,2.554483079646916,0
1,7,1,12,1,2,1,19,24,1,1,0,0,0,1,0,0,27,0,0,6,2,0,0.0,0,0,6,2,0,0.0,0,7.6,2.6,0.32,0
1,1,1,2,1,1,1,2,2,3,3,1,0,0,1,1,0,19,0,0,0,0,0,0.0,0,0,0,0,0,0.0,0,16.2,0.3,-0.92,0
1,8,3,7,1,1,1,3,2,4,4,1,0,0,0,1,0,18,0,0,5,9,3,12.947766845275329,0,0,5,8,4,12.055417966710674,0,10.519379249843624,0.9835881928973542,2.714190768648277,0
2,12,1,3,0,11,1,15,27,6,9,0,0,0,0,1,0,47,0,0,6,6,0,0.0,0,0,5,6,0,0.0,0,13.33427140990884,1.1931691105775268,0.026939436139769,0
1,1,1,14,0,1,1,1,3,5,3,0,0,0,0,0,0,19,0,0,5,6,5,12.912682300293753,0,0,5,8,4,12.219501574405378,0,8.571892194229127,1.7028687437884986,2.704873922762241,0
1,1,2,2,1,1,1,2,1,5,5,0,0,0,0,0,0,18,0,0,0,0,0,0.0,0,0,0,0,0,0.0,0,12.549183882972256,2.0912947517040665,0.0544941614227523,0
1,13,1,7,1,1,1,15,27,10,5,0,0,0,1,0,0,23,0,0,5,3,0,0.0,0,1,6,7,1,13.071149219412732,0,13.180140645044869,0.0947615817495894,1.0106020603894763,0
1,12,1,17,0,1,1,22,25,10,5,0,0,0,0,0,0,37,0,0,4,4,0,0.0,0,0,5,4,0,0.0,0,15.218808805168791,2.8903828840528885,-3.822995992927981,0
1,12,1,9,1,1,1,13,14,2,5,0,0,0,1,1,0,30,0,0,5,3,0,0.0,0,0,5,3,0,0.0,0,9.442677862591417,1.793828435116256,0.8843200954186208,0
1,3,1,13,1,1,14,2,2,6,10,1,0,1,0,0,0,20,1,0,7,8,6,11.63504307896632,0,0,7,8,4,11.17859594008031,0,11.96968457778238,2.2850138694533646,-0.0020166433440373,0
1,15,1,8,1,14,2,3,3,4,7,0,0,1,0,0,0,20,0,2,6,12,3,11.60431474064303,0,1,6,11,3,11.87529614795273,0,12.4,0.5,1.79,0
1,8,1,3,0,6,1,22,1,10,10,0,0,0,0,0,0,30,0,0,6,3,0,0.0,0,0,6,3,0,0.0,0,10.987271398774196,0.9006096032688062,1.9147866388559176,0
2,12,1,17,0,1,1,22,27,10,10,0,0,0,0,0,0,44,0,0,5,9,0,0.0,0,0,5,10,0,0.0,0,11.838889404599852,0.7454858854875646,1.618159880158705,0
1,8,1,7,1,1,1,22,13,7,4,1,0,0,1,1,0,19,0,0,5,5,0,0.0,0,0,5,5,0,0.0,4,9.291697822504256,-0.5954292202858156,-2.9130225052303547,0
1,15,1,7,1,14,1,6,1,3,7,0,0,0,0,1,0,22,0,0,5,5,0,0.0,0,0,5,5,0,0.0,0,13.74241745140003,3.364937247764276,-2.5786089947514537,0
1,16,1,4,1,15,1,22,27,8,8,0,0,0,0,0,0,22,0,5,9,10,6,12.330778376182234,0,3,9,13,4,12.596226524822994,0,10.072169651299802,1.0985849468086224,2.933962342789812,0
1,11,2,13,1,1,1,1,1,9,10,0,0,0,1,1,0,23,0,0,6,17,0,1.671264871960647,0,0,6,12,0,0.0,0,11.058218378200984,0.7114176581307098,1.981003819654252,0
1,1,1,12,1,1,1,1,14,4,6,0,0,0,0,0,0,19,0,0,6,10,4,12.8589397620602,0,0,6,7,4,11.897939078251214,0,15.72625793532168,0.1764151135621776,-0.567783073652206,0
1,1,2,8,1,1,1,22,1,6,6,1,0,0,1,0,0,19,0,0,4,0,0,0.0,0,0,4,0,0,0.0,0,13.33010913389277,0.0039417952571891,1.1699272440714863,0
2,12,1,5,0,12,1,1,1,7,7,0,0,0,0,1,0,26,0,0,6,12,1,10.53346109197632,0,0,5,7,1,5.601341465751376,0,16.2,0.3,-0.92,0
1,12,1,8,1,13,1,11,28,9,9,0,0,0,0,0,0,26,0,0,4,3,0,0.0,0,0,5,0,0,0.0,0,12.29679181559364,3.4559529410172027,-1.1471803576954898,0
1,1,1,15,1,1,1,21,26,1,4,1,0,0,0,0,0,20,0,0,4,8,0,0.0,0,0,4,8,0,0.0,0,7.980525019795844,1.8812305181634048,-0.4072255933876145,0
1,1,1,3,1,1,1,22,1,6,2,0,0,0,1,0,0,20,0,0,1,0,0,0.0,0,0,1,0,0,0.0,0,13.9,-0.3,0.79,0
1,3,2,15,1,1,1,23,14,7,8,1,0,0,0,0,0,19,0,0,6,7,5,12.42643505649629,0,0,6,9,2,10.930800629941468,0,15.10897276271558,1.3598550305048642,-1.1631432128805277,0
1,1,1,2,1,1,1,1,26,4,9,0,0,0,0,0,0,18,0,0,0,0,0,0.0,0,0,0,0,0,0.0,0,8.047280451666039,1.7551369246308166,-0.5348026409617621,0
1,12,1,14,0,12,1,19,24,2,2,1,0,0,0,1,0,28,0,0,5,8,1,11.384080561140983,0,0,5,6,3,10.752017902475774,0,8.060896673369182,1.729417394747102,-0.5608247535499915,0
1,1,1,10,1,1,1,23,27,5,8,0,0,0,1,0,0,19,0,0,5,0,0,0.0,0,0,5,0,0,0.0,0,11.089940269579266,0.6268259477886234,2.010610918273982,0
2,12,1,8,1,10,1,22,27,10,10,0,0,0,0,0,0,47,0,0,6,0,0,0.0,0,0,6,0,0,0.0,0,13.254834527306976,0.0440882521029467,1.2201103151286836,0
1,13,1,10,1,1,1,22,27,9,9,0,0,0,0,0,0,28,0,2,5,7,2,11.779070266728278,0,0,5,8,0,0.0,0,10.8,1.4,1.74,0
1,8,1,16,1,1,1,22,27,6,5,0,0,0,1,0,0,18,0,0,6,9,4,11.164312484317668,0,0,6,9,4,11.527277317286064,0,10.4056500376376,1.5478812358859009,1.5650072042016845,0
1,8,1,7,1,1,1,13,14,8,9,0,0,0,1,0,0,18,0,0,5,8,1,11.315836502568184,0,0,5,10,2,12.684163497431816,1,8.694661595890905,2.189501901540911,0.8057560831765886,0
1,12,1,13,1,2,1,19,24,1,1,1,0,0,1,0,0,27,0,0,5,5,0,0.0,1,0,5,5,0,0.0,1,7.6,2.6,0.32,0
1,7,1,2,1,1,1,21,27,8,9,1,0,0,1,1,0,24,0,11,16,18,12,11.622023893690251,0,11,16,23,11,11.360631736955208,0,11.24382125804177,0.5889368263044793,1.9945547005003024,0
1,1,4,9,1,1,1,22,27,10,10,1,0,0,0,0,0,21,0,0,5,11,2,11.42322614586726,0,0,5,12,0,0.0,0,12.19329256272391,3.009035312805332,-1.918037745736984,0
1,13,1,12,1,1,1,2,3,3,5,0,0,0,1,0,0,18,0,0,6,11,3,12.524636148706884,0,0,6,10,3,10.645418556278004,0,16.110757936367612,0.618721655829956,-1.3203143997224247,0
1,1,1,11,1,1,1,13,27,10,8,0,0,0,1,0,0,18,0,0,6,7,4,13.202712709439632,0,0,6,6,4,12.27674474867244,0,10.290505516961286,1.0424414384956693,2.8266658602361683,0
1,10,1,7,1,1,1,1,1,6,6,0,0,0,1,0,0,30,0,0,6,7,6,16.007235367441787,0,0,6,7,6,16.24436534537407,0,14.366220658707029,-0.1783772194677321,0.4433750754830367,0
1,8,1,14,0,1,1,1,14,5,4,0,0,0,1,1,0,21,0,0,5,7,3,12.208402143876022,0,0,5,5,3,11.112575691596955,0,8.364578879478746,2.7649091700836514,0.0171667967554769,0
1,12,1,6,0,1,1,3,1,11,2,0,0,1,0,0,0,40,0,0,5,5,0,0.0,0,0,5,5,0,0.0,3,11.828844698115962,3.172721790964925,-0.5056002308379379,0
1,6,3,14,1,1,1,3,3,2,4,0,0,0,1,0,0,20,0,0,5,6,3,12.0555859017264,0,0,5,7,0,0.0,0,10.411153595750294,0.7889556504647459,0.3901474823903021,0
1,13,1,8,1,1,1,2,14,5,6,0,0,0,0,0,0,33,0,2,6,13,3,11.351997564230262,0,0,6,9,2,11.56999086586348,0,13.9,-0.3,0.79,0
1,10,1,14,1,1,1,1,14,7,5,1,0,0,1,1,0,20,0,0,5,7,4,12.871611884005388,0,0,5,5,4,11.87799164245073,0,8.066508077249113,2.169377159462357,1.4647390510959015,0
1,1,2,9,1,1,1,1,28,8,8,0,0,1,0,1,0,19,0,0,5,9,4,11.732529706627243,0,0,5,10,4,11.004022791092307,2,15.03700408897498,0.36121031110658,-0.0906002845058409,0
1,10,1,15,0,1,1,22,27,9,9,0,0,0,1,0,0,23,0,0,5,5,1,10.271362221673796,0,0,5,5,0,0.0,0,8.423096001974328,1.045263107381827,-1.2530279148842691,0
1,1,3,11,1,1,1,4,14,4,4,1,0,0,0,1,0,18,0,0,5,4,0,0.0,0,0,5,3,0,0.0,0,13.581296706174331,2.8438831997163607,-1.5035967340525769,0
1,3,1,8,1,1,1,13,18,31,44,0,0,0,1,0,0,18,0,0,6,0,0,0.0,0,0,6,0,0,0.0,0,12.4,0.5,1.79,0
1,12,1,12,1,1,1,22,27,7,7,0,0,0,0,1,0,39,0,0,7,11,5,12.165472182655886,0,0,7,10,4,11.955508201981123,0,11.1,0.6,2.02,0
1,12,1,4,1,12,1,21,14,10,7,0,0,0,1,0,0,24,0,0,6,14,1,10.969483520444545,0,0,6,12,4,11.772887359666592,0,12.683803259865751,0.7105637089326549,1.2544357838017255,0
1,1,1,14,1,1,1,22,28,10,9,1,0,0,0,0,0,18,0,0,6,6,4,11.77076025654235,0,0,6,8,4,11.611005323756544,0,10.8,1.4,1.74,0
2,12,1,3,0,10,1,20,25,4,4,0,0,0,0,0,0,50,0,0,6,11,0,0.0,0,0,5,8,0,0.0,0,8.121106841792733,2.118978299883632,1.5987160194760113,0
1,8,1,16,1,1,1,22,27,7,7,1,0,0,1,0,0,19,0,0,6,9,5,11.462005803644132,0,0,6,8,4,11.226899709817792,0,10.8,1.4,1.74,0
1,1,1,10,1,1,1,22,27,7,7,0,0,0,0,0,0,20,0,0,5,0,0,0.0,0,0,5,0,0,0.0,0,11.184346656621097,0.7634216472033728,1.8238940233559529,0
1,13,1,3,0,7,1,22,1,9,10,0,0,0,0,1,0,48,0,5,12,12,5,11.435567602077388,0,2,10,10,2,13.218855760953852,0,15.080534757252614,0.4686865434276882,-0.2406532841957648,0
1,3,1,7,1,1,1,1,11,4,4,1,0,0,1,1,0,18,0,0,5,7,3,12.1034425419958,0,0,5,9,2,11.258578641302538,0,10.189705630436954,0.9310161343865622,2.636517550294972,0
1,8,1,10,1,1,1,13,27,9,10,0,0,0,1,0,0,19,0,0,5,5,0,0.0,0,0,5,2,0,0.0,0,8.9,1.4,3.51,0
1,15,1,4,1,14,1,13,28,10,10,0,0,0,0,0,0,19,0,2,7,15,4,13.444272882282675,0,1,7,12,2,12.466254917478423,0,11.95727117717324,0.3605277997610987,1.8468444796177577,0
1,1,1,9,1,1,1,13,28,10,8,0,0,0,1,0,0,18,0,0,5,8,5,12.724634390754764,0,0,5,12,5,11.068818698519197,0,13.87283472426874,-0.2855118529433276,0.8081101838208405,0
1,1,1,6,1,1,1,22,14,11,11,0,0,0,1,1,0,18,0,0,5,0,0,0.0,0,0,5,0,0,0.0,0,7.830176963900527,2.165221290410116,-0.1198937532321191,0
1,12,1,10,1,14,1,1,1,5,10,0,0,0,0,1,0,25,0,0,5,0,0,0.0,0,0,5,0,0,0.0,0,15.962413988692642,0.5307978395557176,-0.9729477396627824,0
2,12,2,9,1,1,1,21,25,10,10,0,0,0,1,0,0,22,0,0,6,0,0,0.0,0,0,6,0,0,0.0,0,9.40842618748547,1.9218401796929492,1.1224891206966767,0
1,8,2,12,1,1,1,2,2,5,7,0,0,0,1,0,0,18,0,0,7,7,7,14.423144373598197,0,0,8,8,7,14.766644034109843,0,13.9,-0.3,0.79,0
1,12,1,6,1,11,1,21,26,10,10,0,0,1,0,0,0,26,0,0,5,6,0,0.0,0,0,5,5,0,0.0,0,13.411746101416965,-0.0752482054141574,0.753574709153329,0
1,13,1,16,0,1,1,22,23,10,8,0,0,0,1,0,0,20,0,6,11,20,7,11.691420892948932,0,5,10,17,6,12.5463806828433,0,9.809865911961245,-0.1559249954894772,-1.6971797627631175,0
1,3,1,5,1,2,1,21,1,9,4,0,0,0,0,0,0,22,0,0,3,3,2,10.15253904291426,0,0,6,0,0,0.0,0,10.586445339920036,1.064414105588625,0.9986602514366898,0
1,1,2,9,1,1,1,22,27,8,8,0,0,0,0,0,0,19,0,0,6,9,0,0.0,2,0,6,7,0,0.0,0,11.99329762075066,-0.5118558199165935,-0.8667125117477603,0
1,8,1,9,1,1,1,11,27,6,6,1,0,0,1,0,0,19,0,0,5,11,1,10.0,0,0,5,7,0,0.0,0,10.982014513914857,0.9146279628937152,1.9098802129872,0
1,1,3,12,1,1,1,4,2,3,3,1,0,0,0,0,0,19,0,0,6,0,0,0.0,0,0,7,0,0,0.0,0,10.53693357635783,3.233456261567376,-0.8432560439691802,0
1,12,1,5,0,1,1,22,27,10,8,0,0,1,0,0,0,29,0,0,6,11,4,12.816266917250331,0,0,6,7,0,0.0,0,13.401511904626052,0.4472888471249445,1.0757638785429986,0
1,12,1,4,1,1,1,1,3,9,10,0,0,1,0,1,0,44,0,2,7,14,4,11.973746805907606,1,0,6,15,0,0.7350894345870334,0,15.066822297475497,2.708113820676621,-3.563158301801442,0
1,1,1,6,1,1,1,13,28,10,7,0,0,0,0,1,0,18,0,0,5,11,5,13.22723240299818,0,0,5,16,4,14.70323906677881,0,12.4,0.5,1.79,0
1,15,1,6,1,14,1,22,6,10,8,0,0,0,1,1,0,21,0,2,6,8,4,12.216786534306488,0,3,7,9,5,13.0881295285531,0,13.900719205838923,0.4352518114212396,0.4054677519281483,0
1,7,1,5,1,1,1,13,1,4,3,0,0,0,1,0,0,18,0,0,6,0,0,0.0,0,0,6,0,0,0.0,0,8.752790540407018,1.5358856550089062,3.1487706337679904,0
1,1,5,14,1,1,1,18,26,8,8,1,0,0,0,0,0,18,0,0,6,8,4,12.984083258910452,0,0,6,8,4,11.408337340570716,0,7.6,2.6,0.32,0
1,13,1,6,0,6,1,19,24,6,6,0,0,0,1,0,0,33,0,3,6,8,4,11.370826435165547,0,1,5,8,2,10.5,0,7.6,2.6,0.32,0
1,1,1,8,1,1,1,1,1,10,10,0,0,0,0,1,0,21,0,0,5,7,2,11.0,0,0,5,8,2,11.437475905800234,0,10.401079420149546,1.5495952174439205,1.562978992691361,0
1,12,1,13,1,1,1,19,24,1,1,0,0,0,1,0,0,28,0,0,5,5,0,0.0,0,0,5,5,0,0.0,0,7.6,2.6,0.32,0
1,8,3,15,1,1,1,23,27,6,8,1,0,0,1,0,0,18,0,0,6,9,4,12.304590665512228,0,0,6,10,2,10.840138183917162,0,11.008165820700595,1.2829067258559157,1.7465051818968935,0
1,12,1,13,1,1,1,17,14,8,8,0,0,0,0,0,0,25,0,0,6,12,0,0.0,0,0,6,11,0,0.0,0,10.944348582862178,1.0150704457008577,1.8747253440047,0
1,1,3,12,1,1,1,1,14,5,6,0,0,0,1,0,0,18,0,0,7,0,0,0.0,0,0,8,0,0,0.0,0,13.190469477106085,2.065101742979717,-0.6822758350048739,0
1,12,1,13,0,1,1,1,1,10,7,0,0,0,0,0,0,25,0,0,5,13,4,11.171713513179965,0,0,5,14,2,10.99833783978355,0,9.777805948514288,1.0807978369038955,2.915485971233506,0
1,14,1,8,1,13,1,1,14,5,9,0,0,0,1,0,0,19,0,0,6,0,0,0.0,0,0,6,0,0,0.0,0,12.612381377884748,3.530238919651703,-1.4962867035820433,0
1,12,1,12,0,1,1,1,27,10,9,0,0,0,1,0,0,27,0,0,1,2,0,0.0,0,0,4,8,0,0.0,0,16.2,0.3,-0.92,0
2,12,1,3,0,12,1,11,24,10,10,0,0,0,0,0,0,45,0,0,5,5,0,0.0,0,0,5,4,0,0.0,0,15.13540862242926,0.5168612065421875,-0.3955901732707108,0
1,8,1,7,1,1,1,2,14,4,6,0,0,0,0,1,0,18,0,0,5,5,0,0.0,0,0,5,4,0,0.0,0,9.4,-0.8,-3.12,0
2,12,1,4,1,1,1,22,27,10,7,0,0,0,0,0,0,35,0,0,5,15,2,12.0,0,0,5,11,2,10.38891652861519,0,12.399253727389851,-0.4667495858455721,-0.5139817613123738,0
1,1,3,11,1,1,1,23,28,5,5,1,0,0,0,0,0,18,0,0,5,0,0,0.0,0,0,5,0,0,0.0,0,10.224028874099924,0.9185349548727546,2.613271353450505,0
1,9,1,13,1,1,1,13,14,10,7,1,0,0,1,0,0,18,0,0,6,0,0,0.0,0,0,6,0,0,0.0,0,12.395292311773815,0.1836560426441305,1.4509965916136451,0
1,13,1,15,0,1,1,22,13,10,9,0,0,0,0,1,0,47,0,0,5,5,0,0.0,0,0,5,5,0,0.0,0,12.675956684923827,3.4435379725208337,-1.4202961012805342,0
1,1,1,2,1,1,1,22,27,10,10,1,0,0,0,1,0,19,0,0,0,0,0,0.0,0,0,0,0,0,0.0,0,7.6,2.6,0.32,0
2,12,1,8,1,12,1,22,27,10,10,0,0,0,0,0,0,38,0,0,5,0,0,0.0,0,0,5,0,0,0.0,0,15.402007635638675,0.0918280788622633,-0.3267100247574507,0
1,1,1,10,1,1,1,22,28,5,8,0,0,0,1,0,0,19,0,0,6,0,0,0.0,0,0,6,0,0,0.0,0,12.438743634640282,0.5212503744329244,1.2482536694426605,0
1,14,1,9,1,1,1,2,8,3,2,0,0,0,0,0,0,22,0,6,10,17,8,13.617774889525627,0,2,6,7,4,13.821673088665287,0,12.475081998050689,-0.3025602650212121,-2.125120530042424,0
2,13,1,16,0,1,1,22,23,5,2,0,0,0,1,0,0,31,0,2,6,7,5,12.917983923533392,0,0,5,7,4,13.163092765590028,0,9.714446752115975,-0.3058693895320397,-2.0284205605116874,0
1,8,2,15,1,1,1,1,1,3,4,1,0,0,0,0,0,18,0,0,6,2,0,0.0,0,0,6,0,0,0.0,0,11.637802419336534,0.4691471774255788,2.020635483880926,0
1,12,1,12,1,1,1,22,27,10,7,0,0,0,1,0,0,31,0,0,7,0,0,0.0,0,0,8,0,0,0.0,0,13.9,-0.3,0.79,0
1,1,1,13,1,1,1,13,27,10,10,0,0,0,1,1,0,18,0,0,6,7,4,12.418573385307884,0,0,6,6,3,13.0,0,13.070270548723649,0.4647226026987553,1.3119912665681348,0
1,8,2,16,1,1,1,22,27,7,10,1,0,0,1,0,1,19,0,0,6,7,5,12.75244834089078,0,0,6,8,5,12.002611563616831,0,11.753101231794988,2.5537541226991967,0.0143851382238102,0
1,12,1,15,0,5,1,1,14,3,7,0,0,0,0,0,0,25,0,0,5,6,4,11.325677634851363,0,0,5,6,3,10.865985004620832,0,10.782453983365007,1.0851645227704656,-2.525125861703542,0
1,12,1,11,1,12,1,1,14,5,10,0,0,0,1,0,0,26,0,0,6,0,0,0.0,0,0,7,0,0,0.0,0,11.23624655829104,0.8639777066888898,1.7032267519733322,0
1,5,1,2,1,1,1,3,11,3,9,1,0,0,1,0,0,19,0,0,0,0,0,0.0,0,0,0,0,0,0.0,0,10.111451591678398,1.4,2.3814372014364404,0
1,8,4,12,1,1,1,1,1,5,6,0,0,0,0,0,0,19,0,0,6,7,4,12.086078316388624,0,0,6,7,5,12.665367556029883,0,12.599823885861936,0.4129998045273261,1.1884410672358587,0
1,15,1,8,1,14,1,1,1,5,4,0,0,0,0,1,0,20,0,2,6,6,6,12.946226186800782,0,1,6,7,3,13.816132143959765,0,13.348396431879296,-0.0058114303356243,1.1577357120804697,0
1,13,3,6,1,1,1,19,24,12,12,0,0,0,1,0,0,20,0,0,6,0,0,0.0,0,0,6,0,0,0.0,0,7.645830598059168,2.5738110868233326,0.3422605762001672,0
1,12,1,6,1,4,1,22,27,10,10,0,0,0,1,1,0,48,0,0,6,0,0,0.0,0,0,6,0,0,0.0,0,14.9214420136635,0.3672925255966578,-0.0081862781652857,0
1,1,1,13,1,1,1,17,14,4,1,1,0,0,0,0,0,20,0,0,5,9,3,11.703273388550414,0,0,5,14,2,10.547976022086832,0,7.6,2.6,0.32,0
1,1,4,15,1,1,1,1,27,10,6,1,0,1,0,0,0,18,0,0,6,6,0,0.0,0,0,6,0,0,0.0,0,11.0143546984328,0.6311437460244359,2.078005226970512,0
1,14,1,6,1,1,1,16,6,7,7,1,0,0,1,0,0,20,0,0,5,0,0,0.0,0,0,5,0,0,0.0,0,11.03786036440498,1.2662035450221982,1.7474331363876556,0
3,12,1,14,0,1,1,22,27,10,8,0,0,0,1,1,0,36,0,0,5,8,4,12.83415035050919,0,0,5,10,4,12.938058335380235,1,14.62442832983731,0.3829248247454047,0.2036313753002342,0
1,12,1,3,0,1,1,22,27,7,6,0,0,0,0,0,0,41,0,0,2,1,0,0.0,0,0,6,0,0,0.0,0,12.938979070620205,3.623185298729221,-1.9014252166655996,0
1,8,1,9,1,1,1,1,9,5,4,0,0,0,1,0,0,19,0,0,5,11,0,0.0,0,0,5,0,0,0.0,0,9.40531377186189,-0.7956239525843262,-3.1039336544881704,0
1,12,1,11,1,7,1,1,1,10,4,1,0,0,0,1,0,26,0,0,5,5,0,0.0,0,0,5,5,0,0.0,0,10.161194552689336,3.152414511364367,-0.6944339208691099,0
1,13,1,6,1,1,1,13,1,7,5,0,0,0,0,1,0,26,0,0,5,8,0,0.0,0,0,5,6,0,0.0,0,15.5,2.8,-4.06,0
1,4,1,7,0,2,1,19,24,1,1,0,0,0,1,0,0,25,0,0,5,9,0,0.0,3,0,5,9,0,0.0,2,10.585355272357033,1.4804917728661129,1.644751402108433,0
1,1,3,2,1,1,1,22,27,10,10,1,0,0,0,0,0,19,0,0,0,0,0,0.0,0,0,0,0,0,0.0,0,9.99987350527737,1.7000474355209865,1.3849438679668324,0
1,3,1,8,1,2,1,5,17,2,8,0,0,0,0,0,0,24,0,0,5,3,0,0.0,0,0,5,0,0,0.0,0,9.756839508262496,-0.50613216966618,-2.041085251488689,0
1,12,1,9,1,1,1,1,14,4,7,0,0,0,1,1,0,26,0,0,5,12,2,9.654083611487671,0,0,5,8,2,10.299351429813573,0,15.5713619973915,2.545135723601784,-3.739890468843841,0
1,1,1,11,1,1,1,1,1,10,4,0,0,0,1,0,0,19,0,0,6,6,0,0.0,1,0,6,6,0,0.0,1,8.584670274313634,2.169206754987785,0.6215552715085506,0
1,12,1,7,1,2,1,2,2,4,10,0,0,0,0,0,0,29,0,0,5,0,0,0.0,0,0,5,0,0,0.0,0,11.391131934057366,1.0758308748717669,1.5588466653695168,0
1,13,1,1,0,1,1,21,26,1,1,1,0,0,1,1,0,31,0,0,6,7,0,0.0,0,0,6,8,0,0.0,0,13.669737092557003,-0.1940059632405248,0.7728216561113954,0
1,12,1,4,1,1,1,22,27,8,8,0,0,1,0,1,0,28,0,4,10,16,9,13.579341195960913,0,3,9,13,7,13.394972386626002,0,13.177094558483995,1.6385472792419984,-0.8501670262687955,0
1,8,1,9,1,1,1,1,28,4,9,0,0,0,0,0,0,18,0,0,5,11,5,11.506243022033644,0,0,5,6,2,11.427473522210436,0,13.918444826864674,3.308357019936355,-2.726974925500225,0
1,1,1,15,1,1,1,22,27,7,7,0,0,0,0,0,0,18,0,0,6,7,5,11.950718520428737,0,0,6,9,4,11.45775873179606,0,7.810267646170727,2.521149632685977,0.4133062679882603,0
1,6,1,11,1,1,1,13,14,7,7,1,0,0,1,0,0,18,0,0,6,9,0,7.755276166950106,0,0,6,6,0,0.0,0,13.32852267325397,3.4979748550255096,-2.229754824599775,0
1,4,4,12,1,1,1,1,27,5,7,1,0,0,1,0,0,19,0,0,7,8,6,12.771412916191352,0,0,8,8,7,13.31968288441594,0,12.630791262705523,0.1079599512732248,1.347545266740074,0
1,10,3,12,0,1,1,22,27,10,10,0,0,0,1,0,0,26,0,13,15,15,13,10.912958984543865,0,11,14,15,12,11.595528467997124,0,8.456097515210356,0.9829269157137724,-1.3160974735131248,0
2,12,1,3,0,1,1,18,11,10,9,0,0,0,0,0,0,44,0,0,5,5,0,0.0,0,0,5,7,0,0.0,0,11.694779604898836,0.8966864722444052,1.7679618626530886,0
1,12,1,11,1,12,1,22,27,10,10,0,0,0,0,1,0,32,0,0,6,7,0,0.0,0,0,5,6,0,0.0,0,15.919465857387271,1.301907652188315,-2.178396011148524,0
3,12,1,3,0,10,1,20,25,6,6,0,0,0,0,0,0,50,0,0,6,11,0,0.0,0,0,5,8,0,0.0,0,8.327532430700684,1.9284316024301384,2.105252656873215,0
1,1,3,14,1,1,1,13,27,12,11,0,0,0,0,0,0,18,0,0,4,3,0,0.0,0,0,4,3,0,0.0,0,13.243340860757494,3.172183163835577,-1.5789126081740443,0
1,1,3,2,1,1,1,5,1,7,6,1,0,0,0,0,0,20,0,0,0,0,0,0.0,0,0,0,0,0,0.0,0,9.4,-0.8,-3.12,0
1,12,1,15,0,2,1,22,27,10,10,0,0,0,0,0,0,40,0,13,15,16,13,11.042104668453185,0,11,14,16,11,11.887083369605854,0,9.4,-0.8,-3.12,0
1,1,4,12,1,1,1,3,3,5,4,1,0,0,1,0,0,19,0,1,6,8,6,13.306181994435336,0,0,6,9,5,12.294611546213364,0,12.480826806799552,0.4568923697069062,1.7361154621336328,0
1,13,1,6,1,13,1,22,27,10,6,0,0,0,0,0,0,24,0,0,5,8,0,0.0,0,0,5,7,0,0.0,0,11.58530211116368,0.5626690683720247,1.9341388572556568,0
1,8,1,6,1,1,1,13,14,4,10,1,0,0,0,0,0,20,0,0,5,14,2,12.323138317141115,0,0,5,8,0,0.0,0,14.227500036225296,2.4209574575990245,-2.489680895767388,0
1,1,1,9,1,1,1,1,14,8,9,1,0,0,0,0,0,19,0,0,5,9,3,10.49840063946538,0,0,5,12,1,13.178000228380492,0,8.06280059378928,2.172799451886819,1.4556414570675391,0
1,10,1,10,1,1,1,13,14,5,7,0,0,0,0,0,1,23,0,0,6,10,2,11.22620251329429,0,0,6,7,0,0.0,0,15.5,2.8,-4.06,0
1,8,4,15,1,1,1,23,14,8,8,1,0,0,0,0,0,20,0,0,6,13,2,12.038079533490516,0,0,6,13,3,11.655454359583349,0,10.807615906698103,1.379690915471724,1.7471081795848966,0
1,12,1,12,0,1,11,3,1,3,11,0,0,0,0,0,0,32,0,0,6,9,5,12.541012337573504,0,0,5,6,5,11.973979545306731,0,12.446845779209855,0.9996883115718092,1.2450274351919957,0
1,14,1,17,0,6,1,13,7,10,8,0,0,0,0,1,0,26,0,7,13,16,8,10.488591265109005,0,6,11,15,6,10.816893934334717,0,9.891111132311671,1.740833325383123,1.3366805649633045,0
1,12,1,6,1,12,1,2,1,4,7,0,0,0,0,1,0,25,0,0,4,2,0,0.0,0,0,4,3,0,0.0,0,16.2,0.3,-0.92,0
1,8,1,8,1,1,1,2,2,5,2,0,0,0,1,1,0,18,0,0,6,10,5,13.556646411994429,0,0,6,12,3,12.653118670414925,0,13.824131220990246,-0.2756136067468648,0.8233280707792847,0
1,1,1,12,1,1,1,22,14,2,3,1,0,0,1,1,0,20,0,0,5,7,0,0.0,0,0,5,3,0,0.0,0,9.4,-0.8,-3.12,0
1,1,1,9,1,1,1,1,1,4,3,1,0,0,1,1,0,19,0,0,5,1,0,0.0,0,0,5,1,0,0.0,0,9.70876178805825,1.1920326830707355,3.112551349868517,0
1,2,1,14,1,1,17,1,1,10,8,0,0,1,0,0,0,18,1,0,6,6,5,11.753919557699046,0,0,6,6,2,11.43747634186836,0,10.378164035917202,0.8624858051210172,2.5088798120378946,0
1,8,1,10,1,1,1,22,27,8,8,1,0,0,1,0,0,18,0,0,6,9,4,12.010183777839757,0,0,6,7,5,11.814125885390627,0,9.364521032042145,-0.7329841716351619,-3.0521957501249872,0
1,12,1,7,1,1,1,4,5,3,3,0,0,0,1,1,0,29,0,1,6,8,2,14.68767425404628,0,1,6,7,2,13.239728545038563,0,15.333426268824685,2.477263395847821,-3.5550733773748164,0
1,1,1,15,1,1,1,22,14,9,10,1,0,0,1,0,0,18,0,0,6,11,3,12.733221447164253,0,0,6,12,2,13.33305361791063,0,9.4,-0.8,-3.12,0
1,12,1,15,0,14,1,11,1,3,5,0,0,0,1,0,0,26,0,0,5,0,0,0.0,0,0,5,0,0,0.0,0,9.239234857903234,1.4,3.193975948163829,0
1,12,1,5,1,1,1,1,28,5,7,0,0,0,0,1,0,25,0,0,5,8,0,0.0,0,0,5,5,0,0.0,0,12.337357485333436,-0.4736269460740627,-0.56776271829917,0
1,3,1,9,0,2,1,19,24,1,1,0,0,0,1,0,0,28,0,0,6,0,0,0.0,0,0,7,0,0,0.0,0,7.6,2.6,0.32,0
1,8,1,10,1,1,1,13,27,8,10,0,0,0,1,0,0,19,0,0,5,5,0,0.0,0,0,5,4,0,0.0,0,8.9,1.4,3.51,0
1,11,1,8,1,1,1,22,27,10,9,0,0,0,0,1,0,24,0,0,5,5,0,0.0,0,0,5,8,0,0.0,0,10.021848988801748,1.6918066291993448,1.3946954887807752,0
1,1,1,11,1,1,1,1,1,6,6,0,0,0,1,1,0,18,0,0,6,8,5,15.547714853976412,0,0,7,8,0,0.0,0,16.2,0.3,-0.92,0
3,12,1,11,1,1,1,22,27,10,9,0,0,0,1,0,0,36,0,0,6,12,2,11.857383921982288,0,0,6,13,1,10.0,0,16.2,0.3,-0.92,0
1,8,2,11,1,1,1,1,1,5,4,1,0,0,1,0,0,19,0,0,6,13,2,10.356538284409318,0,0,6,4,0,0.0,0,13.9,-0.3,0.79,0
1,8,1,16,1,1,1,22,27,10,10,1,0,0,1,0,0,21,0,0,6,9,4,11.70211235278616,0,0,6,8,5,10.802816470381543,0,9.529012705220945,1.8766202355421455,1.1759993879417945,0
1,14,1,4,1,13,1,22,27,8,8,0,0,1,1,0,0,32,0,0,7,15,4,11.887234007334246,0,0,6,13,3,11.331914863429354,0,16.2,0.3,-0.92,0
1,3,1,16,1,2,1,19,24,1,1,0,0,0,0,0,0,23,0,0,6,12,0,0.0,0,0,5,10,0,0.0,0,9.031028268251523,-0.1030533955862086,-2.414854023769576,0
1,12,1,5,0,1,1,19,24,3,2,0,0,0,1,0,0,54,0,0,6,8,4,13.032678168465976,0,0,6,12,5,13.108122732452422,0,10.121070480244716,1.925760220399669,-0.0435031855236564,0
1,4,1,3,0,3,1,22,1,10,10,0,0,0,0,0,0,34,0,0,6,0,0,0.0,0,0,6,0,0,0.0,0,10.831099254443664,1.3170686548168955,1.7690259708140863,0
1,12,1,11,1,1,1,22,27,10,6,0,0,0,1,1,0,53,0,0,6,9,5,13.715400164872348,0,0,6,13,4,14.328999358829757,0,16.15449326771242,0.3442065399365025,-0.9301415003383742,0
2,12,1,2,1,12,1,22,27,10,10,0,0,0,0,1,0,36,0,0,0,0,0,0.0,0,0,0,0,0,0.0,0,10.8,1.4,1.74,0
1,11,1,11,1,1,1,1,1,5,9,0,0,0,1,1,0,23,0,0,6,17,0,0.0,0,0,6,6,0,0.0,0,13.317918485591123,-0.1129023703685754,1.0457000938296137,0
1,8,1,7,1,1,1,2,1,4,2,0,0,0,0,1,0,18,0,0,5,8,5,12.01326610193691,0,0,5,9,5,12.203938095917984,0,11.134491865035963,0.5973467796126181,2.013897593109021,0
2,12,1,9,1,1,1,22,27,10,10,0,0,0,0,0,0,35,0,0,5,8,4,12.590717717544898,0,0,5,8,5,11.995950269896982,0,9.708440239652656,-0.5459903908742838,-2.1874218636384417,0
1,12,1,17,0,5,1,13,27,10,9,0,0,0,0,0,0,26,0,0,5,8,2,10.944638959353538,0,0,5,7,2,11.125437658545462,0,10.925087531709092,1.0664332487757535,1.8567483629284864,0
1,1,1,11,1,1,1,20,28,1,7,0,0,0,1,0,0,20,0,0,5,9,1,11.867863174111251,0,0,5,5,0,0.0,0,11.29641047766624,-0.5892877247037511,-1.472230007183333,0
1,1,4,9,1,1,1,3,1,3,10,0,0,0,1,0,0,18,0,0,5,0,0,0.0,0,0,5,0,0,0.0,0,8.760473224400068,1.52879394670763,3.1676227583355496,0
1,1,1,2,1,1,1,22,27,10,10,1,0,0,0,1,0,21,0,0,0,0,0,0.0,0,0,0,0,0,0.0,0,8.53103783513395,2.800812082087715,-0.0487640052883493,0
1,8,2,5,1,1,1,1,1,5,7,0,0,1,0,0,1,18,0,0,5,6,5,12.710664536024549,0,0,5,7,5,12.025452055093629,0,12.7,3.7,-1.7,0
1,9,1,5,1,1,1,1,27,5,8,1,0,0,0,1,0,19,0,0,6,4,0,0.0,0,0,6,4,0,0.0,0,10.256097330323266,0.3674054504408162,-2.7516187245275647,0
1,8,1,11,1,1,1,13,1,8,7,0,0,0,1,0,0,20,0,0,5,0,0,0.0,0,0,5,0,0,0.0,0,13.577046465318528,1.373292538784714,-0.4312005877785112,0
1,3,1,9,1,1,1,11,27,10,8,0,0,0,0,0,0,18,0,0,5,15,1,11.180589885029615,0,0,5,8,0,0.0,0,12.629914321795903,0.3964985977248267,1.1792198046109328,0
1,12,1,14,0,1,1,1,28,5,9,0,0,0,0,1,0,25,0,0,5,7,0,0.0,0,0,5,7,0,0.0,0,14.37716724240444,0.005129995094836,-1.509740009810328,0
1,8,1,9,1,1,1,1,27,6,8,0,0,0,1,0,0,18,0,0,5,5,1,15.248297815698267,0,0,5,5,0,0.0,0,11.692691662120282,0.5530639317431176,-3.473300026621814,0
1,8,1,9,1,1,1,22,27,10,8,0,0,0,0,0,0,20,0,0,5,9,1,10.0,0,0,5,10,1,10.59058834780876,0,8.336940973944232,1.2080003825497825,-1.088376083537867,0
1,10,1,12,1,1,1,13,1,10,6,0,0,0,0,0,0,24,0,0,5,0,0,0.0,0,0,5,0,0,0.0,0,12.534385845744406,1.9334490212736632,0.2266446611734112,0
2,12,1,4,0,1,1,22,27,9,8,0,0,0,1,0,0,35,0,0,6,0,0,0.0,0,0,6,0,0,0.0,0,10.010577140789444,0.1594783640976967,-1.000425068402361,0
1,12,1,17,0,1,1,22,27,7,3,1,0,0,1,0,0,36,0,0,5,11,2,11.676876719465572,0,0,5,9,3,11.85276712022904,0,10.371737006488328,0.5250959179386294,-2.701858621450477,0
1,12,1,7,0,8,1,19,24,1,1,0,0,0,0,1,0,49,0,0,5,5,0,0.0,0,0,5,5,0,0.0,0,10.635050582278902,1.461856031645412,1.6668036958862624,0
1,13,1,9,1,1,1,1,2,2,2,0,0,0,1,1,0,27,0,0,5,8,2,10.41368986022042,0,0,5,9,0,0.0,0,14.76717796189526,2.25629332656745,-2.6770938958346004,0
2,12,1,5,1,6,1,1,1,5,5,0,0,0,0,0,0,28,0,0,5,11,0,0.0,3,0,5,7,0,0.0,0,9.329943412116776,-0.4917510133138044,-2.19104964466842,0
1,1,1,8,1,1,1,12,1,7,5,0,0,0,0,0,0,19,0,0,5,6,3,13.651350981923434,0,0,5,5,0,0.0,0,11.76864628430998,0.7762172506143832,1.596647924569932,0
1,12,1,12,1,1,1,22,27,10,8,0,0,0,1,0,0,38,0,0,7,0,0,0.0,0,0,8,0,0,0.0,0,11.620110082800778,0.9386880784245624,1.7656284400875244,0
1,12,1,16,0,1,1,22,27,10,7,0,0,0,0,1,0,31,0,0,5,9,0,0.0,0,0,5,6,0,0.0,0,12.431634331931772,0.8374328739389076,1.4219872718603794,0
1,1,3,2,1,1,1,22,28,10,10,1,0,0,1,0,0,18,0,0,0,0,0,0.0,0,0,0,0,0,0.0,0,10.159536819031407,1.6401736928632218,1.4557944634451876,0
4,12,1,9,1,12,1,13,1,11,11,0,0,0,0,0,0,31,0,0,6,6,0,0.0,0,0,6,8,0,0.0,0,9.992094341508457,1.4,2.492627902910544,0
3,12,1,6,1,1,1,19,24,1,1,0,0,0,1,0,0,25,0,0,5,5,0,0.0,0,0,5,5,0,0.0,0,7.6,2.6,0.32,0
1,12,1,6,1,12,1,15,27,7,11,0,0,0,1,0,0,28,0,0,5,11,1,12.179118239589965,0,0,5,10,0,0.0,2,10.880603207815485,1.185058112492043,1.815229660627785,0
1,13,1,4,0,13,1,2,3,3,3,0,0,0,1,1,0,23,0,0,6,16,0,4.583657853391331,0,0,5,5,0,0.0,0,14.954241306280004,-0.0249805287965201,0.0061945070700824,0
3,4,1,7,1,2,1,22,27,8,8,0,0,0,0,0,0,32,0,0,6,7,1,9.92669564396523,0,0,6,6,0,0.0,0,14.473739015513212,3.129869602156467,-3.195008598789707,0
1,1,1,14,1,1,1,13,1,9,5,0,0,0,1,1,0,20,0,0,5,5,4,11.78509359547233,0,0,5,5,4,11.445267388740078,0,9.4,-0.8,-3.12,0
1,7,1,6,1,1,1,1,1,10,10,0,0,0,0,0,0,20,0,0,5,7,2,10.569678037036413,0,0,5,8,2,12.207249266315063,0,8.045939437033036,2.432772711112611,0.5178856251834103,0
1,2,1,9,1,1,1,7,15,5,4,0,0,0,1,0,0,20,0,0,5,13,1,10.0,0,0,5,10,0,0.0,0,9.63109766848098,-0.4368465209584582,-2.317760950844594,0
1,15,1,5,1,14,1,1,28,4,6,0,0,1,0,0,0,22,0,2,6,8,4,11.66863040490437,0,4,8,8,4,10.093586915778689,0,12.345407632462432,0.5140380373668031,1.8168282491898904,0
1,1,2,12,1,1,1,11,8,1,1,1,0,0,0,0,0,19,0,0,5,8,0,0.0,0,0,4,7,0,0.0,0,7.6,2.6,0.32,0
1,12,1,17,0,1,1,1,1,5,6,0,0,0,0,1,0,37,0,0,5,5,0,0.0,0,0,5,5,0,0.0,0,9.552381286223554,1.794862357451098,2.6155509207303385,0
1,8,3,13,1,1,1,20,14,9,9,0,0,0,1,0,0,18,0,0,6,8,3,10.909615841850789,0,0,6,1,0,0.0,0,14.737539485745769,3.045076593867432,-3.417354709414289,0
1,1,1,11,1,1,1,22,27,4,4,0,0,0,0,0,0,18,0,0,6,7,6,11.05779926914918,0,0,6,6,5,12.196321864690503,0,11.151493894332908,0.5834483911072799,1.997379467846616,0
1,12,1,11,1,1,1,22,27,10,6,0,0,0,0,0,0,53,0,0,6,9,6,13.417392294156013,0,0,6,13,4,14.069087986894871,0,15.900045822961744,0.5913840576943032,-0.9868469308828108,0
1,1,1,9,1,1,1,13,14,9,5,1,0,0,1,0,0,22,0,0,5,7,3,10.627416305703283,0,0,5,7,2,11.176331889479812,0,9.188048050797748,-0.3996463181735201,-2.7149362748579144,0
1,14,3,2,1,1,1,22,27,9,9,1,0,0,1,0,0,19,0,0,0,0,0,0.0,0,0,0,0,0,0.0,0,8.362270344074343,1.1601560167484624,-1.136783324230968,0
1,13,3,6,1,1,1,19,24,13,13,0,0,0,0,0,0,21,0,0,5,0,0,0.0,0,0,4,0,0,0.0,0,7.6,2.6,0.32,0
1,1,1,10,1,1,1,2,1,4,3,1,0,0,1,1,0,18,0,0,6,12,3,12.128396735275452,0,0,6,13,3,11.020040730243863,0,10.966253400754738,0.9566575979873652,1.8951698407044224,0
1,12,1,7,1,4,1,20,26,3,9,0,0,0,0,0,0,30,0,0,5,5,0,0.0,0,0,5,5,0,0.0,0,10.922243980594509,3.316562427187051,-0.9958691844707656,0
1,7,1,6,1,1,1,1,1,5,8,0,0,0,0,0,0,22,0,0,6,14,0,0.0,0,0,5,6,0,0.0,0,16.2,0.3,-0.92,0
3,11,1,13,0,1,1,23,27,7,8,0,0,0,1,0,0,23,0,0,6,0,0,0.0,0,0,6,0,0,0.0,0,10.861926381528182,1.2348629825915174,1.7977979560929689,0
1,1,1,2,1,1,1,22,27,10,8,1,0,0,0,0,0,22,0,0,0,0,0,0.0,0,0,0,0,0,0.0,0,9.4,-0.8,-3.12,0
1,12,1,11,1,1,1,22,27,9,8,0,0,0,1,1,0,35,0,0,6,16,0,0.0,0,0,6,6,0,0.0,0,14.214836949158258,-0.2178686219587156,0.5559255725823395,0
1,11,1,13,1,1,1,13,14,4,4,0,0,0,1,1,0,30,0,0,6,0,0,0.0,0,0,6,0,0,0.0,0,12.7799291609772,0.480003728369621,1.5190505194083648,0
1,1,1,8,1,1,1,13,27,2,9,0,0,0,1,1,0,21,0,0,5,8,2,10.878329767312454,0,0,5,4,0,0.0,0,12.7,3.7,-1.7,0
1,10,1,8,1,1,1,13,14,5,10,0,0,0,0,1,0,23,0,0,5,7,2,10.5,0,0,5,9,0,0.0,1,10.8,1.4,1.74,0
1,10,2,6,1,1,1,1,3,5,4,1,0,0,0,1,0,21,0,0,6,0,0,0.0,0,0,5,2,0,0.0,0,10.8,1.4,1.74,0
1,8,2,12,1,1,1,1,1,4,4,0,0,0,1,0,0,18,0,0,6,6,6,12.00162999212041,0,0,6,6,6,12.16585167060646,0,13.498044009455509,1.0398533018149785,-0.0440586803798237,0
1,12,1,3,0,1,1,22,27,10,10,0,0,0,1,1,0,34,0,0,5,6,3,11.85541462309724,0,0,5,5,0,0.0,0,10.71418318702841,0.7402970228987596,2.28130320514894,0
1,8,1,16,0,1,1,19,24,1,1,0,0,0,1,1,0,33,0,0,5,7,1,10.79955818926264,0,0,5,5,0,0.0,0,7.754058497335072,2.3090006161448637,0.0255770939818615,0
1,4,1,14,0,3,1,22,27,10,10,0,0,0,1,1,0,29,0,5,8,8,8,14.177021594138631,0,2,6,6,6,14.10284163299756,0,14.165696837122256,2.2761802153669515,-1.373358990584183,0
1,1,1,11,1,1,1,1,14,6,6,1,0,0,1,0,0,19,0,0,6,7,6,12.828335777387943,0,0,7,7,7,13.974697420609491,0,13.69924891722736,2.263606060450704,-1.8377965361529145,0
1,12,1,5,1,1,1,22,27,10,8,0,0,1,1,1,0,23,0,0,5,8,0,0.0,0,0,5,6,0,0.0,0,15.863242393697986,1.502705736792906,-2.4305984054118897,0
1,8,2,7,1,1,1,2,2,4,4,0,0,0,1,1,0,18,0,0,5,9,3,13.270712044299929,0,0,5,9,4,10.816535119597994,0,9.003325126905121,1.362427226579956,3.440020709505168,0
1,13,1,12,1,10,1,19,24,1,1,1,0,0,1,1,0,26,0,0,6,6,0,0.0,5,0,6,6,0,0.0,5,7.6,2.6,0.32,0
1,10,2,9,1,1,1,22,1,8,4,0,0,0,0,0,0,23,0,0,5,5,0,0.0,0,0,5,9,0,0.0,0,10.8,1.4,1.74,0
1,8,1,3,0,1,1,13,1,6,5,0,0,0,1,0,0,19,0,0,6,10,4,11.679397113837776,0,0,6,10,5,11.562099000943844,0,9.77259400566307,-0.7586006660374368,-2.796257208412756,0
1,12,1,4,1,1,1,1,19,5,6,0,0,0,0,1,0,27,0,0,6,16,2,14.46031521094664,1,0,6,15,0,0.0,0,15.777793523373528,1.8078802736659705,-2.8138976237244586,0
1,4,1,3,0,3,1,22,27,2,6,0,0,0,0,0,0,28,0,0,6,10,1,10.75465089031868,0,0,6,1,0,0.0,0,13.386977507107698,3.4791858012868118,-2.279023898847917,0
1,9,2,11,1,1,1,13,14,6,7,0,0,0,1,0,1,20,0,0,6,8,1,10.0,0,0,6,6,0,0.0,0,13.790027719317534,3.349633947362221,-2.6187376491390646,0
1,12,1,9,1,15,1,13,28,9,9,0,0,0,0,1,0,30,0,0,5,5,0,0.0,0,0,5,3,0,0.0,0,9.99703619972866,2.0639955945726096,2.0059056314246533,0
1,9,1,4,1,1,1,22,27,10,8,0,0,0,0,1,0,46,0,3,8,9,3,12.211345432929898,0,1,6,8,1,12.35567271646495,0,15.5,2.8,-4.06,0
1,8,1,7,1,1,1,1,1,6,6,0,0,1,0,1,0,18,0,0,5,9,1,11.719045905184243,0,0,5,7,2,10.900795079013127,2,7.6,2.6,0.32,0
1,12,1,6,1,1,1,16,1,2,3,0,0,0,1,0,0,24,0,0,5,5,0,0.0,0,0,5,5,0,0.0,0,7.6,2.6,0.32,0
3,12,1,8,1,12,1,22,27,10,5,0,0,0,1,1,0,45,0,0,6,0,0,0.0,0,0,6,0,0,0.0,0,15.5,2.8,-4.06,0
1,1,1,13,1,1,1,13,27,7,7,0,0,0,1,0,0,19,0,0,6,10,4,11.010054002356178,0,0,6,8,2,11.69012600549775,0,16.2,0.3,-0.92,0
1,10,1,10,1,1,1,13,14,5,7,0,0,0,0,0,1,23,0,0,6,10,2,11.008986503912055,0,0,6,7,0,0.0,0,15.5,2.8,-4.06,0
1,12,1,3,0,14,1,13,27,10,9,0,0,0,0,0,0,25,0,0,6,13,3,12.078962825844052,0,0,6,7,4,13.124195687189708,0,16.05470840044694,0.2620978435948548,-0.8119788542453361,0
1,6,1,10,1,1,1,1,14,4,5,0,0,0,1,0,0,18,0,0,5,7,2,11.709334893490585,0,0,3,3,0,0.0,0,9.916226030601049,2.0150841764164245,2.116700626465404,0
1,6,4,2,1,1,1,13,10,6,10,1,0,0,1,0,0,20,0,0,0,0,0,0.0,0,0,0,0,0,0.0,0,11.960678044390086,1.1635655835501677,1.168258592948587,0
1,15,1,13,1,12,1,2,1,4,10,0,0,1,0,1,0,31,0,0,6,14,1,11.968816864938717,0,0,6,7,0,0.327422918143489,0,11.25903398881255,0.5906450594816146,1.928321582919823,0
1,8,1,9,1,1,1,1,28,4,9,0,0,0,0,0,0,18,0,0,5,10,5,11.967295881867132,0,0,5,6,2,11.45628932595003,0,13.43433932403951,3.4639623601301577,-2.318943144547587,0
2,7,1,2,0,2,1,23,1,10,8,0,0,0,0,0,0,35,0,0,6,3,0,0.0,0,0,6,3,0,0.0,0,10.921476620789925,1.0760623445602038,1.8533781794039288,0
1,8,5,12,1,1,1,1,14,5,8,1,0,0,1,0,0,18,0,0,6,0,0,0.0,0,0,7,0,0,0.0,0,12.4,0.5,1.79,0
1,4,2,7,1,3,1,22,22,11,10,0,0,0,0,1,0,37,0,0,5,7,0,0.0,2,0,5,7,0,0.0,1,11.74309586968235,2.541642368562844,0.032500109627747,0
1,13,1,17,0,1,1,22,27,6,9,0,0,0,0,0,0,30,0,1,5,8,4,11.608894997120911,0,0,5,6,2,11.47824288730474,0,11.93400141294209,2.7727385525088453,-0.313139400274099,0
2,12,1,14,0,12,1,16,14,6,4,0,0,0,0,1,0,49,0,0,5,8,2,12.00273167245088,0,0,5,6,1,11.891317042178562,0,13.293990320608058,2.3320585528562545,-1.5297737465156065,0
1,12,1,4,1,1,1,12,13,10,10,0,0,0,1,0,0,24,0,0,6,6,0,0.0,0,0,6,6,0,0.0,0,11.397814135130432,0.5770912203745822,1.9673098068615391,0
1,8,4,9,1,1,1,23,27,10,10,0,0,0,0,0,0,21,0,0,6,9,5,11.91201299636064,0,0,6,10,5,13.160913973850947,0,13.60152489122544,-0.2040615721796053,0.9211158513545392,0
1,12,1,8,1,12,1,1,1,9,8,1,0,1,0,0,0,27,0,0,6,12,1,11.100183708981078,0,0,6,9,1,10.687844454339524,0,16.02718310200764,0.2549173309585147,-0.7915143932317671,0
2,14,1,11,0,2,1,22,27,10,10,0,0,0,0,0,0,40,0,11,12,12,11,12.004387978913453,0,11,12,12,11,12.635905621898198,0,13.84195141284198,1.821479522332972,-3.804497430831387,0
1,8,5,6,1,1,1,4,2,3,6,1,0,0,0,0,0,20,0,0,5,8,0,0.0,1,0,5,5,0,0.0,0,10.817132998416444,2.560369972725744,0.881509757434294,0
1,12,1,17,0,1,1,3,1,4,5,0,0,0,1,0,0,27,0,0,5,5,0,0.0,0,0,5,5,0,0.0,0,12.60652071892832,2.7028876685687555,-0.612524363532799,0
1,2,1,5,1,2,1,3,3,1,2,0,0,0,0,0,0,25,0,0,5,9,2,11.67387949604719,1,0,4,10,0,0.0,4,9.408552516468012,1.921792806324496,1.1225451791826804,0
1,15,1,4,1,14,1,22,27,6,8,0,0,0,0,1,0,35,0,0,6,17,2,11.958932994460149,0,0,6,22,2,10.623201016619554,0,16.027518576732625,0.9160050830977672,-1.6937023843707952,0
1,10,1,3,0,1,1,19,24,1,1,0,0,0,1,0,0,28,0,0,5,9,0,0.0,1,0,5,9,0,0.0,0,8.17887258344256,2.38292278120904,0.5768747089026365,0
1,15,1,4,1,14,1,13,28,10,10,0,0,0,0,0,0,19,0,1,6,15,4,13.35029206051551,0,0,6,10,1,12.240700945237224,0,12.897079394844896,0.0409930057527352,1.3355888092043764,0
3,8,1,6,1,2,1,19,24,3,3,0,0,0,0,0,0,54,0,14,17,17,15,12.740964083424696,0,11,16,17,13,12.762541699553442,0,8.149546352462032,1.5619680009050512,-0.7302441402607722,0
1,9,1,14,0,2,1,3,2,3,3,0,0,0,1,0,0,35,0,0,2,0,0,0.0,0,0,5,0,0,0.0,0,11.643649925412886,0.9373532667090634,1.4814621196315354,0
1,8,1,9,1,1,1,2,28,3,7,0,0,0,0,0,0,19,0,0,5,13,3,10.307326999848184,0,0,5,8,2,10.786974222492116,0,14.84436906699054,1.5297150672941695,-2.072618734315072,0
1,15,1,8,1,14,1,4,4,3,9,0,0,0,0,0,0,20,0,1,5,9,2,11.56016231615667,0,1,5,12,2,11.680486948470014,0,12.591707830917992,2.5448835297919143,-0.4402010996793064,0
1,8,2,5,1,1,1,22,27,10,10,0,0,0,1,0,1,24,0,0,6,7,4,10.532378059423788,0,0,6,6,3,11.379741270546065,0,12.553468682677384,3.4160955726874342,-1.3593146872249209,0
1,12,1,14,1,1,1,19,24,1,1,1,0,0,0,0,0,24,0,0,5,9,2,12.834627150924486,0,0,5,10,3,11.278209050308162,0,7.6,2.6,0.32,0
1,13,1,13,1,1,1,2,14,2,8,0,0,0,1,1,0,21,0,0,5,12,0,0.0,0,0,5,5,0,0.0,0,15.502224982313296,0.3410455892756884,-0.5177532250982535,0
3,13,3,17,0,8,1,22,27,10,10,0,0,0,0,0,0,40,0,0,5,9,0,0.0,0,0,5,5,0,0.0,0,7.838860701660148,2.4954984430236853,0.3931510898834205,0
1,8,2,7,1,1,1,1,2,4,3,0,0,0,1,1,0,18,0,0,5,10,1,10.553994227042043,0,0,5,8,0,0.0,0,10.341790185971476,-0.0244080821411379,-0.2724696730038927,0
1,12,1,17,0,1,1,3,2,3,3,0,0,0,1,1,0,33,0,0,1,1,0,0.0,0,0,5,0,0,0.0,0,11.151752564793378,1.8258057363288247,1.1031427247951484,0
1,14,2,17,0,1,1,22,27,8,8,1,0,0,0,1,0,29,0,0,5,5,0,0.0,0,0,5,5,0,0.0,0,9.936305168370373,3.103908957883806,-0.6053600862957165,0
1,11,1,9,1,1,1,11,3,5,3,1,0,0,0,0,0,23,0,0,5,5,0,0.0,0,0,5,5,0,0.0,0,7.6,2.6,0.32,0
1,15,1,8,1,14,1,3,1,3,6,0,0,0,0,0,0,20,0,0,5,5,0,0.0,0,0,5,5,0,0.0,0,12.480332534077132,1.3568803634894042,0.8554648535693687,0
1,12,1,6,1,1,1,22,27,6,6,0,0,0,1,1,0,29,0,0,2,1,0,0.0,0,0,2,1,0,0.0,0,8.528506490265041,2.1937784105090445,0.604355112643669,0
1,10,1,14,0,1,1,22,27,8,9,0,0,0,1,0,0,31,0,0,5,15,1,10.0,0,0,5,13,2,11.772522244473812,0,10.762160160211444,1.2165549299074936,1.2884115490647543,0
1,9,1,8,1,1,1,21,26,3,4,0,0,0,1,0,0,18,0,0,5,5,2,11.15379427419642,0,0,5,9,3,11.169268122578575,0,9.830812809675008,-0.1230084419392756,-1.624464103556763,0
1,10,1,3,1,3,1,3,2,5,3,0,0,0,1,0,0,23,0,6,12,16,6,12.424290761909246,0,6,11,13,9,13.209517390939192,0,11.872184780478618,0.6357239135912126,2.049383479307651,0
1,9,2,14,1,1,1,13,1,5,5,1,0,0,1,0,0,18,0,0,6,9,4,12.14597166297534,0,0,6,10,4,11.035666858408456,0,12.225630783167546,3.1257635796238725,-0.8411420495244003,0
2,12,1,9,1,12,1,18,14,7,8,0,0,0,0,0,0,25,0,0,6,12,4,12.255469285993293,0,0,7,12,4,10.662775797268354,0,16.2,0.3,-0.92,0
1,12,1,4,0,2,1,19,24,1,1,1,0,0,0,0,0,28,0,0,5,10,0,0.0,0,0,5,10,0,0.0,0,7.6,2.6,0.32,0
1,12,1,9,1,9,1,22,27,10,10,0,0,0,1,0,0,25,0,0,5,0,0,0.0,0,0,5,0,0,0.0,0,9.4,-0.8,-3.12,0
1,12,1,5,1,12,1,22,26,5,8,0,0,0,0,0,0,34,0,0,6,11,2,12.601402562967715,0,0,6,7,0,0.0,0,11.3461389053789,0.723069452689451,1.6798807852946087,0
3,1,2,5,0,1,1,13,1,5,5,0,0,0,0,0,0,21,0,0,5,7,0,0.0,3,0,5,11,0,0.0,3,10.8,1.4,1.74,0
1,12,2,12,1,1,1,19,23,1,2,1,0,0,1,1,0,24,0,0,5,6,0,0.0,0,0,5,6,0,0.0,0,8.12996468947176,1.598955586553341,-0.6928214065460319,0
1,15,1,3,0,1,1,1,1,5,4,0,0,0,0,0,0,26,0,1,7,13,3,10.5,0,4,9,16,6,10.546038358346811,0,12.4,0.5,1.79,0
1,12,1,8,1,8,1,14,26,7,9,0,0,0,1,0,0,31,0,0,5,8,1,12.683993146027166,1,0,5,8,3,11.933993146027166,0,10.222158895592534,1.6166904141528002,1.4835830099191865,0
2,12,1,8,1,1,1,2,1,5,5,0,0,0,1,0,0,26,0,0,5,6,0,0.0,0,0,5,12,1,10.648082154171057,0,13.00104098556843,1.550520492784215,-0.6068929982400126,0
1,1,4,7,1,1,1,23,14,5,4,0,0,0,1,0,0,18,0,0,5,11,0,0.92962872653154,0,0,5,8,0,0.0,0,9.678888617959462,-0.4196973391461878,-2.99999338257502,0
1,8,4,13,1,1,1,2,3,3,3,0,0,0,0,0,0,19,0,0,5,5,3,12.26770444140079,0,0,6,9,0,0.0,0,10.8,1.4,1.74,0
1,1,3,2,1,1,4,22,27,10,10,1,0,0,0,0,0,21,0,0,0,0,0,0.0,0,0,0,0,0,0.0,0,9.83174485518989,1.7630956793037922,1.3103367794905127,0
1,8,1,9,1,1,1,1,2,4,5,1,0,0,1,0,0,18,0,0,6,6,6,16.053976488941174,0,0,6,7,5,16.7559962928478,0,11.93257722064314,0.3323858933647043,1.6542607209317626,0
1,12,1,14,1,1,1,22,14,10,9,0,0,0,0,0,0,24,0,0,6,7,3,13.969758478150611,0,0,6,8,2,14.310990488441329,0,13.809275434451838,0.0024152184938786,0.6017465264875608,0
1,12,1,8,0,9,1,13,27,8,9,0,0,0,0,0,0,30,0,0,5,8,1,12.971058245165368,1,0,5,8,4,12.2774946670929,0,10.956285476107016,1.3681640696819044,1.6630149321398786,0
1,11,1,14,1,1,1,19,24,1,1,0,0,0,1,0,0,24,0,0,5,6,1,10.972133244556716,0,0,5,5,0,0.0,0,7.6,2.6,0.32,0
1,1,2,6,1,1,1,17,14,10,9,1,0,0,0,0,0,18,0,0,5,7,3,13.0,0,0,5,9,3,12.0,0,9.117485493303883,2.030942940011044,0.9933841876535984,0
1,1,1,2,1,1,1,13,14,6,10,1,0,0,1,0,0,19,0,0,0,0,0,0.0,0,0,0,0,0,0.0,0,14.89298766435298,2.496493832176489,-3.221219318015026,0
1,8,2,3,0,1,1,13,1,6,5,1,0,0,1,0,1,18,0,0,5,10,3,11.266824097802605,0,0,5,11,5,11.577725300732466,0,10.099527706592184,-0.7222746992675352,-2.5121881482721253,0
4,12,1,10,1,1,1,22,27,10,9,0,0,0,1,0,0,34,0,0,6,11,3,11.659550236621628,0,0,6,13,2,11.588765562432403,0,16.2,0.3,-0.92,0
2,12,1,17,0,1,1,22,27,6,4,0,0,0,0,1,0,37,0,0,5,10,3,10.707228868537667,0,0,5,10,3,12.877107931068473,0,9.4,-0.8,-3.12,0
1,12,1,3,0,1,1,22,27,10,8,1,0,0,0,1,0,34,0,0,6,16,1,12.981496182642251,0,0,6,7,0,0.0,0,15.385276332381974,2.714882440154367,-3.843505336914368,0
1,8,2,10,1,1,1,1,2,4,4,1,0,0,1,0,0,18,0,0,6,6,6,15.44395735357234,0,0,6,7,6,16.347151460219784,0,11.1,0.6,2.02,0
1,5,1,3,0,2,1,23,28,9,5,0,0,0,1,0,0,48,0,1,6,9,2,13.269991162712296,0,0,6,8,1,12.693321550283065,0,15.661006186101393,2.224977906780742,-3.337772250916612,0
1,12,1,17,0,1,1,1,1,9,8,0,0,0,1,1,0,27,0,0,5,13,1,10.87943311422272,0,0,5,11,1,11.919622076148482,0,11.256736951510462,0.5879433114222721,1.992269616271226,0
1,11,1,12,1,1,1,13,14,5,6,0,0,0,0,0,1,24,0,0,6,7,2,10.230859604887629,0,0,6,7,0,0.0,0,15.5,2.8,-4.06,0
1,14,1,16,0,1,1,21,26,10,10,0,0,0,0,0,0,34,0,3,8,9,4,11.347098541853557,0,2,7,7,2,10.683350254274185,0,8.853319796580651,0.2326181620143246,-2.075233389020801,0
1,1,3,12,1,1,1,23,28,10,10,1,0,0,1,0,0,18,0,0,7,7,7,12.88695358754528,0,0,7,7,7,12.88695358754528,0,10.929437336956298,-0.6300625181159669,-1.7910888916668617,0
1,12,1,7,1,1,1,13,14,4,10,0,0,0,0,0,0,24,0,0,6,11,4,12.961467348014027,0,0,6,11,2,11.880732267662465,0,13.487150157293142,-0.0798134172230091,1.0652332284712385,0
1,1,1,14,1,1,1,1,1,11,11,1,0,0,1,0,0,20,0,0,6,9,1,12.098034511198414,0,0,6,0,0,0.0,0,10.924177047517992,1.5503195838375674,1.5151741876516382,0
1,12,1,7,1,1,1,22,27,9,9,0,0,0,1,1,0,31,0,0,5,10,0,0.0,0,0,5,5,0,0.0,0,13.803516182407137,2.628012851375925,-1.454073536492124,0
2,6,1,10,1,1,1,22,27,8,8,0,0,0,1,0,1,42,0,0,6,8,5,11.949576076979447,0,0,6,12,3,11.713855407844507,0,8.30133868008794,1.9526104491495957,2.0409772226773257,0
1,15,1,4,1,14,1,22,27,8,11,0,0,1,0,0,0,27,0,0,6,13,3,12.80231920879026,0,0,6,8,3,11.472851223440692,0,14.381336720870385,-0.1744338989033781,0.4321366118746276,0
2,12,1,3,0,9,1,19,24,3,3,0,0,0,0,0,0,50,0,0,6,11,0,0.0,0,0,5,9,0,0.0,0,8.01437825381169,2.217496996481516,1.3368204843533031,0
1,9,1,15,0,1,1,3,1,2,9,0,0,0,1,0,0,23,0,0,5,5,5,14.224465174137794,0,0,5,6,5,14.434339019211473,0,14.452495854023626,3.136697761206692,-3.1771036483913413,0
1,8,1,8,0,1,1,22,27,6,5,1,0,0,1,0,0,19,0,0,5,10,2,10.590651832157455,0,0,5,9,0,0.0,2,15.424648688006071,0.1745755230598058,-1.1708489538803883,0
1,12,1,10,1,1,1,22,27,10,8,0,0,0,1,0,0,36,0,0,6,0,0,0.0,0,0,7,0,0,0.0,0,12.976205217726545,0.1926905505458436,1.4058631881823045,0
1,8,1,16,1,1,1,21,26,4,1,0,0,0,1,0,0,18,0,0,6,11,3,12.1003738585797,0,0,6,10,3,12.995254471367128,0,7.6,2.6,0.32,0
1,4,1,7,1,1,1,19,24,1,1,0,0,0,1,1,0,23,0,0,5,0,0,0.0,0,0,5,0,0,0.0,0,7.6,2.6,0.32,0
2,12,1,8,0,1,1,22,27,10,9,0,0,0,1,0,0,36,0,0,4,4,0,0.0,0,0,5,8,0,0.0,0,10.553187860411768,1.4,1.969924993195354,0
1,8,2,13,1,1,1,13,14,9,5,0,0,0,1,0,1,19,0,0,6,7,6,12.122803126912492,0,0,7,8,7,13.369682647287403,0,16.08514518140791,0.3233963519354258,-0.8634233671379703,0
1,8,1,2,1,1,1,22,27,8,7,1,0,0,1,0,0,19,0,0,0,0,0,0.0,0,0,0,0,0,0.0,0,15.5,2.8,-4.06,0
1,14,1,11,0,1,1,22,27,10,10,0,0,0,0,0,0,25,0,7,11,18,7,11.632234283506802,0,5,11,18,5,12.27658133539365,1,8.44791315875102,0.9983862556925208,-1.3004562589463908,0
1,12,1,17,0,1,1,22,27,8,8,0,0,0,0,0,0,30,0,0,5,7,5,11.4,0,0,4,5,4,13.504180529367725,0,10.8,1.4,1.74,0
2,12,1,13,1,1,1,22,27,8,7,0,0,0,1,0,0,31,0,1,8,20,6,11.322555204875304,2,0,9,21,4,11.735212933739607,0,12.7,3.7,-1.7,0
1,1,1,2,1,1,1,2,1,5,4,1,0,0,0,0,0,18,0,0,0,0,0,0.0,0,0,0,0,0,0.0,0,12.39669457685334,0.5018593005199963,1.789896705526667,0
1,5,1,12,1,1,1,1,14,5,4,1,0,0,1,1,0,21,0,0,5,6,4,12.450237271817237,0,0,5,5,4,12.15600552325025,0,8.722277809445472,2.179145821457948,0.8180107779414284,0
1,12,1,16,1,1,1,22,27,10,10,0,0,1,0,0,0,31,0,0,6,4,0,0.0,0,0,5,10,0,0.0,0,10.8,1.4,1.74,0
1,5,4,5,1,1,1,1,1,10,9,1,0,0,0,0,0,18,0,0,6,6,6,13.40354000828361,0,0,6,7,5,12.21532861072955,0,11.622510187692017,0.5598069086390758,1.9275558898698744,0
1,12,1,6,0,3,1,19,24,1,1,1,0,0,0,0,0,28,0,0,5,10,0,0.0,0,0,5,10,0,0.0,0,7.6,2.6,0.32,0
1,7,1,2,1,1,1,22,27,8,8,0,0,0,0,1,0,19,0,0,0,0,0,0.0,0,0,0,0,0,0.0,0,8.270490166206933,1.3335185749424583,-0.9613812065288072,0
1,10,1,12,0,1,1,13,14,4,8,0,0,0,0,0,0,26,0,0,6,11,4,13.09875025418782,0,0,6,9,4,12.000375241293572,0,12.880026966091911,0.4747354228372678,1.447664979444978,0
1,11,1,4,1,1,1,1,27,10,2,0,0,0,0,1,0,25,0,3,10,23,6,11.449242247793125,0,2,7,15,4,12.011141571560492,1,15.5,2.8,-4.06,0
1,12,1,4,1,1,1,1,1,8,6,0,0,0,0,1,0,26,0,0,5,0,0,0.0,0,0,5,0,0,0.0,0,13.181647582980007,0.093935196430319,1.010140256828708,0
1,1,1,14,1,1,1,1,1,3,3,1,0,0,1,0,0,19,0,0,5,5,4,14.303722029721111,0,0,5,6,4,13.353121556941034,0,8.143096816817534,2.0986798613992,1.6526760351137948,0
1,3,1,12,1,1,1,1,1,5,5,0,0,0,0,1,0,20,0,0,6,14,2,11.132035503415604,0,0,6,14,0,0.0,0,10.8,1.4,1.74,0
1,14,1,12,1,1,1,1,14,6,8,0,0,0,1,0,0,19,0,0,6,9,4,12.481099113753698,0,0,6,12,3,11.524835396822215,0,10.301406373018894,1.4,2.204479326187662,0
3,12,1,3,0,12,1,22,27,11,8,0,0,0,0,0,0,31,0,0,6,9,4,11.42387771457683,0,0,6,10,3,11.0,0,11.023684591224455,-0.5373451396548674,-2.594690279309735,0
1,12,1,17,0,2,1,13,1,9,5,0,0,0,1,0,0,25,0,0,5,13,1,11.055237056565698,0,0,5,11,2,12.758728427609496,3,15.7801983701007,0.3220948226262789,-0.6206151534139206,0
1,5,1,15,1,1,1,2,3,3,3,1,0,0,0,0,0,27,0,0,6,8,6,14.64465639218678,0,0,6,8,5,14.171379307790014,0,13.692942041394174,3.3808400581233014,-2.536908292032233,0
1,9,1,11,1,1,1,19,2,5,3,0,0,0,0,1,0,23,0,0,5,5,0,0.0,0,0,5,5,0,0.0,0,7.6,2.6,0.32,0
1,1,2,10,1,1,1,1,1,4,4,1,0,0,1,0,0,18,0,0,6,9,3,11.472231090341992,0,0,6,12,2,11.759229698860024,0,9.903723804775185,-0.3851686313616139,-1.5969762608562108,0
1,8,3,5,1,1,1,1,1,10,10,0,0,1,0,1,0,19,0,0,5,6,5,12.277320414916815,0,0,5,8,4,11.729917674685028,0,10.282372871325316,1.06721550209982,1.622866823215153,0
1,12,1,4,1,1,1,22,27,10,7,0,0,0,0,0,0,28,0,0,5,5,0,0.0,0,0,5,6,0,0.0,0,8.979977060309087,1.4,3.4354950543436398,0
1,4,1,12,1,2,1,22,27,9,6,0,0,0,1,0,0,35,0,0,7,7,0,0.0,6,0,7,7,0,0.0,6,16.2,0.3,-0.92,0
1,8,3,6,1,1,1,2,1,4,4,0,0,0,0,0,0,18,0,0,5,8,5,12.52332745950154,0,0,5,6,5,13.576690404398844,0,12.403683283079191,0.5392883528446992,1.7471511401787505,0
1,1,1,13,1,1,1,22,27,10,10,1,0,1,0,0,0,18,0,0,6,7,5,12.138545909217063,0,0,6,8,5,11.913742497470436,0,10.8,1.4,1.74,0
1,12,1,5,1,1,1,22,27,10,10,0,0,0,0,1,0,43,0,0,5,1,0,0.0,0,0,5,1,0,0.0,0,15.5,2.8,-4.06,0
1,8,1,15,1,1,1,1,1,5,2,0,0,0,0,0,0,18,0,0,6,6,6,12.553392119551155,0,0,6,8,4,12.354396250064688,0,14.603012391540595,3.088317445576237,-3.303967587155644,0
1,8,1,9,1,1,1,22,27,9,7,1,0,0,1,0,0,19,0,0,5,9,1,10.109126943932532,0,0,5,10,1,11.436507775730128,0,7.992856998157115,1.8579367812587817,-0.4307933742558207,0
1,12,1,6,1,1,1,22,27,6,6,0,0,0,1,1,0,29,0,0,2,1,0,0.0,0,0,2,1,0,0.0,0,7.840186317038918,2.4949184862954734,0.3935570595931688,0
1,12,1,14,0,1,1,20,27,8,8,0,0,0,1,1,0,28,0,0,5,7,1,13.359035043246656,0,0,5,6,0,0.0,0,15.708593533155767,0.1718070086493312,-0.554649974650594,0
2,13,1,14,0,1,1,19,24,1,1,0,0,0,0,0,0,35,0,0,5,5,0,0.0,0,0,5,5,0,9.105889976877403,0,9.239060195837933,-0.4960025921383176,-2.812426152045828,0
1,1,1,14,1,1,1,1,1,4,8,1,0,0,1,0,0,19,0,0,6,6,6,14.603606336003024,0,0,6,7,0,0.0,0,14.16153271524725,2.280225362331244,-1.374286994887756,0
1,1,2,15,1,1,1,13,14,9,9,0,0,0,1,0,0,18,0,0,6,0,0,0.0,0,0,6,0,0,0.0,0,11.976914076467576,0.6087935231940518,1.9979165109930768,0
1,7,1,12,1,1,1,22,1,6,8,1,0,0,1,0,0,19,0,0,6,8,5,13.724294550423414,0,0,7,8,7,13.711195930870543,0,16.161312415603987,0.4381699442714741,-1.0935414500049716,0
2,6,1,12,1,1,1,22,27,10,10,0,0,0,0,0,0,44,0,0,6,12,3,10.798897733125196,0,0,6,14,2,11.317952644687272,0,9.095684835999585,2.0391181865001564,0.983710145974815,0
1,8,2,12,1,1,1,8,27,10,10,0,0,0,0,0,0,19,0,0,5,5,0,0.0,0,0,6,0,0,0.0,0,8.9,1.4,3.51,0
1,12,1,17,0,1,1,22,27,10,9,1,0,0,1,1,0,31,0,0,5,8,1,11.250550919138114,0,0,5,5,1,12.749449080861886,0,9.951212022103848,-0.0483472425856614,-2.882811796549253,0
1,1,1,11,1,1,1,13,28,10,8,0,0,0,1,0,0,19,0,0,7,11,5,12.016112535433113,0,0,7,11,5,12.00021606247967,0,10.783220389660256,1.4,1.7556315317375517,0
1,12,1,9,1,1,1,22,27,10,10,0,0,0,1,0,0,35,0,0,2,0,0,0.0,0,0,5,0,0,0.0,0,11.17067472221351,1.1914954687549009,1.751583585069172,0
1,12,1,6,1,1,1,1,1,5,7,0,0,0,0,1,0,34,0,2,7,13,5,11.97709270965405,0,2,7,7,3,11.011453645172974,0,15.12202970929183,2.719824483789176,-3.626479530202901,0
1,12,1,6,1,1,1,21,26,5,5,1,0,0,1,0,0,27,0,11,16,17,13,11.565411796231356,0,10,14,14,10,12.450960487419293,0,10.91319790986108,3.3146113138916053,-0.992286230964584,0
1,4,1,9,1,2,1,2,27,3,6,0,0,0,0,0,0,36,0,0,5,7,0,5.491684871695972,0,0,5,5,0,0.0,0,14.283984064124464,1.897794628221376,-1.7652602500413257,0
1,14,1,10,0,1,1,22,1,7,5,0,0,0,0,1,0,24,0,8,14,24,9,11.769032766524765,1,7,13,22,10,11.484817284422084,0,11.650239237030418,2.7025377022033017,-1.925575678252308,0
1,12,1,17,0,1,1,22,27,9,6,0,0,0,0,0,0,36,0,0,5,5,0,0.0,0,0,5,5,0,0.0,0,14.854124527190276,3.0076028305459825,-3.515619244346089,0
1,6,2,11,1,1,1,1,1,5,6,0,0,0,0,0,0,18,0,0,5,5,5,11.011081204125734,0,0,6,13,0,0.0,0,11.082444851208814,1.2411247711950426,1.7488264016002757,0
1,12,1,8,1,1,1,22,27,6,8,0,0,0,0,1,0,43,0,0,5,12,0,0.0,0,0,5,5,0,0.0,0,10.74496587532807,-0.0062496473473688,-3.327257036525965,0
1,8,1,13,1,1,1,13,1,6,5,0,0,0,1,0,0,18,0,0,6,6,3,12.54237449190383,0,0,6,11,4,11.162832670944027,0,10.203397561138386,1.6237259145731051,1.4752576677551583,0
2,12,1,15,0,9,1,22,27,8,5,0,0,0,0,0,0,54,0,0,5,5,0,0.0,0,0,4,5,0,0.0,0,15.654290868503272,2.248961183916883,-3.367895246999605,0
2,12,1,3,0,1,1,13,14,10,10,0,0,0,0,0,0,32,0,0,5,5,0,0.0,0,0,5,7,0,0.0,0,10.994962422249982,0.880100207333384,1.9219649274333157,0
1,1,1,8,1,1,1,13,14,11,9,1,0,0,0,1,0,19,0,0,5,7,4,12.913235985154904,0,0,5,11,3,11.942157323436604,1,10.690098914529548,1.4,1.8423815375172117,0
1,12,1,4,1,4,1,3,2,4,3,0,0,0,1,1,0,24,0,6,12,16,6,12.17475883496312,0,6,11,13,9,13.224522139343982,0,12.495781846563483,0.5710639506761339,1.6092503863237466,0
1,8,2,6,1,1,1,22,27,9,9,0,0,0,0,0,0,20,0,0,5,0,0,0.0,0,0,5,0,0,0.0,0,10.902436004437824,0.4373002389487959,1.4226594487120083,0
1,11,1,8,1,1,1,13,14,5,10,0,0,0,0,1,0,25,0,0,5,5,2,10.5,0,0,5,9,0,0.0,0,10.8,1.4,1.74,0
1,8,1,8,0,1,1,13,27,4,4,0,0,0,0,0,0,20,0,0,5,9,1,10.003394784902376,0,0,5,5,0,0.0,0,11.082177379262523,0.6101843547071295,2.01134329849894,0
1,8,1,9,1,1,1,13,14,10,8,0,0,0,1,0,0,20,0,0,5,7,3,10.619578563085383,0,0,5,10,2,11.52168574765846,2,15.260965654214768,0.491284774141436,-0.4574386370761638,0
1,8,5,8,1,1,1,13,2,6,9,1,0,0,1,1,0,18,0,0,5,8,3,10.698121009451327,0,0,5,9,3,10.978308908506197,0,13.905719671830104,0.4207515962194682,0.7161841287737949,0
1,8,1,12,1,1,1,13,27,10,9,0,0,0,0,0,0,19,0,0,5,5,0,0.0,0,0,6,1,0,0.0,0,9.431875353451,1.206590780563273,3.149775328799096,0
1,1,1,13,1,1,1,1,28,4,10,0,0,0,0,0,1,19,0,0,6,7,5,12.050663230324368,0,0,6,9,3,12.24668384837816,0,11.913632988886068,0.773581443751587,1.7748010309026896,0
1,2,3,14,1,1,1,13,27,12,11,0,0,0,0,0,0,18,0,0,4,4,0,0.0,0,0,4,3,0,0.0,0,12.11519555590855,3.3460394154183337,-0.8982023279693551,0
1,1,1,9,1,1,1,19,27,1,7,1,0,0,1,0,0,19,0,0,6,9,5,11.836833375001875,0,0,6,10,3,11.46930552083177,0,7.839416937512197,2.3789997499887416,0.9074923312799292,0
1,1,4,16,1,1,1,13,14,9,9,1,0,0,1,0,0,20,0,0,6,8,5,12.244888114367331,0,0,6,7,4,11.930671313796006,0,11.226437086489655,1.9162133152243197,0.9679244328818872,0
1,12,1,14,1,1,1,22,14,5,5,1,0,0,1,0,0,19,0,3,6,6,5,11.567145284446788,0,0,6,9,4,11.2748553608711,0,10.8,1.4,1.74,0
1,10,2,14,1,1,1,13,14,5,5,0,0,0,1,0,0,22,0,0,6,12,5,12.077170929517765,0,0,6,8,6,11.61938479191461,0,14.759159076629462,1.3646207109695818,-1.814325951033056,0
2,12,1,15,1,1,1,22,27,10,7,0,0,0,1,1,0,47,0,0,6,9,5,12.376944156379912,0,0,6,11,5,12.616473485369358,0,12.7,3.7,-1.7,0
1,3,1,8,1,1,1,13,19,31,44,0,0,0,1,0,0,18,0,0,6,0,0,0.0,0,0,6,0,0,0.0,0,12.4,0.5,1.79,0
1,8,1,3,0,1,1,19,24,1,1,1,0,0,1,0,0,26,0,3,6,14,6,11.633508925377049,0,1,6,14,2,11.091486837397754,0,7.6,2.6,0.32,0
1,8,3,12,1,1,1,3,2,4,4,1,0,0,1,0,0,18,0,0,7,7,7,14.00262350980266,0,0,8,8,8,14.80514261181633,0,11.443109584634936,0.4897147763673422,1.869276861035368,0
1,1,1,2,1,1,1,13,14,8,7,1,0,0,1,0,0,18,0,0,0,0,0,0.0,0,0,0,0,0,0.0,0,11.843680119248376,0.3609599616701645,1.6933119476158915,0
1,4,1,7,1,4,1,5,3,3,1,0,0,1,0,0,0,28,0,7,9,15,7,11.807390124716564,3,5,7,12,5,13.355417905539364,1,8.053302224489814,2.340970157434392,0.5401753661807671,0
1,7,3,8,1,1,1,12,14,5,7,1,0,0,1,1,0,18,0,0,5,8,3,10.518753200218372,0,0,5,10,3,10.98428790872117,0,10.978003072209637,1.2998732718820794,1.745562596006551,0
1,1,1,10,1,1,1,1,1,5,5,0,0,0,1,1,0,20,0,0,6,13,1,13.977825749114876,0,0,6,6,0,0.0,0,16.168956048760826,0.4108712544256163,-1.0592542955585742,0
1,12,1,5,1,9,1,20,1,10,11,0,0,0,0,1,0,28,0,0,6,6,0,0.0,0,0,6,6,0,0.0,0,11.058638285179637,0.7102979061876394,1.981395732834326,0
2,12,1,8,0,12,1,21,26,4,4,0,0,0,1,0,0,48,0,0,6,13,5,11.079354766299838,0,0,6,11,4,12.13332250461483,0,14.338048055821757,2.1142578690095606,-3.880945110241385,0
1,1,1,6,1,1,1,15,14,2,4,1,0,0,0,1,0,18,0,0,5,8,4,12.586189504840243,0,0,5,5,0,0.0,0,8.779435565150239,0.3721772658273261,-1.9340324133982347,0
1,12,1,7,1,10,1,13,27,8,10,0,0,0,1,0,0,28,0,0,5,9,1,12.55085737060914,1,0,5,10,2,6.748002789961957,1,10.8,1.4,1.74,0
1,4,1,11,1,3,1,22,27,11,11,0,0,0,0,1,0,30,0,0,7,7,0,0.0,7,0,7,7,0,0.0,7,9.687056307707651,-0.4085595803986544,-2.996478800925798,0
1,3,1,9,1,1,1,23,27,8,5,0,0,0,1,0,0,18,0,0,5,7,4,12.539898158609454,0,0,5,7,0,0.0,1,15.785917249149488,1.7788669673232531,-2.777456910958006,0
1,9,3,12,1,1,1,22,27,10,10,1,0,0,0,0,0,20,0,0,5,8,0,0.0,0,0,5,5,0,0.0,0,13.743527847634478,3.3645803346889176,-2.5795449001490605,0
2,12,1,16,0,1,1,21,12,10,9,0,0,0,1,0,0,42,0,0,5,9,4,10.620123108119836,0,0,5,7,2,10.77926135128098,0,9.841581432392555,-0.4363447027355434,-1.7848655514719232,0
1,9,4,14,1,1,1,1,14,5,6,0,0,0,1,0,0,18,0,0,6,0,0,0.0,0,0,6,0,0,0.0,0,13.257397647565387,1.1361337385162549,0.1720076650782216,0
1,12,1,17,0,1,1,17,1,7,5,0,0,0,1,0,0,25,0,0,5,12,2,11.252062132460615,0,0,5,11,2,13.08677022076769,1,14.28432779329933,0.4008248529842458,0.4461767579365312,0
1,8,3,14,1,1,1,13,14,5,5,1,0,0,1,0,0,19,0,0,6,11,5,12.01157803084395,0,0,6,8,6,11.717601210833436,0,15.556732351135354,2.59738446023088,-3.805514882049985,0
2,6,1,4,0,2,1,20,25,11,11,0,0,0,0,0,0,55,0,10,14,20,12,13.02281856135283,0,8,8,8,8,12.79243129926882,0,11.834861049164116,1.7082564827297355,0.4629374286910943,0
1,12,1,7,1,1,1,13,14,4,10,0,0,0,0,0,0,24,0,0,6,11,4,12.955656226912344,0,0,6,11,2,11.862745464252493,0,13.424888145489394,-0.0466070109276767,1.106741236340404,0
1,1,1,13,1,1,1,1,1,11,11,1,0,0,1,0,0,19,0,0,6,10,1,12.00761308594903,0,0,6,0,0,0.0,0,11.036005664419932,1.2705775388664895,1.6676756834842148,0
1,8,1,9,1,1,1,22,27,8,6,1,0,0,1,0,0,19,0,0,5,9,1,10.425603457024383,0,0,5,10,1,12.702413828097535,0,9.132172445287784,-0.2941035077658136,-2.6081517843277644,0
1,1,2,16,0,1,1,4,1,5,4,0,0,0,1,0,0,19,0,0,5,9,4,12.485439581041923,0,0,5,8,4,12.2252426736493,0,14.70776555677764,1.2650457662566796,-1.6585393439822242,0
1,12,1,15,0,3,1,1,1,8,5,1,0,0,0,1,0,34,0,0,5,5,0,0.0,0,0,5,5,0,0.0,0,8.275237449475357,1.9767038927919776,1.9769288183279927,0
2,12,1,5,1,1,1,22,27,10,10,0,0,0,0,1,0,41,0,1,7,10,3,11.006326846117068,0,0,5,6,1,12.29620389232976,0,15.91468544926166,1.318980538351206,-2.199839556169114,0
1,14,1,6,1,14,1,1,1,5,7,0,0,0,0,0,0,28,0,0,6,0,0,0.0,0,0,6,0,0,0.0,0,15.622723323852396,2.3617024148128727,-3.509498233004968,0
1,3,1,16,0,2,1,18,27,10,10,0,0,0,0,0,0,29,0,9,9,9,9,13.35445581462786,0,6,6,6,6,12.521752633678243,0,13.67386578212614,3.3869717128880263,-2.520829730649176,0
1,14,1,7,1,13,1,3,1,3,8,0,0,0,0,1,0,22,0,0,5,3,0,0.0,0,0,5,3,0,0.0,0,12.08823068986222,2.9594371508858464,-0.5923755648031788,0
1,8,1,10,1,1,1,22,27,9,8,1,0,0,0,0,0,19,0,0,6,8,4,11.858567009001051,0,0,6,6,5,12.573167017460914,0,10.361744338792844,-0.0079752504058926,-0.2121377050616337,0
1,8,3,12,1,1,1,23,27,4,8,1,0,0,0,0,0,20,0,0,6,0,0,0.0,0,0,6,0,0,0.0,0,12.7,3.7,-1.7,0
1,1,1,8,1,1,1,2,14,3,9,1,0,0,1,0,0,18,0,0,6,7,6,13.731624287663548,0,0,6,7,5,13.31021523549622,0,15.305807978168254,2.423752957700989,-3.471355433822516,0
1,2,2,11,1,1,1,1,1,3,3,0,0,0,0,0,0,18,0,0,6,9,4,11.239871301080344,0,0,6,13,2,11.99356505401732,0,9.4,-0.8,-3.12,0
1,8,1,10,1,1,1,13,27,5,6,0,0,0,1,1,0,19,0,0,5,8,2,11.195418578695511,0,0,5,3,0,0.0,0,11.646477064546518,1.6587993125588811,0.7494408249293427,0
1,12,1,3,0,2,1,22,27,10,10,0,0,1,0,0,0,48,0,0,6,6,0,0.0,0,0,5,6,0,0.0,0,10.771279804007332,0.7195346167246065,2.2426332236495794,0
1,1,1,11,1,1,1,22,27,10,8,1,0,0,1,0,0,19,0,0,6,13,2,11.800941301439703,0,0,6,11,1,12.601882602879408,0,8.024658556928632,2.440753041151763,0.5084422346370807,0
1,10,1,16,0,1,1,1,26,4,8,0,0,0,0,1,0,23,0,0,5,7,0,0.0,0,0,5,8,0,0.0,0,14.625160074261188,0.6208007256134618,-0.1442455180619926,0
1,13,1,8,1,7,1,19,24,1,1,0,0,0,0,0,0,28,0,0,5,9,0,0.0,0,0,5,5,0,0.0,0,7.6,2.6,0.32,0
1,8,1,12,0,1,1,23,27,5,9,0,0,0,0,0,0,18,0,0,5,0,0,0.0,0,0,5,0,0,0.0,0,12.215954338670851,2.76216153117478,-0.574593837409735,0
1,5,3,8,1,1,1,12,14,5,7,1,0,0,1,1,0,18,0,0,5,9,3,10.866432047066166,0,0,5,10,3,11.222696260845373,0,11.31177476518352,1.1121266945842705,1.755992961411985,0
2,12,1,12,0,1,1,22,27,10,10,0,0,0,0,1,0,47,0,0,5,6,0,0.0,0,0,5,9,0,0.0,0,11.410221794855705,1.056750240393666,1.7590694310892407,0
1,2,2,15,1,1,1,2,2,4,3,1,0,0,1,0,0,19,0,0,6,0,0,0.0,0,0,6,0,0,0.0,0,15.631248270982574,0.1516299837345847,-0.4971454536435664,0
1,12,1,10,1,1,1,22,27,10,10,0,0,1,0,0,0,26,0,0,5,5,0,0.0,0,0,5,9,0,0.0,0,10.8,1.4,1.74,0
1,12,1,8,1,1,1,22,27,10,10,1,0,0,1,0,0,35,0,0,4,4,0,0.0,0,0,5,8,0,0.0,0,10.8,1.4,1.74,0
1,1,1,10,1,1,1,13,28,10,8,1,0,0,1,0,0,18,0,0,6,7,5,12.827795732568507,0,0,6,11,5,11.102525177803814,0,13.25921763872616,-0.0821339971668944,1.138585604532969,0
1,13,1,6,1,1,1,22,28,10,10,0,0,1,0,0,0,29,0,7,11,16,8,11.84771251377455,0,5,11,18,6,12.249533968597918,1,7.702365490620957,2.541505433930882,0.3697203811587505,0
1,12,1,14,0,1,1,22,27,8,8,0,0,0,0,0,0,24,0,0,5,15,3,10.979003935946904,0,0,5,15,3,12.517418324943524,0,15.621928274604668,2.3645418764119066,-3.5130645967733543,0
1,3,1,4,1,2,1,1,14,5,9,0,0,0,1,0,0,26,0,0,5,7,0,0.0,0,0,5,9,0,0.0,0,16.10979109276859,0.6221746686836129,-1.3246513838666178,0
1,8,3,7,1,1,1,3,2,3,4,0,0,0,1,0,0,20,0,0,5,12,0,0.0,1,0,5,5,0,0.0,0,12.163809833185372,2.66113155179666,-0.4533578621559921,0
1,11,1,12,1,1,1,22,27,10,10,1,0,0,0,0,0,31,0,0,7,7,0,0.0,7,0,8,8,0,0.0,7,10.440911558808253,0.8357181638415372,0.4934501255772137,0
2,12,1,8,1,1,1,22,27,10,10,0,0,0,0,0,0,35,0,0,5,8,3,12.419620051975846,1,0,5,8,4,11.5910121351372,0,9.4,-0.8,-3.12,0
1,12,1,11,1,1,1,3,1,3,5,0,0,0,1,1,0,26,0,0,6,7,1,12.15957419573211,0,0,5,8,0,0.0,0,11.762884584416716,0.663829678292844,2.103096718515213,0
1,8,1,10,1,1,1,22,1,6,7,0,0,0,1,0,0,19,0,0,6,9,6,13.74988008446244,0,0,7,9,7,13.49357829928129,0,15.813908609302803,0.1992805067746451,-0.6329494443077386,0
2,12,1,14,0,1,1,22,27,8,8,0,0,0,0,0,0,25,0,0,6,0,0,0.0,0,0,6,0,0,0.0,0,9.86418869414559,1.4,2.61178211124332,0
1,12,1,7,1,1,1,1,13,5,5,0,0,0,1,1,0,28,0,0,5,10,1,17.961684769698998,1,0,5,9,2,13.318432965994056,1,10.819796202322184,1.3891440180813828,1.733933421869008,0
1,8,1,11,1,1,1,22,27,6,3,0,0,0,0,0,0,29,0,0,6,10,0,0.0,0,0,6,6,0,0.0,4,11.351859305589407,-0.484258053507596,-2.488516107015192,0
1,5,4,13,1,1,1,3,3,3,3,0,0,0,0,0,0,19,0,0,6,7,3,12.190319382860276,0,0,6,8,0,0.0,0,11.9875265530352,0.7487757612387618,1.3760805724569551,0
1,8,1,13,1,1,1,22,28,10,9,1,0,0,0,0,0,19,0,0,7,15,2,12.742662609430695,0,0,7,12,2,11.018813821972577,0,8.9,1.4,3.51,0
1,1,3,12,1,1,1,12,13,4,6,1,0,0,0,0,0,18,0,0,7,9,6,13.06107731502882,0,0,8,9,6,13.38036879386046,0,12.243160871575007,-0.4840932364916658,-0.6496091093648269,0
1,8,1,14,1,1,1,1,1,3,3,0,0,0,1,0,0,18,0,0,6,0,0,0.0,0,0,6,0,0,0.0,0,14.315685729702656,0.5053911012988952,-0.470047368161175,0
2,12,1,12,1,12,1,22,27,8,9,0,0,0,0,0,0,41,0,0,7,12,3,12.121998098966795,0,0,7,12,3,12.021133435834845,0,11.1,0.6,2.02,0
1,7,2,11,1,1,1,13,14,5,7,0,0,0,1,0,0,19,0,0,5,7,5,11.41599415188634,0,0,5,9,3,11.977531068103808,0,10.8,1.4,1.74,0
1,8,1,15,1,1,1,22,27,10,10,0,0,0,0,0,0,20,0,0,6,7,3,12.149871162625953,0,0,6,10,2,11.050386512122142,0,12.281706250787172,3.1936444088476303,-0.9426681593199338,0
1,1,1,9,1,1,1,13,14,9,4,1,0,0,0,1,0,20,0,0,5,8,3,11.786038722346085,0,0,5,7,3,11.0,0,9.753036108128963,-0.3185871252786872,-2.968087492865719,0
1,12,1,6,0,1,1,22,27,10,9,0,0,0,0,1,0,32,0,0,5,8,1,10.59743024374493,0,0,5,8,0,0.0,0,9.736402341242902,1.1849251122518252,3.0989679923034883,0
1,1,1,2,1,1,1,22,27,10,9,1,0,0,0,0,0,21,0,0,0,0,0,0.0,0,0,0,0,0,0.0,0,11.186179709631164,1.635699604042496,-2.3514014582799234,0
1,15,1,4,1,14,1,1,27,6,7,1,0,0,0,0,0,21,0,0,6,11,3,11.83207359665554,0,0,6,10,3,11.435530045825562,0,16.174094402701297,0.3925199903525134,-1.0362051078827568,0
1,4,1,14,1,1,9,1,1,10,7,0,0,0,0,1,0,18,0,0,6,6,4,11.25,0,0,6,8,3,11.64958900125596,0,9.549557115473505,1.4,2.9048862661115256,0
1,8,1,12,1,1,1,2,2,3,8,1,0,0,0,1,0,20,0,0,4,0,0,0.0,0,0,6,0,0,0.0,0,11.577591538925867,0.5632621893133948,1.935503035420808,0
1,12,1,8,1,12,1,1,1,8,8,0,0,0,0,1,0,28,0,0,6,11,0,10.252309160610192,0,0,6,8,1,10.466014052755009,0,16.2,0.3,-0.92,0
1,1,1,11,1,1,1,21,14,4,4,0,0,0,0,0,0,21,0,0,6,15,2,11.0,0,0,6,12,0,0.0,0,12.505231516817709,3.464227625621438,-1.3473665357120632,0
1,1,1,10,1,1,1,1,1,10,5,0,0,0,0,0,0,22,0,0,6,0,0,0.0,0,0,6,0,0,0.0,0,12.098696738734963,0.6318201768034526,1.6977258762375833,0
1,1,3,11,1,1,1,13,14,8,8,1,0,0,0,0,0,18,0,0,6,0,0,0.0,0,0,6,0,0,0.0,0,12.86817141654878,0.2503085778406507,1.4778857223008135,0
1,12,1,10,1,12,1,22,27,11,11,0,0,0,1,0,0,47,0,0,6,13,2,10.0,0,0,6,14,1,10.33918529552586,0,8.183398708304479,2.4439747640581047,0.2358820467095868,0
1,9,2,14,1,1,1,13,1,5,5,1,0,0,1,0,0,19,0,1,6,9,4,12.12459851377216,0,0,6,10,4,11.042994795278116,0,12.128169222801048,3.0077837960223226,-0.664685329702952,0
1,5,1,9,1,1,4,1,1,6,6,0,0,0,0,0,0,19,0,0,5,14,0,0.0,0,0,5,5,0,0.0,0,10.45797859501962,0.8334623290837747,2.45482358791853,0
1,13,1,9,1,1,1,22,27,9,9,0,0,0,0,0,0,29,0,2,5,7,2,12.445584335781287,0,0,5,7,0,0.0,0,11.163693247931368,1.325914338384351,1.5608474000930672,0
1,12,1,16,0,6,1,13,1,9,7,0,0,0,0,0,0,25,0,0,5,12,2,11.835659079647453,0,0,5,10,2,13.119315334809038,2,14.737596610616956,1.720620435400671,-1.2459070410625068,0
1,12,1,2,1,1,1,22,27,10,8,0,0,0,1,0,0,33,0,0,0,0,0,0.0,0,0,0,0,0,0.0,0,13.874349632321104,2.3157637202658603,-2.053878269672851,0
1,12,1,15,0,7,1,22,1,7,5,0,0,0,1,1,0,28,0,0,5,9,3,12.49455402368997,0,0,5,12,1,11.620915517767475,0,7.6,2.6,0.32,0
1,11,1,16,0,1,1,13,28,9,9,0,0,0,1,0,0,23,0,0,5,7,3,10.71240870047918,0,0,5,7,3,10.568613050718769,0,10.8,1.4,1.74,0
1,1,4,12,1,1,1,22,27,10,10,1,0,0,0,0,0,18,0,0,8,8,7,12.892775138219411,0,0,8,8,7,12.892775138219411,0,9.579848471386674,-0.5173809735352279,-2.495668877900549,0
4,12,1,12,0,1,1,22,27,10,10,0,0,0,1,0,0,37,0,0,6,12,3,11.864262869293038,0,0,6,13,2,10.08837010274201,0,16.2,0.3,-0.92,0
1,12,1,12,0,1,1,22,27,7,7,0,0,0,0,0,0,38,0,0,6,11,4,12.15364991747522,0,0,6,10,4,11.818335402133933,0,11.047092353985676,0.5564289973999679,1.8600321761684544,0
2,14,1,14,0,2,1,22,27,10,10,0,0,0,0,0,0,39,0,10,12,12,10,12.14733174453848,1,9,12,12,9,12.874825915871462,0,10.92712382636816,0.1012534057254712,-3.355327278161651,0
1,12,1,16,0,1,1,14,27,6,6,0,0,0,0,1,0,30,0,0,5,5,1,11.390258720391897,0,0,5,0,0,0.0,0,13.155301840457213,3.2577067835558515,-1.5985327326981071,0
1,15,1,6,1,14,1,1,1,5,4,0,0,0,0,1,0,19,0,2,6,6,6,13.597105326548371,0,1,6,9,5,13.620868402035487,0,12.762605206106466,0.3066105567432181,1.5482631959290227,0
1,4,1,3,0,14,1,13,1,6,10,0,0,0,0,0,0,22,0,6,11,11,10,13.96557831695768,0,4,9,10,8,14.578899531639747,0,13.956549907855244,-0.2852478501247191,0.7479563728554495,0
3,4,1,8,1,3,1,12,1,5,5,0,0,0,1,0,0,35,0,0,5,4,0,0.0,0,0,5,4,0,0.0,0,11.161945944281191,0.5800888036239025,1.9927880316193332,0
3,12,1,16,0,12,1,19,27,10,9,0,0,0,0,0,0,27,0,0,6,13,4,11.55879659361682,0,0,6,9,1,10.647220438299083,0,11.979306715105595,0.5323610219149542,1.8644303504043944,0
1,1,1,12,1,1,1,19,28,1,5,0,0,0,1,0,0,20,0,0,6,10,4,11.2630753499249,0,0,6,11,2,10.732964785607,0,7.6,2.6,0.32,0
2,12,1,9,1,1,1,22,27,8,9,0,0,0,0,0,0,35,0,0,5,8,3,12.079080265980954,1,0,5,9,4,11.5397950735155,0,9.4,-0.8,-3.12,0
1,8,1,2,1,1,1,1,3,4,10,0,0,0,0,1,0,19,0,0,0,0,0,0.0,0,0,0,0,0,0.0,0,10.8,1.4,1.74,0
2,12,1,16,0,1,1,22,27,10,10,0,0,0,0,0,0,32,0,0,5,5,0,0.0,0,0,5,7,0,0.0,0,9.373111339594406,1.935083247652098,1.1068181569450175,0
1,12,1,8,1,9,1,21,26,10,10,0,0,0,0,0,0,25,0,0,5,1,0,0.0,0,0,5,1,0,0.0,0,8.907472000693001,0.130330665357664,-2.1787242679910697,0
1,11,1,11,1,1,1,1,1,5,10,0,0,0,1,1,0,23,0,0,6,17,0,0.0,0,0,6,7,0,0.0,0,13.906613649637263,-0.2982747000946267,0.7850828952696859,0
1,15,1,6,1,14,1,1,1,5,5,1,0,0,0,1,0,19,0,2,6,7,5,12.72145609329208,0,1,6,11,4,12.292486310331409,0,12.4,0.5,1.79,0
1,4,1,4,0,15,1,9,1,4,7,0,0,1,0,0,0,24,0,7,12,12,9,13.774306487835162,0,4,10,11,6,14.523437919525824,0,12.63611633187691,0.1062483218967079,1.3452060399255008,0
1,8,1,9,1,1,1,2,28,2,9,0,0,0,0,0,0,19,0,0,5,13,3,10.122717865893753,0,0,5,7,2,11.115168238411108,0,15.238201886093329,2.2927661543058253,-3.2664244672204044,0
1,1,5,15,1,1,1,1,27,5,4,1,0,1,0,0,0,19,0,0,4,4,0,0.0,0,0,5,3,0,0.0,0,12.133252413374908,0.520519045125007,1.837193803787516,0
1,15,1,13,1,1,1,2,1,4,9,0,0,0,1,1,0,23,0,0,6,11,5,12.57620569850245,0,0,6,12,5,13.21740059781285,0,11.957689767811832,0.3243140032033397,1.6432291377112311,0
1,14,1,16,0,13,1,22,27,6,6,0,0,0,1,0,0,30,0,1,6,10,4,12.316025322676031,0,2,7,7,3,10.77923038721124,0,10.06230883836628,-0.5129995033746115,-2.0360212012071868,0
1,13,1,7,1,1,1,19,24,1,1,1,0,0,1,1,0,34,0,5,9,11,6,11.28277210551372,0,1,7,8,4,12.794047385960392,0,9.251714117891485,-0.5199044449061349,-2.836609203081501,0
1,12,1,4,1,1,1,1,1,10,5,0,0,0,0,1,0,26,0,0,6,0,0,0.0,0,0,6,0,0,0.0,0,13.9,-0.3,0.79,0
1,5,1,10,1,1,1,12,5,2,2,1,0,0,0,0,0,19,0,0,5,6,0,0.0,0,0,4,4,0,0.0,0,7.6,2.6,0.32,0
1,6,1,8,1,1,1,1,14,4,4,0,0,0,1,0,0,18,0,0,5,7,3,12.652136114831244,0,0,5,6,0,0.0,0,9.419193101296598,1.4,3.026330637213169,0
2,12,1,9,0,1,1,22,27,10,10,0,0,0,0,1,0,48,0,0,5,5,0,0.0,0,0,5,9,0,0.0,0,10.878618300399344,1.3557772060253692,1.7424568218874794,0
1,1,5,11,1,1,1,13,14,10,6,1,0,0,1,0,0,18,0,0,7,8,6,13.291281430978412,0,0,7,7,6,13.125117750019422,0,12.7,3.7,-1.7,0
1,17,1,6,1,16,1,17,28,10,10,0,0,0,0,0,0,21,0,7,10,13,8,13.371707049087725,0,4,9,15,5,13.28646696020852,0,8.9,1.4,3.51,0
1,12,1,4,1,12,1,22,14,9,8,0,0,0,1,0,0,25,0,0,6,14,1,11.09810829890838,0,0,6,12,4,11.706503709843576,0,12.614259503363124,0.4887231840335198,1.6371991436541928,0
1,1,1,10,1,1,1,1,14,10,9,1,0,0,0,0,0,18,0,0,6,9,0,4.197273169261223,0,0,6,9,1,11.259181950778366,0,12.184154196283634,2.7160545366147755,-2.221594351863584,0
1,12,1,6,0,12,1,22,27,10,8,0,0,0,0,0,0,38,0,0,6,11,3,10.701842565419891,0,0,6,7,1,11.457788921496128,0,14.731390320372604,-0.0831155685984513,0.1718793705055862,0
1,2,1,8,1,1,14,2,3,8,9,0,0,1,0,0,0,19,1,0,5,10,0,0.0,0,0,5,6,0,0.0,0,9.774707675518147,1.0819244816297644,2.917584347035437,0
1,8,3,14,1,1,1,13,27,4,5,1,0,0,1,0,0,19,0,0,7,9,6,13.660137733277413,0,0,7,8,6,13.017581194433117,0,12.811322803523003,0.2806278381210639,1.51578479765133,0
1,1,5,12,1,1,1,12,13,9,5,1,0,0,0,0,0,18,0,0,8,8,6,13.403775814316509,0,0,8,8,6,13.403775814316509,0,12.647126238267433,3.6278994158192273,-1.7227517398970438,0
1,3,1,6,1,1,1,1,1,4,6,0,0,0,1,0,0,19,0,0,6,0,0,0.0,0,0,6,0,0,0.0,0,15.5,2.8,-4.06,0
1,12,1,16,0,1,1,22,27,9,9,0,0,0,1,0,0,35,0,0,5,5,0,0.0,0,0,5,4,0,0.0,0,10.867018248094096,0.6847206370566924,2.1777921865180896,0
1,13,1,16,0,1,1,22,27,9,8,0,0,0,0,0,0,27,0,0,5,15,2,12.617624833799512,0,0,5,12,3,12.577004539410892,2,16.03903177587624,0.8748865147277154,-1.6420574624980104,0
1,12,2,11,1,1,1,13,14,10,9,1,0,0,1,0,0,18,0,0,6,0,0,0.0,0,0,6,9,0,0.0,0,11.46062458247776,1.0377220031573584,1.5375505311761708,0
1,1,3,12,1,1,1,1,14,5,7,1,0,0,1,0,0,18,0,0,7,0,0,0.0,0,0,8,0,0,0.0,0,15.450185467384784,2.7034843430580144,-3.90899969801012,0
1,12,1,8,1,1,1,22,27,8,9,0,0,0,0,0,0,32,0,0,5,7,0,0.0,0,0,5,5,0,0.0,0,10.54949947625958,0.7674992858085172,-2.6253668920337567,0
1,8,1,9,1,1,1,13,14,8,7,0,0,0,0,0,0,20,0,0,5,8,4,11.10536468859077,0,0,5,11,2,10.877157885425412,1,16.2,0.3,-0.92,0
1,12,1,12,1,7,1,5,15,4,4,0,0,1,0,1,0,25,0,0,5,5,0,0.0,0,0,5,5,0,0.0,5,10.322363901090467,-0.6507940748236007,-2.821588149647201,0
1,8,2,15,1,1,1,6,2,3,1,1,0,0,0,0,0,19,0,0,5,10,0,0.0,0,0,5,10,0,0.0,0,7.6,2.6,0.32,0
1,8,2,15,1,1,1,23,14,6,6,1,0,0,1,0,1,18,0,0,5,8,5,12.284563256135907,0,0,5,7,4,12.403180657208528,0,10.809541971625585,1.3745547423317772,1.748905840183878,0
1,10,1,15,0,1,1,1,1,5,5,0,0,0,0,0,0,38,0,0,5,5,0,0.0,0,0,5,5,0,0.0,0,9.549339304960924,1.2330270358671909,3.1908961129906315,0
1,12,1,3,0,1,1,18,24,12,12,0,0,0,0,0,0,31,0,0,5,5,0,0.0,0,0,5,10,0,0.0,0,11.509434893039703,1.2554854847511718,1.3905376267619247,0
1,12,1,17,0,1,1,22,27,10,6,0,0,0,0,0,0,38,0,0,4,4,0,0.0,0,0,5,3,0,0.0,0,14.874471187816876,3.0010628324874324,-3.53276857258851,0
1,12,1,10,1,12,1,2,14,3,4,0,0,0,0,0,0,33,0,0,6,7,5,13.22994904296171,0,0,6,6,5,12.616737475715242,0,15.67312024268132,0.1625531067864312,-0.5282763543413289,0
1,12,1,17,0,1,1,20,27,8,8,0,0,0,1,0,0,29,0,0,5,7,4,11.286174367285716,0,0,5,6,4,13.17514688903681,0,10.8,1.4,1.74,0
1,8,1,7,1,1,1,13,14,5,9,0,0,0,0,0,1,21,0,0,6,13,2,12.283071972828996,0,0,6,7,0,0.0,0,15.5,2.8,-4.06,0
1,12,1,17,0,1,1,16,25,11,11,0,0,0,0,0,0,27,0,0,5,10,0,0.0,0,0,5,5,0,0.0,0,10.55285945911182,2.674755935673717,-1.3171549912544005,0
1,13,3,14,0,1,1,2,2,5,4,0,0,0,1,0,0,21,0,0,5,11,2,10.46601246697036,0,0,5,10,3,10.45760332452543,0,10.238822440546649,-0.706797506605928,-2.3911565016583567,1
2,12,1,9,1,1,1,22,27,7,10,0,0,0,1,0,0,35,0,0,5,6,4,13.7191888380274,0,0,5,9,4,11.928523785951114,0,10.045786412592,1.6828300952779998,1.4053177205877003,1
2,12,1,17,0,1,1,22,27,10,4,0,0,0,1,0,0,34,0,0,5,9,4,11.274681077209866,0,0,5,10,4,10.780520119689983,0,9.907321048562885,1.537899834788514,0.4921334750515167,1
1,1,2,2,1,1,1,22,25,5,9,0,0,0,1,0,0,18,0,0,0,0,0,0.0,0,0,0,0,0,0.0,0,8.18044337808615,2.3328117783412963,0.3633029186826175,1
1,17,1,5,1,16,1,16,28,9,10,1,0,1,0,0,0,22,0,7,11,17,11,12.970241517058238,0,4,9,14,8,12.793164171910156,0,8.9,1.4,3.51,1
1,1,1,8,1,1,1,1,27,5,9,0,0,0,1,0,0,20,0,0,6,11,4,11.382217315989392,0,0,6,10,3,11.78420665297408,0,11.1,0.6,2.02,1
1,15,1,4,1,14,1,1,28,8,7,0,0,0,1,0,0,20,0,0,6,11,4,12.04059977520096,0,0,6,13,4,10.817017936582868,0,14.992771301467412,1.8172443965931104,-2.522463007573092,1
1,8,1,9,1,1,1,22,27,7,7,1,0,0,1,0,0,22,0,0,5,6,4,11.342338321558849,0,0,5,10,2,11.73441647711094,0,10.8,1.4,1.74,1
1,1,3,9,1,1,1,23,27,6,9,0,0,0,1,0,0,19,0,0,5,8,4,10.592526919055553,0,0,5,7,5,11.428974036115738,0,12.829326317717012,0.2710259638842608,1.503782454855326,1
3,12,1,5,0,1,1,22,27,9,9,0,0,0,0,0,0,43,0,0,6,11,4,12.614551051144431,0,0,6,14,2,10.100332554707826,0,8.769567678879826,1.5203990656493922,3.189939150482032,1
1,8,1,9,1,1,1,22,27,5,8,0,0,0,1,1,1,20,0,0,5,8,3,12.082734362787892,0,0,5,9,3,10.983126880181796,0,11.514207066054508,2.264566448381774,0.4469093119855214,1
1,8,1,9,1,1,1,13,14,4,4,0,0,0,1,0,0,20,0,0,5,9,4,11.023661740461383,0,0,5,9,3,10.543941616510567,0,10.190949097190238,1.4664597699792707,1.1134781610145106,1
1,14,1,12,1,1,1,13,27,9,8,0,0,0,1,0,0,19,0,0,7,8,5,12.350573415453905,0,0,7,8,6,12.631201077759735,0,11.135908545053464,0.9723595586261832,0.5837900025674807,1
1,1,2,7,1,1,1,3,1,4,3,0,0,0,1,1,0,18,0,0,5,9,3,12.845027458187747,0,0,5,8,2,11.0,0,8.350732152177963,1.9070164749126493,2.162181204190541,1
1,13,1,14,1,1,1,13,28,10,8,0,0,0,1,0,0,22,0,0,6,16,3,11.712386615272957,1,0,6,14,4,12.26818355049996,0,14.398376399362974,1.982666360817689,-1.981129656862384,1
1,1,1,8,1,1,1,1,28,5,5,0,0,0,1,0,0,18,0,0,5,7,1,4.149710368135921,0,0,5,7,2,13.49931857756091,0,10.917444633060452,1.0868143118387985,1.8496149908564208,1
1,14,3,12,1,1,1,3,3,3,3,0,0,0,1,1,0,19,0,0,5,12,2,11.329643699220435,0,0,5,9,3,10.687904986458785,0,11.155129682970976,1.593358658596783,-2.364762378842793,1
1,1,1,13,1,1,1,22,14,9,10,1,0,0,1,0,0,21,0,0,5,6,3,12.622253925072789,0,0,4,5,3,11.966690443804591,0,7.6,2.6,0.32,1
1,8,4,16,1,1,1,13,27,8,8,1,0,0,1,0,0,19,0,0,6,9,4,12.62403603499136,0,0,6,12,3,11.44021184909824,0,10.8,1.4,1.74,1
1,8,1,10,1,1,1,13,14,5,5,0,0,0,1,0,0,20,0,0,5,10,3,10.830945201395624,0,0,5,7,4,10.576191781564432,0,12.4,0.5,1.79,1
1,1,1,6,1,1,1,13,27,6,8,0,0,0,1,0,0,19,0,0,6,13,4,12.0,0,0,6,16,2,12.039410178920551,0,11.1,0.6,2.02,1
1,12,1,6,1,1,1,22,14,10,5,0,0,0,1,0,0,28,0,0,5,15,3,13.30715132676984,0,0,5,9,4,11.786712412883066,0,10.498292093511198,0.6976710366061794,-2.6474015840042724,1
1,8,3,7,1,1,1,3,1,3,4,0,0,0,0,1,0,19,0,0,5,9,4,11.743516378936434,0,0,5,9,4,14.521820812006643,0,11.456921978832556,0.7425057768716287,2.253455484688001,1
1,8,2,9,1,1,1,13,14,6,6,0,0,0,1,0,0,19,0,0,5,9,4,11.632852990745826,0,0,5,7,5,10.740650451325948,0,12.4,0.5,1.79,1
1,1,4,12,1,1,1,1,2,9,10,1,0,0,1,0,0,18,0,0,7,10,5,12.203159606107642,0,0,7,8,7,13.54158655000827,0,13.649903860009925,-0.1666153920052934,0.9567307599933832,1
1,5,1,9,1,1,12,1,1,10,7,0,0,0,1,0,0,21,1,0,5,9,3,12.44458997757435,0,0,5,8,4,11.561923173490264,0,9.167015946178436,1.3029032922987505,3.329157381906423,1
1,8,1,9,1,1,1,1,1,4,4,1,0,0,0,0,0,19,0,0,6,10,5,11.777689139231558,0,0,6,13,3,14.418954853464683,0,8.244050714325155,2.005491648315241,1.9004013682286505,1
1,12,1,12,1,1,1,13,23,27,40,0,0,0,0,0,0,21,0,0,6,11,4,12.898778297246665,0,0,6,8,5,12.609108361451684,0,13.176090551189327,-0.0673148200251408,1.108003079298974,1
1,1,3,7,1,1,1,1,14,5,7,0,0,0,0,1,0,18,0,0,5,7,5,12.114630169851475,0,0,5,8,4,12.426849150742612,0,8.9,1.4,3.51,1
1,7,1,9,1,1,1,22,27,10,10,1,0,0,1,0,0,18,0,0,5,8,3,11.50115369203808,0,0,5,9,4,10.754326345142792,0,7.607383629043701,2.597231139108612,0.3232764853881427,1
1,1,3,12,1,1,1,13,27,8,8,1,0,0,0,0,0,20,0,0,7,7,6,12.64114473205888,0,0,7,7,6,13.053806198660842,0,8.46658907986412,2.1048062400776453,0.7409146959340014,1
1,1,1,8,1,1,1,13,27,10,10,0,0,0,1,0,0,18,0,0,5,7,4,11.909293962202216,0,0,5,8,3,12.208232936761023,0,11.356737123637428,2.073944939140044,0.732012786677499,1
1,1,2,3,0,1,1,3,1,3,8,0,0,0,1,0,0,19,0,0,6,9,4,11.72321492381344,0,0,6,9,3,8.75893431432095,0,9.4,-0.8,-3.12,1
1,15,1,5,1,14,1,3,3,5,3,0,0,0,1,0,0,27,0,0,6,8,5,14.2241028777879,0,0,6,12,3,15.013175259251277,0,11.28606638121301,0.5856872014451531,1.987080563323852,1
1,1,1,6,1,1,1,13,14,4,4,1,0,0,1,0,0,18,0,0,5,9,5,12.571212523187585,2,0,5,7,3,12.65909234471756,0,9.4,-0.8,-3.12,1
1,12,1,12,0,1,1,13,27,8,10,0,0,0,1,0,0,26,0,0,5,7,5,12.0,0,0,5,8,4,10.928671162999374,0,12.7,3.7,-1.7,1
1,1,1,7,1,1,2,1,14,5,8,1,0,0,1,0,0,19,0,0,6,7,5,12.97829363094011,0,0,6,13,5,12.483726843660248,0,11.60962962059062,0.9445833384177764,1.7653009256434569,1
3,12,1,3,0,1,1,22,27,10,9,0,0,0,1,0,0,26,0,2,7,12,5,11.754635291860115,0,0,7,10,6,12.146388793798184,0,12.179604715815486,1.1398023579077436,0.5281825745095095,1
1,1,1,6,1,1,1,22,27,10,7,0,0,0,1,0,0,20,0,0,5,9,2,11.345625953883784,0,0,5,12,3,11.0,0,10.470668701618736,1.5234992368929738,1.5938592363433142,1
1,1,1,10,1,1,1,13,14,8,5,0,0,0,1,1,0,20,0,0,5,8,5,11.3795234752461,0,0,5,10,3,12.536481351484596,0,10.336054892571433,3.1901294866330545,-0.7636923299988814,1
1,8,3,7,1,1,1,1,14,5,8,1,0,0,1,0,0,19,0,0,5,13,3,11.5454141213317,1,0,5,9,3,11.087062260275395,0,9.4,-0.8,-3.12,1
1,1,2,12,1,1,1,1,20,18,37,1,0,0,1,0,0,19,0,0,6,11,4,12.975124808128532,0,0,6,9,3,11.149349535853782,1,14.13660083327038,0.4085999561436643,0.5515294057466518,1
1,13,1,7,1,1,1,22,27,8,8,0,0,0,1,0,0,25,0,0,5,11,4,11.445547393918424,0,0,5,13,4,11.698021063963743,0,10.588126383782464,-0.2851452336942662,-1.1754331518760366,1
1,9,1,13,1,1,1,1,27,7,10,1,0,0,1,0,0,25,0,0,6,7,6,12.6793069128192,0,0,6,8,5,13.13854197335637,0,11.568077944953988,2.700457669492506,-1.880022961885882,1
1,1,1,9,1,1,1,23,27,8,6,0,0,0,1,0,0,19,0,0,5,12,3,10.73006968144358,0,0,5,8,4,11.825174203608954,0,14.14852957897122,0.4079721274225673,0.5430223265757875,1
1,1,3,12,1,1,2,1,2,5,3,0,0,0,1,0,0,19,0,0,7,9,5,12.18381990504123,0,0,7,9,5,11.83746832374342,0,12.4,0.5,1.79,1
1,1,2,13,1,1,1,23,1,7,5,1,0,0,1,0,0,18,0,0,6,8,5,13.032696506806044,0,0,6,6,5,13.24471647687228,0,15.913731376040154,1.322387942713733,-2.2041192560484486,1
1,8,4,11,1,1,1,13,27,5,8,1,0,0,1,0,0,19,0,0,6,8,5,11.637490692535671,0,0,6,6,5,10.871353003233626,0,14.264988831042809,0.4071658601454402,-0.316372394098511,1
1,1,1,3,0,1,1,1,27,7,4,0,0,0,1,0,0,22,0,0,6,12,2,10.024406144636089,0,0,5,11,1,10.016270763090724,0,9.417084301245264,-0.7731532409003021,-3.060693068534304,1
1,1,1,4,0,1,1,1,1,4,10,1,0,0,1,1,0,22,0,0,6,7,6,11.559047095280938,0,0,6,6,5,12.943344429237818,0,8.884983356143273,2.1181312414462723,0.8902113642885776,1
1,1,1,5,1,1,1,1,1,7,9,0,0,0,1,0,0,19,0,0,5,8,4,11.791387833815484,0,0,5,6,4,12.257554632996555,0,7.6,2.6,0.32,1
1,1,1,4,0,1,1,1,1,4,10,1,0,0,1,1,0,21,0,0,6,8,6,11.505084590747398,0,0,6,6,5,13.194515359430298,0,8.508226960854554,2.2594148896795425,0.723025713879208,1
1,1,1,16,1,1,1,1,27,7,10,1,0,0,1,0,0,19,0,0,6,10,3,11.081811852415658,0,0,6,10,4,12.281164762267208,0,9.4,-0.8,-3.12,1
1,8,1,5,1,1,1,1,27,5,6,0,0,0,1,0,0,20,0,0,5,6,5,12.153597655618157,0,0,5,8,5,11.629900879143191,0,10.8,1.4,1.74,1
1,1,2,9,1,1,1,22,14,4,7,1,0,0,1,0,0,19,0,0,5,8,4,12.736565931574244,0,0,5,9,3,14.397686986410068,0,10.8,1.4,1.74,1
2,12,1,5,1,1,1,22,27,9,8,0,0,0,1,1,0,26,0,0,5,12,4,11.657475742821456,0,0,5,10,5,12.047896452351214,0,10.517708762796476,0.1204660399500392,0.2594253181022867,1
1,1,1,8,1,1,1,1,27,5,6,0,0,0,1,0,0,21,0,0,5,10,3,11.534188728787484,0,0,5,9,2,11.37891830504998,0,14.499655674668055,2.2998278373340284,-2.6777060231776786,1
1,15,1,4,1,1,1,2,1,3,5,1,0,0,1,0,0,20,0,2,7,13,6,11.503564100673392,1,1,7,16,4,12.14410078439488,0,12.572920941273855,2.344490040254455,-0.2216469501525146,1
1,12,1,17,0,6,1,21,26,10,10,0,0,0,1,1,0,38,0,0,5,10,2,10.643964808237865,0,0,5,8,3,11.669251219221682,1,7.6,2.6,0.32,1
2,12,1,9,1,1,1,22,27,8,8,0,0,0,1,0,0,37,0,0,5,8,3,11.153737565788164,0,0,5,9,4,12.221968256588774,0,10.984485078945797,0.9080397894778764,1.9121860736827432,1
1,1,2,7,1,1,1,1,1,4,6,0,0,0,1,0,0,19,0,0,5,9,4,11.700099396688694,0,0,5,12,2,11.588147591157036,0,10.791483430950375,0.7762951823140707,1.87014909503304,1
1,1,1,11,1,1,1,12,1,4,8,0,0,0,1,1,0,22,0,0,6,9,5,12.958265141757082,0,0,6,9,6,12.205196386361015,0,11.489525343600572,0.4747954252712443,1.8488870812040337,1
1,13,1,14,1,1,1,2,14,5,8,0,0,0,1,0,0,19,0,0,6,16,4,12.567196402010593,0,0,6,8,4,13.164324587436496,0,14.06127136482542,0.0124632693492481,0.3011461753729506,1
1,12,1,3,1,1,1,1,2,4,3,0,0,0,1,0,0,23,0,0,6,12,5,12.704042712597571,0,0,6,12,5,12.567111452786069,0,15.679210872297563,2.159961170365844,-3.2561112299795,1
1,4,1,2,1,1,1,2,2,3,3,1,0,0,1,1,0,19,0,0,0,0,0,0.0,0,0,0,0,0,0.0,0,7.6,2.6,0.32,1
1,1,1,2,1,1,1,1,2,3,3,1,0,0,1,0,0,18,0,0,0,0,0,0.0,0,0,0,0,0,0.0,0,10.446221945242344,1.3547778989564747,1.1916554707304676,1
1,7,1,13,1,1,1,1,1,5,4,0,0,0,1,1,0,19,0,0,5,9,0,0.0,0,0,5,5,0,0.0,0,7.6,2.6,0.32,1
1,1,1,10,1,1,1,13,28,10,9,1,0,1,1,0,1,18,0,0,6,8,5,11.583750104452148,0,0,6,11,3,10.918750522260746,0,7.70562432106103,2.502500626712896,0.5791858339882183,1
1,13,2,13,0,1,1,22,27,10,6,0,0,0,1,0,0,26,0,0,6,7,5,12.157436522156935,0,0,6,7,5,12.489802513377132,0,8.271729161202922,2.3481015645489043,0.618079815283797,1
1,8,3,7,1,1,1,22,14,9,5,1,0,0,1,0,0,18,0,0,5,8,4,12.471221744015454,0,0,5,7,3,14.605273053899634,0,7.67367233532044,2.572372874254835,0.3526920987984452,1
1,1,1,10,1,1,1,1,14,5,10,1,0,0,1,0,0,19,0,0,5,6,4,11.130273442197648,0,0,5,10,4,11.488525408241184,0,10.8,1.4,1.74,1
1,14,1,7,1,1,1,1,1,2,2,0,0,0,1,1,0,34,0,0,5,11,1,13.686259994440784,1,0,5,7,3,14.571883328700656,0,10.42938999166118,-0.685623334259869,-2.225574473912176,1
1,1,1,13,1,1,1,13,28,5,8,1,0,0,1,0,1,18,0,0,6,8,5,11.975338778167746,0,0,6,10,4,11.312782315139788,0,7.6,2.6,0.32,1
1,15,1,4,1,14,1,1,28,4,10,0,0,0,1,0,0,20,0,0,6,17,3,12.04594769291148,0,0,6,16,3,11.655179743438795,0,15.38972553701245,2.5863432279616214,-3.725730534068989,1
1,12,1,17,0,1,1,22,27,9,9,0,0,0,1,0,0,49,0,0,5,9,2,10.55799079911659,0,0,5,6,3,11.077321065488787,0,12.792785278586544,3.390715738044851,-1.5074705469329197,1
1,8,3,12,1,1,1,13,2,10,5,1,0,0,1,0,0,18,0,0,7,8,6,13.65104802703633,0,0,8,8,7,13.585074589949254,0,10.831274089815544,1.3166024271585524,1.7691891504945068,1
1,1,1,2,1,1,1,14,27,5,6,1,0,0,1,0,0,18,0,0,0,0,0,0.0,0,0,0,0,0,0.0,0,8.110593177662647,2.408527558376508,0.5465757225877994,1
1,9,4,15,1,1,1,13,27,8,8,1,0,0,1,0,0,20,0,0,6,10,3,12.623472114195591,0,0,6,14,3,11.422647135077622,0,11.219774868198147,1.5250393224420016,1.221979949883136,1
1,1,1,14,1,1,1,1,27,4,10,0,0,0,1,0,0,19,0,0,5,7,4,12.512281078184571,0,0,5,6,4,11.168864825037884,0,7.992994501906348,2.45262706178512,0.4943913102209419,1
1,1,1,7,1,1,1,22,27,10,7,0,0,0,1,0,0,19,0,0,5,7,1,12.292281896214757,0,0,5,7,2,10.23590603459508,0,8.975369137728855,0.0020805176232761,-2.308483240992921,1
1,1,1,9,1,1,1,3,14,4,10,0,0,0,1,0,0,19,0,0,5,7,5,11.78620662413606,0,0,5,8,4,12.615176663477476,1,15.819302826155234,0.2006876937796261,-0.6369599272719346,1
2,5,1,9,1,2,1,22,27,10,10,0,0,0,1,0,0,33,0,2,8,9,5,12.698004782613909,1,1,7,12,5,11.59953796993097,0,10.8,1.4,1.74,1
1,6,3,7,1,1,1,1,14,19,43,1,0,0,1,0,0,18,0,0,5,7,4,12.055952007321077,0,0,5,8,3,12.01895940794971,0,9.46878223849128,1.2537417101022428,3.230484157084286,1
1,2,1,14,1,1,1,13,14,5,5,1,0,0,1,0,0,21,0,0,6,9,5,13.069749926469129,0,0,6,8,4,12.168147583553296,0,12.7,3.7,-1.7,1
1,15,1,4,1,14,1,3,3,5,3,0,0,0,1,0,0,21,0,0,6,14,4,12.33765686452756,0,0,6,17,4,11.483515344705092,0,15.016511796626563,0.3622888528091282,-0.0759860444363124,1
1,14,1,8,1,1,11,2,3,5,3,0,0,0,1,0,0,19,1,0,5,9,5,14.480315828260784,2,0,5,7,4,14.54188300196763,0,9.718353869227958,-0.2997296340703522,-2.014857282537233,1
1,10,2,5,1,1,1,8,27,30,40,0,0,0,1,1,0,21,0,0,5,9,1,6.484206867138759,0,0,5,7,1,6.889469796334932,0,9.76263233365263,1.086315515035407,2.925762646753445,1
2,12,1,15,0,1,1,22,27,10,10,0,0,0,1,0,0,36,0,0,5,7,4,10.996548703950609,0,0,5,7,3,11.712639031718885,0,8.282750257093987,1.3103606254891338,-0.9848116024462878,1
1,2,2,7,1,1,1,1,28,18,41,1,0,0,1,1,0,19,0,0,5,7,4,10.851150069631345,0,0,5,10,2,12.0,0,8.9,1.4,3.51,1
1,1,1,9,1,1,1,20,1,5,10,0,0,0,1,0,0,18,0,0,5,6,4,11.648413668631983,0,0,5,8,5,11.389133208711028,0,10.861673942512692,1.23553615329949,1.7975623463451784,1
1,1,2,11,1,1,1,22,27,8,8,0,0,0,1,0,1,18,0,0,6,8,6,10.90407003709517,0,0,6,8,4,11.141473407523671,0,8.279072356113623,2.345347866457391,0.6213383580254208,1
1,6,2,14,1,1,1,1,12,5,6,0,0,0,1,0,0,18,0,0,6,6,6,13.47169439512358,0,0,6,6,5,13.597518978846574,0,12.4,0.5,1.79,1
1,1,3,11,1,1,1,13,14,8,9,1,0,0,1,0,1,18,0,0,6,8,6,13.643791723387164,0,0,6,7,6,12.545255088725762,0,12.4,0.5,1.79,1
1,1,1,10,1,1,1,13,28,8,8,0,0,0,1,0,0,19,0,0,6,12,4,11.190418811325102,0,0,6,12,3,11.091538992547884,0,14.215035788968754,1.846639456331656,-1.635148182408778,1
2,12,1,17,0,1,1,19,24,12,12,0,0,0,1,0,0,41,0,0,5,9,2,10.931759070306478,0,0,5,7,3,12.295277210919435,0,8.29605748287392,2.750130045325748,0.0443066440381731,1
1,1,1,12,1,1,1,2,1,3,8,0,0,0,1,0,0,19,0,0,7,10,5,13.904506083784582,0,0,7,8,7,13.166582389632236,0,12.4,0.5,1.79,1
1,8,1,6,1,1,1,2,14,3,10,0,0,0,1,0,0,18,0,0,5,8,2,12.835749694202969,0,0,5,9,3,12.263059893990365,0,9.090240391420204,2.041159853217424,0.9812941736927148,1
1,1,1,8,1,1,1,1,1,4,6,1,0,0,1,0,0,19,0,0,5,9,3,11.307782637452098,0,0,5,11,2,11.778744532866387,0,8.225088071515795,2.0229956262931115,1.8538699601041448,1
1,12,1,12,1,1,1,22,27,9,9,0,0,0,1,1,0,33,0,0,7,15,5,11.224606299919069,0,0,7,16,3,12.387982284842185,0,15.914591537287553,0.5772539352063761,-0.9836053145473452,1
1,1,4,12,1,1,1,1,1,3,4,0,0,0,1,0,0,19,0,0,7,9,5,12.57887596750178,0,0,7,9,6,12.42120621587653,0,11.161204672409704,-0.0368113086224626,-0.2374950194894549,1
1,11,1,12,1,1,1,13,27,9,9,0,0,0,1,0,0,25,0,0,6,7,0,0.0,0,0,7,7,0,0.0,5,10.694890655220998,1.439416004292126,1.6933577282543175,1
1,8,2,16,1,1,1,23,28,8,8,1,0,0,1,0,0,18,0,0,6,8,5,13.382549892575826,0,0,6,7,5,12.07270878093406,0,7.757050966817568,2.303348173789038,0.0198581523042031,1
1,8,5,10,1,1,1,1,14,5,7,1,0,0,1,0,0,18,0,0,6,13,4,10.684160993379995,0,0,6,12,3,10.827421475857172,0,10.219147261098602,0.3170189924071833,-2.7675184512848445,1
1,9,2,2,1,1,1,2,28,4,6,0,0,0,1,0,0,32,0,0,0,0,0,0.0,0,0,2,0,0,0.0,0,9.99750071277394,1.4,2.4875914412579614,1
1,1,3,12,1,1,1,2,1,4,5,0,0,0,1,0,0,19,0,0,7,9,5,12.400021397338216,0,0,7,8,6,11.513631792705429,0,12.4,0.5,1.79,1
1,1,1,14,1,1,1,1,14,5,5,0,0,0,1,1,0,19,0,0,6,10,6,13.11108534489872,0,0,6,8,5,12.72396547435617,0,11.144042908320571,0.5966120839753405,2.012207793143283,1
1,1,1,12,1,1,1,15,28,29,40,1,0,0,1,0,0,19,0,0,7,9,6,13.22552961159896,0,0,8,10,6,11.894399186941737,0,11.1,0.6,2.02,1
1,1,4,12,1,1,1,10,1,6,10,0,0,0,1,0,0,18,0,0,6,8,5,13.651722016035723,0,0,6,8,6,11.452954108491602,0,12.04879313207374,0.6975538632085211,1.7790247853773045,1
1,1,2,9,1,1,1,1,14,5,8,0,0,0,1,0,0,21,0,0,5,12,0,2.91466531260889,0,0,5,11,0,3.0534588989236,0,10.31603766967708,0.4491422768323814,-2.7258262148662262,1
1,1,4,9,1,1,1,22,27,8,8,0,0,0,1,0,0,18,0,0,5,8,1,10.779902785918903,0,0,5,9,2,12.243219916905389,0,7.6,2.6,0.32,1
1,14,1,7,1,1,1,1,1,2,2,0,0,0,1,1,0,34,0,0,5,11,1,13.638042353023678,1,0,5,7,3,14.531701960853066,0,10.35706352953552,-0.6936596078293868,-2.2884181332258056,1
1,1,1,5,1,1,1,3,1,4,7,1,0,0,1,0,0,19,0,0,6,11,3,11.007586841203404,0,0,6,9,0,0.0,0,10.94552104722044,-0.1302742128711436,-0.59049721938255,1
1,8,1,9,1,1,1,1,1,5,10,0,0,0,1,0,0,20,0,0,5,10,4,10.585324789409654,0,0,5,10,3,10.145629683100664,0,15.5,2.8,-4.06,1
1,12,1,3,0,1,1,22,27,6,5,0,0,0,1,0,0,42,0,0,6,8,5,12.59022422636257,0,0,6,9,4,12.082022023965974,0,11.873986994665596,2.7082022023965973,-2.049628232485482,1
1,13,1,14,0,14,1,22,27,10,9,0,0,0,1,0,0,29,0,2,6,12,5,12.34170103072992,0,3,7,10,7,12.202374688507406,0,10.860892282662842,1.1921258399947847,-2.491373623823868,1
1,8,1,11,1,1,1,1,1,5,6,0,0,0,1,0,1,19,0,0,6,11,5,12.280695517534234,0,0,6,10,5,12.288912683066506,0,15.5,2.8,-4.06,1
1,15,1,4,1,14,1,1,28,4,10,0,0,0,1,0,0,20,0,0,6,13,4,12.309953520710891,0,0,6,13,3,11.589178286488943,0,14.756111550293854,1.3587161286943414,-1.805088136828244,1
1,8,1,11,1,1,1,1,1,5,10,0,0,0,1,0,0,21,0,0,6,12,4,11.98252883644266,0,0,6,10,2,11.17961427381762,0,8.19028118854034,2.378644554297373,0.5819372774147756,1
1,12,1,3,0,1,1,22,27,7,5,0,0,0,1,0,0,45,0,1,6,9,5,12.82105062940716,0,0,6,7,5,12.350875524505966,0,14.661131447053863,3.0696363205898294,-3.352953648231114,1
1,13,1,7,1,1,1,1,1,8,3,0,0,0,0,1,0,29,0,0,5,5,0,0.0,0,0,5,7,0,3.4093061889547203,0,12.939195528567309,0.2268927746566385,1.0844400799551803,1
1,1,1,7,1,1,1,3,28,2,2,1,0,0,1,0,0,18,0,0,6,9,5,12.384050537485663,0,0,6,15,4,11.616619110804994,0,12.668313842081448,0.3754407962779164,1.167452209684718,1
1,1,1,9,1,1,1,22,27,7,8,0,0,0,1,0,0,19,0,0,5,11,2,10.19107036488775,0,0,5,11,2,10.6178592702245,0,7.6,2.6,0.32,1
1,1,1,16,1,1,1,13,27,3,8,0,0,0,1,0,1,18,0,0,6,9,4,12.159956404414851,0,0,6,9,4,11.3498365165557,0,9.181722025613272,2.640043595585146,-0.5569547433146997,1
1,1,2,14,1,1,1,13,1,6,8,1,0,0,1,0,0,18,0,0,6,7,5,12.286748400126756,0,0,6,8,3,12.069877399809869,0,12.816900302947069,0.2939578983838661,1.1219176490968663,1
1,1,1,11,1,1,1,23,14,10,5,0,0,0,1,0,0,20,0,0,6,10,5,11.730777671179313,0,0,6,10,3,11.936463656882758,0,9.098341851012414,2.038121805870345,0.9848891963867584,1
1,8,2,5,1,1,1,3,1,3,5,1,0,0,1,0,0,18,0,0,6,6,6,12.812487993525526,0,0,6,7,2,11.625104056112107,0,11.512545624603002,2.2625552297825795,0.4499173954556197,1
1,10,1,10,1,1,1,1,27,22,43,1,0,0,1,1,0,21,0,0,6,9,5,11.804528113418012,0,0,6,11,2,12.933411078839748,0,8.9,1.4,3.51,1
1,6,1,7,1,1,13,1,2,22,31,0,0,0,1,0,0,19,1,0,5,10,2,13.622576390030751,0,0,5,11,1,10.836564813292332,0,8.9,1.4,3.51,1
1,10,1,7,1,1,1,22,2,10,3,1,0,0,1,0,0,24,0,0,5,9,3,10.843788663138271,0,0,5,12,3,10.862484534744691,2,8.920148466450962,2.104944325080889,0.9058158819876144,1
1,1,1,12,1,1,1,23,14,5,7,0,0,0,1,0,0,21,0,0,5,8,5,12.67645781886367,0,0,5,10,2,14.5,0,11.011786596233708,0.8352357433767772,1.937667489818128,1
3,12,1,17,0,1,1,22,27,10,10,0,0,0,1,0,0,28,0,0,5,9,3,11.129618438435516,0,0,5,8,5,10.893247880362546,0,13.7007928007356,2.727801279285416,-1.4769661758360662,1
1,1,2,6,1,1,1,13,27,10,10,1,0,0,1,0,0,18,0,0,5,8,4,12.919587496840736,0,0,5,5,5,12.872352269855217,0,10.958762490522206,1.325585214348464,-2.449259776805596,1
1,4,2,6,1,1,1,22,14,10,7,0,0,0,1,0,0,19,0,0,5,7,4,12.099158081557064,0,0,5,8,2,12.43976711976147,0,7.6,2.6,0.32,1
1,6,1,8,1,1,6,1,1,10,9,0,0,0,1,1,0,20,0,0,5,8,3,12.172970683870805,0,0,5,8,3,11.851359935484483,0,9.814067101936416,1.4,2.6584743313539727,1
1,4,2,2,1,1,1,1,27,3,6,1,0,0,1,1,0,18,0,0,0,0,0,0.0,0,0,0,0,0,0.0,0,13.135956159459871,2.0958167283497486,-1.1426693031632442,1
1,1,1,9,1,1,1,22,27,9,10,0,0,0,1,0,0,19,0,0,5,9,2,10.703931156801278,0,0,5,9,2,10.96089271351104,0,7.6,2.6,0.32,1
4,12,1,17,0,1,1,22,27,10,10,0,0,0,1,0,0,30,0,0,5,10,3,10.36766049311044,0,0,5,9,4,12.552844449604844,0,12.430894443799396,0.8295407338602097,1.4305946371337088,1
1,14,1,14,1,1,1,9,2,5,4,0,0,0,1,0,0,18,0,0,4,4,0,0.0,0,0,5,7,2,12.67181405655241,0,14.394440818923396,0.6677990924415304,-0.0305949219141173,1
1,7,2,5,1,1,1,1,3,4,3,1,0,0,1,0,0,18,0,0,5,10,1,11.0,0,0,5,10,4,11.056627522852915,3,7.985067155399834,2.6830537001842782,0.1674832051161437,1
1,1,2,8,1,1,1,1,14,4,8,1,0,0,1,0,0,19,0,0,5,5,4,11.274026133775765,0,0,5,11,3,11.466233153859568,0,10.8,1.4,1.74,1
1,1,1,8,1,1,1,22,27,10,10,0,0,0,1,0,0,21,0,0,5,8,4,11.71049044309448,0,0,5,10,2,11.090767284906766,0,14.73755480678316,3.0450716692482693,-3.417367622860093,1
1,8,2,16,1,1,1,13,1,9,4,1,0,0,1,0,0,20,0,0,6,11,5,11.72649892760565,0,0,6,9,3,12.846145614728329,0,15.646124213021974,0.4128265491992273,-0.6471648901182323,1
1,15,1,6,1,14,1,1,1,7,5,0,0,0,0,0,0,23,0,1,6,11,4,12.973920619993365,0,1,6,17,2,12.553156933318588,0,12.4,0.5,1.79,1
1,1,2,6,1,1,1,23,14,8,6,0,0,0,1,0,0,19,0,0,5,6,3,12.0,0,0,4,6,3,13.101499542972242,0,7.6,2.6,0.32,1
1,1,1,2,1,1,1,1,3,4,8,1,0,0,1,0,0,18,0,0,0,0,0,0.0,0,0,0,0,0,0.0,0,12.4,0.5,1.79,1
1,8,1,8,1,1,1,2,2,3,3,1,0,0,0,0,0,18,0,0,6,8,5,12.367957771891314,0,0,6,12,4,13.81954252882257,0,8.691725517293541,1.5922533686521152,2.99892646166646,1
1,12,1,8,1,1,1,13,14,9,6,1,0,0,1,0,0,23,0,0,5,13,4,13.38423284003169,0,0,5,9,3,11.89359500800922,0,9.4,-0.8,-3.12,1
1,14,1,8,1,1,1,13,27,5,7,1,0,0,1,0,0,18,0,0,5,10,1,12.81596899072969,0,0,5,9,2,12.81596899072969,0,10.61927907363929,3.251217055098671,-0.8758713193630137,1
1,10,1,15,1,1,1,13,14,3,5,0,0,0,1,0,0,18,0,0,6,10,5,11.813794183318462,0,0,6,8,6,13.5596088203681,0,13.9,-0.3,0.79,1
1,6,1,10,1,1,1,20,14,29,40,1,0,0,1,0,0,20,0,0,6,9,5,12.844556010339376,0,0,6,7,5,11.776726881629363,0,9.45855484089527,1.1968891487653566,3.131706039575477,1
1,8,2,15,1,1,1,22,27,8,8,1,0,0,1,0,0,18,0,0,6,7,5,13.36077738006131,0,0,6,7,5,12.245141374616816,0,8.227561919019049,2.364664280367857,0.5984806015647031,1
1,8,1,9,1,1,1,17,1,10,3,1,0,0,1,0,0,20,0,0,5,9,2,11.417584646517671,0,0,5,9,2,10.32966141392931,0,10.95165236373181,0.9955936967151728,1.8815422061496891,1
1,1,3,10,1,1,1,1,28,5,9,0,0,0,1,0,0,19,0,0,6,10,5,11.750060897650805,0,0,6,8,5,11.936073605235867,0,11.626436326389452,0.5595048979700421,1.9268612653310968,1
1,1,2,10,1,1,1,1,14,8,8,0,0,0,1,0,0,21,0,0,6,12,0,3.562348081910005,0,0,6,14,0,3.731983704858101,0,11.642833993433904,1.6517408622781922,0.7579109652661697,1
1,1,1,2,1,1,1,2,2,3,3,1,0,0,1,0,0,18,0,0,0,0,0,0.0,0,0,0,0,0,0.0,0,9.666671114735198,1.6958313873033508,0.9529180288876544,1
1,8,1,15,1,1,1,13,27,10,6,0,0,0,0,0,0,18,0,0,6,7,5,12.5549841930054,0,0,6,6,5,11.8,0,11.06623814475405,0.6900316139891977,1.9884889351037809,1
1,7,1,3,1,1,1,2,1,5,3,0,0,0,1,0,0,26,0,10,13,16,10,11.820764863804822,0,8,13,21,10,11.904029803774696,0,10.153573305868278,-0.1794102186967124,-0.841548945786502,1
1,14,1,8,0,1,1,22,27,10,9,1,0,0,1,0,0,32,0,7,12,13,7,11.169326446574042,0,5,12,13,7,11.431715194377915,0,8.102536426641088,1.6507645274557226,-0.6404029486918574,1
1,6,1,1,1,1,13,1,2,3,5,0,0,0,1,1,0,20,1,1,7,10,7,13.29054882266752,0,0,7,8,5,12.8148950108807,0,8.9,1.4,3.51,1
1,1,3,12,1,1,1,3,1,5,4,1,0,0,1,0,0,19,0,0,7,10,4,12.647987282492045,0,0,7,8,5,11.104085816541152,0,12.4,0.5,1.79,1
1,15,1,6,1,14,1,1,1,4,6,1,0,0,1,0,0,22,0,1,6,12,3,12.745275713592015,0,1,6,15,3,13.037063635873142,0,12.4,0.5,1.79,1
1,1,1,11,1,1,1,13,14,5,6,1,0,0,1,0,0,21,0,0,6,8,5,11.793149851037414,0,0,6,6,4,12.661987760684523,0,12.457944955311223,1.1180795233197247,1.1159070198794254,1
4,12,1,4,1,1,1,22,27,10,9,0,0,0,1,1,0,28,0,0,5,12,4,12.186753407225629,0,0,5,10,5,12.283532424739834,0,11.036503841543286,0.5477090459768243,1.8280174973720564,1
1,8,5,12,1,1,1,2,28,3,10,0,0,0,1,0,0,19,0,0,7,8,6,13.41500932517616,0,0,7,10,6,14.666003354792585,0,11.188944439076362,0.7723298507104523,1.813204179147457,1
1,12,1,12,1,1,1,13,14,5,6,0,0,1,1,0,0,26,0,0,6,12,4,13.209228827686186,0,0,6,7,5,13.655190033655485,0,13.9,-0.3,0.79,1
1,8,2,10,1,1,1,13,1,8,5,1,0,0,1,0,0,19,0,0,5,8,4,11.971277616773715,0,0,6,10,4,12.307697033407097,0,10.921917692482056,1.0748861533811822,1.853789846316586,1
1,8,1,9,1,1,1,1,2,3,3,0,0,0,1,0,0,19,0,0,5,10,3,11.495241950548966,0,0,5,9,4,11.9659933740712,0,13.60717217109904,3.4084089450038806,-2.464616544212047,1
2,14,1,17,0,1,1,22,27,4,10,0,0,0,1,0,0,32,0,7,10,15,7,10.400353129360518,0,6,10,13,9,10.52171112440031,0,7.6,2.6,0.32,1
1,1,2,12,1,1,1,13,14,5,5,0,0,0,1,0,0,18,0,0,7,8,5,13.449769476808529,0,0,7,7,7,13.351917036772289,0,11.923213007384248,0.536675922508904,1.8743546217704792,1
1,12,1,17,0,1,1,22,27,7,7,0,0,0,1,0,0,39,0,0,5,10,3,10.919880766495003,0,0,5,6,4,11.823936408797335,0,13.583085535835204,0.7563815472159909,0.132402486858046,1
2,12,1,17,0,1,1,22,27,10,10,0,0,0,1,0,0,35,0,0,5,11,2,11.373440079555737,0,0,5,9,4,11.863903928399838,0,9.4,-0.8,-3.12,1
1,1,1,6,1,1,1,1,1,9,7,0,0,0,1,0,0,18,0,0,5,7,3,12.292407703445765,0,0,5,6,4,10.587636446572448,0,7.6,2.6,0.32,1
1,8,2,9,1,1,1,1,28,5,8,1,0,0,1,0,0,18,0,0,5,8,2,12.691110189688237,0,0,5,11,3,11.154444905155882,0,9.134756255836942,1.4,3.29130601429927,1
1,2,1,10,1,1,1,13,1,6,8,0,0,0,1,0,0,24,0,1,7,9,5,13.061357599895189,0,0,6,8,5,12.57404068179844,0,11.1,0.6,2.02,1
1,12,1,4,1,1,1,13,14,8,6,1,0,0,1,0,0,24,0,0,6,11,5,11.7605261513518,0,0,6,12,4,11.47204039864612,0,13.31776698107062,1.1809238891814282,0.0580848905602806,1
1,1,2,2,1,1,1,22,27,5,9,1,0,0,1,0,0,18,0,0,0,0,0,0.0,0,0,0,0,0,0.0,0,7.6,2.6,0.32,1
1,1,1,10,1,1,1,1,1,10,10,0,0,0,1,1,0,20,0,0,6,7,5,12.254080614176656,0,0,6,8,4,11.874665779460551,0,8.9,1.4,3.51,1
1,12,1,4,0,1,1,13,27,6,5,0,0,0,1,0,0,33,0,0,5,7,4,12.830167678562706,0,0,5,6,1,4.59016671438108,0,10.98708412853584,3.3305475571351817,-1.021550968557333,1
1,1,3,5,1,1,1,1,28,9,8,0,0,0,1,0,0,18,0,0,5,5,5,13.706634604264533,0,0,5,6,5,13.693937829989654,0,11.32736046915054,0.582510733142266,1.979774686227212,1
1,2,1,6,1,1,1,1,1,4,4,0,0,0,1,0,0,18,0,0,5,9,3,11.854776315121963,0,0,5,6,4,12.727705590853684,0,7.6,2.6,0.32,1
1,8,1,6,1,1,1,2,14,3,9,0,0,0,1,0,0,18,0,0,5,5,3,13.960067204042716,0,0,5,7,3,12.678076036940176,0,7.644496544066688,2.558926267015365,0.4291876735174879,1
1,15,1,6,1,14,1,1,1,9,8,0,0,0,1,0,0,20,0,3,7,11,6,13.991655809433258,0,1,6,10,5,13.799009925138106,0,11.807290772978376,0.6524109440912752,2.0812742487077704,1
1,1,1,6,1,1,1,13,14,9,9,0,0,0,0,0,0,18,0,0,5,7,3,13.44663534803426,0,0,5,6,4,13.095385136379916,0,8.451250211654342,1.8142305738575304,2.4088370578287304,1
1,8,4,11,1,1,1,13,1,9,5,1,0,0,1,0,0,18,0,0,6,8,5,12.849464510451204,0,0,7,10,6,12.585903281852442,0,11.032150356960402,0.7809323814389277,1.9566736664963755,1
1,1,4,12,1,1,1,1,1,5,4,1,0,0,1,0,0,20,0,0,7,8,5,12.91263515796067,0,0,7,8,6,13.134656579084732,0,13.355863158001082,-0.0097936842672436,1.1527578946659456,1
1,1,3,11,1,1,1,13,27,7,8,1,0,0,1,0,0,20,0,0,6,7,5,12.986564737661189,0,0,6,7,5,12.986564737661189,0,8.266873504121335,2.308242841946916,0.5242300106371593,1
1,14,1,5,1,14,2,13,1,6,5,0,0,0,1,0,0,22,0,0,6,11,5,12.74982616569578,0,0,6,17,2,11.97560613767541,0,13.080482627750971,1.004874207686205,0.5058634282763916,1
1,1,5,12,1,1,1,1,1,4,5,1,0,0,1,0,0,20,0,0,7,8,6,13.222850416212127,0,0,7,8,7,13.785215840596011,0,13.9585412900426,-0.284728359119322,0.7464758234900676,1
1,14,1,6,1,1,1,13,28,5,9,1,0,0,0,0,0,18,0,0,5,11,4,12.77975877478803,0,0,5,11,3,11.740080408403989,0,13.635710529745635,0.580964900847877,0.2415993492221968,1
1,7,1,2,1,1,1,3,2,3,3,0,0,0,1,0,0,24,0,10,16,18,10,12.754465837643098,0,8,12,15,9,13.366428322642898,0,12.05728622223881,0.3514906963034841,1.2290917837308517,1
1,15,1,10,1,14,1,18,27,4,8,1,0,0,1,0,0,20,0,0,6,11,2,12.0,0,0,6,9,2,10.85855584500836,0,13.030169325755892,0.7776457180367835,1.003609573548137,1
1,1,2,2,1,1,1,22,27,5,9,1,0,0,1,0,0,18,0,0,0,0,0,0.0,0,0,0,0,0,0.0,0,7.6,2.6,0.32,1
1,1,1,12,1,1,1,22,27,10,8,1,0,0,1,0,0,18,0,0,6,7,5,13.396461403285157,0,0,6,6,5,12.737191272974158,0,11.646295275689898,0.923958907424433,1.7664467273653093,1
1,16,1,9,1,15,1,14,14,28,28,0,0,0,1,0,0,28,0,5,10,17,7,12.181753969150757,0,2,8,14,7,11.763896424939423,0,9.53737498587554,1.236103575060575,3.1967757212268766,1
1,1,1,6,1,1,1,2,1,4,2,0,0,0,1,0,0,18,0,0,5,11,2,13.030443265699308,0,0,5,7,3,11.484778367150346,0,8.472601060870623,0.9517535516888228,-1.3476375829971907,1
1,4,1,12,0,1,1,18,27,7,7,0,0,0,1,0,0,18,0,0,5,9,0,0.0,0,0,5,7,0,0.0,1,7.6,2.6,0.32,1
1,14,1,17,0,1,1,22,27,8,9,0,0,0,1,0,0,30,0,8,12,15,8,10.467710868028584,0,7,11,17,9,10.362034783974591,0,8.935036499611599,0.0782643896225367,-2.23140308814661,1
1,12,1,17,0,1,1,22,28,10,4,0,0,0,1,1,0,37,0,0,5,7,4,12.099422926580452,0,0,5,7,4,12.172787885225066,0,15.018153365057447,1.8664221447988036,-2.599402387830386,1
1,1,1,14,1,1,1,2,27,3,10,0,0,0,1,0,0,19,0,0,5,7,4,12.5597449956403,0,0,5,8,4,11.821493690054153,0,9.511839860489662,1.8830600523163763,1.1683789380922875,1
1,12,1,5,1,1,1,2,3,5,3,1,0,0,1,0,0,25,0,0,6,11,3,11.80450577687352,0,0,6,17,4,12.656727672218173,0,13.07587163323167,1.0014531472363988,0.5145648211595941,1
1,1,1,14,1,1,1,2,28,3,10,1,0,0,1,0,0,19,0,0,6,7,5,12.458021667107731,0,0,6,10,4,12.596841145144168,0,10.30307583487706,0.6191191690925248,0.0149632553589413,1
1,1,2,12,1,1,1,13,14,7,8,0,0,0,1,0,1,18,0,0,7,8,6,13.644582847496435,0,0,7,7,7,12.880706441648467,0,12.4,0.5,1.79,1
1,13,2,7,1,1,1,23,14,9,7,0,0,0,1,0,0,18,0,0,5,8,2,10.154322246312883,0,0,5,9,0,1.4219692695973016,0,15.5,2.8,-4.06,1
1,1,1,6,1,1,1,22,14,9,6,0,0,0,1,0,0,19,0,0,5,9,2,13.171888594080071,0,0,5,10,4,11.459656619258167,0,10.8,1.4,1.74,1
1,15,1,8,1,1,1,1,1,4,4,0,0,0,1,0,0,20,0,0,5,8,5,13.258756097265657,0,0,5,10,3,12.769592714130114,0,11.964578798692967,0.3220996718486889,1.6402028848598749,1
1,14,1,10,1,1,1,13,27,5,6,1,0,0,1,0,0,19,0,0,5,11,1,11.78878923763032,0,0,5,8,2,11.68318385644548,0,13.808856502440817,2.622825111914637,-1.4528834080274755,1
1,14,1,13,1,1,1,1,24,23,43,1,0,0,1,0,0,22,0,0,7,10,5,12.518200872680303,0,0,7,12,2,13.322583875911674,0,8.9,1.4,3.51,1
1,1,1,2,1,1,1,2,2,3,3,1,0,0,1,0,0,18,0,0,0,0,0,0.0,0,0,0,0,0,0.0,0,9.85762394245561,1.6122895251756704,1.0113973323770309,1
1,6,1,5,1,1,1,23,28,3,3,1,0,0,1,0,0,20,0,0,5,7,4,11.713692066587814,0,0,5,8,3,12.24659409546339,0,14.98215239952688,2.9664510144377885,-3.6235284510297983,1
1,4,1,2,1,1,1,1,2,5,8,1,0,0,1,0,0,18,0,0,0,0,0,0.0,0,0,0,0,0,0.0,0,12.4,0.5,1.79,1
1,1,2,8,1,1,1,1,1,5,3,1,0,0,1,1,0,18,0,0,4,5,0,0.0,0,0,4,5,0,0.0,0,7.6,2.6,0.32,1
1,8,1,6,1,1,1,22,27,5,7,0,0,0,1,0,0,20,0,0,5,7,4,12.928085245305644,0,0,5,8,4,12.610577983905069,0,10.978425573591691,0.924198470422151,1.9065305353522477,1
1,10,1,5,0,1,1,1,11,4,6,0,0,0,1,0,0,21,0,0,5,6,3,11.296525619871876,0,0,5,10,3,12.956861475226823,0,11.604056169632177,0.9477184045819016,1.7651267553010055,1
1,8,3,12,1,1,1,1,1,5,5,1,0,0,1,0,0,18,0,0,6,8,6,12.63753196224522,0,0,7,9,6,13.252192311516705,0,13.480303872448443,-0.0761620653058366,1.0697974183677044,1
1,1,1,8,1,1,1,13,27,9,9,1,0,0,1,0,0,18,0,0,5,10,3,13.254868920704048,0,0,5,5,4,13.250789777819856,0,13.07302555545036,3.337632317562507,-1.616868590499634,1
4,12,1,17,0,1,1,22,27,10,10,0,0,0,1,0,0,30,0,0,5,10,3,10.380006179553485,0,0,5,9,4,12.463955507214925,0,12.442005561598137,0.9480593237134368,1.301335300075033,1
1,1,3,10,1,1,1,13,1,4,6,0,0,0,1,0,0,19,0,0,6,9,5,12.140964436407051,0,0,6,8,3,11.631841901317308,0,13.161685352623074,-0.0626845776288452,1.1143310772405783,1
1,13,1,6,1,1,1,2,2,5,3,0,0,0,1,0,0,24,0,0,5,10,3,12.029823313039426,0,0,5,16,3,12.764466880883882,0,12.053552088617852,0.5266498393370882,1.8512946304753028,1
1,1,1,7,1,1,1,13,14,10,8,0,0,0,0,1,1,18,0,0,5,6,4,13.995692169221485,0,0,5,6,4,13.67775992799517,0,9.83735397539328,1.158966120613156,3.049357474949587,1
1,8,1,15,1,1,1,23,28,9,6,0,0,0,1,0,0,20,0,0,6,8,4,11.933723018966186,0,0,6,8,5,11.582602672771737,0,13.970542970574254,1.897369621978248,-3.8243131790720977,1
2,14,1,17,0,1,1,22,27,4,9,0,0,0,1,0,0,31,0,7,10,15,7,10.482013064854078,0,6,10,14,9,10.770579499237824,0,7.6,2.6,0.32,1
1,4,3,12,1,1,1,13,1,7,6,0,0,0,1,0,0,18,0,0,7,8,5,13.29015668227207,0,0,8,9,7,12.824222879661622,0,11.1,0.6,2.02,1
4,12,1,5,0,1,1,22,27,10,9,0,0,0,1,0,0,48,0,0,5,9,4,11.804548324854933,0,0,5,8,5,11.97068224872824,0,10.20261212945116,0.4612476319946814,-0.3337893220481129,1
1,15,1,12,1,1,1,2,27,24,43,1,0,0,1,0,0,22,0,0,7,11,4,12.529345408312569,0,0,7,12,2,13.31112479037468,0,9.70946518410852,1.124781837403103,3.0696509398449643,1
2,13,1,15,0,1,1,22,27,10,10,0,0,0,1,0,0,33,0,0,5,6,5,10.685257801858828,0,0,5,8,3,11.688079960011445,0,9.4,-0.8,-3.12,1
1,1,1,8,1,1,1,1,1,5,6,0,0,0,0,0,0,18,0,0,5,9,3,11.486059081957151,0,0,5,7,2,13.385455688532137,0,8.602184790183552,1.6749063475228754,2.7792072928350224,1
1,8,3,9,1,1,1,13,1,6,5,1,0,0,1,0,0,20,0,0,5,8,3,11.144490985112329,0,0,5,13,3,10.844072119101376,0,9.990850483370965,0.1284793310115122,-1.0689047505836595,1
1,8,1,12,1,1,1,22,14,9,9,0,0,0,1,0,0,18,0,0,5,7,5,12.09278436026221,0,0,5,9,5,11.834573046486474,0,15.5,2.8,-4.06,1
3,13,1,12,1,1,1,22,27,10,10,0,0,0,1,0,0,38,0,0,7,11,5,13.08603385328457,0,0,7,11,5,13.08603385328457,0,10.667606967402309,1.449647387224135,1.681250591784773,1
1,1,2,13,1,1,1,22,27,10,8,1,0,0,1,0,1,18,0,0,6,8,6,13.510849554634056,0,0,6,6,5,12.881649979157828,0,12.45531127620369,1.0899869461726823,1.1465454868304183,1
1,6,1,2,1,1,1,22,27,9,9,1,0,0,1,0,0,18,0,0,0,0,0,0.0,0,0,0,0,0,0.0,0,10.510921726151656,1.5084043526931294,1.6117215159797968,1
1,1,1,7,1,1,1,3,1,4,2,0,0,0,1,1,0,18,0,0,5,10,2,13.484718332454827,0,0,5,7,3,11.0,0,7.6,2.6,0.32,1
1,1,1,14,1,1,1,1,14,5,5,0,0,0,1,1,0,19,0,0,6,10,6,13.096968871015283,0,0,6,8,5,12.733785630101169,0,11.188724616960318,0.5931750294645908,2.004302567768559,1
1,11,1,4,0,1,1,22,27,10,10,1,0,0,1,0,0,35,0,7,12,12,7,11.847511166763638,0,3,11,12,7,12.1829848757368,0,7.6,2.6,0.32,1
1,10,2,10,1,1,1,1,1,4,6,0,0,0,1,1,0,28,0,0,5,7,0,0.0,0,0,5,9,1,10.562806603642755,0,10.8,1.4,1.74,1
1,14,1,4,1,1,1,1,1,4,7,1,0,0,1,1,0,19,0,3,6,7,3,11.63448140087311,0,1,6,13,4,10.495265451857165,0,13.798616412750295,0.0379452908323441,0.5796290564568662,1
1,6,3,5,1,1,1,22,27,10,10,0,0,0,1,0,0,19,0,0,6,6,6,11.786922143520318,0,0,6,6,6,12.407177620373968,0,7.6,2.6,0.32,1
1,15,1,5,1,14,1,1,19,8,10,0,0,0,1,0,0,20,0,0,6,14,4,12.33911370389331,0,0,6,13,4,11.748053955601062,0,15.92728326690557,1.2739883324801058,-2.1433293455950126,1
1,15,1,6,1,14,1,1,2,7,6,0,0,0,0,0,0,20,0,2,6,10,4,13.164514757940434,0,1,6,20,2,11.974653398528885,0,12.4,0.5,1.79,1
1,14,1,10,1,8,1,22,14,21,13,0,0,0,1,0,0,21,0,1,6,9,4,12.039664937305206,0,1,6,6,3,12.546275760189406,0,13.907267617597808,0.4206701253895891,0.715080199028933,1
1,11,1,7,1,1,1,12,1,29,29,0,0,0,1,1,0,23,0,0,5,10,5,11.467246435092738,0,0,5,12,2,11.27211591538618,0,15.86483463673932,0.3505043698064036,-0.7166051288705741,1
1,1,5,15,1,1,1,1,14,4,4,1,0,0,1,0,0,18,0,0,6,6,6,12.221310040860963,0,0,6,10,5,11.385144609034798,0,8.032004087747861,2.437998467094552,0.5117018139381139,1
1,1,2,12,1,1,1,1,14,5,3,0,0,0,1,1,0,18,0,0,6,11,5,12.027979251606377,0,0,6,10,4,11.485130814124792,0,10.222383401285102,-0.1227430812946221,-0.6334995984673983,1
1,8,4,14,1,1,1,1,14,5,10,0,0,0,1,0,0,20,0,0,6,9,5,12.586472504951304,0,0,6,10,4,13.912610972009755,0,14.744248577301851,3.0429201001529758,-3.42300951515442,1
1,2,1,4,0,2,1,3,1,3,9,0,0,0,1,1,0,27,0,0,5,6,5,13.060419256244815,0,0,5,7,4,13.75271273561619,0,12.2264873853846,0.6177327241439288,1.3028506399627835,1
2,12,1,14,0,1,1,22,27,10,10,0,0,0,1,0,0,34,0,0,5,7,5,11.205583346530098,0,0,5,7,3,12.157818298950785,0,9.4,-0.8,-3.12,1
1,6,1,7,1,1,14,1,2,4,3,0,0,0,1,0,0,24,1,1,7,8,7,13.029664043078602,0,0,6,8,6,11.90728615852198,0,9.454646188914849,1.257376694279039,3.237431015733274,1
1,8,1,8,1,1,1,1,14,3,6,1,0,0,1,0,0,18,0,0,5,7,5,12.449352956619729,0,0,5,8,5,13.219417358122062,0,9.19182508630234,1.4,3.238141893286766,1
1,1,2,14,1,1,1,3,1,4,6,1,0,0,1,0,0,19,0,0,6,10,4,13.876899859989567,0,0,6,10,5,12.008952737455305,0,11.001519887991654,0.6358109498212168,2.0866978940420164,1
1,12,1,16,0,1,11,22,14,10,9,0,0,0,1,0,1,29,0,0,5,13,4,10.555240050315442,0,0,5,9,4,10.709912191198676,0,15.066918005526938,2.9392049267949125,-3.6949737475155615,1
1,1,1,13,1,1,1,13,1,5,6,1,0,0,1,0,0,18,0,0,6,7,6,12.430482146245756,0,0,6,10,4,12.30886730825791,0,14.502667918552016,0.8676690921945287,-1.0368371281107946,1
1,1,1,16,1,1,1,3,1,3,7,1,0,0,1,0,0,18,0,0,6,8,6,11.455310703616112,0,0,6,10,4,12.789519775725031,0,12.270135656971146,0.5937965752093716,1.2894745567346488,1
1,1,1,10,1,1,1,2,14,4,11,0,0,0,1,0,0,19,0,0,5,7,4,11.524493014364614,0,0,5,8,4,11.917862775138074,1,14.34032784696114,0.6788221052486565,-0.0039392727623396,1
1,1,1,12,1,1,1,3,1,7,9,0,0,0,1,0,0,19,0,0,7,8,6,14.32529102765689,0,0,8,8,7,14.060073506090072,0,12.594537951659737,2.5750714843705,-0.4731248376415762,1
1,1,1,12,1,1,1,13,1,4,8,0,0,0,1,0,0,20,0,0,6,8,6,12.7248042995955,0,0,6,9,4,12.0,0,12.255821941698906,0.2284858044539229,1.5122639327536946,1
1,14,1,4,0,4,1,22,27,10,10,0,0,0,1,0,0,36,0,6,11,12,7,11.567677955146635,0,4,11,12,7,12.135355910293274,0,8.632760576088664,2.009851099377906,0.8216265655287798,1
1,14,1,7,1,1,1,13,27,5,10,1,0,0,0,0,0,18,0,0,5,11,3,13.401713941731844,0,0,5,11,2,12.603999197374304,0,11.369202167089377,0.8649704310223518,0.6011944473860327,1
1,1,5,15,1,1,1,1,14,4,4,1,0,0,1,0,0,18,0,0,6,7,6,12.352728231355696,0,0,6,10,5,11.830420360358122,0,9.07098084083562,2.0483821846866426,0.9727477481208062,1
1,1,1,8,1,1,1,1,1,4,6,0,0,0,1,0,0,20,0,0,5,9,3,10.752724531752238,0,0,5,12,2,12.424066589630378,0,7.865766936293677,2.448133179260756,0.4490867976283575,1
1,7,1,7,1,1,1,1,2,10,11,1,0,0,1,0,0,19,0,0,5,7,4,12.01944133601974,0,0,5,8,2,12.46111732796052,0,10.652245846249984,1.4,1.877644659019754,1
1,15,1,7,1,14,1,1,1,5,5,0,0,0,1,0,0,20,0,0,5,7,4,12.00501297991238,0,0,5,6,4,12.404035448829468,0,10.803743025001246,1.3978945484367995,1.7401169695312888,1
1,6,1,2,1,1,1,2,3,4,4,1,0,0,1,0,0,23,0,10,16,18,11,12.879726716551897,0,8,12,15,9,13.478882386148134,0,12.286947858724805,0.5290705506136222,1.8455570522838116,1
1,1,1,5,1,1,1,1,1,5,9,1,0,0,1,0,0,19,0,0,5,7,4,11.39614719972385,0,0,5,10,2,11.007880727837575,2,7.6,2.6,0.32,1
1,1,1,15,1,1,1,22,27,9,7,0,0,0,1,0,0,19,0,0,6,11,1,16.53607814293815,0,0,6,11,1,16.53607814293815,0,9.4,-0.8,-3.12,1
1,8,1,13,1,1,1,22,27,9,9,1,0,0,1,0,0,18,0,0,6,7,5,12.803608338420142,0,0,6,9,5,13.108431549435766,0,10.894378967042824,1.1483227545524712,1.828087035906635,1
1,1,1,9,1,1,1,22,27,9,9,0,0,0,1,0,0,18,0,0,5,9,1,8.074302518167611,0,0,5,9,3,11.269143417272254,0,7.6,2.6,0.32,1
1,8,2,8,1,1,1,2,28,3,10,1,0,0,1,0,0,18,0,0,5,15,3,10.69193414282392,0,0,5,11,2,11.943148178646176,0,13.72944453593853,-0.3189506071179412,0.6418062523377,1
1,15,1,6,1,14,1,1,1,6,5,0,0,0,0,0,0,23,0,1,6,11,4,13.21101220291267,0,1,6,17,2,13.080027117583713,0,12.4,0.5,1.79,1
1,10,1,13,1,5,1,22,14,15,12,1,0,0,1,0,0,18,0,0,6,6,5,12.460373488297094,0,0,6,6,4,13.259616255690204,0,12.4,0.5,1.79,1
1,4,1,12,0,1,1,6,27,8,8,1,0,0,1,0,0,18,0,0,5,9,0,0.0,0,0,5,7,0,0.0,1,7.6,2.6,0.32,1
1,1,1,9,1,1,1,1,27,5,9,0,0,0,1,0,0,20,0,0,6,11,4,10.764739902538148,0,0,6,9,4,11.296724484459942,0,11.1,0.6,2.02,1
1,8,2,12,1,1,1,1,1,6,10,1,0,0,1,0,0,18,0,0,7,9,5,13.98996595628658,0,0,7,9,6,12.578001732527952,0,12.462743810494104,0.4665366344031443,1.7481707930039303,1
1,8,1,9,1,1,1,1,1,5,4,0,0,0,1,1,0,20,0,0,5,5,5,11.289929103265182,0,0,5,11,2,11.566632906316752,0,10.02685572462618,1.6899291032651822,1.3969172278028676,1
1,16,1,4,1,15,1,24,14,4,6,0,0,0,0,0,0,22,0,0,6,7,3,7.02844323867688,0,0,6,9,2,7.667392624011142,0,11.282934056793872,1.9054708605320332,0.7768468469803622,1
1,1,1,14,1,1,1,2,28,3,10,1,0,0,1,0,0,19,0,0,6,7,5,12.50361433821554,0,0,6,10,4,12.52560259653822,0,10.462650183754391,0.8698788601854697,0.5689142093188102,1
1,5,1,2,1,1,1,22,23,10,9,0,0,0,1,1,1,18,0,0,0,0,0,0.0,0,0,0,0,0,0.0,0,11.65527967925327,0.9309756597643356,1.4778981628094816,1
2,8,1,15,0,1,1,22,27,10,9,0,0,0,1,0,0,36,0,0,5,8,5,11.254892631915794,0,0,5,7,3,11.994749474470188,0,9.4,-0.8,-3.12,1
1,1,3,7,1,1,1,2,1,4,5,1,0,0,1,1,0,18,0,0,5,9,3,11.766921602159858,0,0,5,10,1,10.980576800179987,0,8.874749840233985,1.4233078397840142,3.448039992574162,1
1,1,1,9,1,1,1,22,27,10,10,0,0,0,1,0,0,19,0,0,5,8,2,10.112742218591304,0,0,5,10,2,11.064424124909316,0,7.90923579956472,2.48403657516323,0.4572233860568446,1
1,1,1,9,1,1,1,22,27,10,10,0,0,0,1,0,0,18,0,0,5,7,3,10.412224261029976,0,0,5,10,3,11.451111693627611,0,8.730672258825077,2.1759979029405963,0.821735814853628,1
1,1,1,12,1,1,1,5,1,3,9,0,0,0,1,1,0,20,0,0,7,9,5,13.584953686626674,0,0,8,9,7,13.299780710437275,0,12.860237182814611,0.2545401691655398,1.4831752114569248,1
1,1,1,9,1,1,1,23,27,6,6,0,0,0,1,0,0,18,0,0,5,11,4,11.54194525333788,0,0,5,8,4,12.025797903329355,0,14.018670355315033,-0.2690425160047739,0.7017711706136059,1
1,9,3,15,1,1,1,13,27,8,8,0,0,0,1,0,0,21,0,0,6,11,4,12.634471112592514,0,0,6,14,4,11.602900737284136,0,11.328132056719936,1.1029257180950354,1.756504126772498,1
1,8,1,13,1,1,1,1,1,4,8,0,0,0,0,1,0,19,0,0,6,7,5,12.433313358729905,0,0,6,8,4,13.006814096103843,0,13.763087143098687,-0.2249187558928297,0.8319571658245952,1
1,10,2,5,1,1,1,8,27,30,41,0,0,0,1,1,0,21,0,0,5,8,1,6.2748134076792645,0,0,5,7,1,6.666989245659219,0,9.805819734666152,1.0706110055759448,2.896512997885197,1
1,1,1,11,1,1,1,1,1,10,11,0,0,0,1,0,0,20,0,0,6,8,6,12.856480963841213,0,0,6,8,5,12.401249900839389,0,8.901422300955163,1.3994827996526678,3.509036714353094,1
1,14,1,7,1,1,1,22,27,8,8,0,0,0,1,1,0,23,0,0,5,11,1,6.1138723958089765,1,0,5,11,3,11.574032236427136,0,9.4,-0.8,-3.12,1
1,8,1,8,1,1,1,13,28,5,9,0,0,0,0,0,0,18,0,0,6,10,2,12.757136188930131,0,0,6,12,3,12.261893648216889,0,10.9419630354244,1.0214319055349332,1.8724988330627732,1
1,14,1,14,1,1,1,19,1,8,9,1,0,0,1,0,0,18,0,0,6,14,4,13.31507497241634,0,0,6,7,4,12.11843062914497,0,12.93014994483268,0.2318532560594987,1.087212113680308,1
1,8,3,7,1,1,1,14,27,32,38,1,0,0,1,0,0,18,0,0,5,10,3,10.706840859595488,0,0,5,8,3,11.25298494747569,0,9.321829025752626,1.291529679092182,3.302701164487281,1
1,2,3,11,1,1,1,1,17,16,38,1,0,0,1,0,0,19,0,0,6,11,4,12.73618121971342,0,0,6,9,4,12.085286095003466,0,11.458582850103989,0.7420786956875465,2.252639285091756,1
1,8,2,6,1,1,1,1,14,8,4,0,0,0,0,1,0,18,0,0,5,10,3,12.38519805557126,0,0,5,8,3,11.193608990775816,0,9.323717861128388,1.2459207777714956,3.2230274485994106,1
1,15,1,5,1,1,1,1,1,4,4,0,0,0,1,0,0,20,0,0,6,7,6,13.939868221972434,0,0,6,9,3,12.859099751808875,0,14.165148648868756,-0.2308307872516293,0.5928677436671438,1
1,1,5,15,1,1,1,1,14,4,4,1,0,0,1,0,0,18,0,0,6,7,6,12.337380124176637,0,0,6,10,5,11.77841736191613,0,8.949640511137641,2.093884808323385,0.9189029768173278,1
1,2,1,12,1,1,1,20,14,31,42,0,0,0,0,1,0,21,0,0,6,9,5,12.500532678957116,0,0,7,11,4,12.41377612093072,0,11.1,0.6,2.02,1
1,1,1,9,1,1,1,13,27,10,10,0,0,0,1,0,1,19,0,0,5,9,2,10.474506454812024,0,0,5,11,3,12.674750082643904,0,8.823690169022942,2.0646355510524628,0.6947551142632762,1
1,12,1,6,1,1,1,1,1,4,4,0,0,0,1,1,0,33,0,0,5,6,0,0.0,0,0,5,7,0,10.396291238888775,0,10.904276967828302,1.5262300136868925,1.5512038056161264,1
1,1,2,7,1,1,1,1,14,4,5,1,0,0,1,0,0,22,0,0,5,8,3,11.044856314963845,0,0,5,14,2,10.78205747401446,2,11.664773001568696,2.446830475583159,0.1743057234756231,1
1,1,2,15,1,1,1,13,1,6,9,1,0,0,1,0,0,18,0,0,6,7,5,12.263675389857177,0,0,6,8,4,12.104486915214231,0,12.280452814179377,0.5881387793209871,1.2863128472676104,1
1,5,3,12,1,1,1,13,1,7,4,0,0,0,1,0,0,19,0,0,6,8,4,11.800952691529975,0,0,6,14,3,10.0,0,9.4,-0.8,-3.12,1
1,8,2,16,1,1,1,23,28,8,8,1,0,0,1,0,0,18,0,0,6,8,5,13.330033470088646,0,0,6,8,5,12.291527207963975,0,8.229698769202189,1.410568991506976,-0.8834243144752953,1
1,14,1,13,1,1,1,13,14,3,4,0,0,0,1,0,0,19,0,0,6,11,5,12.185412110021709,0,0,6,7,3,14.162363300651233,0,14.738803673751804,-0.0811816503256164,0.166367703428007,1
1,8,1,13,1,1,1,6,1,7,5,0,0,0,1,0,0,19,0,0,6,9,0,0.0,3,0,6,6,0,0.0,3,8.390781050793674,1.1063024596119475,-1.191270452627912,1
1,2,1,16,0,8,1,25,2,6,6,0,0,0,1,0,0,23,0,0,5,5,5,13.75681434846774,0,0,5,6,5,12.460601971698924,0,10.955681434846774,0.9848495070752692,1.885302672523656,1
3,12,1,11,0,1,1,13,2,10,3,0,0,0,1,0,0,25,0,0,6,14,6,11.80241455753821,0,0,7,14,6,11.94592718621248,0,13.022004601734812,3.596498520870953,-1.9714038786050567,1
2,12,1,13,0,6,1,22,27,10,10,0,0,0,1,0,0,32,0,0,5,7,0,0.0,0,0,5,7,0,0.0,0,9.4,-0.8,-3.12,1
1,1,1,10,1,1,1,2,27,2,4,1,0,0,1,0,0,20,0,0,6,10,4,12.896928945573343,0,0,6,14,2,13.593161306375306,0,10.017445026447426,0.1702707558459556,-0.9765836939039344,1
1,1,2,12,1,1,1,3,1,4,5,1,0,0,1,0,0,19,0,0,6,10,5,13.089713473085116,0,0,6,8,6,11.679910929203997,0,11.874168915413597,0.5404485449681851,1.8830316534268257,1
1,13,1,4,1,14,1,13,1,4,4,0,0,0,1,0,0,22,0,0,6,10,4,12.897197897574502,0,0,6,12,3,13.274725446147343,0,15.5,2.8,-4.06,1
1,14,1,12,1,1,1,22,27,10,7,0,0,0,1,0,0,18,0,0,7,8,5,12.61627804438845,0,0,7,7,5,12.887443222883874,0,8.834945029774346,2.031533240262603,0.4121308196815781,1
1,1,3,6,1,1,1,13,28,10,9,1,0,0,1,0,0,19,0,0,5,6,5,12.123040894228472,0,0,5,6,4,11.869161713937906,0,9.4,-0.8,-3.12,1
1,8,1,10,1,1,1,1,1,4,5,0,0,0,0,1,0,21,0,0,5,10,5,11.279448274973152,0,0,5,12,3,14.441103450053694,0,8.039848272395297,2.19398621009665,1.3993199914930723,1
1,12,1,10,1,1,1,15,27,8,9,0,0,0,1,0,1,27,0,0,6,6,0,0.0,0,0,7,7,0,0.0,4,10.878643269928045,1.19028461352522,1.813400385266173,1
1,8,1,9,1,1,1,13,14,5,5,0,0,0,1,0,0,21,0,0,5,9,2,10.173389369959578,0,0,5,9,2,11.30644252016169,0,10.960504329636196,-0.1237814571576486,-0.5659745804954266,1
1,8,2,12,1,1,1,1,1,4,11,1,0,0,1,0,0,18,0,0,7,9,5,13.579119449502183,0,0,7,8,6,13.06023572440712,0,14.021904815288485,0.4146365886690271,0.6333257764653177,1
1,14,1,12,1,1,1,22,27,10,7,1,0,0,1,0,0,18,0,0,7,8,5,12.753932224961709,0,0,7,8,5,12.753932224961709,0,7.6,2.6,0.32,1
1,1,2,6,1,1,1,23,14,8,6,0,0,0,1,0,0,19,0,0,5,7,3,11.248489048749796,0,0,5,7,3,12.873740873958162,0,8.936019468889254,2.098992699166529,0.9128586393196068,1
1,13,1,10,1,14,1,1,1,5,5,0,0,0,1,0,0,22,0,0,6,8,5,12.067257143678052,0,0,6,7,6,12.890977148849776,0,13.328868602294738,2.153280009194177,-1.3807314666615915,1
1,1,4,10,1,1,1,13,27,10,7,1,0,0,1,0,1,19,0,0,6,8,5,11.425692106510873,0,0,6,8,3,10.039214267832383,0,8.918351504650623,1.4,3.4929041246149453,1
1,14,1,6,1,1,1,3,1,3,4,0,0,0,1,0,0,18,0,0,5,9,4,12.249881238212058,0,0,5,11,3,11.667141713818436,0,13.9,-0.3,0.79,1
3,3,1,17,0,1,1,22,27,10,8,0,0,0,1,0,0,37,0,0,5,7,4,10.95363177260582,0,0,5,7,4,11.387635139361551,0,9.0661487627619,-0.1693921074391435,-2.481973191056075,1
1,1,1,7,1,1,1,23,27,3,3,0,0,0,1,0,0,20,0,0,5,9,3,11.20534537002676,0,0,5,7,3,13.013363425066895,0,14.04387361471904,2.3945227742729323,-1.400508165862614,1
1,1,1,7,1,1,1,22,27,10,8,1,0,0,1,1,0,18,0,0,5,9,3,10.621726606283502,0,0,5,8,1,14.134820181149497,1,7.81571228983919,2.519107891310304,0.4157223286161409,1
1,1,1,9,1,1,1,22,14,6,10,0,0,0,1,0,0,18,0,0,5,9,4,10.680534161609591,0,0,5,13,2,10.035014852873736,0,7.6,2.6,0.32,1
1,1,1,2,1,1,1,1,27,9,9,0,0,0,1,1,0,18,0,0,0,0,0,0.0,0,0,0,0,0,0.0,0,15.5,2.8,-4.06,1
1,8,1,9,1,1,1,1,1,9,4,0,0,0,1,1,0,18,0,0,5,6,5,12.027847170445106,0,0,5,7,4,12.495609680335232,0,15.5,2.8,-4.06,1
1,1,1,3,0,1,1,1,27,7,4,0,0,0,1,0,0,22,0,0,5,13,2,10.118057880818158,0,0,5,12,1,10.044271705306809,0,9.4,-0.8,-3.12,1
1,1,2,15,1,1,1,3,3,3,3,1,0,0,1,0,0,22,0,0,6,7,5,13.546111291737692,0,0,6,8,4,11.615038709282503,0,7.7804645113900515,2.5210467762668523,0.3752672566132035,1
1,1,1,11,1,1,1,13,27,4,9,1,0,0,1,0,0,19,0,0,7,9,5,12.830172683042324,1,0,7,9,5,12.830172683042324,1,10.839343980569517,-0.1762842750865438,-0.7642736851345617,1
1,15,1,4,1,14,1,2,2,7,7,0,0,0,1,1,0,19,0,0,6,10,4,11.09346995494087,0,0,6,12,4,11.72050480481822,0,12.4,0.5,1.79,1
1,12,1,12,1,1,1,3,14,3,8,0,0,0,1,0,0,22,0,2,6,8,4,14.014844694519637,0,2,7,9,4,13.92380556590326,0,14.739276481006788,3.044518273962104,-3.4188187482771504,1
1,13,1,13,1,1,1,2,27,6,8,0,0,0,1,1,0,30,0,3,9,11,7,12.400918960846065,0,3,7,8,6,13.031284558585876,0,11.390789480953496,0.8550334135293431,0.6028049295314513,1
1,1,5,12,1,1,1,1,1,5,5,1,0,0,1,0,0,20,0,0,7,8,6,13.178605517663245,0,0,7,8,7,13.619714079110354,0,13.762450997332856,-0.2266405319108558,0.8816993351114302,1
1,1,1,6,1,1,1,22,27,10,8,0,0,0,1,0,0,19,0,0,5,8,1,13.504555695742631,0,0,5,7,2,10.44849395177123,0,10.510022530633792,0.7136670872278992,-2.6423539413636408,1
2,12,1,15,0,1,1,22,27,10,10,0,0,0,1,0,0,35,0,0,5,7,4,11.08963747456244,0,0,5,7,3,11.855852524967856,0,8.540534544942142,0.8234347484426214,-1.477466019222759,1
1,8,1,9,1,1,1,2,3,3,3,0,0,0,1,0,0,19,0,0,5,10,3,11.0,0,0,5,7,4,11.56693204820384,0,14.750361060117006,3.0409553735338197,-3.428161464955762,1
1,7,1,5,1,1,1,1,3,4,3,1,0,0,0,0,0,18,0,0,6,10,1,11.00468490686017,0,0,6,11,4,11.0105968131361,3,7.604350270655873,2.595984365548425,0.3306748949171037,1
1,6,1,14,1,1,1,22,27,10,7,1,0,0,1,0,0,40,0,0,6,8,5,12.287845416030963,0,0,6,9,5,11.968231875953556,0,7.6,2.6,0.32,1
1,8,2,6,1,1,1,23,28,4,5,1,0,0,1,1,0,20,0,0,5,7,4,11.95840153410927,0,0,5,9,3,11.575710176493024,0,14.104086480662057,2.3841959729631648,-2.337383316561682,1
1,14,1,7,1,1,1,1,1,9,3,0,0,1,0,0,0,26,0,0,5,5,0,0.0,0,0,5,7,0,0.0,0,13.164109108459506,-0.0497970968762322,1.1903246449980285,1
1,13,1,11,1,3,1,22,27,8,7,1,0,0,1,0,0,25,0,0,6,7,6,11.762961096028535,0,0,6,8,5,11.943110663046848,0,8.112004032578364,1.6328812717964227,-0.6584965955942077,1
2,12,1,9,1,1,1,22,27,8,10,0,0,0,1,0,0,36,0,0,5,6,4,12.98787017668914,0,0,5,9,4,11.710395905168175,0,10.923267439658732,1.0712868275767158,1.8550496103481493,1
1,10,1,12,1,1,1,13,1,8,5,0,0,0,1,0,0,19,0,0,7,7,0,0.0,5,0,7,8,0,3.0499221026645094,5,11.28540639073806,-0.4950077897335491,-2.5100155794670984,1
1,1,1,2,1,1,1,1,2,4,4,1,0,0,1,0,0,18,0,0,0,0,0,0.0,0,0,0,0,0,0.0,0,12.4,0.5,1.79,1
1,12,1,7,1,14,1,1,1,6,10,0,0,0,1,1,0,24,0,2,5,6,5,14.197422818444553,0,1,5,5,2,13.528187923262704,0,16.02861742656277,0.3090201354440646,-0.7977771647329243,1
4,12,1,7,1,1,1,22,27,9,10,0,0,0,1,0,0,34,0,0,5,13,1,16.693490723698478,0,0,5,10,2,11.093829370296383,0,9.55325463815076,-0.5591712829059468,-2.5879874704195003,1
2,12,1,17,0,1,1,22,27,10,10,0,0,0,1,0,0,35,0,0,5,6,4,10.534603422702803,0,0,5,7,3,11.300697488288304,0,8.304934252972641,1.2684575221627894,-1.0272076834588248,1
1,11,1,7,1,1,1,1,1,4,5,0,0,0,1,1,0,32,0,0,5,7,0,0.0,0,0,5,8,1,10.875562442703144,0,10.8,1.4,1.74,1
1,1,1,14,1,1,1,22,27,10,10,0,0,0,1,0,0,18,0,0,5,6,3,11.681194767480193,0,0,5,6,3,13.391039243898565,0,7.6,2.6,0.32,1
1,12,1,9,1,9,1,22,27,10,8,0,0,0,1,0,0,41,0,0,5,6,5,11.607214667066309,0,0,5,8,5,12.086008260352337,0,8.246434169141173,2.35758718657206,0.6068551625563956,1
1,1,1,12,1,1,1,22,14,8,10,1,0,0,1,0,0,21,0,0,5,6,3,12.49401156559879,0,0,4,5,3,11.870508674199094,0,7.6,2.6,0.32,1
1,10,2,9,1,1,1,22,1,6,10,0,0,0,1,0,0,19,0,0,6,11,5,13.427248988316943,0,0,6,7,4,13.341686766357192,0,13.9,-0.3,0.79,1
1,15,1,6,1,14,1,22,27,6,7,0,0,0,1,0,0,20,0,2,6,15,5,12.672556494973303,0,1,6,15,2,13.473495772620122,0,16.132855957304308,0.3035338969839837,-0.8721156958670213,1
1,8,1,2,1,1,1,20,27,10,7,1,0,0,1,0,1,18,0,0,0,0,0,0.0,0,0,0,0,0,0.0,0,8.190585211529335,2.7273811240553467,0.0860819358256359,1
1,8,1,10,1,1,1,1,1,8,8,0,0,0,1,0,1,19,0,0,6,11,4,11.460008477399231,0,0,6,11,5,11.865934757427985,0,15.5,2.8,-4.06,1
1,15,1,5,1,14,1,22,27,6,6,0,0,0,1,0,0,20,0,1,6,15,5,12.778988704962185,0,0,6,14,2,13.384468760610323,0,16.132606777022687,0.5406900820618237,-1.2223067430696504,1
1,14,1,17,0,14,1,22,13,9,8,0,0,0,1,0,0,26,0,1,5,6,5,12.69406489513949,0,1,5,6,5,13.1756792418222,0,9.41838565331729,-0.7848588737387024,-3.064410436440666,1
1,12,1,4,1,1,2,1,1,27,26,0,0,0,1,1,0,22,0,0,6,9,5,12.911478687440749,0,0,6,11,3,9.960927826774563,0,10.773524392876544,1.1176881051829866,2.373053005418755,1
1,8,1,6,1,1,1,1,28,5,9,1,0,0,1,0,0,20,0,0,5,12,2,11.24668478735614,1,0,5,11,2,10.581233011853618,0,9.51047689612092,-0.7090190267239485,-2.7859698552579246,1
1,1,1,6,1,1,1,13,27,10,7,1,0,0,1,0,0,18,0,0,5,10,4,13.799209881787256,2,0,5,6,5,12.322844425565878,0,10.725214780204109,1.0071110639146934,-2.549756064275808,1
1,1,1,2,1,1,1,1,27,8,9,0,0,0,1,1,0,18,0,0,0,0,0,0.0,0,0,0,0,0,0.0,0,15.5,2.8,-4.06,1
1,1,1,7,1,1,1,22,27,10,9,1,0,0,1,1,0,18,0,0,5,7,3,10.153712797203346,0,0,5,8,1,15.53886160838996,0,10.06217857342394,1.676683034966023,1.412591741956873,1
1,8,1,5,1,1,1,13,14,7,7,0,0,0,1,1,0,18,0,0,5,7,5,12.361559580374896,0,0,5,10,5,10.882259348521126,3,15.556441567452373,0.333871496449875,-0.4610412231041927,1
1,1,1,11,1,1,1,13,14,9,4,0,0,0,1,0,0,20,0,0,6,7,6,12.80351046963892,0,0,6,9,4,13.240677524069993,0,12.6638983713895,3.3149159614880133,-1.280017720497864,1
1,8,1,10,1,1,1,1,1,9,9,0,0,0,1,0,1,19,0,0,6,11,4,10.83349567092718,0,0,6,12,5,11.54303324405216,0,15.5,2.8,-4.06,1
1,12,1,12,1,1,1,22,27,7,7,1,0,0,1,0,0,25,0,0,7,9,6,12.794523111176288,1,0,7,9,6,12.794523111176288,1,8.708636899315751,0.5059080790702486,-1.7987282964701017,1
1,1,3,5,1,1,1,1,28,9,8,0,0,0,1,0,0,18,0,0,5,5,5,14.201710557554636,0,0,5,6,5,13.935719109503426,0,11.147751518654598,0.5963268062573386,2.0115516543918788,1
1,8,5,12,1,1,1,2,27,3,10,1,0,0,1,0,0,20,0,0,7,7,6,13.57129548010634,0,0,7,10,6,14.74554700269922,0,10.95044592044164,0.6854594740333488,1.947359447071653,1
1,8,1,17,0,1,1,22,27,5,6,0,0,0,1,0,0,24,0,0,5,8,2,11.413102847896983,0,0,5,10,3,13.92781329018592,0,7.6,2.6,0.32,1
1,6,1,7,1,1,12,1,1,8,7,0,0,0,1,1,0,20,1,0,5,9,3,12.437692068646257,0,0,5,7,4,11.548845469305189,0,8.9,1.4,3.51,1
1,12,1,17,0,1,1,13,27,10,9,0,0,0,1,0,0,27,0,0,5,8,4,11.118310907805386,0,0,5,7,4,10.58873318085404,0,10.621732854112697,0.8659993465173113,-2.5942846506545374,1
1,1,2,11,1,1,1,22,27,10,9,1,0,0,1,0,0,18,0,0,7,7,6,13.233586113298434,0,0,7,7,6,13.118213301012272,0,12.288984356230548,3.202454747015927,-0.955845360754256,1
1,13,1,3,1,1,1,3,2,3,5,0,0,0,1,0,0,23,0,0,6,10,5,13.195218899970824,0,0,6,12,3,13.73089861777648,1,15.008001156644298,-0.0109562200058352,-0.0337747729833693,1
1,1,1,12,1,1,1,23,14,7,8,0,0,0,1,0,0,18,0,0,6,9,3,11.71643950603586,0,0,6,9,5,12.176610374356423,0,8.88872296822291,2.1167288869164094,0.8918708171489158,1
1,1,1,9,1,1,1,13,27,8,8,1,0,0,1,0,0,19,0,0,5,11,3,12.292427548021385,0,0,5,7,4,12.664955898795624,0,14.537610253010936,1.9148928970750885,-1.2904754293289908,1
2,13,1,17,0,1,1,22,27,10,10,0,0,0,1,0,0,32,0,0,5,6,4,10.538303378336986,0,0,5,9,4,11.380116683975764,0,9.4,-0.8,-3.12,1
1,4,1,9,1,1,1,13,14,8,9,0,0,0,1,0,0,20,0,0,5,6,5,15.130177698390856,0,0,5,7,5,14.37674733126179,0,11.769822301609144,0.5484752075685274,1.901492977407613,1
1,11,1,12,1,7,1,22,14,19,13,1,0,0,1,0,0,19,0,1,6,7,4,12.327457560579084,0,1,6,6,3,13.04030497495549,0,12.4,0.5,1.79,1
1,14,1,14,1,1,1,1,1,5,5,0,0,0,1,1,0,22,0,0,5,14,1,12.989007327420172,0,0,5,8,3,11.24664112782283,0,9.4,-0.8,-3.12,1
1,1,1,8,1,1,1,13,14,9,8,1,0,0,1,0,0,18,0,0,5,7,3,11.173077111034653,0,0,5,6,3,12.121795185057756,0,11.90769351062178,0.7153840891029719,1.6392311376279196,1
1,8,3,10,1,1,1,13,27,5,7,1,0,0,0,0,1,19,0,0,6,8,5,12.320113669533455,0,0,6,7,6,11.91345179167403,0,12.602533904996264,0.1170426733940578,1.3599583203052126,1
1,15,1,5,1,14,1,22,28,6,5,0,0,0,1,0,0,20,0,1,6,16,4,12.289604049601785,0,0,6,14,2,12.745874765870235,0,15.936056168054582,1.2426565426622032,-2.103976617583727,1
1,1,1,6,1,1,1,1,11,4,5,0,0,0,1,0,0,20,0,0,5,9,5,12.942323807892157,0,0,5,12,4,12.14560131512394,1,13.11840197268591,0.1286182730432115,1.0295219761123828,1
1,1,2,9,1,1,1,13,28,10,8,1,0,0,1,0,0,18,0,0,5,5,5,11.793026967953235,0,0,5,8,4,11.241283709941545,0,9.337242711579115,-0.6814584552049954,-3.0000638487956426,1
1,15,1,7,1,14,1,22,27,5,9,0,0,0,1,0,1,20,0,0,6,11,4,12.192644024415626,0,0,6,9,4,10.912871766096847,0,16.126445008859488,0.5626963969304,-1.2499466745445824,1
1,1,1,2,1,1,1,3,27,3,8,1,0,0,1,0,0,18,0,0,0,0,0,0.0,0,0,0,0,0,0.0,0,9.595822457014908,-0.4922789961194325,-2.4402163277911093,1
1,12,1,17,0,1,1,22,28,10,4,0,0,0,1,1,0,36,0,0,5,8,4,12.021283951113146,0,0,5,8,4,11.873255145933728,0,14.76810864356207,1.3819604969015074,-1.8414543257975196,1
1,11,1,12,1,1,1,13,14,2,2,0,0,0,1,0,0,20,0,0,5,11,4,11.469816436649957,0,0,5,8,4,13.06139892008384,0,13.31324535087943,0.0129358128643038,1.1811697660803795,1
1,1,1,12,1,1,1,3,1,3,3,0,0,0,1,0,0,19,0,0,6,11,3,10.636905207998067,0,0,6,9,5,10.745408125028735,0,15.5,2.8,-4.06,1
1,1,1,9,1,1,1,13,27,10,10,0,0,0,1,0,0,19,0,0,5,7,2,10.857507621247777,0,0,5,10,3,12.56157084936988,0,9.12536585065718,2.0279878060035577,0.996881096229123,1
1,1,2,9,1,1,1,3,1,4,4,1,0,0,1,0,0,19,0,0,5,6,5,13.167668430854356,0,0,5,9,5,11.402773541470827,2,16.0313686785737,0.3088753327066473,-0.7997392418249284,1
1,1,1,6,1,1,1,22,14,10,6,0,0,0,1,0,0,19,0,0,5,9,2,13.241338683357265,0,0,5,10,4,11.266974180012308,0,10.327019306710426,1.5773677599835907,1.530114817352751,1
1,1,1,2,1,1,1,3,3,2,3,1,0,0,1,0,0,19,0,0,0,0,0,0.0,0,0,0,0,0,0.0,0,13.846866447372182,-0.2716621052651639,0.8254223684185451,1
1,4,1,7,1,1,8,22,2,8,3,1,0,0,1,1,0,19,0,0,5,9,4,14.109683788456625,0,0,5,10,2,13.003211475972597,0,11.826976398169812,0.654248959572626,0.6353458582761606,1
1,1,1,14,1,1,1,1,1,4,4,1,0,0,1,0,0,18,0,0,6,7,6,13.851777224691144,0,0,6,7,5,14.783366713010135,0,10.860563209116464,0.7368210233620203,1.903702130142283,1
1,6,3,8,1,1,1,1,14,5,6,1,0,0,1,0,0,19,0,0,5,7,3,10.333333333333334,0,0,5,10,3,14.05030379217636,0,9.95268049447505,1.7177448145718568,1.364001969423303,1
1,1,4,14,1,1,1,1,14,5,5,0,0,0,1,0,1,18,0,0,6,7,6,12.436333003886796,0,0,6,9,5,11.626106311731682,0,8.584868362021343,2.0372180788449468,0.7983646329817955,1
1,1,1,12,1,1,1,10,1,5,10,0,0,0,1,0,0,19,0,0,6,8,5,12.607361998881007,0,0,7,9,5,13.102342586407694,0,13.9,-0.3,0.79,1
1,1,2,11,1,1,1,1,14,17,40,1,0,0,1,0,0,19,0,0,6,11,4,13.361913489968584,0,0,6,8,5,12.116073750354564,0,12.38221251063691,0.5045739258362234,1.7987412804870049,1
1,15,1,6,1,14,1,1,2,7,6,0,0,0,0,0,0,21,0,2,6,10,4,12.987000004994824,0,1,6,20,2,11.847857146424875,0,12.4,0.5,1.79,1
1,13,1,7,1,1,1,23,14,9,6,0,0,0,1,0,0,18,0,0,5,9,1,10.048783581673174,0,0,5,9,0,0.0,0,15.202420151793644,2.6243791059765766,-4.014143433227217,1
1,15,1,6,1,14,1,2,1,3,7,1,0,0,1,0,0,19,0,1,6,11,5,12.98476655044198,0,0,6,12,2,12.331506298501903,0,13.9,-0.3,0.79,1
1,8,1,8,1,1,1,22,27,6,6,0,0,0,1,1,0,18,0,0,4,8,0,0.0,0,0,4,4,0,0.0,0,7.6,2.6,0.32,1
1,15,1,5,1,8,1,22,14,4,8,0,0,0,1,0,0,30,0,1,5,8,4,11.027367215013614,0,3,5,11,5,10.203156286684818,0,9.315981668206923,1.6517783781252438,2.939667239116295,1
1,8,1,4,1,1,1,22,27,5,7,0,0,0,1,0,0,20,0,0,5,7,5,13.2278132643014,0,0,5,8,4,13.63821690617623,0,11.06834397929042,0.684416055225546,1.9904543806710588,1
1,8,3,16,1,1,1,13,27,5,10,0,0,0,1,0,0,18,0,0,6,8,4,12.660983556763364,0,0,6,8,4,10.997868833786262,0,15.5,2.8,-4.06,1
1,1,1,9,1,1,1,22,27,6,8,0,0,0,1,0,0,19,0,0,5,12,2,10.312827657920256,0,0,5,11,2,10.37434468415949,0,7.6,2.6,0.32,1
1,8,2,12,1,1,1,22,27,7,7,1,0,0,1,0,0,18,0,0,6,9,4,11.976299056567386,0,0,6,8,5,12.659487522964952,0,11.064871880741238,0.693674984690031,1.9872137553584888,1
1,10,2,14,1,1,1,13,27,10,9,1,0,0,1,0,0,19,0,0,6,8,5,11.716079020443615,0,0,6,8,5,11.50964741226617,0,9.251452865419571,1.98070517546766,1.0528322090299356,1
1,1,1,5,1,1,1,13,14,8,10,1,0,0,1,0,0,18,0,0,5,9,1,9.518394054168091,0,0,5,5,2,9.97165091389038,0,7.768275304999756,2.2821466461115723,-0.0015928051106448,1
1,8,1,14,1,1,1,1,14,7,8,0,0,0,1,0,0,18,0,0,6,6,6,14.2617585892261,0,0,6,7,6,13.3061276694324,0,10.400383703281491,1.0141870477276167,2.7726685801016675,1
1,7,4,9,1,1,1,22,27,10,10,1,0,0,0,0,0,19,0,0,5,8,3,12.331056005053282,0,0,5,9,4,11.21801197852355,0,9.541987180797529,1.4,2.911938257888619,1
1,15,1,6,1,14,1,1,1,7,8,0,0,0,1,0,0,20,0,2,6,11,5,14.168926919543004,0,0,6,10,4,13.839861817498374,0,13.0843316380039,0.1350231263979194,1.3337789079973992,1
1,12,1,3,0,1,1,11,27,5,6,0,0,0,1,0,0,35,0,0,5,5,3,11.454530664072369,0,0,6,5,0,0.0,0,12.185072945167924,3.3883336247069016,-0.9940079064012854,1
1,1,1,8,1,1,1,1,1,4,6,0,0,0,1,0,0,20,0,0,5,9,3,10.968235425185805,0,0,5,12,2,12.2339099189537,0,8.531315283662043,2.0678198379074035,0.7723531377787072,1
1,1,1,9,1,1,1,22,27,7,10,0,0,0,1,0,0,18,0,0,5,8,2,10.260630156090208,0,0,5,7,3,11.854593645513749,0,7.6,2.6,0.32,1
1,1,3,11,1,1,1,13,27,7,8,1,0,0,1,0,0,20,0,0,6,7,5,12.9881015075445,0,0,6,7,5,12.9881015075445,0,8.232828140552574,2.3231376885082486,0.513803618044226,1
3,12,1,4,1,1,1,13,14,8,5,0,0,0,1,0,0,35,0,0,6,14,2,12.672952623659556,1,0,6,12,3,12.754714467744666,0,15.5,2.8,-4.06,1
1,1,4,9,1,1,1,22,27,8,8,0,0,0,1,0,0,18,0,0,5,8,1,10.842659340297471,0,0,5,9,2,12.31643589701372,0,7.6,2.6,0.32,1
1,14,1,4,1,1,1,3,2,3,6,0,0,0,1,0,0,21,0,3,8,13,6,11.360185763188962,1,1,7,14,3,12.477233482550936,0,12.892480126396086,3.058399578679712,-1.3006037377281203,1
1,8,1,7,1,1,1,22,27,5,7,0,0,0,1,0,0,21,0,0,5,7,4,12.667342212078571,0,0,5,8,3,11.716601869983672,0,10.900202663623572,1.1327928970038097,1.8335224860486663,1
1,8,1,15,1,1,1,22,14,10,11,0,0,0,1,0,0,18,0,0,6,6,5,12.650753997913265,0,0,6,7,5,13.320391677618808,0,13.139939097033157,1.0489870719923402,0.3936633168890477,1
1,1,1,5,1,1,1,1,1,4,5,0,0,0,0,0,0,18,0,0,6,10,5,12.279230936088965,0,0,6,10,4,10.984804240562234,0,14.060792193827602,-0.2580542103058431,0.6704544993716529,1
1,1,1,9,1,1,1,1,14,5,6,0,0,0,1,0,0,19,0,0,5,8,5,11.915332724937132,0,0,5,9,4,12.86770738271427,0,9.10108477827431,1.4,3.322673653923406,1
1,1,3,6,1,1,1,13,28,10,9,1,0,0,1,0,0,19,0,0,5,6,5,12.219394442823752,0,0,5,6,4,12.053839348745528,0,9.4,-0.8,-3.12,1
1,12,1,17,0,5,1,22,27,9,9,0,0,0,1,0,0,37,0,0,5,9,4,14.939041993978224,0,0,5,5,5,16.54035937720397,0,10.251496929032529,-0.7053892301074971,-2.380143779440627,1
1,8,5,12,1,1,1,2,28,3,10,0,0,0,1,0,0,19,0,0,7,8,6,13.264459723427557,0,0,7,10,6,14.542924235324724,0,11.28938058756744,0.9669248884119144,1.5796901339057026,1
1,13,1,7,1,1,1,1,28,4,7,0,0,0,1,0,0,19,0,0,5,8,4,11.980657644092451,0,0,5,11,2,10.51381596850539,0,13.780077393373212,-0.2342359899143427,0.826750476224338,1
1,1,2,4,0,1,1,3,1,3,6,0,0,0,1,0,0,18,0,0,6,8,4,11.33183751096248,0,0,6,9,1,5.236537598662316,0,9.4,-0.8,-3.12,1
1,11,1,7,1,1,1,13,27,9,10,0,0,0,1,0,1,23,0,0,5,7,5,11.901859494537392,0,0,5,8,3,13.637214440684396,0,12.7,3.7,-1.7,1
1,8,2,16,1,1,1,1,14,4,10,1,0,0,1,1,0,18,0,0,6,6,5,12.59691289754717,0,0,6,6,6,12.997427414622642,0,10.783535453584914,1.4061742049056576,1.732693857528305,1
1,8,1,9,1,1,1,22,27,9,9,0,0,0,1,0,1,20,0,0,5,8,1,10.3000884709865,0,0,5,12,4,11.44801415535784,0,12.7,3.7,-1.7,1
1,7,1,12,1,1,1,22,27,10,10,1,0,0,1,0,0,19,0,0,5,7,4,12.92564980617009,0,0,5,9,4,13.107109274046923,0,10.8,1.4,1.74,1
1,14,1,12,0,1,1,13,27,27,42,0,0,0,1,0,0,21,0,0,7,12,4,13.056525981952026,0,0,7,8,5,12.357679650861504,0,13.44350654634684,-0.1447922257579255,1.0383324387873194,1
1,1,1,6,1,1,1,23,27,2,2,0,0,0,1,0,0,20,0,0,5,8,3,11.333600026542884,0,0,5,8,3,13.331839851359854,0,12.70134413377613,3.695519554079562,-1.697210922414527,1
1,8,1,16,1,1,1,1,14,4,10,1,0,0,1,0,0,18,0,0,6,7,5,12.481648462677269,0,0,6,6,5,12.112363470079512,0,12.885945845313142,2.02134557094434,-0.8341459367694091,1
1,5,1,2,1,1,1,2,2,4,4,1,0,0,1,0,0,23,0,11,17,19,11,12.725291376285124,0,9,13,18,9,13.154865010272164,0,12.083626544920415,0.5243364196215066,1.845973765129465,1
1,1,1,2,1,1,1,3,2,3,3,1,0,0,1,0,0,18,0,0,0,0,0,0.0,0,0,0,0,0,0.0,0,11.15829601265004,1.0432454944656069,1.4097281538740754,1
1,15,1,4,1,14,1,4,4,5,3,0,0,0,1,1,0,21,0,0,6,13,5,12.779276726185952,0,0,6,13,2,11.320662340026084,0,13.133904885431711,0.4613734270825413,1.2666099369684358,1
1,1,1,16,1,1,1,1,27,5,10,1,0,0,1,0,0,19,0,0,6,9,4,12.043016647659762,0,0,6,10,4,12.89908213063842,0,9.4,-0.8,-3.12,1
1,14,1,4,1,12,1,23,14,5,6,0,0,0,0,1,0,23,0,0,6,6,0,0.0,0,0,6,7,0,0.0,0,13.345538395078266,2.3429929928953896,-1.588897825870072,1
1,1,3,14,1,1,1,1,28,4,10,1,0,0,1,0,0,19,0,0,6,9,5,12.745793052737053,0,0,6,9,4,13.029343712512745,0,10.720467063073512,-0.2277976060014783,-0.9588355734363528,1
1,8,3,5,1,1,1,23,27,6,6,1,0,0,1,1,0,18,0,0,5,6,5,12.736796786016452,0,0,5,8,4,11.585350170848413,0,14.584833531435963,2.7768312286439483,-3.552603907302471,1
1,10,1,7,1,1,1,13,14,7,6,0,0,0,1,0,0,22,0,0,5,11,1,10.125565120662266,0,0,5,10,1,10.874434879337734,0,10.218433766953796,1.060974174211881,2.862083977382706,1
1,1,1,11,1,1,1,13,14,6,7,0,0,0,1,0,1,18,0,0,6,6,6,13.803519461555918,0,0,7,7,7,13.786113695699589,0,12.4,0.5,1.79,1
1,8,2,9,1,1,1,1,1,5,8,0,0,0,1,0,0,18,0,0,5,5,5,12.273622956899716,0,0,5,5,3,10.90933971024992,0,11.045603826149952,0.7450564636001266,1.969230237739956,1
1,8,4,9,1,1,1,13,1,6,5,1,0,0,1,0,0,20,0,0,5,8,3,11.282112179523295,0,0,5,14,3,10.0,0,9.618362820758426,-0.6201717946695322,-2.4597735890009966,1
1,1,2,6,1,1,1,22,14,10,6,0,0,0,1,0,0,19,0,0,5,7,3,11.929164262933604,0,0,5,7,3,12.649971155203255,0,7.6,2.6,0.32,1
1,8,2,6,1,1,1,13,27,5,6,0,0,0,0,0,0,20,0,0,5,13,2,13.01105663124293,1,0,5,8,4,12.030712864563696,0,9.43132712185497,-0.7742011937664955,-3.0252815256855623,1
1,13,1,17,0,14,1,22,14,10,7,0,0,0,1,0,1,31,0,0,5,8,4,12.098907450559178,0,0,5,7,5,12.390729071319766,0,11.273605413154709,1.7549164724836948,-2.313781913127368,1
1,7,2,11,1,1,1,22,27,8,8,1,0,0,1,0,1,18,0,0,6,9,4,11.949592709835526,0,0,6,8,5,12.772021262979711,0,11.052036450822364,0.7279027978070249,1.9752340207675407,1
1,12,1,13,0,1,1,22,28,4,4,0,0,0,1,0,0,29,0,0,6,14,1,10.261434140963464,0,0,6,14,1,10.522868281926929,0,13.79802339204655,3.3470639096993238,-2.625476859010664,1
1,12,1,1,1,1,1,3,1,3,5,0,0,0,1,0,0,25,0,0,6,9,6,14.2115080297285,0,0,6,12,4,13.77606702354349,2,15.787156156125183,0.1923016059456999,-0.6130595769452449,1
1,8,4,16,1,1,1,13,27,8,8,1,0,0,1,0,0,19,0,0,6,9,4,12.614534358727786,0,0,6,12,3,11.448273877443093,0,10.8,1.4,1.74,1
1,1,2,14,1,1,1,22,27,8,7,0,0,0,1,0,0,18,0,0,5,7,3,11.61492402417234,0,0,5,6,4,11.316789527193883,0,9.4,-0.8,-3.12,1
1,1,4,9,1,1,1,22,27,8,8,0,0,0,1,0,0,18,0,0,5,8,1,10.826246524692433,0,0,5,9,2,12.297287612141172,0,7.6,2.6,0.32,1
1,9,1,14,1,1,1,1,27,4,9,0,0,0,1,0,0,26,0,1,7,9,6,11.285714285714286,0,1,6,10,5,12.230552785527868,0,15.133366573665583,2.0896477364770685,-2.9486424264238003,1
1,1,1,4,1,1,1,13,27,5,5,0,0,0,1,0,1,18,0,1,6,8,6,12.070269482324882,0,0,6,12,5,11.231150291103017,0,13.63648944128169,-0.2104064100357745,0.9333497439427604,1
1,13,3,12,1,1,1,23,27,7,6,1,0,0,1,0,0,18,0,0,6,8,5,12.216256173443828,0,0,6,7,5,11.983327551738643,0,7.6,2.6,0.32,1
1,1,4,7,1,1,1,1,14,5,7,0,0,0,0,1,0,18,0,0,5,6,5,12.154196858506426,0,0,5,8,4,12.229015707467864,0,8.9,1.4,3.51,1
2,12,1,12,1,1,1,22,27,10,10,0,0,0,1,0,0,38,0,0,7,9,5,12.44151944355386,0,0,7,9,5,12.44151944355386,0,8.532569585271586,2.2502864055231555,0.7338277534642663,1
2,1,1,17,0,1,1,22,27,10,8,0,0,0,1,0,0,33,0,0,5,9,5,11.189429555374035,0,0,5,8,4,10.855390028299649,0,12.28880071945404,0.9048659983663184,-3.565159455128983,1
1,1,1,9,1,1,1,13,27,10,10,0,0,0,1,0,0,18,0,0,5,7,4,11.57972783880442,0,0,5,11,3,11.041371757542,0,7.785345473788154,2.530495447329442,0.4022470539934936,1
1,1,3,9,1,1,1,1,1,5,3,1,0,0,1,0,0,18,0,0,5,6,0,0.0,0,0,5,6,0,0.0,0,7.734449951964136,2.3460389796232963,0.0630512029129822,1
1,2,2,7,1,1,1,22,28,5,5,0,0,0,1,1,0,18,0,0,5,9,2,11.89296418922874,0,0,5,8,2,12.758274346402366,2,7.6,2.6,0.32,1
1,1,1,10,1,1,1,13,28,10,10,1,0,0,1,0,0,18,0,0,6,8,5,11.61050840239931,0,0,6,11,4,11.011821952699224,0,7.6,2.6,0.32,1
1,3,2,2,1,1,1,19,27,6,10,1,0,0,1,0,0,18,0,0,0,0,0,0.0,0,0,0,0,0,0.0,0,9.252133488347551,2.95634251709457,-0.334374440482756,1
1,8,2,7,1,1,1,1,14,7,7,0,0,0,1,0,0,18,0,0,5,7,3,12.087798694467317,0,0,5,10,4,13.98335935384758,0,10.966212507896904,0.9567666456082572,1.89513167403711,1
1,1,1,8,1,1,1,1,28,5,7,0,0,0,1,0,0,19,0,0,5,8,3,6.86428062006022,0,0,5,7,3,12.517634366959353,0,10.994272093020571,0.8819410852784739,1.921320620152534,1
1,10,2,15,1,1,1,7,1,4,7,1,0,0,1,0,0,19,0,0,6,6,0,0.0,0,0,6,10,1,10.405604140771455,0,12.990262360165856,0.9538354451513996,0.6610929855479305,1
2,12,1,17,0,1,1,22,27,10,10,0,0,0,1,0,0,39,0,0,5,11,2,10.986343550338018,0,0,5,9,4,12.212290804695783,0,9.4,-0.8,-3.12,1
1,13,1,4,1,1,1,13,14,8,8,1,0,0,1,0,0,19,0,3,6,6,4,12.921248626511185,0,1,6,7,4,12.137655162654688,0,13.80156078313898,-0.2474990843407896,0.855626144574013,1
1,1,2,14,1,1,1,3,1,4,6,1,0,0,1,0,0,19,0,0,6,10,4,13.509160605370464,0,0,6,10,5,12.035697410518512,0,10.70732848429637,0.7427896420740472,2.285945708362913,1
1,1,1,5,1,1,1,1,1,5,10,1,0,0,1,1,0,19,0,0,6,8,5,11.384295838230967,0,0,6,7,4,12.758866118131571,1,7.6,2.6,0.32,1
1,8,1,9,1,1,1,13,14,4,4,0,0,0,1,0,0,20,0,0,5,10,2,10.272928547785698,0,0,5,9,2,10.908285808857208,0,11.856356930071282,0.2644213363642218,0.9002375088833299,1
1,15,1,4,1,14,1,2,1,6,7,0,0,0,1,1,0,19,0,0,6,9,4,11.323243875218132,0,0,6,11,5,11.501672499792257,0,12.4,0.5,1.79,1
1,1,2,14,1,1,1,22,27,8,8,1,0,0,1,0,0,18,0,0,5,6,3,11.333676493281878,0,0,5,6,4,11.002573699614084,0,9.39814693627786,-0.7964997685248465,-3.116458589331021,1
1,1,3,12,1,1,1,1,1,9,2,1,0,0,1,0,0,19,0,0,7,8,5,13.716162449760583,0,0,7,8,5,13.649408370784348,0,8.36290375972843,2.266229605118812,0.5536392764168321,1
1,11,1,8,1,1,1,1,27,5,10,0,0,0,0,0,0,21,0,2,7,15,5,11.421910097205236,0,0,5,12,3,10.234269708384293,0,9.4,-0.8,-3.12,1
1,1,1,10,1,1,1,22,14,9,6,0,0,0,1,0,0,20,0,0,6,10,5,10.820337514823494,0,0,6,10,3,10.94430363495783,0,7.6,2.6,0.32,1
1,14,3,14,1,1,1,2,2,5,5,0,0,0,1,1,0,21,0,0,5,11,1,10.306580859081157,0,0,5,9,3,10.427010818052576,0,9.4,-0.8,-3.12,1
1,2,4,12,1,1,1,1,3,11,12,0,0,0,1,0,0,18,0,0,7,9,6,12.006209121021984,0,0,7,8,6,13.835044298230754,0,13.491787368492384,-0.1687887970154094,0.969321977412274,1
1,13,1,15,0,1,1,2,2,5,8,0,0,0,1,0,0,21,0,0,5,5,4,12.922292168370758,0,0,5,7,5,12.631531726919208,0,12.55810722886356,2.186477107877959,-0.0493140957793987,1
1,1,1,13,1,1,1,2,28,3,9,0,0,0,1,0,0,19,0,0,6,7,5,12.251841531599792,0,0,6,9,5,12.164654258674876,0,10.852223770260032,1.260736612639917,1.788742185576029,1
1,12,1,12,1,1,1,1,2,26,19,0,0,0,1,0,0,33,0,0,4,6,3,12.58746728005748,0,0,4,4,3,11.979811267144983,0,11.48788676028699,0.5701625569010007,1.9513738808723016,1
1,12,1,11,0,1,1,13,27,8,10,0,0,0,1,0,0,26,0,0,5,7,5,12.0,0,0,5,8,4,10.872023775897388,0,12.7,3.7,-1.7,1
1,1,1,10,1,1,1,1,1,10,11,0,0,0,1,0,0,19,0,0,5,8,5,12.719213830724488,0,0,5,9,4,12.309129112006724,0,8.9,1.4,3.51,1
4,12,1,7,1,1,1,22,27,10,10,0,0,0,1,0,0,35,0,0,5,14,1,16.424865792421414,0,0,5,10,2,11.460107366062868,0,9.4,-0.8,-3.12,1
1,1,1,5,1,1,1,13,28,5,5,0,0,0,1,1,0,19,0,0,5,7,5,13.175282256210483,0,0,5,12,3,11.346775685855723,0,13.492861108130928,-0.0767302851040573,0.9147683700889092,1
1,1,1,8,1,1,1,13,27,10,10,0,0,0,1,0,0,18,0,0,5,6,4,11.546877774302342,0,0,5,9,3,11.936708427731276,0,11.050696787188643,1.7034750581757263,1.2861068695110875,1
1,15,1,6,1,14,1,23,13,9,6,0,0,0,1,0,0,19,0,0,5,9,2,12.573526693119735,0,0,5,9,3,11.587132828704046,0,12.41102900396796,0.6176427089915779,1.6616959205060604,1
1,14,1,6,1,1,1,1,1,4,4,0,0,0,1,0,0,19,0,0,5,12,4,11.814086041186384,0,0,5,18,3,11.989565895417494,0,12.446953470621274,0.474958149001987,1.758697686252484,1
1,2,1,10,1,1,1,13,27,10,9,0,0,0,1,0,1,19,0,0,6,12,3,10.292508026789475,0,0,6,11,4,10.75,0,11.11009632147369,1.0643328593552603,1.3949669984513178,1
1,8,2,9,1,1,1,1,14,5,8,0,0,0,1,0,0,19,0,0,5,11,4,11.135713233578272,0,0,5,7,4,13.204523774452609,0,12.535713233578273,0.4276196087582547,1.6995245109478183,1
1,11,1,16,0,1,1,22,27,10,9,0,0,0,1,0,0,23,0,0,5,8,5,12.216432044730643,0,0,5,8,5,12.08339669352698,0,16.100152064464748,0.6565997697687531,-1.367889310829554,1
1,14,1,6,1,1,1,2,2,3,5,0,0,0,1,0,0,20,0,0,6,10,4,11.839965945314828,0,0,6,11,3,13.64301364818014,0,13.9,-0.3,0.79,1
2,12,1,17,0,1,1,19,24,12,12,0,0,0,1,0,0,42,0,0,5,9,2,10.880047039219049,0,0,5,7,3,12.140141117657146,0,8.823520199965703,2.8638965137180934,-0.1646099615550436,1
1,13,1,17,0,1,1,23,1,8,4,0,0,0,1,0,0,25,0,1,7,11,4,10.687728512494328,0,1,7,8,6,11.911100792084609,0,11.507678019809456,1.0019311138571807,1.7621149381190455,1
1,6,1,11,1,1,8,13,1,10,4,0,0,1,1,0,0,19,0,0,6,10,0,3.5874478906940004,2,0,6,10,2,11.146746682508116,0,9.586294379089288,1.1504384076038956,3.0451915341622557,1
1,8,2,9,1,1,1,1,28,5,8,1,0,0,1,0,0,19,0,0,5,8,2,11.30185685109532,0,0,5,11,3,11.84907157445234,0,10.190588793167558,1.4,2.3077146505754857,1
1,1,1,5,1,1,1,1,1,6,9,0,0,0,1,0,0,19,0,0,5,7,4,11.657205505560158,0,0,5,9,3,10.793317004460588,2,7.6,2.6,0.32,1
1,9,1,10,1,1,1,22,14,10,9,0,0,0,1,0,0,21,0,0,6,11,6,10.497542869199355,0,0,6,10,4,11.715078664375056,0,12.7,3.7,-1.7,1
1,1,1,11,1,1,1,2,1,2,2,0,0,0,1,1,0,20,0,0,6,12,3,10.240430972258457,0,0,6,9,5,10.956947995779826,0,15.640251400484098,2.299102141128218,-3.430872289257042,1
1,1,1,9,1,1,1,21,26,10,8,0,0,0,1,0,0,20,0,0,5,6,5,13.120873688094315,0,0,5,6,5,12.688646197751575,0,10.8,1.4,1.74,1
1,12,1,3,0,1,1,22,17,10,7,0,0,0,1,0,0,26,0,7,13,17,8,11.446827525126404,0,4,10,15,6,11.16290054845586,0,15.5,2.8,-4.06,1
1,1,1,8,1,1,1,13,27,9,9,0,1,0,1,0,0,19,0,0,6,12,4,11.099599541850589,0,0,6,13,3,11.077937285242465,0,11.831575372246398,0.5437249713656618,1.890567434141022,1
1,1,1,4,0,1,1,2,1,3,8,1,0,0,1,0,0,22,0,0,5,7,5,12.972870111914409,0,0,5,6,5,12.160653053440727,0,10.8,1.4,1.74,1
1,1,1,9,1,1,1,22,27,10,10,0,0,0,1,0,0,18,0,0,5,8,2,10.0,0,0,5,9,2,11.181077601929989,0,7.6,2.6,0.32,1
1,2,1,2,1,1,1,3,27,3,8,1,0,0,1,0,0,18,0,0,0,0,0,0.0,0,0,0,0,0,0.0,0,9.62294403359097,-0.4496593757856181,-2.346065711962775,1
1,1,1,10,1,1,1,22,27,9,8,1,0,0,1,0,0,19,0,0,6,7,5,12.717907043379483,0,0,6,6,5,12.327164584539542,0,10.148156002315924,1.644441499131529,1.4507442260276906,1
1,1,2,11,1,1,1,1,14,4,2,1,0,0,1,0,0,17,0,0,6,12,5,11.13310015599304,0,0,6,11,3,10.527209816263834,0,9.52763028656867,-0.5994381211063784,-2.6769405766259085,1
1,8,3,7,1,1,1,14,14,6,6,1,0,1,0,1,0,18,0,0,5,11,0,1.5365803816111268,0,0,5,8,0,0.0,0,10.337314032782787,-0.2468310626199944,-3.264438555871446,1
2,12,1,17,0,1,1,1,3,4,3,0,0,0,1,1,0,30,0,0,3,3,3,13.42872082117102,0,0,5,5,3,13.647243367328906,0,12.7,3.7,-1.7,1
1,1,1,7,1,1,1,13,27,8,8,0,0,0,1,0,0,20,0,0,6,12,4,11.882588598432063,0,0,6,15,2,11.421725732288042,0,13.166440667595673,1.6332203337978366,-0.8354452861322024,1
1,6,1,8,0,1,12,1,1,9,8,0,0,1,1,0,0,21,1,0,5,8,3,12.315471440855015,0,0,5,7,4,11.25893094623916,0,8.9,1.4,3.51,1
1,8,1,14,1,1,1,23,28,9,6,0,0,0,1,0,0,20,0,0,6,8,5,11.791291335479889,0,0,6,8,5,12.0873360485033,0,15.5,2.8,-4.06,1
1,8,2,12,1,1,1,2,1,3,7,1,0,0,1,0,0,18,0,0,7,7,6,13.192947790782288,0,0,7,8,6,13.579568555748,0,11.270668757349563,1.1352488239908698,1.754708398667174,1
1,12,1,17,0,1,1,22,27,10,10,0,0,0,1,0,0,24,0,0,5,8,3,11.113353669337258,0,0,5,8,3,11.327143469410078,0,11.27608541121648,1.303019638455902,1.5054838529933634,1
1,12,1,12,1,1,1,22,27,9,9,0,0,0,1,1,0,33,0,0,7,15,5,11.290015018151704,0,0,7,16,3,12.515529285395822,0,16.08628942264822,0.4104617037131555,-0.9453412143812534,1
1,1,1,15,1,1,1,13,1,9,3,0,0,0,1,0,0,18,0,0,6,7,5,12.713452525150895,0,0,6,13,3,10.370917749353309,0,10.234564936044944,-0.7072705626616729,-2.3948558000142817,1
1,8,1,9,1,1,1,22,14,8,8,1,0,0,1,0,0,21,0,0,6,11,5,11.865263762719255,0,0,6,11,3,12.860418001144623,0,12.5613708127703,2.221288669549886,-0.0872804552278443,1
1,8,1,14,1,1,1,1,14,5,9,0,0,0,1,0,0,20,0,0,6,8,5,13.398627383671696,0,0,6,10,4,13.001539793958033,0,12.703449138465992,3.698891348350217,-1.702907130992765,1
1,1,1,15,1,1,1,22,14,6,8,1,0,0,1,0,0,18,0,0,6,8,4,11.900278789146263,0,0,6,6,4,12.11476363853645,0,15.5,2.8,-4.06,1
1,8,1,2,1,1,1,1,1,7,5,1,0,0,1,0,0,19,0,0,0,0,0,0.0,0,0,0,0,0,0.0,0,14.28264998961428,1.896804831004144,-1.7627427223366263,1
1,14,1,9,1,1,1,5,14,9,9,0,0,0,1,0,0,21,0,3,10,17,6,11.125410007399436,1,3,9,16,6,10.727025114950692,0,8.045571920086076,1.7583641509485246,-0.5315374472756105,1
1,14,1,6,1,1,1,3,1,3,4,0,0,0,1,0,0,19,0,0,5,9,4,12.0292063362916,0,0,5,11,3,12.54984132150027,0,13.9,-0.3,0.79,1
1,12,1,17,0,1,1,15,27,10,8,0,0,0,1,0,0,27,0,0,5,7,4,10.690216056977494,0,0,5,6,4,10.605972256398724,0,8.994027743601276,-0.0331635156912994,-2.3441419099935503,1
1,1,1,9,1,1,1,1,28,5,6,0,0,0,1,0,0,20,0,0,5,10,3,11.145463445099177,0,0,5,9,3,11.026804244846366,0,14.792367936055964,2.4461839680279818,-3.082181148004604,1
1,14,1,4,1,1,1,1,1,4,7,1,0,0,1,1,0,19,0,3,7,9,4,11.533912177829434,0,1,6,13,4,11.00125435529566,0,13.481823360162718,1.0939221327909414,-0.0777165276623608,1
1,13,1,12,1,1,1,22,14,10,10,0,0,0,1,0,0,23,0,0,7,11,6,11.694921209088136,0,0,7,7,6,12.369118516664972,0,15.059260876167738,1.4081465774370547,-1.1742218618826183,1
1,1,1,13,1,1,1,22,27,10,9,0,0,0,1,0,0,18,0,0,7,11,3,14.93210866743737,0,0,7,11,3,14.93210866743737,0,9.4,-0.8,-3.12,1
1,1,1,8,1,1,1,1,1,4,6,0,0,0,0,1,0,18,0,0,5,9,3,11.622164499314437,0,0,5,8,2,12.41688312757086,0,8.9,1.4,3.51,1
1,12,1,7,1,14,1,1,1,5,10,0,0,0,1,0,0,24,0,1,5,6,4,14.165573096286389,0,0,5,5,2,13.482786548143194,0,16.11549759997568,0.3172134518568057,-0.8783747436917249,1
1,1,1,9,1,1,1,13,27,9,9,1,0,0,1,0,0,18,0,0,5,8,4,11.435461293065677,0,0,5,11,3,10.925209678666215,0,7.6,2.6,0.32,1
1,1,1,14,1,1,1,1,12,6,5,1,0,0,1,0,0,19,0,0,6,8,6,13.046141854739863,0,0,6,7,4,13.46459859663581,0,12.4,0.5,1.79,1
1,1,1,11,1,1,1,22,14,10,8,1,0,0,1,0,0,21,0,0,6,9,5,12.794683710923568,0,0,6,8,5,12.531954337364068,0,9.98159819225764,1.2390867472813496,1.476776264810853,1
1,3,3,10,1,1,1,1,19,16,38,1,0,0,1,0,0,19,0,0,6,11,4,12.435580425785076,0,0,6,9,4,12.070519740214005,0,11.01559220642011,0.8559905754919718,2.470337544273546,1
1,1,5,11,1,1,1,13,27,9,10,1,0,0,1,0,1,19,0,0,7,8,6,14.02812181335707,0,0,7,8,6,14.02812181335707,0,10.840480237006895,1.377229866683621,1.7412650074064655,1
1,1,2,11,1,1,1,23,14,10,8,1,0,0,1,0,0,19,0,0,6,10,4,12.378042236296434,0,0,6,8,5,12.138453916305016,0,10.126606697744272,1.15622474414613,1.5472089674757896,1
1,8,3,9,1,1,1,1,14,5,7,0,0,0,1,0,0,19,0,0,5,9,3,10.771322571709662,0,0,5,8,4,13.62141983213505,0,11.851174172103187,0.8087145281919562,1.7728491928782246,1
1,15,1,6,1,14,1,1,1,5,8,0,0,0,1,0,0,20,0,2,6,11,5,14.186117672434928,0,0,6,11,2,13.651837957742986,0,13.535588901416835,-0.1056474140889787,1.0329407323887767,1
1,1,1,11,1,1,1,12,1,4,8,0,0,0,1,0,0,22,0,0,6,9,5,13.05019244367896,0,0,6,9,6,11.96414825451503,0,11.161556770549668,0.5952648638038717,2.009109186748905,1
1,1,1,12,1,1,1,23,1,10,5,1,0,0,1,0,0,19,0,0,6,9,5,12.871785803208631,0,0,6,7,5,13.487143212834535,0,15.702220726117057,0.4013994817168959,-0.674797616939143,1
1,9,1,13,1,1,1,1,27,4,9,0,0,0,1,0,1,25,0,0,6,8,6,11.64808216646243,0,0,6,9,5,12.058203872750726,0,14.645284455191875,2.165856208690747,-2.4470690525395096,1
1,14,2,12,1,1,1,22,27,7,6,1,0,0,1,0,1,18,0,0,7,8,5,12.200737757590872,0,0,7,8,5,12.200737757590872,0,7.6,2.6,0.32,1
1,1,1,14,1,1,1,13,28,5,10,1,0,0,1,0,0,18,0,0,6,7,5,12.511016454362512,0,0,6,8,4,12.067597407456068,0,7.6,2.6,0.32,1
1,13,1,11,1,1,1,13,14,5,7,0,0,0,1,0,1,18,0,0,6,10,4,12.066458911911674,0,0,6,6,2,13.10190202697127,0,15.80938886292787,0.3205584808985331,-0.641432583824876,1
1,8,1,5,0,1,1,13,1,10,9,0,0,0,1,0,0,29,0,2,6,12,4,11.596373579337644,0,0,5,8,4,11.543276398524668,0,13.611979808114324,1.8559899040571608,-1.451099371212519,1
1,1,2,14,1,1,1,1,14,4,4,0,0,0,1,0,0,18,0,0,6,10,6,13.114832200979343,0,0,6,9,6,12.71166176615135,0,11.094489708917838,0.614694109552432,2.014857061656649,1
1,8,3,7,1,1,1,1,14,7,4,1,0,0,0,0,0,18,0,0,5,8,3,11.196072697414014,0,0,5,9,3,12.308697562544614,0,9.816477124948024,1.4,2.656229204653683,1
1,1,1,15,1,1,1,1,14,7,7,1,0,0,1,0,0,19,0,0,6,10,4,13.705510588113585,0,0,6,11,3,11.084139831967548,0,9.4,-0.8,-3.12,1
1,9,3,13,1,1,1,13,27,7,8,1,0,0,1,0,0,19,0,0,6,10,2,12.490487574266371,0,0,6,14,2,11.21799447745172,0,10.8,1.4,1.74,1
1,8,1,9,1,1,1,22,27,10,9,1,0,0,1,0,0,18,0,0,5,10,3,12.06048816051761,0,0,5,10,4,10.974195264207044,0,8.003551475572678,1.837736101696051,-0.4512317088722315,1
1,1,1,10,1,1,1,22,27,10,10,0,0,0,1,0,0,18,0,0,5,7,5,11.196047914550473,0,0,5,12,2,11.627491669488258,0,10.611960013543635,1.470514994921136,1.6565572560099888,1
1,7,3,7,1,1,1,1,14,19,43,1,0,0,1,0,0,18,0,0,5,7,4,11.91405562863049,0,0,5,8,3,12.00844856508374,0,9.153456952512196,1.3348253550682925,3.3854440119082923,1
1,4,1,7,1,1,1,1,1,10,2,1,0,0,1,0,0,18,0,0,5,6,5,13.17533285314818,1,0,5,7,4,13.19451486776938,0,14.004121823265953,3.2808179853788006,-2.799188393895589,1
1,15,1,5,1,14,1,22,27,10,7,0,0,0,1,0,0,20,0,1,6,9,5,12.803710933210466,0,0,6,12,2,12.91777344007372,0,14.08794642268864,0.0641461939592402,0.2202874062250597,1
1,12,8,17,0,1,1,22,27,10,6,0,0,0,1,0,0,27,0,0,5,7,3,12.605610064729262,0,0,5,7,4,14.078932018808702,0,10.8,1.4,1.74,1
1,12,1,3,0,11,1,21,26,8,4,0,0,0,1,0,0,43,0,0,6,8,5,12.896935744137895,0,0,6,13,4,12.205530697536844,0,14.690820803312771,0.7036176921372821,-0.7023974181520738,1
1,1,2,13,1,1,1,1,14,4,4,1,0,0,1,0,0,18,0,0,6,9,5,13.065004104572273,0,0,6,9,6,12.452163108029536,0,11.827517838514764,0.8220212158354442,1.7721099324535865,1
1,1,1,12,1,1,1,1,14,5,5,0,0,0,1,1,0,19,0,0,6,7,6,11.920851258076576,0,0,6,7,6,11.675445770671368,0,8.630703047101873,2.213486357336797,0.7773744771514561,1
1,1,4,14,1,1,1,3,14,3,4,1,0,0,1,0,0,17,0,0,6,10,5,12.568917683046504,0,0,6,11,5,12.568917683046504,0,10.8,1.4,1.74,1
1,15,1,7,1,14,1,1,1,4,5,1,0,0,1,0,0,20,0,0,5,7,4,12.441889997697048,0,0,5,7,3,12.620944998848524,0,11.422663178573112,1.0585395472341,1.5491838646308205,1
1,12,1,5,1,4,1,22,27,5,9,0,0,0,1,0,0,30,0,0,6,7,0,0.0,0,0,5,7,0,0.0,0,10.578429699398557,0.1704715171517532,0.4430168558285801,1
1,8,1,8,1,1,1,14,1,10,3,1,0,0,1,0,0,19,0,0,5,10,2,11.7678389079852,0,0,5,8,3,10.41663830131031,0,10.475042548034532,0.9571185439802672,1.716449237616773,1
1,1,1,13,1,1,1,13,1,5,8,0,0,0,1,0,0,18,0,0,6,7,5,12.368531493965351,0,0,6,9,3,12.03677097792792,0,13.78468621321804,-0.2629348542486555,0.8406556991935042,1
1,9,2,9,1,1,1,1,14,3,7,0,0,0,1,0,0,18,0,0,5,6,2,6.927316402995594,0,0,5,10,3,14.040097147346271,0,12.579918524886176,1.0374240041898533,0.8632253192227365,1
1,15,1,4,1,14,1,3,3,5,3,0,0,0,1,1,0,21,0,0,6,12,4,12.89340994358172,0,0,6,13,2,11.524225012822336,0,12.4,0.5,1.79,1
1,12,1,3,0,1,1,13,27,5,5,0,0,0,1,0,0,33,0,0,5,6,4,13.094725041589928,0,0,5,6,0,1.6976728786168112,0,12.066478169686896,3.563358036599135,-1.44907566720932,1
1,14,1,8,1,1,1,13,27,5,6,0,0,0,1,0,0,18,0,0,5,11,1,11.844331954027558,0,0,5,8,3,12.041511478925983,0,12.502820475101572,3.461308996175588,-1.3430012812365315,1
1,1,2,9,1,1,1,1,14,6,7,0,0,0,1,0,0,20,0,0,5,10,3,10.67843299121308,0,0,5,11,2,11.446082478032702,0,14.36537458465542,3.1647010263607576,-3.103672864209569,1
2,12,1,10,1,1,1,22,27,8,10,0,0,0,1,0,0,36,0,0,6,8,4,13.788233320920297,0,0,6,10,4,12.343616871985358,0,10.8,1.4,1.74,1
1,10,2,8,1,1,1,13,27,30,40,1,0,0,1,0,0,19,0,0,5,11,3,11.618178903455386,0,0,5,8,4,11.720389158467729,0,10.83527912567197,0.74200509727153,2.457208155634448,1
1,14,1,8,1,1,1,5,14,3,7,0,0,0,1,0,0,18,0,0,5,5,0,0.0,1,0,5,8,4,13.69825382950597,1,15.1540743978194,1.3160420135468671,-1.1530919913431048,1
1,1,1,11,1,1,1,22,27,6,6,0,0,0,1,0,0,18,0,0,6,11,4,11.077757821640647,0,0,6,6,4,12.441681633769514,0,16.2,0.3,-0.92,1
1,13,1,6,1,1,1,13,28,5,9,1,0,0,0,0,0,18,0,0,6,11,4,12.94735046263104,0,0,6,12,2,11.631566975087358,0,13.73678643415622,-0.2104957864727659,0.8400170605005133,1
1,1,4,12,1,1,1,1,2,9,9,1,0,0,1,0,0,18,0,0,7,10,5,12.41201546267085,0,0,7,8,7,13.281630825267436,0,13.337956990320922,-0.0002437281711582,1.1646953397860522,1
1,2,2,6,1,1,1,1,14,7,6,0,0,0,1,0,0,19,0,0,5,9,3,10.694295456763976,0,0,5,8,3,13.0,0,7.8815504562759005,2.3401072711299378,1.0108815042462491,1
1,1,1,6,1,1,1,2,1,3,4,0,0,0,1,0,0,19,0,0,5,9,4,12.627516337414932,0,0,5,7,4,12.430023077983748,1,8.840774445180294,2.134709583057389,0.8705936600487557,1
1,1,1,13,1,1,1,13,27,6,8,0,0,0,1,0,0,18,0,0,6,11,4,11.87890038810649,0,0,6,10,3,11.032565761084856,0,15.5,2.8,-4.06,1
1,9,1,15,0,1,1,1,1,5,6,0,0,0,1,1,0,24,0,0,5,5,4,11.504384911275562,0,0,5,7,4,11.18768830666358,0,11.3426878107212,1.0947381064693256,1.7569589940850374,1
1,14,1,12,1,1,1,22,27,10,7,1,0,0,1,0,0,21,0,0,7,8,5,12.475581249229084,0,0,7,8,5,12.475581249229084,0,7.6,2.6,0.32,1
1,15,1,5,1,14,1,1,1,4,7,0,0,0,1,0,0,19,0,1,6,9,5,13.11318482910621,0,0,6,11,3,12.627864369035848,0,13.296213793947896,0.0220193098944558,1.19252413736807,1
1,1,4,12,1,1,1,22,27,7,7,1,0,0,1,0,1,19,0,0,8,8,6,12.5686429191596,0,0,8,8,6,12.5686429191596,0,9.4,-0.8,-3.12,1
2,12,1,10,1,1,1,22,27,10,10,0,0,0,1,0,0,38,0,0,6,9,4,12.152175587798297,0,0,6,9,4,12.281949629936047,0,10.955728850565304,0.9847230651591878,1.885346927194284,1
1,12,1,7,1,1,1,22,2,10,4,0,0,0,1,1,0,28,0,0,5,11,4,10.520377053046236,0,0,5,12,3,10.959245893907529,3,7.730413139495912,2.5510950726890327,0.3778708306513113,1
1,8,1,9,1,1,1,1,1,5,4,0,0,0,1,1,0,20,0,0,5,5,5,11.196799377187396,0,0,5,11,2,11.522285417708284,0,10.27520166083361,1.5967993771873967,1.507120736994914,1
1,1,1,9,1,1,1,1,1,7,7,0,0,0,1,0,0,20,0,0,5,9,3,10.725147628865273,0,0,5,13,2,12.938607216489538,0,8.1701893814364,2.073671340212554,1.7191570206016276,1
1,1,1,11,1,1,1,23,14,10,5,0,0,0,1,0,0,18,0,0,6,10,4,12.474826559874058,0,0,6,11,2,12.504687807773305,0,9.919444991596986,1.73020812815113,1.3492537150211628,1
1,1,1,14,1,1,1,1,27,10,9,0,0,0,1,0,0,19,0,0,6,8,5,12.474622918648144,0,0,6,9,5,12.419467229870758,0,10.922016405506946,1.0746229186481429,1.85388197847315,1
1,1,1,15,1,1,1,23,27,8,7,1,0,0,1,0,0,18,0,0,6,10,3,12.087426453531636,0,0,6,9,3,10.51227936059491,0,9.680941394795052,1.8196469769518555,1.2434177439403045,1
2,12,1,15,0,3,1,22,27,10,10,0,0,0,1,0,0,36,0,0,5,9,5,13.691172714264336,0,0,5,5,4,15.075797642831557,0,9.4,-0.8,-3.12,1
1,1,1,12,1,1,1,2,1,4,8,0,0,0,1,0,0,19,0,0,7,10,5,13.616745027219237,0,0,7,8,7,12.944702571402727,0,12.4,0.5,1.79,1
1,8,1,16,1,1,1,1,14,4,10,1,0,0,1,0,0,18,0,0,6,7,5,12.421071316750576,0,0,6,7,5,11.658034875629324,0,13.953618042271088,2.339375587059473,-2.151698860674959,1
1,1,1,6,1,1,1,13,14,8,9,1,0,0,1,0,0,18,0,0,5,8,2,10.852636944522498,0,0,5,6,3,11.587728240870833,0,9.856876444943993,1.6126165553370035,1.0111684112640975,1
1,14,1,7,1,1,1,3,28,4,8,0,0,0,1,1,0,27,0,5,8,9,7,12.774272416904198,0,3,7,10,6,12.191565892267628,0,12.783581401607568,0.2954232524759645,1.5342790655949556,1
1,8,1,5,1,1,1,1,27,5,6,0,0,0,1,0,0,19,0,0,5,6,5,12.56408361051344,0,0,5,8,5,11.43591638948656,0,10.55648228004893,1.4,1.9668559812175757,1
1,1,1,15,1,1,1,13,28,4,9,1,0,0,1,0,0,18,0,0,6,7,5,12.464294177487018,0,0,6,8,4,11.92475849953271,0,7.6,2.6,0.32,1
4,1,2,6,1,1,1,13,14,4,7,1,0,0,1,0,0,20,0,0,5,12,5,12.220375440263435,2,0,5,9,3,11.406102762845602,0,9.4,-0.8,-3.12,1
1,13,1,12,1,1,1,22,14,6,6,0,0,0,1,0,1,24,0,0,7,8,6,11.791279165093565,0,0,7,7,7,11.952951709240365,0,12.7,3.7,-1.7,1
1,8,2,6,1,1,1,1,14,5,9,0,0,0,1,0,0,19,0,0,5,12,3,11.979138860708462,1,0,5,7,4,11.78024865197273,0,9.462583417874615,-0.7728805189210005,-3.017571806078548,1
1,10,3,7,1,1,1,13,1,7,7,0,0,0,1,1,0,21,0,0,6,6,0,7.185893211610631,2,0,6,6,0,0.0,2,9.4,-0.8,-3.12,1
1,7,1,5,1,1,1,1,3,4,3,1,0,0,0,0,0,18,0,0,6,10,2,11.465240475497152,0,0,6,11,4,12.052329646957844,2,8.032009012961641,2.2012224495738693,1.3800836548827975,1
1,8,3,10,1,1,1,13,27,5,7,1,0,0,0,0,1,19,0,0,6,8,5,12.307635971934758,0,0,6,7,6,11.899793846739856,0,12.61894018001423,0.1117692278525692,1.352751278065178,1
1,1,1,10,1,1,1,23,27,6,6,0,0,0,1,0,0,18,0,0,5,11,4,11.281872483876455,0,0,5,7,4,12.2533615766081,0,15.065463252397262,0.0040338919297202,-0.0764965919997028,1
1,8,2,9,1,1,1,1,28,5,7,1,0,0,1,0,1,18,0,0,5,9,2,12.75542053134272,0,0,5,11,3,11.06114486716432,0,9.07935827701534,1.3347788083580585,3.388525530566884,1
1,8,3,12,1,1,1,1,1,6,7,1,0,0,1,0,0,18,0,0,7,9,6,13.06088902176733,0,0,7,9,6,12.665201786109112,0,13.295107958314253,0.0226090888990654,1.193261361123832,1
1,1,1,8,1,1,1,1,1,10,10,0,0,0,1,0,0,20,0,0,5,9,4,12.5787718303294,0,0,5,11,2,12.867663325046609,0,11.861867725295172,3.1927094126786564,-0.5508765391546957,1
1,1,1,7,1,1,1,1,14,4,4,0,0,0,1,1,0,20,0,0,5,7,4,11.709199894333826,0,0,5,12,3,11.604159492802369,2,10.00504040153146,1.4,2.4805676259417453,1
1,1,1,9,1,1,1,13,27,8,8,0,0,0,1,0,0,20,0,0,6,12,4,11.80089457008556,0,0,6,13,2,11.367263046723709,0,14.604255566494132,2.352127783247066,-2.822244055519164,1
1,14,1,6,1,1,1,1,1,3,4,0,0,0,1,0,0,19,0,0,5,7,5,13.9609209699209,0,0,5,9,3,12.78726987503591,0,13.9,-0.3,0.79,1
2,12,1,3,0,10,1,14,27,9,10,0,0,1,1,0,0,37,0,0,6,10,6,12.61370999513262,0,0,6,11,6,12.772258219842614,0,15.799355325870016,0.1954839980530478,-0.6221293944511863,1
1,12,1,11,1,1,1,2,1,3,5,0,0,0,1,0,0,34,0,0,7,10,6,11.246622626977556,0,0,7,10,6,11.678036560620807,0,10.8,1.4,1.74,1
1,8,2,7,1,1,1,1,14,5,9,0,0,0,1,0,0,19,0,0,5,12,3,11.58409263385306,1,0,5,7,4,12.353065680913064,0,10.647722098440823,-0.259320424008977,-1.077894832218521,1
1,15,1,4,1,14,1,2,2,9,7,0,0,0,0,1,0,20,0,0,6,11,4,11.16901129915428,0,0,6,14,3,12.0,0,12.4,0.5,1.79,1
1,1,1,8,1,1,1,1,2,7,2,0,0,0,1,1,0,19,0,0,5,14,2,11.314382409102972,2,0,5,8,4,11.87023123027247,1,9.4,-0.8,-3.12,1
1,1,1,5,1,1,1,10,28,4,4,0,0,0,1,0,0,19,0,1,6,8,6,12.974886226284148,1,0,6,12,4,11.20226908599897,0,13.9,-0.3,0.79,1
1,1,1,9,1,1,1,22,27,10,8,0,0,0,1,0,0,18,0,0,5,6,3,10.76772388806678,0,0,5,9,3,13.27092219369235,0,10.056716441813698,1.6787313343198638,1.410167921054828,1
1,9,1,12,1,1,1,1,28,4,9,0,0,0,1,0,0,22,0,0,7,9,6,11.867974921255124,0,0,7,7,6,12.255467795279262,0,12.551453464567905,2.1155036220576573,0.0280913621933678,1
2,12,1,7,1,1,1,22,27,10,10,0,0,0,0,0,0,41,0,0,5,9,4,11.935049214955068,0,0,5,11,3,10.814950785044932,0,10.095261151399235,0.9653595813093692,2.7004822201887,1
1,1,1,9,1,1,1,1,12,5,5,0,0,0,1,0,0,19,0,0,6,9,5,13.3830460802798,0,0,6,9,5,12.52225830380612,0,13.129006198286913,0.11119669424698,1.303995867808725,1
1,15,1,4,1,14,1,3,3,4,3,0,0,0,1,0,0,20,0,0,6,12,5,12.190619408212791,0,0,6,17,4,11.05693119725098,0,14.6346218367423,0.3823883243819841,0.1963617953758853,1
1,1,1,6,1,1,1,22,14,10,6,0,0,0,1,0,0,19,0,0,5,9,2,13.455908331365238,0,0,5,10,4,11.461728336088663,0,10.705937773579178,1.4352733349078086,1.6982598870257597,1
1,12,1,8,1,13,1,1,1,5,9,0,0,0,1,0,0,27,0,1,5,6,5,13.791300991156016,0,0,5,6,3,13.302242415075492,0,13.510496845026696,-0.1350666868339168,-1.7901333736678335,1
4,12,1,15,1,12,1,16,14,8,10,0,0,0,0,0,0,37,0,0,6,7,5,12.943741244794452,0,0,6,7,5,12.626254085762588,0,13.325177608996553,0.7331924150827113,0.8245839989240102,1
1,1,2,5,1,1,1,1,28,8,8,0,0,0,1,0,0,18,0,0,6,6,5,13.394688318930353,0,0,6,7,4,12.927262840682303,0,10.97931706957676,0.9218211477953084,1.907362598271642,1
1,1,1,12,1,1,1,22,27,6,6,0,0,0,1,0,0,19,0,0,7,9,5,11.971362603596246,0,0,7,9,5,11.971362603596246,0,9.4,-0.8,-3.12,1
1,12,1,10,1,1,1,2,1,2,4,1,0,0,1,0,0,33,0,0,6,11,4,12.15223077002587,0,0,6,9,5,12.49722143119376,0,10.317013074364953,0.6410205454306388,0.0633453867240474,1
1,1,1,6,1,1,1,1,1,3,5,0,0,0,1,0,0,18,0,0,5,9,4,14.229153288302784,0,0,5,7,4,12.710633325443885,0,10.774826612290152,1.409440020391193,1.7288293092037548,1
1,1,3,12,1,1,1,2,3,3,3,1,0,0,1,0,0,18,0,0,7,9,5,13.05404910817614,1,0,7,9,5,12.934830206160507,1,10.251563585825936,-0.4309891128087615,-1.726274264531553,1
1,1,1,2,1,1,1,13,2,10,7,1,0,0,1,0,0,19,0,0,0,0,0,0.0,0,0,0,0,0,0.0,0,11.48238695636584,2.2260473682323325,0.5045204579481637,1
1,1,3,12,1,1,1,22,27,8,8,1,0,0,1,0,0,18,0,0,8,8,7,13.69400743421224,0,0,8,8,7,13.69400743421224,0,9.4,-0.8,-3.12,1
1,1,1,8,1,1,1,1,1,7,8,1,0,0,1,0,0,20,0,0,5,9,3,11.64600985379621,0,0,5,12,2,12.767093596489875,0,10.324354684196733,3.1876059122777267,-0.7590581298190979,1
1,12,1,11,1,12,1,20,28,24,35,0,0,0,1,0,0,26,0,0,6,11,4,13.589995159453023,0,0,6,13,3,12.471699370728894,0,11.825993223234232,0.6476017425969115,2.07208333029632,1
1,12,1,5,0,1,1,13,1,10,7,0,0,0,1,0,0,25,0,0,6,14,3,10.969266520580986,0,0,6,10,5,11.398739050622762,0,14.839782136914213,3.0122128845632887,-3.5035306582562646,1
3,12,1,12,1,1,1,15,2,10,3,0,0,0,1,0,0,25,0,0,7,14,7,11.737200196683656,0,0,7,15,5,11.58525756580095,0,12.274400393367316,3.184800476181488,-0.9294407122018772,1
1,1,1,2,1,1,1,2,27,5,9,0,0,0,1,0,0,18,0,0,0,0,0,0.0,0,0,0,0,0,0.0,0,11.872392116823034,0.6591166591086761,-3.500991572100599,1
1,1,1,2,1,1,1,2,2,4,5,1,0,0,1,0,0,18,0,0,0,0,0,0.0,0,0,0,0,0,0.0,0,9.51109415842236,1.763896305690218,0.9052725860168476,1
2,12,1,9,1,1,1,22,27,6,7,0,0,0,1,0,0,35,0,0,5,7,3,12.17587029367582,0,0,5,11,4,12.817249023647072,0,10.8,1.4,1.74,1
1,3,2,10,1,1,1,13,28,30,41,1,0,0,1,0,0,18,0,0,6,10,4,12.505265411974442,0,0,6,10,4,11.709624151019971,0,10.279732998184343,0.8982789097511475,2.575544469411512,1
1,1,1,7,1,1,1,13,14,10,8,0,0,0,0,1,1,18,0,0,5,6,4,13.172307019521767,0,0,5,6,4,13.24959965015132,0,10.605846781779682,0.9613536846852246,2.6716981529539847,1
1,1,1,13,1,1,1,13,14,6,7,0,0,0,1,0,0,19,0,0,6,6,6,14.793484412676152,0,0,6,7,5,14.413031174647696,0,14.21960335859214,1.850028298310297,-1.643767628310972,1
1,1,1,9,1,1,1,19,24,12,12,0,0,0,1,0,1,20,0,0,5,5,4,12.489387542101408,0,0,5,9,3,12.904112138238682,0,10.8,1.4,1.74,1
1,4,3,7,1,1,1,22,28,5,5,0,0,0,1,1,0,19,0,0,5,9,3,12.529679737147532,0,0,5,7,3,13.484960569570552,2,7.6,2.6,0.32,1
1,8,2,8,1,1,1,2,28,3,10,1,0,0,1,0,0,18,0,0,5,15,3,10.7315955950357,0,0,5,11,2,11.853909911169673,0,13.461729733509015,-0.3486966962767761,0.409191835115611,1
1,10,1,11,1,1,1,13,14,6,6,0,0,0,1,0,0,24,0,0,6,11,4,12.514330801954316,0,0,6,6,5,12.284937602759037,0,13.29246880137952,0.0240166392642572,1.1950207990803214,1
1,3,1,13,1,1,1,13,14,5,7,0,0,0,1,0,0,18,0,0,7,7,6,12.862018267042153,0,0,7,8,7,13.34320273125014,0,13.010622400252329,0.1743347198654255,1.382918399831782,1
1,1,1,15,1,1,1,3,1,4,6,1,0,0,1,0,0,18,0,0,6,7,5,11.844218089496684,0,0,6,11,4,12.602795214770223,0,10.000888308752652,1.4,2.484435628162004,1
1,13,1,6,0,1,14,2,2,4,4,0,0,0,1,0,0,21,1,0,5,8,5,13.6682845069817,1,0,5,6,4,13.998179339492516,0,9.23131063950416,-0.0577668138183049,-0.8831790798251644,1
1,7,1,9,1,1,1,22,27,10,10,1,0,0,1,0,0,19,0,0,5,7,3,12.114313809545552,0,0,5,9,4,12.68453844247164,0,10.8,1.4,1.74,1
1,1,1,14,1,1,1,22,14,6,8,0,0,0,1,0,0,19,0,0,6,8,4,12.3292890561325,0,0,6,10,5,13.61630308113826,0,12.435020746006945,1.8870274562573868,-0.2776851759234602,1
1,12,1,2,1,1,1,3,1,3,5,0,0,0,1,0,0,24,0,0,6,9,6,13.813555829910658,0,0,6,12,4,13.75838025910714,2,15.482059469598171,0.1127111659821317,-0.3862268230490755,1
1,1,1,13,1,1,1,1,22,19,36,1,0,0,1,0,0,19,0,0,6,10,4,12.849165202869973,0,0,6,10,2,10.844647252656886,1,14.683625404678978,0.3798091892274222,0.1614145140315709,1
1,8,2,15,1,1,1,22,27,8,8,1,0,0,1,0,0,18,0,0,6,8,5,13.192659930727151,0,0,6,7,5,12.113610996861835,0,8.09704811127053,2.3159725078454114,0.5614233683314003,1
1,9,3,7,1,1,1,13,27,31,39,1,0,0,1,0,0,18,0,0,5,11,3,10.68886641015181,0,0,5,8,3,11.342363737462884,0,8.945152020647752,1.3846483129797644,3.485437300767623,1
1,7,1,2,1,1,1,18,27,10,10,1,0,0,1,0,1,18,0,0,0,0,0,0.0,0,0,0,0,0,0.0,0,11.58201599665285,2.3466509433166074,0.3241394586916828,1
1,8,1,12,1,1,1,1,14,5,9,1,0,0,1,0,0,19,0,0,6,10,3,12.169389538973665,1,0,6,11,3,13.133762006633296,0,12.7,3.7,-1.7,1
1,12,1,8,1,12,1,22,27,10,6,0,0,0,1,1,0,43,0,0,7,8,6,12.127289079968628,0,0,7,10,6,11.836877458002808,0,12.941962792255236,0.9636742460220816,0.6848849949261251,1
1,8,3,9,1,1,1,1,14,5,7,0,0,0,1,0,0,19,0,0,5,10,3,10.841981428594442,0,0,5,7,4,13.491205653018811,0,12.020755428626662,0.7133250713975026,1.7781486071445831,1
1,1,1,9,1,1,1,22,27,6,7,0,0,0,1,0,0,18,0,0,5,10,4,11.71893796690726,0,0,5,9,5,11.90613038469538,0,14.439750288001568,-0.1591955770430693,0.3887073945727476,1
2,12,1,12,0,12,1,22,27,10,8,0,0,0,1,0,0,42,0,0,7,8,6,11.707149774351253,0,0,7,8,6,11.736222356936064,0,10.637193537525054,1.144161273253656,1.174828994551258,1
1,14,1,5,1,14,1,18,1,6,6,0,0,0,1,0,0,20,0,0,5,10,3,13.647524421990203,0,0,5,9,4,12.31822556997524,0,13.937668246592,3.302178063595428,-2.743177522127543,1
1,15,1,6,1,1,1,1,1,4,4,0,0,0,1,0,0,20,0,0,5,7,5,13.794107232130374,0,0,5,9,3,12.889703545670276,0,12.973509783630318,-0.0021995733097452,1.1969939164766816,1
1,8,3,5,1,1,1,1,2,4,4,0,0,0,1,0,0,19,0,0,5,9,5,11.405529718006392,0,0,5,8,3,11.020488970467438,0,10.47072150840991,0.9961001835517372,2.7381025730099866,1
1,12,1,4,1,1,1,13,14,10,7,0,0,0,1,0,0,24,0,0,5,10,3,11.204902722626851,0,0,5,12,3,11.16734760036484,0,11.242866405107764,0.7975486386865748,2.3586485094898983,1
1,1,1,2,1,1,1,3,28,2,4,1,0,0,1,0,0,17,0,0,0,0,0,0.0,0,0,0,0,0,0.0,0,14.610884933707014,2.2752763543188936,-3.922988825849933,1
1,11,1,15,1,1,1,13,1,7,5,1,0,0,1,0,0,18,0,0,6,8,2,5.243394744160273,0,0,6,10,3,11.898867670427476,0,16.2,0.3,-0.92,1
3,12,1,17,0,1,1,22,27,10,10,0,0,0,1,0,0,35,0,0,5,13,2,10.61817344333442,0,0,5,7,3,11.505048178704008,0,11.340018424664276,1.845479669996741,-2.2852041930232505,1
1,8,2,12,1,1,1,2,2,2,11,1,0,0,1,0,0,18,0,0,7,9,5,12.99126275353405,0,0,7,7,6,13.657782365913192,0,16.00461674843545,0.3102833290297132,-0.7806608916473854,1
1,14,3,13,1,1,1,3,3,4,4,0,0,0,1,1,0,20,0,0,5,11,2,10.631319455188548,0,0,5,9,3,10.50168518805028,0,10.233341680848884,0.3363750193393866,-2.7614105494529047,1
1,1,1,9,1,1,1,22,27,10,9,0,0,0,1,0,0,18,0,0,5,7,2,10.359250747916246,0,0,5,9,3,12.240013792360047,0,8.749602393331985,2.168899102500505,0.8301360620410687,1
1,1,1,7,1,1,1,1,2,7,2,0,0,0,1,0,0,19,0,0,5,13,2,11.689679294961213,2,0,5,8,4,11.627615153953457,1,9.4,-0.8,-3.12,1
1,1,1,7,1,1,1,13,27,8,7,0,0,0,1,0,0,20,0,0,6,13,2,11.211076315289766,0,0,6,15,1,12.091692763532675,0,10.4294148679963,0.0477534207028358,-0.007533869705302,1
1,8,1,10,1,1,1,22,14,8,7,1,0,0,1,0,0,20,0,0,6,9,5,10.68714054641,0,0,6,10,3,11.785577351013334,0,12.022209099223996,2.8795162780079964,-0.4728417375423943,1
1,8,1,16,0,1,1,22,27,6,6,0,0,0,1,0,0,21,0,0,5,7,4,12.25,0,0,5,8,4,11.69329761494006,0,10.8,1.4,1.74,1
1,16,1,4,1,15,1,24,14,4,6,0,0,0,0,0,0,22,0,0,6,7,4,8.599693628295324,0,0,6,9,3,9.381483958140352,0,10.340183823022803,1.7054935382169587,1.8581527969268723,1
1,8,2,8,1,1,1,2,28,3,10,1,0,0,1,0,0,18,0,0,5,15,3,10.863076270591865,0,0,5,11,2,11.558078391168303,0,12.574235173504915,-0.4473072029438982,-0.3619423270212838,1
1,8,3,12,1,1,1,2,28,3,10,1,0,0,1,0,0,18,0,0,7,8,6,12.971403327053324,0,0,8,13,5,13.903030618257322,0,12.65016778976476,0.1017317818613269,1.3390334352104802,1
1,8,1,10,1,1,1,1,1,5,10,0,0,0,1,0,0,20,0,0,6,11,4,10.620367573348874,0,0,6,11,4,10.549362204558417,0,15.5,2.8,-4.06,1
1,7,2,14,1,1,5,7,1,6,6,0,0,0,1,0,0,20,0,0,6,8,0,0.0,1,0,6,11,1,10.736432917343562,0,9.96046647422834,1.4,2.5220917582188624,1
1,1,5,10,1,1,1,3,14,5,7,0,0,0,1,0,0,19,0,0,6,12,4,12.031064343006822,0,0,6,8,5,12.38106340657301,0,13.9,-0.3,0.79,1
1,1,1,15,1,1,1,2,2,3,5,0,0,0,1,0,0,19,0,0,6,6,6,12.229344237555123,0,0,6,6,5,12.585469414847896,0,16.025642393710292,0.3102563297817474,-0.819487968138875,1
1,7,1,9,1,1,1,1,1,10,10,0,0,0,1,0,0,20,0,0,5,10,4,10.773287284374968,0,0,5,12,4,11.519960529464257,0,15.462740345000052,2.811976317678554,-4.0285954336429,1
1,1,1,10,1,1,1,22,27,6,8,0,0,0,1,0,0,19,0,0,6,12,2,10.66125548941234,0,0,6,11,3,10.394818737598149,0,7.6,2.6,0.32,1
2,12,1,17,0,1,1,22,27,10,10,0,0,0,1,0,0,33,0,0,5,11,2,11.230347268834413,0,0,5,9,4,11.99268745804903,0,10.09339273728294,-0.4995298138440594,-1.9851472199802556,1
1,8,2,9,1,1,1,1,27,6,6,1,0,0,1,0,0,20,0,0,5,8,2,11.92245474413771,0,0,5,9,3,12.64512631781603,0,9.472375572138136,-0.6862669580686407,-2.868753371006179,1
1,1,2,12,1,1,1,22,27,8,8,0,0,0,1,0,0,18,0,0,8,9,7,13.990802290645334,0,0,8,9,7,13.990802290645334,0,9.4,-0.8,-3.12,1
1,1,1,15,1,1,1,22,27,6,6,0,0,0,1,0,0,19,0,0,5,8,3,12.237848626865206,0,0,5,8,4,12.16294823454098,0,9.4,-0.8,-3.12,1
1,1,1,10,1,1,1,13,27,10,10,1,0,0,1,0,0,22,0,0,5,8,5,12.276644052142432,0,0,5,10,4,12.404011829135753,0,7.6,2.6,0.32,1
1,1,1,11,1,1,1,22,27,6,6,0,0,0,1,0,0,18,0,0,6,11,4,11.10626670106789,0,0,6,6,4,12.420299974199082,0,16.2,0.3,-0.92,1
1,8,2,7,1,1,1,1,14,10,4,0,0,0,0,1,0,18,0,0,5,9,3,12.154963435686025,0,0,5,8,3,10.673391983866551,0,9.127279705672835,1.3173528343007874,3.3560696538852164,1
1,1,1,8,1,1,1,13,27,8,7,0,0,0,1,0,0,20,0,0,6,13,2,10.830658599114823,0,0,6,14,1,12.377006050663883,0,10.1060598092476,-0.2185389806196241,-0.9852074002749064,1
1,14,1,6,1,1,1,1,1,3,4,0,0,0,1,0,0,19,0,0,5,7,5,13.65099458408557,0,0,5,9,3,12.584277154488792,0,13.9,-0.3,0.79,1
1,11,1,9,1,1,1,2,28,3,6,1,0,0,1,0,0,18,0,0,5,8,2,12.096068482696602,0,0,5,10,3,10.913911284066344,0,10.04497992191764,1.4,2.4433608095819896,1
1,11,1,9,1,1,1,13,27,6,9,1,0,0,1,0,0,18,0,0,5,10,1,13.040205836815854,0,0,5,11,1,12.56030875522378,0,9.135670661094634,2.024123502089512,1.001453855860744,1
1,4,2,12,1,1,1,2,1,19,24,0,0,0,1,0,0,23,0,0,7,10,4,14.44115806415898,0,0,7,8,6,13.534298386799149,0,12.4,0.5,1.79,1
1,11,1,9,1,1,13,22,27,9,8,0,0,0,1,0,0,23,0,0,5,12,2,10.49710336830242,0,0,5,9,3,10.00579326339516,1,16.10614913299841,0.3191177692040275,-0.8737697581066242,1
1,7,3,9,1,1,1,22,27,10,10,1,0,0,0,0,0,19,0,0,5,8,3,12.16156532853514,0,0,5,9,4,11.93834735372566,0,10.186051751566472,1.4,2.311941263014393,1
1,8,4,9,1,1,1,1,28,4,6,1,0,0,1,0,0,19,0,0,5,11,2,10.04035337789448,0,0,5,10,3,11.725980132205668,0,11.091929324421104,0.6215218015437228,2.012467369459697,1
1,8,1,7,1,1,1,22,27,10,10,0,0,0,1,0,0,29,0,1,6,10,5,12.324446690894652,0,0,6,14,5,11.6850841722716,0,11.728179567512749,0.8778989932740787,1.7690056114847734,1
1,1,1,9,1,1,1,23,27,6,6,0,0,0,1,0,0,18,0,0,5,11,4,11.42615738291572,0,0,5,8,4,12.127112289948746,0,14.484716533764235,-0.147465252061504,0.3552759683752866,1
1,4,1,2,1,1,1,22,20,10,9,0,0,0,1,1,1,18,0,0,0,0,0,0.0,0,0,0,0,0,0.0,0,12.28263685542774,0.5869410792815624,1.2856435443044023,1
1,8,2,12,1,1,1,1,1,4,9,1,0,0,1,0,0,18,0,0,7,8,5,13.749653840759056,0,0,7,8,6,12.771146604504764,0,11.851754419006536,0.8083881393088237,1.7728673255939542,1
1,14,1,10,0,1,1,22,27,7,10,0,0,0,1,0,0,33,0,7,11,13,7,10.935758113227708,0,5,11,12,7,11.196346095326042,0,7.6,2.6,0.32,1
1,1,2,6,1,1,1,22,14,10,8,0,0,0,1,0,0,19,0,0,5,7,3,11.781435377951665,0,0,5,8,2,10.877224535419948,0,7.6,2.6,0.32,1
2,7,1,9,1,1,1,22,27,10,10,1,0,0,1,0,1,20,0,0,5,8,3,10.4388863768747,0,0,5,12,4,12.29976799518223,0,12.447842157743372,3.3947562962156623,-1.2434615908616855,1
3,12,1,17,0,1,1,22,28,10,9,0,0,0,1,0,0,30,0,0,5,10,3,10.53668501288914,0,0,5,10,4,12.517700021322527,0,12.61531354305909,0.3851661103684857,1.6464576379606073,1
1,8,2,7,1,1,1,1,14,10,4,0,0,0,0,1,0,18,0,0,5,9,3,12.090270312109736,0,0,5,8,3,10.531426518240814,0,9.03239645776095,1.3518558335414732,3.420331489970994,1
1,1,2,12,1,1,1,22,27,10,9,1,0,0,1,0,1,18,0,0,7,8,6,13.330618926830702,0,0,7,7,6,13.12456952097974,0,12.619869675502402,2.845276538692294,-0.7678172250112829,1
1,14,1,9,1,1,1,22,27,10,10,0,0,0,1,0,0,35,0,9,15,22,12,10.811863592773356,0,8,12,17,8,12.23453123427302,0,14.217183032167664,2.767523621067536,-3.3487673013790342,1
3,11,1,12,1,1,1,13,3,10,3,0,0,0,1,0,0,23,0,0,7,12,7,12.276112985034157,0,0,8,13,7,12.351480570113065,0,12.342136740845357,3.2667971073391167,-1.052079151846331,1
1,8,1,13,1,1,1,1,28,5,9,0,0,0,1,0,0,19,0,0,7,11,6,11.227386525974625,0,0,7,7,7,12.44033094901704,0,12.7,3.7,-1.7,1
1,8,1,6,1,1,1,1,27,5,9,1,0,0,1,0,0,21,0,0,5,12,3,11.437442563194782,1,0,5,11,2,10.83835499704971,0,9.4,-0.8,-3.12,1
1,12,1,8,1,1,1,13,27,9,9,0,0,0,1,0,0,23,0,0,5,8,5,12.165628498891008,0,0,5,8,4,13.941359676666291,0,12.981473552001797,2.761754826660685,-1.1159423795962766,1
1,8,1,8,1,1,1,22,1,10,3,1,0,0,1,0,0,20,0,0,5,8,3,11.343107511247894,0,0,5,11,2,10.75219072341907,0,10.858645067487362,1.367012149538359,1.74183265835898,1
1,15,1,6,1,14,1,1,14,8,7,1,0,0,1,0,0,19,0,0,5,12,4,12.669025122101525,0,0,5,10,4,12.70208305404046,0,15.306427163450488,1.1680421840766684,-1.119139089288177,1
2,12,1,14,0,1,1,16,27,10,10,0,0,0,1,0,0,27,0,0,6,6,0,0.0,0,0,6,6,0,0.0,3,9.71722352118767,1.806041179554624,1.2595179375270285,1
1,8,1,7,1,1,1,1,2,4,3,0,0,0,1,0,0,21,0,0,5,9,5,11.210116382285587,0,0,5,9,2,10.8363268114191,0,12.365810059840848,0.5192318413395226,1.7889315643700263,1
1,1,1,6,1,1,1,13,14,10,7,0,0,0,1,1,0,19,0,0,6,8,4,12.213883866937024,1,0,6,10,4,12.687148383569896,0,14.45196905200858,3.136867090425813,-3.1766596295500893,1
1,4,1,8,0,2,1,13,1,10,9,0,0,0,1,0,0,32,0,4,7,10,5,12.795382019798868,0,1,5,8,4,11.98598720731035,0,11.177070359793074,0.6385351798965369,1.9135027755586616,1
1,1,1,2,1,1,1,2,2,3,3,1,0,0,1,0,0,18,0,0,0,0,0,0.0,0,0,0,0,0,0.0,0,8.771906994027397,2.087290690113014,0.6788965169208901,1
1,8,1,11,1,1,1,13,14,5,7,0,0,0,1,1,0,18,0,0,5,10,3,10.892163744877726,0,0,5,8,3,11.88725146089447,0,15.026456135756774,2.952210527792465,-3.660870171566424,1
1,1,1,12,1,1,1,13,14,5,5,1,0,0,1,0,0,20,0,0,7,8,6,13.822803925136409,0,0,7,8,6,13.64002585367571,0,12.7,3.7,-1.7,1
2,14,1,17,0,1,1,22,27,5,10,0,0,0,1,0,0,33,0,8,10,16,8,10.635415714910735,0,7,10,15,9,10.674317575507624,0,8.016665143857175,1.8129658393808905,-0.4762933860381584,1
1,1,1,9,1,1,1,1,27,9,10,1,0,0,1,0,0,20,0,0,5,7,4,10.971722545230858,0,0,5,7,4,12.028277454769142,0,8.14292713156755,2.362469379939197,0.4862714340425623,1
1,11,1,9,1,1,1,2,28,3,6,1,0,0,1,0,0,19,0,0,5,8,1,11.3977551858482,0,0,5,10,2,8.636969749846664,0,11.188530293776834,1.8703261450982729,1.036555678635627,1
1,7,4,14,1,1,1,13,21,8,8,1,0,0,1,0,0,19,0,0,5,8,3,10.638247745111045,0,0,5,6,4,11.754066110150324,0,7.860231049620786,2.5024133563922053,0.435477528269224,1
1,11,1,9,1,1,1,23,14,23,37,0,0,0,1,0,0,19,0,0,5,9,5,12.1789637776714,0,0,5,8,3,11.119309185114266,0,11.90304771273118,0.3789637776713985,1.8763420442742376,1
1,1,1,14,1,1,1,13,1,6,7,1,0,0,1,0,0,18,0,0,6,7,6,12.293916904225377,0,0,6,10,3,12.059124643661937,0,14.03598668042245,-0.2645252138028389,0.6888968593380908,1
1,1,1,14,1,1,1,22,14,8,8,0,0,0,1,0,0,19,0,0,6,9,5,13.27045805978493,0,0,6,9,4,13.322942213939005,0,15.5,2.8,-4.06,1
1,9,1,2,1,1,1,13,22,10,8,0,0,0,1,0,0,19,0,0,0,0,0,0.0,0,0,0,0,0,0.0,0,13.099634179610913,2.3678860679636293,-0.8707590773073592,1
1,15,1,17,0,14,1,22,27,8,8,0,0,0,1,0,0,31,0,2,6,10,4,12.144296309177935,0,2,7,8,7,12.604021090411788,0,9.4,-0.8,-3.12,1
1,4,1,8,1,1,1,13,28,7,7,0,0,0,1,0,0,18,0,0,5,13,3,10.869714733448394,0,0,5,6,3,10.674286833620986,0,14.701719434656532,-0.0908557996548177,0.1939390290162305,1
1,1,2,9,1,1,1,3,1,4,4,1,0,0,1,0,0,19,0,0,5,6,4,13.112391905116455,0,0,5,9,5,11.35221376642716,2,15.59470770807734,0.331857489048561,-0.4883310233919981,1
1,1,5,12,1,1,1,1,1,6,9,1,0,0,1,0,0,18,0,0,7,9,6,12.12501700763527,0,0,7,9,6,12.560257285375268,0,15.291394022188245,0.0629723536143245,-0.2444712078008246,1
1,10,1,9,1,1,1,23,1,10,3,0,0,0,1,0,0,25,0,1,7,12,5,11.106037184539373,0,0,5,15,1,10.212074369078746,0,10.8,1.4,1.74,1
1,1,1,14,1,1,1,2,28,3,10,1,0,0,1,0,0,19,0,0,6,7,5,12.831506309618748,0,0,6,9,5,12.408390333118088,0,11.427738262620068,1.5869858654612965,0.965344271660344,1
1,8,2,15,1,1,1,22,27,8,8,1,0,0,1,0,0,18,0,0,6,7,5,13.398667387471724,0,0,6,7,5,12.008328828301714,0,7.621321800452389,2.5920043248303544,0.3294615489507475,1
1,2,2,5,1,1,1,6,1,3,4,1,0,0,1,0,0,18,0,0,6,7,3,10.811893059346106,0,0,6,8,0,0.0,0,9.4,-0.8,-3.12,1
1,1,4,5,1,1,1,2,1,9,4,0,0,0,1,0,0,19,0,0,5,6,5,11.223971740348466,0,0,5,9,5,11.5,0,12.282373796126834,0.509048169528705,1.8108107899160215,1
1,8,1,10,1,1,1,1,1,5,10,0,0,0,1,0,0,18,0,0,5,6,5,11.319634071955148,0,0,5,8,2,10.64434279776532,0,10.886605678659192,1.1690515235754897,1.8208319667485784,1
1,6,2,15,1,1,1,13,27,10,10,0,0,0,1,0,0,19,0,0,6,7,5,12.17817807364685,0,0,6,7,4,11.903654150177465,0,10.9745754108252,1.3018013314108252,1.7454554815882874,1
1,10,1,11,1,1,1,22,14,10,9,0,0,0,1,0,0,22,0,0,6,12,6,10.688639544471004,0,0,6,8,5,11.790573647198425,0,12.7,3.7,-1.7,1
1,1,1,9,1,1,1,23,27,6,7,0,0,0,1,0,0,18,0,0,5,10,4,11.249404614247933,0,0,5,8,5,11.812152691644629,0,13.547786296833678,-0.1121526916446278,1.0248091354442153,1
1,1,1,11,1,1,1,13,14,6,7,0,0,0,1,0,1,18,0,0,6,6,6,13.849382833152417,0,0,7,7,7,13.866048332171127,0,12.4,0.5,1.79,1
1,1,1,14,1,1,1,23,14,5,8,0,0,0,1,0,0,19,0,0,6,8,3,11.853942551196004,0,0,6,9,5,12.872552249658913,0,13.44058997186366,2.1865587150232173,-1.5186003908104713,1
1,12,1,5,0,2,1,22,27,6,6,0,0,0,1,0,1,25,0,0,6,12,3,11.732416233607704,0,0,6,14,2,11.366208116803852,0,10.754814773559556,0.7972487008231115,1.8523386043003556,1
1,1,3,13,1,1,1,1,1,10,10,0,0,0,1,0,0,18,0,0,6,6,6,14.006762232077929,0,0,6,7,5,13.302973763585364,0,8.9,1.4,3.51,1
1,5,3,8,1,1,10,1,1,25,32,1,0,0,1,0,0,20,0,0,5,10,4,14.316611100520737,0,0,5,12,2,11.126044794517163,0,10.010185008678896,1.1145238549111411,2.9644233671635143,1
1,1,2,15,1,1,1,23,1,9,9,1,0,0,1,0,0,18,0,0,6,6,5,12.32672939531078,0,0,6,6,5,11.02286893658103,0,11.416167059959315,1.5835391242432004,0.979623628135312,1
1,5,1,15,0,1,1,13,27,10,10,0,0,0,1,0,0,22,0,0,5,8,0,0.0,0,0,6,9,0,0.0,4,8.802151206021525,2.1491932977419284,0.8534545976720516,1
1,8,1,9,1,1,1,22,27,9,7,1,0,0,0,0,1,18,0,0,5,6,5,12.54469242387816,0,0,5,5,4,12.237495419648225,0,11.1,0.6,2.02,1
1,12,1,6,1,1,1,13,14,8,5,1,0,0,1,1,0,24,0,0,5,13,4,13.018905539154986,0,0,5,9,3,12.0,0,11.540644581354202,0.4633312283401851,-3.4498698207332703,1
1,1,1,11,1,1,1,22,1,8,6,0,0,0,1,0,0,18,0,0,6,8,4,12.385035724874212,0,0,6,7,5,12.853667811037177,0,14.426741369420562,0.6612193506735891,-0.0465059338256843,1
1,3,1,13,1,1,1,13,14,5,7,0,0,0,1,0,0,18,0,0,7,7,6,12.947679524733235,0,0,7,8,7,13.382757136620556,0,12.954686877506283,0.2041669986633154,1.420208748329144,1
1,1,1,15,1,1,1,3,1,3,5,1,0,0,1,0,0,18,0,0,6,9,5,10.952790009300957,0,0,6,12,5,12.664260449049436,0,11.949159027493472,0.3632859306522191,1.8512574890435507,1
1,1,1,8,1,1,1,13,27,8,7,0,0,0,1,0,0,20,0,0,6,13,2,10.873122145303082,0,0,6,14,1,12.345158391022688,0,10.14215382350762,-0.1888144982878422,-0.8760760865710786,1
1,12,1,12,1,1,1,2,14,4,5,0,0,0,1,0,0,24,0,0,7,11,6,12.138221590733192,0,0,8,12,6,12.495816112712022,0,14.031468964814792,2.406573005608488,-1.4032726306984178,1
1,4,3,9,1,1,1,1,14,18,41,1,0,0,1,0,0,18,0,0,6,9,4,12.663887061601075,0,0,6,8,4,12.063991634192671,0,10.819749025780167,0.9063502505136708,2.56658047875946,1
1,1,1,10,1,1,1,22,27,8,7,0,0,0,1,0,0,18,0,0,5,10,4,11.514025307475215,0,0,5,10,4,11.458769916244895,0,14.6666448049446,0.3807029050029157,0.1735243627895075,1
1,2,1,7,1,1,1,1,1,5,5,0,0,0,0,0,0,18,0,0,5,9,3,11.697124592330317,0,0,5,6,3,13.227156555752265,0,8.190607044955884,2.054824266194568,1.7692588256994397,1
1,4,1,7,1,1,1,22,1,8,3,1,0,0,1,1,0,18,0,0,5,9,3,13.592559270334936,0,0,5,10,2,12.4074032421252,1,7.6,2.6,0.32,1
1,1,1,6,1,1,1,1,28,5,4,1,0,0,1,1,0,18,0,0,5,5,0,0.1760046845551657,0,0,5,6,1,14.946220790830369,0,10.8,1.4,1.74,1
1,8,2,8,1,1,1,22,27,10,7,1,0,0,1,0,0,19,0,0,5,12,3,12.532345730747124,1,0,5,11,3,11.309703719224135,0,8.343288926137928,1.1960098061839135,-1.1005077255080409,1
1,9,1,2,1,1,1,3,3,3,4,0,0,0,1,1,0,19,0,4,11,12,9,12.461771512441013,0,3,10,15,8,12.268898991246756,0,9.540088663542337,1.787422085828255,2.6324047534064303,1
1,3,2,10,1,1,1,13,14,9,9,1,0,0,1,0,0,22,0,0,5,8,3,10.0,0,0,5,10,1,12.963863953420784,0,9.4,-0.8,-3.12,1
1,8,2,5,1,1,1,3,1,3,5,1,0,0,1,0,0,18,0,0,6,6,6,12.879672163961432,0,0,6,7,2,11.042841245667582,0,11.257245776946554,1.953508045777408,0.9121444880546592,1
3,13,1,10,1,1,1,22,27,10,10,0,0,0,1,0,0,38,0,0,6,10,4,12.188835399929271,0,0,6,10,4,12.313724072646586,0,10.949866407260778,1.000356247304593,1.8798753134433923,1
1,15,1,4,1,14,1,8,2,5,3,1,0,0,1,0,0,22,0,0,6,12,5,12.908472732995948,0,0,6,15,2,11.5,0,12.4,0.5,1.79,1
1,14,1,13,1,1,1,13,14,2,2,0,0,0,1,0,0,19,0,0,6,11,5,12.198059142386638,0,0,6,7,4,14.54177427159919,0,14.01159931276822,-0.2708871357995947,0.7070283370288447,1
1,1,1,2,1,1,1,3,2,3,3,1,0,0,1,0,0,18,0,0,0,0,0,0.0,0,0,0,0,0,0.0,0,11.666403334588356,0.8209485411175943,1.565336021217684,1
1,8,1,14,1,1,1,1,14,8,8,1,0,0,1,0,0,18,0,0,6,6,5,14.64179488562495,0,0,6,7,6,13.261210433128992,0,9.062950619692208,1.4,3.3581986332341014,1
1,1,4,12,1,1,1,1,1,4,5,0,0,0,1,0,0,20,0,0,6,9,5,12.40501807489361,0,0,6,9,6,11.813996276955525,0,12.157896174815464,0.5186233711680414,1.8328337536864951,1
1,17,1,6,1,16,1,1,1,5,5,1,0,0,0,0,0,22,0,7,11,18,8,13.621284024230528,0,4,9,14,5,13.35840615559925,0,8.9,1.4,3.51,1
1,14,1,5,1,1,1,1,1,4,7,0,0,0,1,0,0,19,0,2,6,7,3,12.056883432302891,0,0,6,12,3,10.730644949253852,0,13.9,-0.3,0.79,1
1,1,3,6,1,1,1,1,1,6,5,0,0,0,1,0,0,19,0,0,5,8,5,11.500195071603674,0,0,5,10,4,11.5,0,11.715389063550353,0.5526623797268959,1.9111234733718607,1
1,7,2,6,1,1,1,1,2,4,3,1,0,0,1,0,0,18,0,0,6,11,1,11.123034829399,0,0,6,11,3,10.876965170601,3,7.6,2.6,0.32,1
1,1,2,12,1,1,1,13,28,4,11,1,0,0,1,0,0,19,0,0,6,7,5,12.736440603327846,0,0,6,8,4,12.537817488727365,0,10.111861719802436,1.5010604975864343,1.089257651689496,1
1,5,1,14,1,1,1,2,2,14,18,0,0,0,1,0,0,20,0,0,6,8,6,12.237088307718787,0,0,6,7,5,13.570893707284524,0,10.232396287599627,0.91549225905468,2.6076043324893416,1
1,8,1,9,1,1,1,23,28,5,7,1,0,0,1,0,0,22,0,0,5,6,3,11.642435165593362,0,0,5,9,2,10.764536754958376,0,10.8,1.4,1.74,1
1,8,3,12,1,1,1,1,1,5,3,1,0,0,1,1,0,19,0,0,6,8,4,12.57124894966746,0,0,6,12,2,11.55703250323769,0,8.055623710955519,1.7393774348617976,-0.5507475364927701,1
1,1,1,10,1,1,1,22,27,7,7,0,0,0,1,0,0,18,0,0,5,10,4,12.02116571303383,0,0,5,9,5,11.71380363716029,0,15.545629086328333,0.1292945442595646,-0.4334894511397591,1
1,1,1,11,1,1,1,13,28,7,10,0,0,0,1,0,0,19,0,0,6,6,5,12.383012694011732,0,0,6,7,4,12.773938293375734,0,12.4,0.5,1.79,1
1,15,1,6,1,14,1,1,1,10,8,0,0,0,1,1,0,20,0,2,6,12,5,13.549143714331308,0,0,6,10,5,13.747586014986249,0,12.4,0.5,1.79,1
1,11,1,12,1,8,1,22,14,20,13,1,0,0,1,0,0,19,0,1,6,7,4,12.287241394358688,0,1,6,6,3,12.973948300691836,0,12.4,0.5,1.79,1
1,12,1,7,1,1,1,13,27,9,10,0,0,0,1,1,0,24,0,0,5,7,5,11.85054761835998,0,0,5,8,4,13.669485727488391,0,12.7,3.7,-1.7,1
1,1,1,6,1,1,1,13,27,9,6,1,0,0,1,0,0,18,0,0,5,11,4,13.928719729944836,2,0,5,7,4,11.628512108022065,0,9.4,-0.8,-3.12,1
1,14,1,5,0,13,1,22,27,9,7,0,0,0,1,0,0,20,0,1,6,9,5,12.651553343344435,0,0,6,12,2,12.939546706711075,0,13.614358189209838,-0.1685140870965913,0.7686902141156545,1
1,8,1,15,1,1,1,23,28,8,6,0,0,0,1,0,0,19,0,0,6,9,3,12.149169643430051,0,0,6,9,5,11.178640251901983,0,11.506372203268777,0.4431049068471466,-3.4445885034545327,1
1,8,2,10,1,1,1,13,1,10,4,1,0,0,1,0,0,19,0,0,6,9,3,12.329105393067303,0,0,6,8,4,11.39921715647311,0,10.98597764731884,0.9040596071497642,1.9135791374975823,1
1,1,1,9,1,1,1,22,27,10,10,1,0,0,1,0,0,19,0,0,5,10,4,11.284553397483396,0,0,5,10,5,11.535230582284749,0,7.6,2.6,0.32,1
1,1,1,10,1,1,1,22,27,10,9,0,0,0,1,0,1,19,0,0,5,6,5,11.086802795092732,0,0,5,10,3,12.71630612163836,0,10.8,1.4,1.74,1
1,8,2,10,1,1,1,22,14,6,6,1,0,0,1,0,0,19,0,0,6,8,4,11.707212059485457,0,0,6,8,4,12.437756227166927,0,11.111293317096482,1.224897509133229,1.7497279161592652,1
1,7,3,6,1,1,1,1,14,9,4,1,0,0,0,0,0,18,0,0,5,9,3,11.72278065376143,0,0,5,8,3,10.776884287315044,0,8.683768909933915,1.5995979292917706,2.9794021712993763,1
1,7,1,14,1,1,5,3,7,16,25,0,0,0,1,0,0,20,0,0,7,10,3,7.305329129386862,2,0,7,8,4,13.312938019767932,0,10.258173866308542,0.9061185940696206,2.5901458814546685,1
1,1,1,14,1,1,1,2,27,3,10,0,0,0,1,0,0,19,0,0,5,7,4,12.552308472458176,0,0,5,8,4,11.719241496299954,0,9.273871118661711,1.9722983305018584,1.0627803089061345,1
1,1,3,14,1,1,1,13,1,5,9,0,0,0,1,0,0,18,0,0,6,7,5,12.525945117804389,0,0,6,7,5,12.428576318876704,0,10.898971189616718,1.1360768276887532,1.832373110308936,1
1,7,1,5,1,1,1,1,27,5,6,0,0,0,1,0,0,19,0,0,6,6,6,12.62905589139302,0,0,6,7,6,11.675985306445028,0,10.821118236773405,1.3436847019375913,1.759710354321843,1
1,1,3,12,1,1,1,22,27,8,8,1,0,0,1,0,0,18,0,0,8,8,7,13.568393194437116,0,0,8,8,7,13.568393194437116,0,9.4,-0.8,-3.12,1
1,14,2,14,1,1,1,1,1,5,5,0,0,0,1,1,0,22,0,0,5,13,1,11.742796159788393,0,0,5,8,3,10.865854382157565,0,9.4,-0.8,-3.12,1
1,1,2,11,1,1,1,13,28,4,10,0,0,0,1,0,0,19,0,0,6,7,5,12.728298928676049,0,0,6,8,4,12.795518683042252,0,12.4,0.5,1.79,1
1,14,1,17,0,1,1,22,27,10,9,0,0,0,1,0,0,34,0,8,12,19,10,11.21763578590863,0,7,12,21,11,11.12572284694078,0,9.4,-0.8,-3.12,1
1,8,1,14,1,1,1,1,1,5,7,0,0,0,0,0,0,19,0,0,6,7,5,12.754201754597968,0,0,6,8,4,13.63984833088665,0,13.300142189793766,0.0199241654433249,1.1899052068041562,1
1,12,1,8,1,1,1,13,1,28,29,0,0,0,1,0,0,24,0,0,6,11,6,11.354022010077708,0,0,6,12,3,11.339539936356646,0,16.030094242236824,0.3256022374711633,-0.8168928072752246,1
1,12,1,12,0,14,1,22,27,10,8,0,0,0,1,0,0,27,0,2,7,12,6,12.420514617516243,0,3,7,11,7,12.376308121415155,0,12.11647425146568,2.904283070180472,-1.9510928978541624,1
2,12,1,9,1,1,1,22,27,6,8,0,0,0,1,0,0,35,0,0,5,6,3,12.67193932965158,0,0,5,10,4,12.581948420645178,0,10.8,1.4,1.74,1
1,8,3,10,1,1,1,22,14,6,5,1,0,0,1,0,0,18,0,0,5,8,4,11.404028317715207,0,0,5,7,3,12.32859374445911,0,10.40568750664907,1.5478671850065993,1.5650238310755242,1
1,1,1,8,1,1,1,3,14,3,11,0,0,0,1,1,0,19,0,0,5,7,5,11.92183964582349,0,0,5,8,4,12.363849775415009,1,15.244027394308006,0.1453573726086481,-1.2292852547827038,1
1,1,4,15,1,1,1,23,1,6,6,1,0,0,1,0,0,18,0,0,6,6,5,12.973121725576554,0,0,6,6,5,12.159627862220836,0,14.5589711484929,2.51969353359363,-2.8987303534593254,1
3,13,1,3,0,7,1,19,24,2,2,0,0,0,1,0,0,46,0,0,6,8,5,12.704663792740748,0,0,6,10,3,12.223122305694451,0,7.6,2.6,0.32,1
1,1,2,4,0,1,1,1,1,4,10,0,0,0,1,0,0,20,0,0,6,9,5,11.559548930762691,0,0,6,6,4,13.04704036248821,0,8.131500920596558,1.5960538166509457,-0.6957573149178666,1
1,8,2,8,1,1,1,23,27,5,8,1,0,0,1,1,0,21,0,0,5,7,3,12.26446908604928,0,0,5,9,3,11.073153801640968,0,10.13890322607308,1.6479112902225952,1.4466383065699289,1
1,1,1,15,0,1,1,14,27,9,9,1,0,0,1,0,0,19,0,0,5,10,0,0.0,0,0,5,9,0,2.0375129120215063,2,7.6,2.6,0.32,1
1,8,2,8,1,1,1,1,14,6,8,0,0,0,1,0,0,19,0,0,5,10,4,11.205618777071557,0,0,5,7,5,13.234955192102165,0,12.29307823592279,0.5082247510828622,1.8089169274905832,1
1,6,1,9,1,1,12,1,7,18,30,0,0,0,1,0,0,19,1,0,6,12,1,7.768879759849114,3,0,5,11,2,11.28301828346424,0,8.9,1.4,3.51,1
1,8,1,9,1,1,1,1,1,5,4,0,0,0,1,1,0,21,0,0,5,5,4,11.021759740646914,0,0,5,10,3,11.34153246598377,0,10.8,1.4,1.74,1
3,12,1,16,0,1,1,20,27,10,10,0,0,0,1,0,0,28,0,0,5,5,0,0.0,0,0,5,5,0,0.0,1,8.189604340786302,2.3788983722051373,0.5816369262239212,1
1,1,1,8,1,1,1,13,27,8,7,0,0,0,1,0,0,20,0,0,6,13,2,10.747019366076776,0,0,6,14,1,12.43973547544242,0,10.03496646116526,-0.2770864437462574,-1.2001602291826876,1
1,15,1,4,1,14,1,2,2,8,7,0,0,0,0,1,0,20,0,0,6,11,4,11.936401934030926,0,0,6,16,3,12.0,0,12.4,0.5,1.79,1
1,1,1,8,1,1,1,1,1,3,9,0,0,0,1,0,0,20,0,0,6,10,5,13.405582461571218,0,0,6,9,6,13.02495652098027,0,15.773243491237366,0.3224608688822438,-0.6156552266455961,1
1,1,1,6,1,1,1,13,14,9,10,1,0,0,1,0,0,18,0,0,5,5,0,0.027132155872315,0,0,5,5,0,0.0284241632948062,0,9.395348773279032,-0.7912143495270599,-3.1111109889332607,1
1,8,1,9,1,1,1,13,14,4,4,0,0,0,1,0,0,20,0,0,5,9,4,10.876355524643389,0,0,5,9,3,10.570129388211546,0,10.662328987807827,1.260231067834075,1.2578382525161476,1
1,14,1,7,1,1,1,2,2,3,5,0,0,0,1,0,0,21,0,0,5,10,4,12.259066071149585,0,0,5,11,3,13.181841837000398,0,12.542490476934448,0.1363423466996415,1.3863345404895102,1
1,10,1,6,1,1,1,2,27,3,7,0,0,0,1,0,0,21,0,0,5,6,4,11.411845956607564,0,0,5,7,3,11.245179289940896,0,15.5,2.8,-4.06,1
1,12,1,17,0,1,1,22,27,10,10,0,0,0,1,0,0,25,0,0,5,9,4,11.883023707885773,0,0,5,8,4,12.264222900993152,0,15.416226631445962,0.3412512299238967,-0.3610458345311991,1
1,8,1,9,1,1,1,2,3,3,3,0,0,0,1,0,0,19,0,0,5,10,3,11.0,0,0,5,8,4,11.661651478355717,0,13.68950344241599,3.381945322080574,-2.5340100443220503,1
1,14,1,8,1,1,2,1,2,9,3,0,0,0,1,0,0,21,0,1,5,9,5,13.130090622869048,1,0,5,7,2,12.529128907137896,1,10.852432032848212,1.260181245738098,1.7889365639916657,1
2,12,1,3,0,1,1,22,27,10,8,0,0,0,1,0,0,48,0,0,6,8,5,11.732045801482334,0,0,6,10,4,11.60823175573318,0,12.78160519075714,0.3133132824880196,1.13273389315507,1
1,8,1,12,1,1,1,2,28,3,10,1,0,0,1,0,0,18,0,0,7,8,6,12.604319311219088,0,0,8,14,5,13.348221509959275,0,13.63649509340573,-0.2153019943089842,0.9057539411110548,1
1,12,1,7,1,1,1,22,2,10,4,0,0,0,1,1,0,28,0,0,5,11,4,10.61502764987416,0,0,5,13,3,10.76994470025168,3,8.336176959194628,2.3239336403020148,0.646678525642616,1
1,8,4,12,1,1,1,13,28,6,10,0,0,0,1,0,0,19,0,0,5,6,5,12.548436548783124,0,0,5,8,4,11.0,0,14.258583762222807,3.1990266478569547,-3.0136634567306526,1
1,1,2,9,1,1,1,22,27,10,8,1,0,0,1,0,0,20,0,0,5,6,4,13.404515998247415,0,0,5,5,5,12.95639766418384,0,10.876693499342782,1.195484001752582,1.8115805993865963,1
1,16,1,5,1,11,1,22,14,4,7,0,0,0,0,0,0,28,0,1,6,8,5,11.0,0,2,6,11,5,10.720444253363793,0,8.9,1.4,3.51,1
1,15,2,6,1,14,1,1,14,6,4,1,0,0,1,0,0,19,0,0,5,10,2,12.880870252260282,0,0,5,8,3,14.386251838802576,0,13.638146763450278,2.788657429791157,-1.490927292716795,1
1,15,1,15,0,14,1,22,14,12,9,0,0,0,1,0,0,25,0,2,6,7,5,12.56744950723518,0,2,6,6,5,13.06744950723518,0,9.846477217441688,-0.6065265391086021,-2.3892656207871044,1
1,2,1,6,1,1,1,1,1,4,4,0,0,0,0,0,0,18,0,0,5,7,3,12.722865727032648,0,0,5,5,4,13.394290396563262,0,8.027147929610202,2.205709603436737,1.36815530419734,1
1,1,1,10,1,1,1,22,27,8,9,0,0,0,1,0,0,18,0,0,6,11,2,12.58731494749829,0,0,6,8,5,10.865078337371926,0,7.6,2.6,0.32,1
1,1,1,2,1,1,1,2,3,3,4,1,0,0,1,0,0,18,0,0,0,0,0,0.0,0,0,0,0,0,0.0,0,12.4,0.5,1.79,1
2,7,1,9,1,1,1,22,27,10,10,1,0,0,1,0,1,20,0,0,5,8,3,10.469467142322523,0,0,5,12,4,12.30613898798386,0,12.41556246088178,3.355680873698997,-1.1850183502280651,1
1,8,3,9,1,1,1,13,28,6,7,1,0,0,1,0,0,19,0,0,5,8,2,12.384036791391132,0,0,5,12,2,11.864082780630048,0,9.993522738078624,0.1326785884092644,-1.0596282092413525,1
1,8,1,14,1,1,1,22,14,9,10,1,0,0,1,0,0,18,0,0,6,6,5,12.44993961549287,0,0,6,7,4,13.3552259186743,0,12.1552259186743,0.6376854207457063,1.782350809958572,1
1,8,1,14,1,1,1,1,1,4,4,0,0,0,1,0,0,22,0,0,6,6,4,11.72047116960397,0,0,6,9,3,10.484579901143327,0,11.24694761112377,1.941041845044565,0.9307895882811724,1
1,1,5,12,1,1,1,1,1,4,5,1,0,0,1,0,0,20,0,0,7,8,6,13.110543599627787,0,0,7,8,7,13.568937478970703,0,14.20070286330258,-0.2215557747906315,0.5664339581532999,1
2,12,1,15,0,1,1,22,27,10,10,0,0,0,1,0,0,34,0,0,5,9,3,11.447289196563318,0,0,5,7,3,12.057479686713975,0,9.4,-0.8,-3.12,1
1,1,1,11,1,1,1,1,14,5,5,0,0,0,1,1,0,19,0,0,5,9,5,12.602277864572994,0,0,5,9,5,12.847040542330667,0,10.077787824053852,0.9717135185258712,2.712316428254435,1
1,1,1,6,1,1,1,1,1,3,4,0,0,0,0,0,0,18,0,0,5,5,4,14.208922298261388,0,0,5,5,5,13.934880280233024,0,9.239047333932769,1.4,3.1941506415468437,1
1,14,1,7,1,13,1,1,14,5,6,0,0,0,1,1,0,22,0,0,5,10,0,3.4349896465367564,0,0,5,7,1,11.146213689918673,0,11.768042536751269,0.8691379637170467,1.4433418032536438,1
1,8,4,9,1,1,1,22,27,10,10,1,0,0,0,0,0,18,0,0,5,8,4,12.26975383157213,0,0,5,9,4,10.557561542106969,0,8.600679981043768,1.676295402113444,2.7755147227150947,1
1,1,1,2,1,1,1,3,3,2,3,1,0,0,1,0,0,19,0,0,0,0,0,0.0,0,0,0,0,0,0.0,0,13.59072075322236,-0.1350510683852588,0.9961861645184265,1
2,13,1,15,0,13,1,22,27,10,9,0,0,0,1,0,0,41,0,1,6,9,5,12.027604487322668,0,1,7,8,6,12.18709468565166,0,9.906854889357644,-0.0035137452951343,-1.360489455515615,1
1,1,1,2,1,1,1,10,3,8,3,1,0,0,1,0,0,18,0,0,0,0,0,0.0,0,0,0,0,0,0.0,0,11.389892377006854,3.417427767589714,-1.181094627755656,1
1,1,4,13,1,1,1,1,1,10,10,1,0,0,1,0,0,18,0,0,6,7,6,13.382509190448271,0,0,6,7,6,13.546852165207724,0,10.739922569897908,0.7744263262347113,2.5090821219755384,1
1,8,1,9,1,1,1,1,28,9,9,1,0,0,1,0,0,18,0,0,5,9,2,10.646136535271385,0,0,5,5,3,11.706159039418583,0,12.195408850620062,0.5526091526976985,1.8905419362667129,1
1,8,1,7,1,1,1,3,2,3,3,1,0,0,0,0,0,18,0,0,5,9,5,12.31966117700131,0,0,5,11,5,14.244305025026746,0,9.396210377344858,1.2724030458256084,3.2661480431333847,1
1,7,2,6,1,1,1,1,2,4,3,1,0,0,1,0,0,18,0,0,6,11,1,11.137270127000065,0,0,6,11,3,10.862729872999935,2,7.6,2.6,0.32,1
1,1,1,10,1,1,1,22,27,10,10,0,0,0,1,0,0,18,0,0,6,11,5,12.364267680954503,0,0,6,11,6,12.404070808747552,0,8.325315549587755,1.2299595174453517,-1.0661586058788206,1
1,1,1,7,1,1,1,13,14,6,8,0,0,0,1,0,0,19,0,0,5,8,4,10.162079377456312,0,0,5,8,2,11.675841245087376,0,7.6,2.6,0.32,1
1,1,1,7,1,1,1,1,1,4,3,1,0,0,1,0,0,19,0,0,5,13,2,11.442716966779528,2,0,5,8,3,12.371522022146982,0,9.4,-0.8,-3.12,1
1,1,2,15,1,1,1,2,2,3,3,1,0,0,1,0,0,21,0,0,6,7,5,13.778316365830891,0,0,6,7,5,13.115689109562576,0,9.1602682010203,1.7084181708455422,1.0778445547812892,1
1,1,1,15,1,1,1,22,27,10,9,1,0,0,1,0,0,18,0,0,6,11,3,11.0,0,0,6,11,2,8.452696599650544,0,9.4,-0.8,-3.12,1
1,7,1,8,1,1,1,1,28,6,7,0,0,1,0,1,0,18,0,0,4,8,0,0.0,0,0,4,4,0,0.0,0,7.628477965178048,2.54620828799702,0.2655754443263964,1
1,1,2,9,1,1,1,1,1,4,9,1,0,0,1,0,0,19,0,0,6,10,6,12.94107980518798,0,0,6,9,6,12.585007136889695,0,16.2,0.3,-0.92,1
1,7,1,5,1,1,1,2,1,3,4,1,0,0,1,0,0,18,0,0,6,6,5,13.362585885761534,0,0,6,7,1,10.453232357201918,0,10.546189879966926,1.001155525662312,0.8589162975994715,1
1,1,2,12,1,1,1,22,27,7,7,1,0,0,1,0,1,19,0,0,8,9,6,12.20555131518079,0,0,8,9,6,12.20555131518079,0,9.4,-0.8,-3.12,1
1,15,1,5,1,14,1,1,10,10,8,0,0,0,1,0,0,20,0,0,6,12,5,11.963534589162707,0,0,6,11,4,11.867445426551084,0,14.918536895529405,0.3674454265510841,-0.0061144702328108,1
1,5,1,12,1,1,19,2,1,13,5,1,0,0,1,0,0,18,1,0,7,14,4,11.733245972847795,0,0,7,9,5,12.552265290738454,0,12.277182230028576,0.5094475207670326,1.811729297764175,1
1,1,1,6,1,1,1,13,14,4,4,1,0,0,1,0,0,18,0,0,5,9,5,12.560557272809712,2,0,5,7,3,12.621037879082303,0,9.4,-0.8,-3.12,1
1,15,1,4,1,14,1,1,2,10,7,0,0,0,1,1,0,20,0,0,6,12,4,11.685507637905651,0,0,6,12,4,12.56290282537806,0,12.4,0.5,1.79,1
4,12,1,17,0,1,1,22,27,10,10,0,0,0,1,0,0,34,0,0,5,12,2,10.236473441649522,0,0,5,7,3,11.002270515024003,0,12.7,3.7,-1.7,1
1,7,2,7,1,1,14,1,1,25,33,0,0,0,1,0,0,19,1,0,5,10,3,13.946813046141717,0,0,5,12,1,10.404249271811045,0,8.9,1.4,3.51,1
1,8,1,2,1,1,1,2,2,3,3,1,0,0,1,1,0,20,0,0,0,0,0,0.0,0,0,0,0,0,0.0,0,7.6,2.6,0.32,1
1,1,4,9,1,1,1,22,27,10,9,1,0,0,1,0,0,21,0,0,5,6,4,13.70643513663616,0,0,5,5,5,13.384116443567892,0,10.98991317623856,0.8935648633638404,1.917252297822656,1
1,16,1,4,1,15,1,23,18,6,5,0,0,0,0,0,0,22,0,0,6,8,6,11.147240203475302,0,0,6,10,4,12.343560474775703,0,10.102461661714964,1.0907955727018663,2.919075983385789,1
1,3,2,2,1,1,1,22,27,6,8,1,0,0,1,0,0,18,0,0,0,0,0,0.0,0,0,0,0,0,0.0,0,7.6,2.6,0.32,1
1,14,1,6,1,1,1,1,2,4,3,0,0,0,1,0,0,19,0,0,5,7,5,12.576963974592267,0,0,5,9,4,12.713132505293276,0,10.9327229809442,1.0460720508154644,1.8638747822145876,1
1,1,2,7,1,1,1,1,1,4,6,0,0,0,0,1,0,18,0,0,5,9,4,11.721536119517332,0,0,5,11,2,11.836273773497156,0,10.730098849153128,0.7345095093988623,2.270523961255381,1
1,8,1,10,1,1,1,13,27,4,6,0,0,0,0,0,0,19,0,0,6,8,6,13.508168784073058,0,0,7,10,6,13.330271066656511,0,11.1,0.6,2.02,1
1,1,1,14,1,1,1,22,27,10,7,0,0,0,1,0,0,19,0,0,5,6,3,12.976689464763522,0,0,5,6,3,12.965034197145282,0,7.725876890276981,2.362232540587924,0.0794352763595466,1
1,1,1,14,1,1,1,22,27,10,10,0,0,0,1,0,0,20,0,0,5,7,3,11.880056074609389,0,0,5,7,2,11.899579440429584,0,7.6,2.6,0.32,1
1,13,1,14,0,1,1,2,1,3,3,0,0,0,1,0,0,19,0,0,5,12,4,13.411065704374767,0,0,5,8,4,11.145770512699965,0,13.9,-0.3,0.79,1
1,10,1,7,1,1,1,1,2,6,3,0,0,0,1,0,0,21,0,0,5,9,5,11.994615616971371,0,0,5,8,2,11.492219614189182,0,11.748499186645477,0.8664692075119196,1.7696405995826712,1
1,3,2,7,1,1,1,22,28,5,5,0,0,0,1,1,0,18,0,0,5,9,2,12.157131038974708,0,0,5,8,2,13.05976912056896,2,7.6,2.6,0.32,1
3,12,1,6,1,1,1,22,27,10,10,0,0,0,0,0,0,42,0,0,5,11,4,12.403756216268985,0,0,5,13,2,10.346243783731015,0,9.407824216138827,1.2153366486767905,3.166064508160522,1
1,8,2,7,1,1,1,1,14,5,9,0,0,0,1,0,0,19,0,0,5,12,3,11.543141355119632,1,0,5,7,4,12.412445035076534,0,10.770575934641109,-0.2060837616555207,-0.8768240536373901,1
1,1,1,5,1,1,1,13,14,8,9,0,0,0,0,0,0,18,0,0,5,9,2,11.356461882685805,0,0,5,6,3,11.609039561021016,0,7.847422321664788,2.3716101646171186,0.9271363123928262,1
1,8,2,2,1,1,1,12,27,9,9,1,0,0,1,0,1,18,0,0,0,0,0,0.0,0,0,0,0,0,0.0,0,12.600556136005634,3.579620585691031,-1.5199542672944113,1
1,1,1,5,1,1,1,3,1,3,6,1,0,0,1,0,0,19,0,0,6,10,3,10.939238211742934,0,0,6,9,0,0.0,0,10.535429270457607,-0.3079806494683702,-1.261680760684383,1
1,13,1,14,0,12,1,22,27,6,7,0,0,0,1,0,0,28,0,1,6,7,6,11.69754644012834,0,1,6,9,5,12.837490757279385,0,9.4,-0.8,-3.12,1
1,1,1,12,1,1,1,10,1,5,11,0,0,0,1,0,0,19,0,0,6,9,5,12.704067558366168,0,0,7,9,6,13.467203846464844,0,13.879662208169158,-0.3022597546478715,0.7723287186536449,1
1,1,2,7,1,1,1,13,28,5,5,0,0,0,1,1,0,18,0,0,5,6,4,12.360822391595454,0,0,5,12,2,10.854077743063916,0,12.183692288712692,0.6412010029640083,1.31596526636224,1
2,12,1,17,0,1,1,22,27,10,7,0,0,0,1,0,0,35,0,0,5,7,4,10.83339238736805,0,0,5,8,3,11.138751096141217,0,7.6,2.6,0.32,1
1,1,1,14,1,1,1,1,12,5,5,0,0,0,1,0,0,19,0,0,6,8,6,13.252355801532438,0,0,6,7,5,13.253674991364274,0,11.645382491268323,0.5580475006716674,1.923509251544835,1
1,8,1,13,1,1,1,13,14,28,36,0,0,0,0,0,0,20,0,0,5,11,4,12.183424454419171,0,0,5,9,3,13.1573691227721,0,11.348548703501752,0.5201093453030083,1.9108161052474448,1
1,1,1,5,1,1,1,1,1,9,8,0,0,0,1,0,0,19,0,0,5,7,3,12.29755468689116,0,0,5,7,3,10.27875069803389,0,7.6,2.6,0.32,1
2,12,1,17,0,1,1,20,25,11,11,0,0,0,1,1,0,38,0,0,5,7,3,10.84125998860224,0,0,5,7,3,11.759213280143795,0,7.6,2.6,0.32,1
1,1,1,4,0,1,1,1,27,6,7,0,0,0,1,0,0,20,0,0,6,7,3,11.509675639881696,0,0,5,8,1,11.006450426587795,0,10.456772947917187,0.8606432038698653,0.5485118049125202,1
1,8,1,9,1,1,1,13,1,8,5,1,0,0,1,0,0,19,0,0,5,8,3,11.457124414217777,0,0,5,10,3,12.286646476043858,0,10.8,1.4,1.74,1
1,1,2,7,1,1,1,3,1,3,3,0,0,0,1,1,0,20,0,0,5,9,4,11.66142167795078,0,0,5,8,3,11.738152683743497,1,7.6,2.6,0.32,1
1,5,1,5,1,1,1,23,28,3,3,1,0,0,1,0,0,20,0,0,5,7,4,11.602745080415112,0,0,5,8,3,12.563585484528254,0,14.316470482490669,3.1804202020565704,-3.0624536923849925,1
1,1,1,5,1,1,1,1,28,5,7,1,0,0,1,1,0,19,0,0,5,5,3,9.86167732681304,0,0,5,7,1,11.986709705696017,0,10.8,1.4,1.74,1
1,1,3,13,1,1,1,1,1,10,10,0,0,0,1,0,0,18,0,0,6,6,6,14.165047205076965,0,0,6,7,5,13.427299415104608,0,8.9,1.4,3.51,1
1,12,1,9,1,1,1,2,1,3,5,0,0,0,1,0,0,35,0,0,7,10,6,12.99766349101412,0,0,7,11,6,13.148090045190749,0,11.732644635895092,0.8885497157994663,1.4541895470644075,1
1,1,1,13,1,1,1,23,14,5,8,0,0,0,1,0,0,19,0,0,6,8,3,11.68455465645843,0,0,6,10,5,13.603890921137342,0,10.80562908769671,1.384989099475443,1.7452538151835948,1
1,10,1,17,0,1,1,23,28,4,4,0,0,0,1,0,0,24,0,0,5,10,2,11.062405452921848,0,0,5,11,3,12.75799296385199,0,11.748396306300872,2.705022691298756,-1.979996939442762,1
1,1,1,6,1,1,1,1,11,5,6,0,0,0,1,0,0,20,0,0,6,9,6,13.920390931742295,0,0,6,12,5,12.870680682796804,0,13.326210579633988,0.0060210241952066,1.1725262802440084,1
1,8,1,9,1,1,1,13,14,4,4,0,0,0,1,0,0,19,0,0,5,10,3,10.533048336696078,0,0,5,9,3,10.746552668011764,0,12.435948700605294,0.8834528064564684,1.3717967829584143,1
1,1,2,12,1,1,1,3,1,4,5,1,0,0,1,0,0,19,0,0,6,10,5,12.51091978195432,0,0,6,8,6,11.47638651211244,0,12.36641401721642,0.5025835371371985,1.7959421354155565,1
1,1,2,13,1,1,1,22,27,10,8,1,0,0,1,0,1,18,0,0,6,8,6,13.564848483052945,0,0,6,6,5,12.808868814767152,0,12.406007906777749,0.5640843389626383,1.7201080178188726,1
1,12,1,7,1,14,1,1,1,5,9,0,0,0,1,0,0,23,0,1,5,6,4,13.621796495015934,0,0,5,5,2,13.210898247507968,0,14.780773215039112,0.5891017524920326,-0.2208993985192668,1
1,8,3,9,1,1,1,2,28,3,9,1,0,0,1,0,0,18,0,0,5,15,3,10.512399869859005,0,0,5,11,2,11.942149951197129,0,13.252079453407823,-0.0917398243096575,1.0746222401101346,1
1,8,1,15,1,1,1,1,1,4,5,0,0,0,1,0,0,19,0,0,6,10,3,13.565143034973389,0,0,6,12,3,10.351523631693276,0,10.20406716301076,0.2964552222873997,-2.774007463189309,1
1,8,2,14,1,1,1,1,1,5,2,1,0,0,1,0,0,18,0,0,7,10,5,11.723749534152864,0,0,7,9,6,13.13470439208979,0,13.9,-0.3,0.79,1
1,12,1,6,1,1,1,22,15,29,35,0,0,0,1,0,0,28,0,0,6,16,0,1.2396747860210615,0,0,6,6,0,1.0073519250725869,0,9.225252005327864,1.3163637700585489,3.3501618716674493,1
1,1,2,14,1,1,1,22,27,9,9,1,0,0,1,0,0,19,0,0,5,9,3,11.085682422144028,0,0,5,9,3,11.495301822378613,0,9.4,-0.8,-3.12,1
1,13,1,11,1,1,1,13,27,9,8,0,0,0,1,1,0,20,0,0,6,7,5,11.369678409366188,0,0,6,8,5,11.115160795316903,0,8.681699859709449,2.8333078128785085,-0.1084379836496247,1
1,12,1,16,0,1,1,22,27,10,9,0,0,0,1,0,0,25,0,0,5,8,3,11.13531380796646,0,0,5,8,3,11.351485355974845,0,10.36699581450733,1.5623765695597516,1.5478543926876271,1
1,2,4,10,1,1,14,1,1,7,5,0,0,0,1,0,0,22,1,0,7,9,5,13.20805211564212,0,0,6,8,5,13.04219300648412,0,10.23867010785154,0.9132108698721668,2.603355245136911,1
1,1,2,13,1,1,1,3,1,4,5,1,0,0,1,0,0,19,0,0,6,10,5,13.24616731721131,0,0,6,9,6,11.73492565710351,0,11.741110038633373,0.5506838431820482,1.9065728393187111,1
1,1,5,12,1,1,1,1,1,5,5,1,0,0,1,0,0,20,0,0,7,8,6,13.125970441089509,0,0,7,8,7,13.459152951029925,0,13.66104396907153,-0.1725567835048157,0.9493040206189804,1
1,15,1,4,1,14,1,3,3,7,2,1,0,0,1,1,0,20,0,0,6,12,4,11.68835264631081,0,0,6,11,4,11.5,0,15.304361997454636,2.6548492239179544,-3.690812156486971,1
1,13,1,13,1,1,1,13,14,2,2,0,0,1,1,0,0,20,0,0,6,12,4,12.338237608456431,0,0,6,7,5,14.470586068679085,0,13.9,-0.3,0.79,1
1,15,1,4,1,14,1,3,3,6,2,0,0,0,1,1,0,20,0,0,6,12,3,11.38779985324364,0,0,6,11,4,11.5,0,15.5,2.8,-4.06,1
1,1,1,6,1,1,1,13,14,8,9,1,0,0,1,0,0,18,0,0,5,8,2,10.75625587642269,0,0,5,6,3,11.427093127371151,0,9.24003760910522,1.8824835460164664,0.8222615177884736,1
1,14,1,10,1,1,1,3,2,3,4,0,0,0,1,0,0,32,0,1,7,14,4,11.887903768206764,0,1,8,10,4,10.85608631072508,0,9.623728098470876,1.4,2.8357901398455523,1
1,1,1,9,1,1,1,2,28,3,6,1,0,0,1,0,0,20,0,0,5,8,4,12.188310408269896,0,0,5,12,3,13.320344898077662,0,9.4,-0.8,-3.12,1
1,1,1,10,1,1,1,13,28,10,9,0,0,0,1,0,1,19,0,0,6,11,4,10.639055332197266,0,0,6,10,3,10.570708500852051,0,11.563306337309571,0.715149798977539,2.2011751713792966,1
1,1,1,13,1,1,1,3,1,3,8,0,0,0,0,1,0,24,0,0,6,9,5,15.213795817363216,0,0,7,7,6,13.50549265743235,0,11.762641520777208,0.5490275753248302,1.9027634232471096,1
1,8,2,8,1,1,1,1,1,5,8,1,0,0,1,0,0,18,0,0,5,5,4,12.495171664939738,0,0,5,5,3,11.262070837650654,0,11.047585832469869,0.7397711134136825,1.9710801103052111,1
1,1,1,9,1,1,1,2,1,3,5,0,0,0,1,1,0,20,0,0,5,10,5,11.463861651286692,0,0,5,13,2,11.5,0,12.252474338445632,2.8329190307384144,-0.6595028368860973,1
1,8,1,7,1,1,1,3,3,3,3,0,0,1,0,0,0,18,0,0,6,9,5,12.41728389426933,0,0,6,12,5,14.057551172542109,0,8.9,1.4,3.51,1
1,1,1,12,1,1,1,23,1,10,5,1,0,0,1,0,0,19,0,0,6,9,5,12.846269129675647,0,0,6,7,5,13.38507651870259,0,15.516017973308776,0.4393296721037674,-0.5830755201854354,1
1,1,5,12,1,1,14,1,1,10,6,1,0,0,1,0,0,20,1,0,7,11,4,12.979044945985216,0,0,7,9,5,13.593530104107046,0,11.310293474757742,0.583823578864789,1.9827942313890148,1
2,9,1,17,0,1,1,22,27,10,9,0,0,0,1,0,0,41,0,0,5,10,3,10.737908014414302,0,0,5,9,4,12.264903552432804,0,9.4,-0.8,-3.12,1
1,1,2,12,1,1,1,22,27,10,10,1,0,0,1,0,0,19,0,0,7,8,6,13.06864054704442,0,0,8,9,6,12.926836341150342,0,14.188944161887816,2.2535970998804067,-1.368178158207858,1
1,4,1,8,1,1,1,22,14,6,6,0,0,0,1,0,0,19,0,0,5,7,4,10.65509586972001,0,0,5,8,3,12.0,0,10.8,1.4,1.74,1
1,1,1,6,1,1,1,1,28,6,8,0,0,0,1,0,0,20,0,0,6,7,4,11.452540131718555,0,0,6,8,3,11.268159539490304,0,10.917312828917453,1.0871657895534603,1.849491973656289,1
1,13,1,5,1,13,1,22,27,10,7,0,0,0,1,1,0,41,0,1,6,11,5,13.605848123807098,0,0,6,15,5,13.39248540055774,0,14.295618603108364,0.4002305998364019,0.4381246277832463,1
1,1,1,11,1,1,1,23,14,10,6,0,0,0,1,0,0,18,0,0,6,10,4,12.147178777429213,0,0,6,10,3,11.91492179937258,0,8.870972087773476,2.1233854670849466,0.8839938639494798,1
1,1,1,6,1,1,1,13,14,7,9,0,0,0,1,0,0,19,0,0,5,9,3,10.269866309379973,0,0,5,7,2,11.460267381240056,0,7.6,2.6,0.32,1
1,1,1,12,1,1,1,1,27,6,10,0,0,0,1,0,0,19,0,0,5,8,4,11.941925079158954,0,0,5,6,4,11.372049947227364,0,7.6,2.6,0.32,1
1,15,1,9,1,14,1,7,29,4,4,0,0,0,1,0,0,22,0,2,6,12,2,13.348607612818096,0,0,6,11,1,13.022911419227146,0,11.26006332243167,0.7931265742318564,2.3501974529764365,1
2,2,1,7,0,2,1,22,20,10,8,1,0,0,1,0,0,45,0,7,11,12,11,13.307774449672744,0,4,8,12,8,13.383787822978018,0,10.954631513124385,1.0558045415776642,0.5702661605029303,1
1,1,1,13,1,1,1,22,27,10,10,1,0,0,1,0,0,19,0,0,6,11,4,12.068924343763676,0,0,6,11,3,11.185718621780843,0,7.6,2.6,0.32,1
1,8,2,9,1,1,1,22,14,8,8,0,0,0,1,0,0,19,0,0,5,7,5,11.369165203961558,0,0,5,9,4,10.98714529699817,0,15.5,2.8,-4.06,1
1,8,1,15,1,1,1,1,1,8,1,0,0,0,1,0,0,18,0,0,6,10,6,12.272548916874308,0,0,6,10,5,12.682490727862112,0,13.582026263646643,-0.1304140072782091,1.0019824909022386,1
1,8,2,5,1,1,1,2,1,3,4,0,0,0,1,0,0,18,0,0,6,6,5,12.746229005703976,0,0,6,8,1,10.217517995110876,0,10.455596507741111,1.4,2.060839042788542,1
1,1,1,7,1,1,1,1,27,8,9,1,0,0,1,0,0,20,0,0,5,7,4,11.322527977846416,0,0,5,8,4,11.78498134810239,0,8.632089529108528,2.212966426584302,0.7779897285419095,1
1,8,1,15,1,1,1,1,14,20,41,1,0,0,1,0,0,20,0,0,6,7,6,12.949633585052537,0,0,6,8,5,12.48855308751194,0,8.9,1.4,3.51,1
1,2,1,2,1,1,1,2,12,2,9,1,0,0,1,0,0,19,0,0,0,0,0,0.0,0,0,0,0,0,0.0,0,15.61559363126148,0.3307582299336062,-0.5032259843996358,1
1,1,1,10,1,1,1,13,28,10,9,0,0,0,1,0,0,19,0,0,5,5,5,11.955277113100738,0,0,5,7,4,12.414578348255532,0,11.729156696511067,0.2093012351547953,0.6920531266231118,1
1,14,1,7,1,13,1,1,14,5,7,0,0,0,1,1,0,20,0,1,5,12,4,12.340252043052423,0,0,5,11,1,14.786614439472936,0,13.9,-0.3,0.79,1
1,8,1,9,1,1,1,2,2,5,3,0,0,0,1,0,0,19,0,0,5,8,4,11.42695857106915,0,0,5,7,4,11.92695857106915,0,15.5,2.8,-4.06,1
1,1,2,13,1,1,1,22,27,8,8,1,0,0,1,0,0,18,0,0,5,7,3,11.378179506349165,0,0,5,7,4,11.08408657440468,0,9.4,-0.8,-3.12,1
1,1,4,13,1,1,1,3,14,3,4,1,0,0,1,0,0,17,0,0,7,12,5,12.507338940944662,0,0,7,12,5,12.507338940944662,0,10.8,1.4,1.74,1
1,8,1,11,1,1,1,13,14,5,6,0,0,0,1,1,0,18,0,0,5,8,4,11.360860746482864,0,0,5,8,3,11.652902960091902,0,14.042192432385985,3.268581003875933,-2.83127647872533,1
1,1,1,2,1,1,1,9,3,8,3,1,0,0,1,0,0,18,0,0,0,0,0,0.0,0,0,0,0,0,0.0,0,11.09998877491011,3.3548995396864947,-1.066270063787926,1
1,1,3,12,1,1,1,2,1,5,3,1,0,0,1,0,0,19,0,0,7,10,4,12.520102411663014,0,0,7,9,5,11.4149032444533,0,12.4,0.5,1.79,1
1,15,1,6,1,14,1,2,3,5,3,0,0,0,0,0,0,27,0,0,6,8,5,14.16011809538048,0,0,6,12,3,15.029288099068127,0,11.280957432002788,0.586080197538247,1.987984454337968,1
1,8,2,12,1,1,1,3,2,2,10,1,0,0,1,1,0,18,0,0,7,8,6,12.955812669017227,0,0,7,7,6,13.659450943729851,0,15.650612787380611,0.4119122099780234,-0.6493759285985978,1
1,8,1,15,1,1,1,1,14,3,10,1,0,0,1,0,0,19,0,0,6,8,5,13.068267037943489,0,0,6,8,4,10.843735746632662,0,8.470404733779453,2.787734354344588,-0.0247485416146069,1
1,5,1,15,1,1,1,22,27,10,8,1,0,0,1,0,1,19,0,0,6,10,4,12.501430814671178,0,0,6,11,4,12.46287997747714,0,9.4,-0.8,-3.12,1
1,5,1,7,1,1,12,1,2,20,30,0,0,0,1,0,0,19,0,0,6,10,2,13.545314373502755,0,0,5,10,2,11.1203663046167,0,9.06520865339547,1.3575177748411646,3.428811747474226,1
1,8,1,16,0,1,1,22,27,5,6,0,0,0,1,0,0,22,0,0,5,9,3,12.118900575561677,0,0,5,8,4,12.077784569064114,0,10.24064245572982,1.6097590791013183,1.4917850897301068,1
1,11,1,7,1,1,1,2,27,3,6,0,0,0,1,0,0,19,0,0,5,7,3,11.83369311416496,0,0,5,9,4,11.071659859106044,0,10.8,1.4,1.74,1
1,8,1,16,0,1,1,22,27,6,6,0,0,0,1,0,0,21,0,0,5,8,4,12.25,0,0,5,8,4,11.624352382225055,0,10.8,1.4,1.74,1
1,10,1,10,1,1,1,13,7,29,32,0,0,0,0,1,0,22,0,0,6,11,5,11.7717145211274,0,0,6,10,3,12.321683647632684,0,13.761006482454832,0.4434702069144216,0.4860080277613324,1
2,12,1,13,0,6,1,22,27,10,10,0,0,0,1,0,0,30,0,0,5,8,0,0.0,0,0,5,7,0,0.0,0,8.510993598724152,0.879234313521047,-1.421009988672823,1
1,1,1,4,0,1,1,3,1,3,10,0,0,0,0,0,0,25,0,0,6,6,6,12.337194609791656,0,0,6,7,5,11.976735144487172,0,10.869765407509616,1.2139589133076958,1.8051143803423064,1
1,12,1,10,1,8,1,22,27,6,8,0,0,0,1,1,0,25,0,0,5,7,5,11.153339100940116,0,0,5,11,4,11.77601038169221,0,9.4,-0.8,-3.12,1
1,1,6,12,1,1,1,1,1,4,5,1,0,0,1,0,0,20,0,0,7,8,6,13.41224749519057,0,0,8,8,7,13.436532853055414,0,13.27482616532074,-0.0990512674245234,1.064629934519818,1
1,1,1,12,1,1,1,23,14,9,8,0,0,0,1,0,0,19,0,0,6,9,4,12.503659916974742,0,0,6,8,5,12.637289433639944,0,11.06338948436268,0.697628041699516,1.9858301854051692,1
1,1,1,5,1,1,1,22,27,10,7,0,0,0,0,0,1,19,0,0,6,6,5,11.745905433408236,0,0,6,6,5,12.66190895880148,0,8.372577975730307,1.8868510993258705,2.215787494292061,1
1,12,1,3,0,1,1,22,27,9,7,0,0,0,1,0,0,48,0,0,6,8,5,12.41383104641403,0,0,6,11,4,11.59532623917451,0,14.001681321786144,-0.1029924390393475,0.4817784933357538,1
3,12,1,17,0,1,1,22,27,10,10,0,0,0,1,0,0,29,0,0,5,9,3,10.707964935800652,0,0,5,8,4,10.505310586291664,0,12.46459986593628,3.415041942975498,-1.2738018625372665,1
1,6,1,15,1,1,1,22,27,10,8,1,0,0,1,0,1,19,0,0,6,10,4,12.588944227751623,0,0,6,11,4,12.509288605625862,0,9.4,-0.8,-3.12,1
1,1,1,10,1,1,1,23,27,5,5,0,0,0,1,0,0,19,0,0,5,11,3,11.049517120816246,0,0,5,6,3,12.623792802040612,0,15.680070231429427,0.8050746323256979,-1.035870062710013,1
1,13,1,9,1,1,1,2,14,9,9,0,0,0,1,0,0,20,0,2,9,17,5,11.16654474775582,1,3,9,15,6,10.571238567931148,0,7.600598511016881,2.598869479190336,0.3188561789455164,1
1,7,2,11,1,1,1,22,27,8,8,1,0,0,1,0,1,18,0,0,6,9,4,11.941061268576794,0,0,6,8,5,12.79690463331768,0,11.094693657116023,0.6141502476906058,2.015047413308288,1
1,1,1,10,1,1,1,1,27,10,10,0,0,0,1,0,0,21,0,0,5,7,4,11.715404305082844,0,0,5,8,5,12.099361709039284,0,8.871829875702833,2.123063796611438,0.8843745073431318,1
1,11,1,5,0,1,1,22,14,6,5,0,0,0,1,0,0,19,0,1,6,6,5,11.832268299117514,0,0,6,7,4,13.27040356171094,0,12.006883383625391,2.8609640959675824,-0.4450941261428185,1
1,15,1,6,1,14,1,1,14,8,6,1,0,0,1,0,0,19,0,0,5,11,4,12.727315929404066,0,0,5,9,4,13.165494972095654,0,14.847387055942985,1.6139668599411006,-1.2214394561041348,1
1,14,1,13,1,1,1,3,3,5,4,0,0,0,1,0,0,18,0,0,3,3,2,7.761064996834635,0,0,5,6,3,14.0809002916918,0,11.872438072289876,2.698214508561429,-0.2016773519353556,1
1,13,1,6,1,1,1,13,28,5,9,1,0,0,0,0,0,18,0,0,6,11,4,12.80821754440814,0,0,6,12,2,11.538811696272091,0,13.305474387665232,0.0260301745061629,0.9721933328122676,1
1,13,1,13,0,1,1,22,27,10,7,0,0,0,1,0,0,25,0,0,6,8,5,11.78824464933452,0,0,6,7,5,12.0,0,7.6,2.6,0.32,1
1,1,1,15,1,1,1,1,14,5,5,0,0,0,1,0,0,18,0,0,6,9,4,12.430389444543398,0,0,6,8,4,12.013828676890562,0,8.527717143366043,0.8476453958641401,-1.4529705406551057,1
1,1,1,15,1,1,1,3,1,4,5,1,0,0,1,0,0,18,0,0,6,8,5,11.58840561600304,0,0,6,12,4,12.486011259479648,0,9.36691826574666,1.4,3.075028773488637,1
1,15,1,6,1,14,1,1,14,8,6,1,0,0,1,0,0,19,0,0,5,11,4,12.724667666041071,0,0,5,9,4,13.144441278359857,0,14.868242129926555,1.5937076452142018,-1.2167917539020816,1
1,1,1,11,1,1,1,23,14,8,5,0,0,0,1,1,0,19,0,0,6,9,4,12.712830618970395,0,0,6,11,2,13.44603257235526,0,10.889206514471052,1.1621159614105288,1.823259413506315,1
1,13,1,3,0,1,1,22,27,8,5,0,0,0,1,0,0,45,0,2,7,10,6,12.118876661523196,0,1,6,8,5,11.76573055126933,0,13.90494409702498,3.312696540241971,-2.7155957389210537,1
1,2,1,16,1,1,1,13,14,7,8,1,0,0,1,0,0,18,0,0,7,7,6,11.638222540241667,0,0,7,8,6,13.365906261139289,0,15.807471055335004,0.1976011448700009,-0.6281632628795027,1
1,11,1,7,1,1,1,22,2,10,3,1,0,0,1,0,0,27,0,0,5,10,3,10.562191511947567,0,0,5,12,3,10.975123395220972,3,7.838815405878661,2.510444222795502,0.425974336358656,1
1,8,2,9,1,1,1,13,1,9,4,1,0,0,1,0,0,20,0,0,5,9,2,11.445674010186035,0,0,5,9,3,10.0,0,10.730583269265054,0.2957744570418088,0.9030576494249276,1
1,10,1,6,1,1,1,3,2,4,3,0,0,0,0,0,0,24,0,0,5,10,3,11.683653147702952,0,0,5,16,4,13.118464891025834,0,11.47114406784132,0.7388486682693751,2.2464663438036947,1
1,14,1,6,1,13,1,1,14,9,9,0,0,0,1,0,0,20,0,0,5,13,5,12.279030063342503,0,0,5,11,4,11.480020501867754,0,15.791137307942128,0.193340167289251,-0.6160194767743656,1
1,1,1,11,1,1,1,13,27,7,8,0,0,0,1,0,0,19,0,0,6,11,4,11.82709548610767,0,0,6,11,3,11.15344386574877,0,15.5,2.8,-4.06,1
1,15,1,6,1,14,1,1,1,8,7,0,0,0,1,0,0,20,0,4,7,11,6,13.80183185204213,0,2,7,11,5,13.389749473002832,0,11.06318086000515,0.8437534931415326,2.44695112022604,1
1,12,1,17,0,1,1,22,27,8,6,0,0,0,1,0,0,39,0,0,5,8,4,11.616810373986535,0,0,5,6,4,12.275107780489902,0,14.486896598378458,0.8371121593582613,-0.9890303138346992,1
1,8,1,10,1,1,1,1,1,8,10,0,0,0,1,0,0,20,0,0,6,11,4,10.715665809273007,0,0,6,12,4,11.248215934668725,0,15.5,2.8,-4.06,1
1,12,1,11,1,1,1,13,14,5,7,0,0,0,1,0,0,18,0,0,6,9,5,12.122776713829971,0,0,6,7,2,12.919199220303794,0,15.385740615030617,1.0909948311131157,-1.1014635200788911,1
1,1,1,11,1,1,1,13,27,9,9,0,0,0,1,0,0,19,0,0,6,6,6,12.2244826736154,0,0,6,7,4,12.80888070127617,0,11.340147377028932,0.9636855225498422,1.4654201342151103,1
1,1,1,16,0,1,1,22,27,10,10,0,0,0,1,0,0,27,0,0,5,10,5,11.649045387115956,0,0,5,10,4,10.640943340240163,0,15.621626816963603,2.3656185108442638,-3.514416849620395,1
1,1,1,8,1,1,1,22,27,10,10,1,0,0,1,0,0,19,0,0,5,8,2,10.0,0,0,5,9,1,12.72138163719172,0,8.7016842478027,2.1868684070739874,0.8088723849624481,1
1,2,3,5,1,1,1,22,27,10,10,0,0,0,1,0,0,21,0,0,6,6,6,11.691997352458433,0,0,6,6,6,12.2173280382502,0,7.6,2.6,0.32,1
1,8,1,12,1,1,1,1,27,4,9,1,0,0,1,0,0,19,0,0,7,10,6,12.010031755390948,0,0,7,11,6,12.262084354543717,0,13.471911084905347,3.451885722708995,-2.35061077156308,1
1,8,3,11,1,1,1,1,1,5,3,1,0,0,1,1,0,19,0,0,6,7,4,12.504929337151204,0,0,6,12,2,11.63616385908095,0,7.974231459231022,1.893118354785847,-0.3951978998637315,1
1,15,1,6,1,14,1,22,27,8,8,0,0,0,1,0,0,20,0,2,6,11,5,12.865067190304933,0,1,6,16,2,12.6071976436278,0,13.93823403052376,0.41904031418296,0.6929962571791086,1
1,8,3,8,1,1,1,1,14,7,6,0,0,0,0,0,0,19,0,0,5,10,3,11.345924204628002,0,0,5,7,4,12.208350613399729,0,11.189265283801994,0.8113317841652017,2.384989631960164,1
1,8,2,6,1,1,1,23,27,5,6,1,0,0,1,1,0,19,0,0,5,6,4,12.656215213110949,0,0,5,8,4,11.1064899722029,0,13.83508966990956,2.304069263377316,-2.0054298054203072,1
1,4,1,2,1,1,1,2,27,3,8,1,0,0,1,0,0,18,0,0,0,0,0,0.0,0,0,0,0,0,0.0,0,10.064293529243905,0.2438898316689917,-0.8139524627675907,1
1,8,4,7,1,1,1,22,27,5,6,1,0,0,1,1,0,19,0,0,5,8,4,12.622038184158164,0,0,5,8,3,13.647956441831422,2,7.6,2.6,0.32,1
1,1,1,10,1,1,1,22,27,8,10,0,0,0,1,0,0,19,0,0,6,11,2,12.752357996798604,0,0,6,9,6,10.98073928761988,0,7.6,2.6,0.32,1
1,12,1,6,1,1,1,22,7,10,5,1,0,0,1,0,0,28,0,0,5,11,4,10.790309070251723,0,0,5,11,4,10.806460619832183,2,9.574101677711717,3.025786636369194,-0.4618990958779742,1
1,1,5,12,1,1,1,1,1,4,5,1,0,0,1,0,0,20,0,0,7,8,6,13.211410427181177,0,0,7,8,7,13.763184924219996,0,13.983208766390591,-0.2782933652894105,0.7281360910748201,1
1,2,3,12,1,1,1,1,14,5,10,0,0,0,1,0,0,19,0,0,6,9,6,13.131598224172324,0,0,7,11,6,13.531976690705388,0,15.5,2.8,-4.06,1
1,1,1,6,1,1,1,2,1,4,2,0,0,0,1,0,0,18,0,0,5,10,2,13.732392527441023,0,0,5,7,3,11.13380373627949,0,7.84084672530308,2.1450672966497386,-0.1402848528014411,1
1,8,1,7,1,1,1,1,28,5,9,1,0,0,1,0,0,20,0,0,5,10,2,10.98451614864672,1,0,5,11,2,11.232516087841889,0,9.98601287027351,0.1208773675726576,-1.0856981789076747,1
1,8,3,6,1,1,12,1,1,29,34,0,0,0,1,1,0,20,1,0,5,9,4,14.1077291779051,0,0,5,12,1,10.712851698075497,0,8.9,1.4,3.51,1
1,14,2,14,1,1,1,1,1,5,5,0,0,0,1,1,0,22,0,0,5,13,1,11.746444689339915,0,0,5,8,3,10.86696921063164,0,9.4,-0.8,-3.12,1
1,1,1,6,1,1,1,1,1,4,2,1,0,0,1,0,0,19,0,0,5,13,3,11.680974827238243,2,0,5,8,3,12.212683448507835,0,9.4,-0.8,-3.12,1
1,8,1,11,1,1,1,13,14,5,5,0,0,0,1,0,0,19,0,0,5,9,4,11.392271136131008,0,0,5,6,5,10.658079040145564,0,12.456908454452403,1.107023514158967,1.1279649798703766,1
1,1,3,10,1,1,1,13,27,8,8,1,0,0,1,0,0,19,0,0,6,6,5,12.55305363482606,0,0,6,7,5,12.343475140980308,0,8.285893252586101,1.3044238562262536,-0.9908182160534382,1
1,12,1,7,1,1,1,22,2,10,4,0,0,0,1,1,0,28,0,0,5,12,4,10.661750197455737,0,0,5,13,3,10.676499605088528,2,8.635201263716716,2.2117995261062315,0.7793705607742927,1
1,1,1,11,1,1,1,3,14,3,8,0,0,0,1,0,0,19,0,0,6,12,3,12.44171516829774,0,0,6,10,5,11.556396250494132,0,15.818897741695965,0.2005820195728605,-0.6366587557826524,1
1,8,1,8,1,1,1,13,1,8,7,1,0,0,1,1,0,19,0,0,5,7,3,11.81554262677638,0,0,5,9,3,12.222420716393556,0,10.0956677314204,1.4,2.396141113360997,1
1,15,1,4,1,14,1,1,28,9,7,0,0,0,1,1,0,20,0,0,6,13,3,11.799714069443825,0,0,6,15,3,10.731998990737845,0,15.5,2.8,-4.06,1
1,12,1,7,0,1,1,13,27,9,5,0,0,0,1,0,0,32,0,0,5,9,4,11.951537490116936,0,0,5,7,3,13.623588880103942,0,7.6,2.6,0.32,1
1,1,2,9,1,1,1,1,14,5,8,0,0,0,1,0,0,20,0,0,5,12,0,0.4476486975138437,0,0,5,11,0,0.4689653021573601,0,9.540689590647208,-0.6081505582083527,-3.0594608428124137,1
2,13,1,8,1,13,1,22,27,10,9,0,0,0,1,1,0,41,0,1,7,12,5,13.331414506791406,0,0,6,13,6,13.521896759018636,0,11.805746291759776,0.8342677108851266,1.771429571617493,1
1,2,1,15,1,1,1,22,14,6,8,0,0,0,1,0,0,18,0,0,6,8,4,12.159510681992588,0,0,6,8,6,12.323693019522045,0,15.5,2.8,-4.06,1
1,8,1,12,1,1,1,1,28,4,10,0,0,0,1,0,0,18,0,0,7,9,6,11.629990270053971,0,0,7,9,6,12.950793809521606,0,13.12469185184499,2.2843604938500324,-0.8187644074216451,1
1,1,1,7,1,1,1,23,28,8,7,0,0,0,1,1,0,18,0,0,5,9,2,11.166000501645284,0,0,5,9,2,13.250999247532071,2,7.6,2.6,0.32,1
1,9,1,11,0,1,1,23,28,6,6,0,0,0,1,0,0,23,0,0,5,5,4,11.185727953107802,0,0,5,10,2,11.212815422404304,0,10.8,1.4,1.74,1
1,13,1,9,1,1,1,13,27,6,6,0,0,0,1,0,0,21,0,0,5,14,2,10.87309444487544,0,0,5,8,4,12.34030488881993,0,10.591067110869757,1.0716768885096124,1.0147043991621438,1
1,8,3,10,1,1,1,22,14,6,5,1,0,0,1,0,0,18,0,0,5,8,4,11.408999703359312,0,0,5,7,3,12.339199367166533,0,10.392960759400165,1.5526397152249394,1.5593763369838216,1
1,1,5,15,1,1,1,1,14,4,4,1,0,0,1,0,0,18,0,0,6,6,6,12.22144698413364,0,0,6,10,5,11.385608605064569,0,8.033086745150664,2.437592470568501,0.5121822431606069,1
1,16,1,4,1,15,1,24,17,5,5,0,0,0,0,0,0,22,0,0,6,8,6,11.104347700744944,0,0,6,10,4,12.243477968404868,0,9.752172889417036,1.1808698284356194,3.0912178943436284,1
1,9,1,7,1,1,1,13,14,6,5,1,0,0,1,0,0,21,0,5,10,13,9,11.18997601023038,0,2,8,16,6,11.374144676044516,0,9.225855323955484,-0.0337634254041305,-0.8108415956497206,1
1,11,1,4,1,1,1,22,27,4,8,0,0,0,1,0,0,27,0,0,5,6,0,0.0,0,0,5,5,0,0.0,0,10.437400747951932,0.9786281440274676,1.6981660775766527,1
1,1,3,15,1,1,1,16,1,7,10,1,0,0,1,0,0,18,0,0,6,6,5,12.2,0,0,6,7,5,11.65971383565863,0,10.8,1.4,1.74,1
1,1,1,10,1,1,1,13,14,8,8,1,0,0,1,0,1,19,0,0,5,6,5,14.043587002852574,0,0,5,6,4,14.6138043870291,0,12.4,0.5,1.79,1
1,12,1,6,1,1,1,22,1,10,6,0,0,0,1,1,0,26,0,3,8,14,6,11.235436232917085,0,0,6,14,1,11.177181164585424,0,11.42782995444556,1.0468456506243728,1.7596196860764235,1
1,12,1,5,0,1,1,22,27,6,6,0,0,0,1,0,1,25,0,0,6,12,3,11.6958518729007,0,0,6,14,2,11.347925936450352,0,10.946777667271318,0.6875556187021035,1.945577724103212,1
1,14,1,4,1,1,1,1,1,5,7,0,0,0,1,1,0,19,0,2,6,7,3,11.615944760313106,0,0,6,12,4,10.525653894923918,0,14.206233509609625,-0.2201129974931418,0.5623220428554543,1
1,11,1,11,1,1,1,1,27,9,9,1,0,0,1,0,0,26,0,0,6,7,6,13.872659552428562,0,0,6,7,6,13.94075923886692,0,7.783869153383568,2.2526915991643706,-0.031394382021931,1
1,1,1,15,1,1,1,1,14,6,6,1,0,0,1,0,0,18,0,0,6,9,4,13.07783099530958,0,0,6,9,4,11.263476858482978,0,9.4,-0.8,-3.12,1
1,12,1,7,1,14,1,1,1,5,10,0,0,0,1,0,0,24,0,1,5,6,4,14.074228511109176,0,0,5,5,2,13.437114255554588,0,15.891288163631613,0.3628857444454121,-0.7679308361592765,1
1,8,4,11,1,1,1,13,1,10,4,1,0,0,1,0,0,18,0,0,6,8,5,13.02878974249266,0,0,7,9,6,12.230207258511587,0,11.1,0.6,2.02,1
1,8,1,6,1,1,1,2,14,3,10,0,0,0,1,0,0,18,0,0,5,5,2,13.808957851404871,0,0,5,7,3,12.600438721820357,0,7.844533950201765,2.5082997686743385,0.428511940402033,1
1,1,1,14,1,1,1,1,14,5,5,0,0,0,1,1,0,19,0,0,6,10,4,12.379706438612546,0,0,6,9,3,12.759789237978238,0,8.940965026886639,2.013327800737096,0.7306705394840332,1
1,13,1,12,1,1,1,13,27,26,41,0,0,0,1,0,0,21,0,0,7,12,4,13.185970975766905,0,0,7,8,5,12.346688880406084,0,13.795478327256737,-0.2442551078702589,0.8596811151621764,1
1,1,3,6,1,1,1,1,28,9,8,0,0,0,1,0,0,18,0,0,5,5,5,13.426540615797188,0,0,5,6,5,13.557147742598628,0,11.42897596264102,0.5746941567199215,1.96179656045582,1
1,12,1,9,1,12,1,1,1,5,7,0,0,0,1,0,0,29,0,0,5,6,5,13.39279056208685,0,0,5,7,5,13.10941478810654,0,10.88804111824895,-0.5592874661656113,-2.638574932331222,1
1,9,1,11,1,1,1,13,14,5,6,0,0,0,1,0,1,19,0,0,6,10,4,11.40912970170488,0,0,6,6,5,11.00711663180676,0,13.064497655470928,0.4650264391857407,1.3161082509667872,1
1,4,1,4,1,1,1,13,14,9,9,0,0,0,1,1,0,18,0,0,6,8,4,12.16515070115366,1,0,6,10,4,11.657731424116331,1,15.846816472422686,1.5613697413475454,-2.504280395132517,1
1,15,1,4,1,14,1,1,22,6,10,0,0,0,1,0,0,20,0,0,6,16,4,12.214638283249064,0,0,6,14,3,11.718179854646442,0,15.77044423689382,1.834127725379211,-2.846864423076289,1
1,1,1,15,1,1,1,3,1,5,5,1,0,0,1,1,0,19,0,0,6,8,5,11.745095398188482,0,0,6,11,4,12.219950227032095,0,10.47543551346916,0.9948880108222162,2.735785976238013,1
1,1,4,12,1,1,1,22,27,8,8,0,0,0,1,0,0,18,0,0,8,8,6,12.936032014056403,1,0,8,8,6,12.936032014056403,1,9.4,-0.8,-3.12,1
1,8,1,10,1,1,1,13,14,5,7,0,0,0,1,1,0,18,0,0,6,12,3,10.777275750537822,0,0,6,9,4,12.0,0,15.5,2.8,-4.06,1
1,15,1,7,1,14,1,4,1,3,7,1,0,0,1,0,0,19,0,1,6,13,4,11.667592948509464,0,1,6,12,3,11.600826208973013,0,13.224070514905364,0.0604957253838063,1.2406196567297578,1
1,8,1,10,1,1,1,22,27,9,9,0,0,0,1,0,0,20,0,0,6,8,1,10.20653555462714,0,0,6,12,5,11.5978599418989,0,13.02911356672292,3.59421349641049,-1.9773957205236043,1
1,6,1,9,1,1,8,1,2,27,4,0,0,1,1,1,0,37,1,0,5,9,1,11.140924639875031,0,0,5,9,1,10.132116849882843,0,10.867474344206196,0.6845547839250192,2.1774832850603483,1
1,8,1,9,1,1,1,22,27,10,10,1,0,0,1,0,0,18,0,0,5,9,3,11.498045878500022,0,0,5,9,4,10.771690748649757,0,7.621104512199763,2.5601359214004478,0.2796669322404517,1
1,12,1,5,0,1,1,22,27,6,6,0,0,0,1,0,0,37,0,0,5,8,4,11.222690765022552,0,0,5,12,3,12.052773582678594,0,9.01847387981958,2.068072295067658,0.9494477841699378,1
1,1,1,6,1,1,1,1,1,3,5,0,0,0,1,0,0,18,0,0,5,9,3,14.142380654113262,0,0,5,7,4,12.727951662969744,0,10.646941374738864,1.4573969844729264,1.6720802350403705,1
1,13,1,5,1,1,1,13,14,8,8,0,0,0,1,1,0,18,0,3,6,6,4,12.97465210117503,0,1,6,7,5,12.146769412467563,0,13.987450250946146,-0.277186891057527,0.7249826395139521,1
1,1,1,11,1,1,1,3,1,3,2,0,0,0,1,1,0,20,0,0,6,11,3,10.33839032335755,0,0,6,10,4,10.977654919762712,0,14.789380320949148,3.0284134682663453,-3.4610491276571387,1
1,1,1,12,1,1,1,1,28,7,8,0,0,0,1,0,0,19,0,0,6,11,5,11.077350252114847,0,0,6,9,5,11.678113365361146,0,11.1,0.6,2.02,1
1,1,1,14,1,1,1,1,14,5,5,0,0,0,1,1,0,19,0,0,6,10,4,12.423135761638362,0,0,6,9,3,12.676089021041545,0,8.292543046553444,2.204261116255175,0.6563780511831012,1
1,1,1,13,1,1,1,13,1,5,8,0,0,0,1,0,0,18,0,0,6,7,5,12.423387452351664,0,0,6,9,3,12.094078155315003,0,13.604970904932143,-0.2051692194424746,0.9196020667619512,1
1,15,1,4,1,14,1,22,27,10,5,0,0,0,1,0,0,23,0,0,6,9,6,11.47261154966306,0,0,6,12,4,13.0,0,12.453356300553322,0.4715433063715613,1.7544291329644517,1
1,13,1,15,0,1,1,3,2,3,3,0,0,0,1,0,0,22,0,1,2,2,1,6.357241118094731,0,0,4,5,1,14.219972486933475,0,11.7663006499504,2.5697323657294304,-0.0095127556996699,1
1,1,1,7,1,1,1,22,27,10,10,1,0,0,1,0,0,19,0,0,5,9,2,12.755821458327537,0,0,5,9,2,11.204134922839078,0,10.723264319437874,3.2736452453689537,-0.9170576324048056,1
1,1,1,9,1,1,1,23,27,8,6,0,0,0,1,0,0,19,0,0,5,11,3,10.994943146433169,0,0,5,9,4,11.596460202503216,0,13.092920405006437,0.1304424506632353,1.3280530633290444,1
1,9,1,15,1,1,1,1,14,20,41,1,0,0,1,0,0,21,0,0,7,7,6,12.995073210909732,0,0,7,8,5,12.508411591129724,0,8.9,1.4,3.51,1
1,7,1,6,1,1,1,13,27,4,8,0,0,0,0,0,0,18,0,0,6,11,5,13.553199932273072,0,0,6,11,4,13.63985412786478,0,11.1,0.6,2.02,1
1,12,1,4,1,1,1,21,27,4,9,0,0,0,1,0,1,29,0,0,6,6,0,0.0,0,0,6,6,0,0.0,0,11.082694616901955,0.6461476882614458,2.003848309108494,1
1,1,1,11,1,1,1,13,14,8,7,0,0,0,1,0,0,20,0,0,6,6,6,14.083125162337655,0,0,6,7,4,14.567685353535348,0,12.464847196969698,1.1917034343434438,1.0356109419191817,1
1,1,4,12,1,1,1,1,1,5,4,1,0,0,1,0,0,20,0,0,7,8,5,12.919997534961093,0,0,7,8,6,13.149994864502276,0,13.367737959614663,-0.0161269117944876,1.1448413602568903,1
1,13,1,7,1,1,1,13,27,10,9,0,0,0,1,1,0,22,0,0,5,7,5,11.48989089144769,0,0,5,7,3,12.351476278948914,0,11.133902465001468,2.7520988603956256,0.4472021466690401,1
1,1,2,10,1,1,1,1,1,10,10,0,0,0,1,1,0,21,0,0,6,6,4,11.973831358308871,0,0,6,7,3,11.630537538793506,0,8.9,1.4,3.51,1
1,15,1,6,1,14,1,23,3,6,6,0,0,0,1,0,0,19,0,0,5,9,2,14.16106891280968,0,0,5,7,3,11.309312940258303,0,12.649160336921453,3.157710260495488,-1.1085652528528915,1
1,15,1,4,1,14,1,3,3,7,2,1,0,0,1,1,0,20,0,0,6,12,4,11.696197965525574,0,0,6,11,4,11.5,0,15.28699021919337,2.641960485207984,-3.658029929768133,1
1,14,1,3,0,1,1,22,27,10,10,0,0,0,1,0,0,27,0,8,12,13,8,11.181841522522095,0,4,11,12,7,11.692656253109968,0,12.148054601509385,2.7151406228230224,-2.20157963982419,1
1,1,1,8,1,1,1,22,28,5,9,0,0,0,1,0,0,18,0,0,5,8,2,10.596387274035813,0,0,5,7,2,12.347102943909878,0,7.6,2.6,0.32,1
1,8,1,8,1,1,1,13,1,6,5,0,0,0,1,1,0,20,0,0,5,8,3,11.242671206713243,0,0,5,11,1,6.175891038882138,0,12.304561481622114,0.5749178971749695,1.278924707244836,1
1,1,1,16,1,1,1,3,1,3,6,0,0,0,1,0,0,18,0,0,6,9,5,12.16483470667706,0,0,6,10,5,10.825788159719409,0,15.338241318409978,2.486592554419329,-3.569668996430241,1
1,12,1,7,1,1,1,10,1,29,29,0,0,0,1,1,0,24,0,0,6,10,6,11.82015278788071,0,0,6,11,3,11.782864489234528,0,14.612139949316743,0.5392665829796683,0.0435917841817548,1
1,8,5,6,1,1,1,13,1,6,6,1,0,0,1,0,0,21,0,0,6,6,1,11.056960604385775,0,0,6,8,0,2.2784241754311,0,9.4,-0.8,-3.12,1
1,8,1,16,0,1,1,22,27,6,6,0,0,0,1,0,0,21,0,0,5,6,4,12.25,0,0,5,8,4,11.79519816991976,0,10.8,1.4,1.74,1
1,5,1,8,1,1,1,1,27,21,43,1,0,0,1,1,0,20,0,0,5,8,5,11.33699150029648,0,0,5,10,2,12.498974402930358,0,8.9,1.4,3.51,1
1,1,4,14,1,1,1,23,1,5,5,1,0,0,1,0,0,18,0,0,6,6,5,13.164303054803256,0,0,6,6,5,12.513138901240728,0,15.507299389578185,2.773930751506492,-4.027257023892154,1
1,8,1,10,1,1,1,1,1,4,4,1,0,0,0,0,0,20,0,0,6,10,5,11.481676631111773,0,0,6,13,3,14.538959924324056,0,7.932037530090785,2.2935038183777365,1.1347690161458504,1
1,6,1,2,1,1,10,1,3,3,4,0,0,0,1,0,0,19,0,0,6,9,6,12.529388994386393,0,0,6,7,4,12.34589438512413,0,8.9,1.4,3.51,1
2,12,1,17,0,1,1,21,26,10,10,0,0,0,1,0,0,42,0,0,5,10,3,10.68975143542862,0,0,5,9,4,12.5,0,9.275342248685453,-0.5645353586280762,-2.881765186376642,1
1,1,1,13,1,1,1,2,1,4,5,1,0,0,1,1,0,19,0,0,6,9,5,13.91295745583118,0,0,6,9,6,11.99330441967932,0,10.959392813265753,0.6803469638481421,1.9517050807290792,1
1,1,1,9,1,1,1,22,27,10,10,0,0,0,1,0,0,18,0,0,5,8,2,10.0,0,0,5,9,2,11.173914901808024,0,7.6,2.6,0.32,1
1,12,1,11,0,1,1,13,27,7,10,0,0,0,1,0,0,26,0,0,5,7,5,11.921860948028913,0,0,5,7,4,11.02920788578186,0,12.168654446596598,3.58539605710907,-1.4895454866912017,1
1,13,1,6,1,9,1,13,28,32,42,1,0,0,1,0,0,21,0,0,5,11,3,11.23148708046281,0,0,5,11,3,11.92074656368132,0,8.9,1.4,3.51,1
1,2,1,11,1,1,1,20,28,29,35,1,0,1,1,1,0,19,0,0,6,7,6,12.184178144244386,0,0,7,9,5,11.748847387377738,0,10.82448614504778,0.7001868563462617,2.2065980199449124,1
1,12,1,12,1,6,1,22,27,25,37,0,0,0,1,0,0,30,0,0,7,11,4,13.686938167461898,0,0,7,11,3,11.72574365480803,0,12.4,0.5,1.79,1
1,14,1,6,1,13,1,5,30,3,2,0,0,0,1,1,0,23,0,2,6,11,3,14.101294786412726,0,0,6,11,1,13.968920917805187,0,12.833035211914405,0.4772086730571365,1.4811775199242003,1
1,8,1,8,1,1,1,22,14,7,8,1,0,0,1,0,0,21,0,0,6,11,5,12.032600002897434,0,0,6,10,3,12.994459950641357,0,12.54580465089326,2.055249609528128,0.0938058946083855,1
1,13,1,12,1,1,1,23,28,8,8,0,0,0,1,0,0,21,0,0,7,13,6,10.82515936251114,0,0,8,10,7,11.93679642839749,0,12.923167892585658,3.628267463097467,-1.8880986523221976,1
1,12,1,6,1,1,1,22,14,10,5,0,0,0,1,0,0,28,0,0,5,14,3,12.85570177065549,0,0,5,9,4,11.504338559251696,0,10.9814651319471,1.3565433617460432,-2.439490761404582,1
1,1,1,11,1,1,1,13,14,10,6,0,0,0,1,0,0,21,0,0,6,8,5,11.585285012015929,0,0,6,10,3,13.19175013655246,0,11.434449098753776,1.974248771027876,-2.2445703878089813,1
1,1,1,9,1,1,1,13,27,10,10,0,0,0,1,0,0,19,0,0,5,6,3,11.132521172269644,0,0,5,10,3,11.9678908027195,0,10.298757001683814,1.58796612436857,1.5175734194971922,1
1,12,1,16,0,1,1,13,27,6,6,0,0,0,1,0,0,27,0,0,5,8,4,11.282801719409978,0,0,5,7,4,12.903781623064068,0,7.823051691987844,2.6481091884679664,0.2316540357224616,1
1,8,1,10,1,1,1,1,1,9,10,0,0,0,1,0,0,19,0,0,6,10,4,11.116774354815162,0,0,6,12,5,11.618722816621222,0,15.156495317242598,2.545141686986444,-3.4117734212481285,1
1,8,3,5,1,1,1,22,27,5,5,0,0,0,1,0,0,20,0,0,5,9,4,13.253529123242084,0,0,5,7,4,14.149632893921092,1,9.00513948510472,1.7970631513687314,1.0024963213365785,1
1,1,2,7,1,1,1,3,1,3,4,0,0,0,1,1,0,18,0,0,5,9,4,11.961995320403078,0,0,5,9,2,11.11876462374038,0,8.776484791310004,1.5140140387907657,3.206912680214548,1
1,10,1,15,0,1,1,1,2,5,3,0,0,0,1,1,0,30,0,0,5,5,4,13.09082097467313,0,0,5,6,4,13.031572516244816,0,11.985613509111507,2.835216353134984,-0.4065844586018887,1
1,1,1,6,1,1,1,22,27,10,7,0,0,0,1,0,0,19,0,0,5,9,2,11.041590049618202,0,0,5,10,2,12.650275821374468,1,9.0397057905339,2.0601103285497877,0.9588694445494184,1
1,1,5,15,1,1,1,22,2,5,4,1,0,0,1,0,0,20,0,0,6,8,5,13.309314346986367,0,0,6,9,4,11.379196797488053,0,11.770782071642069,0.5991500750674492,-3.485333630712056,1
1,5,1,2,1,1,10,1,1,3,9,0,0,0,1,1,0,20,0,6,12,12,11,14.578641612148656,0,4,11,15,10,12.772086104789466,0,8.9,1.4,3.51,1
1,8,5,10,1,1,1,13,1,7,5,1,0,0,1,0,0,19,0,0,6,8,4,11.835913398080187,0,0,6,13,4,10.754881747860322,0,9.865445222773982,-0.4166921694802509,-1.7127126793774925,1
1,8,1,9,1,1,1,13,1,8,5,1,0,0,1,0,0,19,0,0,5,8,3,11.192211415490316,0,0,5,10,3,12.120528948338892,0,10.8,1.4,1.74,1
1,1,1,16,1,1,1,13,27,10,8,1,0,0,0,0,0,20,0,0,6,9,5,11.921223041737738,0,0,6,7,5,13.242270802363183,0,10.549169868496804,0.1463751858208973,0.354548896513867,1
1,6,1,10,1,1,16,2,1,12,6,0,0,0,1,0,0,19,1,0,6,12,3,11.951169610998914,0,0,6,9,4,11.839624028744533,0,10.663832564620398,0.9464430548118978,2.643202282529405,1
1,1,1,10,1,1,1,13,28,10,10,0,0,0,1,0,1,18,0,0,6,11,4,10.415257867984272,0,0,6,11,4,10.753178722496724,0,12.338968528062912,0.5267012689724764,1.7713091117192663,1
2,3,1,11,0,2,1,22,14,10,8,1,0,0,1,0,0,45,0,7,11,11,11,12.709859979363689,0,5,9,12,9,12.974924231642804,0,13.852217023083664,-0.2780046614194633,0.786435238230051,1
1,8,3,10,1,1,1,22,14,6,6,0,0,0,1,0,0,19,0,0,5,7,4,11.222621244574553,0,0,5,8,4,11.589318668618304,0,12.344161805995178,1.8599630911474996,-0.1655613776110689,1
1,6,1,13,1,1,8,2,14,15,32,0,0,0,1,0,0,20,0,0,7,11,2,4.119992205484285,4,0,7,10,3,11.930768731120788,0,8.9,1.4,3.51,1
1,1,1,5,1,1,1,13,27,5,5,0,0,0,1,0,0,19,0,1,6,8,6,13.256098085711198,1,0,6,12,4,11.456881664284944,0,13.9,-0.3,0.79,1
1,1,1,9,1,1,1,13,27,10,10,0,0,0,1,0,0,19,0,0,5,6,3,11.056176284781136,0,0,5,10,3,12.1326988138058,0,9.973018815066183,1.7101179443501815,1.3730270991856184,1
1,8,2,5,1,1,1,1,2,4,4,0,0,0,1,0,0,18,0,0,6,7,5,11.50880331583655,0,0,6,8,2,10.652819895019302,0,9.766368499552772,1.4,2.7029093451534703,1
1,14,1,7,1,1,1,3,3,3,3,0,0,1,0,0,0,32,0,1,6,13,4,12.849168217963742,0,1,7,9,4,11.24315642400877,0,9.700644319794383,1.10885661098386,2.967745437957439,1
1,1,1,11,1,1,1,22,14,10,10,1,0,0,1,0,0,24,0,0,5,7,5,13.056134980939802,0,0,5,7,4,12.467361977127762,0,7.6,2.6,0.32,1
1,8,3,2,1,1,1,1,27,4,7,1,0,0,1,1,0,19,0,0,0,0,0,0.0,0,0,0,0,0,0.0,0,10.8,1.4,1.74,1
1,6,1,2,1,1,1,4,1,7,8,1,0,0,1,0,0,18,0,0,0,0,0,0.0,0,0,0,0,0,0.0,0,11.997107049566395,0.7266272846189021,1.77740959529895,1
1,1,3,12,1,1,1,1,1,6,6,1,0,0,1,0,0,19,0,0,7,10,5,12.788585233933436,0,0,7,7,7,12.041231221467736,0,12.4,0.5,1.79,1
1,12,1,12,0,1,1,22,27,10,10,0,0,0,1,0,0,33,0,0,6,14,5,11.152738735158032,0,0,6,14,4,12.63611891963506,0,15.513740526933857,0.3361189196350602,-0.4305886389449346,1
1,1,4,11,1,1,1,13,27,8,7,1,0,0,1,0,0,19,0,0,6,7,5,12.929595898686523,0,0,6,7,5,12.854194408889288,0,7.670015669097434,2.535370151602369,0.4918076803237033,1
1,9,1,17,0,1,1,22,27,6,6,0,0,0,1,0,0,24,0,0,5,8,2,11.339970083739509,0,0,5,9,3,13.58652705745104,0,7.6,2.6,0.32,1
1,1,1,8,1,1,1,3,28,2,5,1,0,0,1,0,0,21,0,0,6,10,4,12.30607576393196,1,0,6,13,3,12.854241647381617,0,10.510656988389687,-0.6765936679567014,-2.154962483421405,1
1,15,1,6,1,14,1,1,1,8,8,0,0,0,1,0,0,20,0,2,6,11,5,14.158247502760116,0,0,6,10,4,13.956667938561234,0,12.803996947453038,0.2845349613583799,1.520668701697975,1
1,7,2,8,1,1,1,22,27,8,9,1,0,0,1,0,0,19,0,0,5,7,3,12.0,0,0,5,9,3,12.797666417314186,1,9.326579905585616,1.952532535405394,1.0861698331036171,1
1,14,1,12,1,1,1,9,27,26,42,1,0,0,1,0,0,21,0,0,7,11,4,12.931648172033634,0,0,7,9,4,12.650728293814131,0,12.539735883653716,0.1624897995577365,1.5299836792923789,1
1,8,1,16,0,1,1,22,27,6,6,0,0,0,1,0,0,20,0,0,5,6,4,12.35254652891414,0,0,5,8,4,11.956518386237374,0,10.8,1.4,1.74,1
1,2,1,6,1,1,1,1,1,6,4,0,0,0,1,0,0,18,0,0,5,10,2,11.842649008057936,1,0,5,6,4,12.496476825785397,0,8.166463570991429,1.5300132547939695,-0.7625748245613959,1
1,1,1,2,1,1,1,2,2,3,3,1,0,0,1,1,0,18,0,0,0,0,0,0.0,0,0,0,0,0,0.0,0,7.6,2.6,0.32,1
1,1,1,15,1,1,1,4,2,5,5,1,0,0,1,1,0,19,0,0,6,7,5,12.139932802297364,0,0,6,9,3,12.013948103149202,0,12.27795409744449,0.5313832320857031,1.849976843541566,1
1,8,1,6,1,1,1,1,14,6,7,0,0,0,0,1,0,19,0,0,5,9,4,13.75580293496753,0,0,6,10,4,14.226136897173696,0,11.1,0.6,2.02,1
1,8,1,13,1,1,1,22,27,9,9,1,0,0,1,0,0,18,0,0,6,7,5,13.010148104285554,0,0,6,9,5,13.182195751530555,0,10.845202832312964,1.279459113832098,1.7821893101587656,1
1,8,1,11,1,1,1,13,14,5,6,0,0,0,1,1,0,18,0,0,5,9,3,11.123178181378062,0,0,5,8,3,11.771744242644305,0,14.541325819106069,3.108145272430192,-3.25197461896083,1
1,7,1,9,1,1,1,22,27,10,10,1,0,0,1,0,1,20,0,0,5,8,1,10.826832898590522,0,0,5,11,4,11.906435150386695,0,11.914508746339004,2.749142166620899,-0.2778474144243006,1
1,1,1,15,1,1,1,22,27,9,9,0,0,0,1,0,0,19,0,0,6,10,4,11.362722483385197,0,0,6,10,3,11.868179157436218,0,9.4,-0.8,-3.12,1
1,8,1,7,1,1,1,2,3,3,3,0,0,0,0,0,0,18,0,0,6,9,5,12.194739028861289,0,0,6,10,4,13.405490565360608,0,8.9,1.4,3.51,1
1,8,1,10,1,1,1,13,1,8,5,1,0,0,1,0,0,19,0,0,6,8,4,12.040553816402614,0,0,6,9,4,12.652494321739944,0,10.8,1.4,1.74,1
1,1,3,12,1,1,1,2,14,3,4,0,0,0,1,0,0,17,0,0,7,13,4,12.437754550362715,0,0,7,13,4,12.48189234726209,0,10.461021719812823,1.5271168550701917,1.58957838816694,1
1,14,1,11,0,1,1,22,27,10,9,0,0,0,1,0,0,36,0,9,15,23,12,10.814729107820812,0,8,12,19,9,12.175797806454955,0,14.575426833315191,2.254350262284375,-3.9175247907075863,1
1,12,1,2,1,1,1,13,14,10,5,0,0,0,1,1,0,21,0,0,0,0,0,0.0,0,0,0,0,0,0.0,0,13.9,-0.3,0.79,1
1,5,1,8,1,1,1,13,28,7,7,0,0,0,1,0,0,18,0,0,5,12,3,10.88456544334249,0,0,5,6,3,10.711413608356224,0,14.872502598438636,-0.04630366997253,0.0669654594217105,1
1,2,1,2,1,1,1,20,14,10,8,0,0,0,1,1,0,20,0,0,0,0,0,0.0,0,0,0,0,0,0.0,0,13.9,-0.3,0.79,1
1,2,1,2,1,1,1,3,9,2,7,1,0,0,1,0,0,20,0,0,0,0,0,0.0,0,0,0,0,0,0.0,0,15.202258821814024,0.0397196926471369,-0.1782011240443403,1
1,1,5,9,1,1,1,23,27,9,10,0,0,0,1,1,0,22,0,0,5,6,4,13.388776938960564,0,0,5,5,5,13.38179474770986,0,11.30910262614507,0.5839151826042254,1.9830049199897184,1
1,9,1,10,1,1,4,1,2,25,13,0,0,1,1,1,0,34,0,0,6,11,2,12.897343905506489,0,0,6,9,3,11.953148138021383,0,11.825455022693657,0.5441957674851032,1.8916502652157376,1
1,8,1,10,1,1,1,1,1,9,9,0,0,0,1,0,1,19,0,0,6,11,4,11.084812128574558,0,0,6,12,5,11.6725604678731,0,15.5,2.8,-4.06,1
1,8,3,2,1,1,1,2,28,3,6,1,0,0,1,1,0,21,0,0,0,0,0,0.0,0,0,0,0,0,0.0,0,10.8,1.4,1.74,1
2,12,1,16,0,1,1,22,27,10,10,0,0,0,1,0,0,34,0,0,5,11,2,11.488145077967502,0,0,5,8,3,11.819153711856238,0,9.4,-0.8,-3.12,1
3,13,1,11,1,1,1,22,27,10,10,0,0,0,1,0,0,38,0,0,7,12,4,13.507837481619944,1,0,7,12,5,13.090984335746642,0,10.410937063851586,0.7886153860524906,0.3893958073705021,1
1,1,1,9,1,1,1,13,27,10,10,0,0,0,1,0,1,19,0,0,5,11,3,10.419395386726778,0,0,5,11,3,11.251047490441753,0,11.46902143711468,0.9073031212623272,1.504887815116371,1
1,13,1,12,1,1,1,22,14,10,10,0,0,0,1,0,0,23,0,0,7,11,6,11.950629061099267,0,0,7,7,6,12.52538442622733,0,15.779357700796783,0.7086239477974083,-1.0137431409652875,1
1,15,1,6,1,14,1,1,1,8,7,0,0,0,1,0,0,20,0,4,7,11,6,13.837107422123234,0,2,7,11,5,13.465803602097694,0,11.20146109472308,0.8081957184997792,2.3789962620218006,1
1,1,3,9,1,1,1,1,28,8,9,0,0,0,1,0,0,19,0,0,5,6,4,10.703360660498866,0,0,5,6,4,11.91316032582515,0,11.99579239099018,0.5310928930007555,1.8615136539017372,1
1,1,1,10,1,1,1,13,28,10,9,0,0,0,1,0,1,19,0,0,6,11,4,10.65765194942749,0,0,6,10,3,10.556761037929382,0,11.498218177003782,0.7318867544847417,2.233161353015284,1
1,15,1,6,1,14,1,1,1,4,7,1,0,0,1,0,0,20,0,1,5,10,4,13.79326044585681,0,0,5,10,2,13.296630222928403,0,13.32686699188914,0.0142987463833745,0.9656375347436504,1
1,1,2,14,1,1,1,22,27,8,7,0,0,0,1,0,0,18,0,0,5,7,3,11.846695679545157,0,0,5,6,4,11.577532639488302,0,9.4,-0.8,-3.12,1
1,1,1,6,1,1,1,1,1,3,3,0,0,0,0,0,0,18,0,0,5,5,5,13.61738367177584,0,0,5,5,5,13.773441616835884,0,8.49424934284389,1.7745390681441018,2.514350310516929,1
1,14,1,3,0,1,1,22,12,14,14,0,0,0,1,0,0,50,0,7,11,13,11,12.441707912824617,0,5,9,11,9,12.073347765424405,0,12.7,3.7,-1.7,1
1,14,1,4,1,1,1,1,1,5,4,0,0,0,1,1,0,21,0,0,6,12,5,11.615217380469256,0,0,6,12,5,11.946190470652542,0,15.877086967140126,1.453260831642402,-2.368495604542857,1
2,6,1,17,0,1,1,22,27,10,9,0,0,0,1,0,0,40,0,0,5,9,3,10.825280276424612,0,0,5,8,4,11.976575087798778,0,9.4,-0.8,-3.12,1
1,1,1,6,1,1,1,1,1,3,5,0,0,0,1,0,0,18,0,0,5,9,3,13.908107530044235,0,0,5,7,4,12.757700631105491,0,10.31375293161847,1.5823426506430738,1.524227863405696,1
1,8,1,9,1,1,1,23,14,27,38,0,0,0,1,0,0,20,0,0,5,8,5,12.92793876647971,0,0,5,7,4,11.618625844319808,0,9.700180098589088,1.1279387664797105,3.0747020263675364,1
1,13,1,17,0,1,1,20,27,10,9,0,0,0,1,0,0,31,0,0,5,5,5,10.266927812261182,0,0,5,8,4,11.074314492814397,0,9.4,-0.8,-3.12,1
1,8,4,6,1,1,1,13,14,6,6,0,0,0,1,1,0,18,0,0,5,8,4,12.498161397622924,0,0,5,10,5,11.280356073072518,0,12.441920134197373,0.4977936771475068,1.7601043253487176,1
1,12,1,9,1,1,1,13,14,8,6,0,0,0,1,0,0,25,0,0,5,12,4,13.656079556675833,0,0,5,8,3,12.375681773296668,0,10.527045319890004,-0.6747727422344441,-2.140722844273353,1
1,15,1,7,1,1,1,3,3,3,3,0,0,1,0,0,0,32,0,1,6,14,3,12.563088423074324,0,2,7,9,3,10.936642358055822,0,9.43091194175579,1.2069411120888038,3.150427821265397,1
1,8,3,12,1,1,1,1,1,5,5,0,0,0,1,0,0,18,0,0,7,9,6,12.431660168163551,0,0,7,9,6,12.628256251890532,0,14.414593883431774,0.6970256491490603,-0.7698627091525618,1
1,1,2,6,1,1,1,1,1,3,6,0,0,0,1,0,0,18,0,0,5,10,4,11.726879397367435,0,0,5,13,3,12.048404519744231,0,11.1,0.6,2.02,1
1,1,4,12,1,1,1,13,14,7,9,1,0,0,1,0,0,18,0,0,7,9,5,13.42534642052275,0,0,7,7,7,12.290654496912008,0,12.19456148294572,0.5158029628503291,1.826346814555757,1
1,15,2,6,1,14,1,1,14,5,4,0,0,0,1,0,0,19,0,0,5,10,2,12.71780856753893,0,0,5,9,2,15.176560315299405,0,13.264382864922142,1.8187237835928576,-0.5289055552865536,1
1,1,3,11,1,1,1,22,27,8,8,1,0,0,1,0,1,18,0,0,6,8,6,11.798407443381915,0,0,6,8,5,11.882082478963325,0,8.496309615720795,0.9069707258607204,-1.392947265599742,1
1,1,4,11,1,1,1,1,1,4,9,1,0,0,1,0,0,18,0,0,6,9,6,12.326754498781431,0,0,6,9,6,11.93506876924219,0,16.2,0.3,-0.92,1
1,12,1,10,1,5,1,22,27,10,8,0,0,0,1,0,0,40,0,0,5,6,5,11.815810494506522,0,0,5,8,5,12.184584964678104,0,7.6,2.6,0.32,1
1,1,1,13,1,1,1,3,1,3,8,0,0,0,0,1,0,23,0,0,6,9,5,14.876575196022598,0,0,7,7,6,13.428277896050968,0,11.93637473388532,0.5356634820088215,1.8720260086202896,1
1,1,1,8,1,1,1,1,13,5,9,0,0,0,1,0,0,19,0,0,5,6,5,11.689394784586074,0,0,5,11,4,11.951300205198333,0,11.480760693943449,1.026679619450367,1.5313797873399109,1
1,8,2,5,1,1,1,2,3,4,4,1,0,0,1,0,0,19,0,0,5,6,5,12.174186353463185,0,0,5,6,5,13.772209830964371,0,12.7,3.7,-1.7,1
1,1,1,10,1,1,1,22,1,3,4,0,0,0,1,0,0,20,0,0,6,10,1,12.192952058822929,0,0,5,10,0,1.4701109243651775,0,9.4,-0.8,-3.12,1
1,1,1,12,1,1,1,11,1,5,9,0,0,0,1,0,0,19,0,0,6,8,5,12.576448734983511,0,0,7,9,5,12.977986956638226,0,13.9,-0.3,0.79,1
2,12,1,17,0,1,1,19,24,12,12,0,0,0,1,0,0,40,0,0,5,9,3,10.999373372158365,0,0,5,8,4,12.5,0,7.6033837903448385,2.593608396015304,0.3135332006743074,1
1,1,1,6,1,1,1,1,1,9,2,0,0,0,1,0,0,18,0,0,5,7,4,13.807580314523872,1,0,5,6,4,13.657301932554136,0,11.790299820032615,3.503790157261937,-1.3396873796991935,1
1,1,1,8,1,1,1,1,28,5,6,0,0,0,1,1,0,20,0,0,5,9,3,11.271803535257966,0,0,5,8,2,11.009690460114651,0,15.363364512383418,2.7593000675184647,-3.891385994005068,1
1,1,1,12,1,1,1,22,28,7,7,1,0,0,1,0,0,18,0,0,8,9,6,12.239768130775715,0,0,8,9,6,12.239768130775715,0,9.4,-0.8,-3.12,1
1,11,1,12,1,1,1,23,27,6,8,1,0,0,1,0,1,24,0,0,7,10,6,13.273681264806704,2,0,7,11,6,13.20719752883402,2,9.4,-0.8,-3.12,1
1,1,1,10,1,1,1,22,27,7,8,0,0,0,1,0,0,19,0,0,6,12,3,10.8243865533505,0,0,6,11,4,10.850231459667192,0,7.6,2.6,0.32,1
1,13,2,12,0,1,1,18,28,30,41,0,0,1,1,0,0,20,0,3,8,15,5,11.6876911619938,0,1,7,12,4,12.090385642063696,0,8.9,1.4,3.51,1
1,8,3,11,1,1,1,1,1,5,3,1,0,0,1,1,0,19,0,0,6,7,5,12.07007121963058,0,0,6,12,2,12.3353000783727,0,7.6,2.6,0.32,1
2,12,1,17,0,1,7,22,14,10,8,0,0,0,1,0,1,31,0,0,5,11,4,10.882582284374118,0,0,5,10,4,10.67003657083294,0,14.68382446000188,1.218659891253642,-1.5859678943806976,1
1,2,1,7,1,1,1,13,14,10,9,0,0,0,0,1,0,18,0,0,5,6,5,15.22127618751017,0,0,5,6,5,14.065653743297396,0,9.508509515652973,1.178723812489829,3.0978731007623064,1
1,1,1,10,1,1,1,13,14,10,4,0,0,0,1,1,0,20,0,0,5,7,5,12.43381849131962,0,0,5,9,4,12.921896981559785,0,12.668758792623914,3.3667604546550804,-1.3365606208581968,1
1,1,1,15,1,1,1,22,14,5,8,1,0,0,1,0,0,18,0,0,6,8,4,11.962426874089385,0,0,6,7,5,12.22130321272466,0,15.5,2.8,-4.06,1
1,14,1,15,0,14,1,22,27,7,7,0,0,0,1,0,0,29,0,2,6,9,6,12.135797284124031,0,2,7,9,7,13.140002199807856,0,10.380286644770369,0.5367545155959546,-2.698179686189721,1
1,1,4,12,1,1,1,3,14,3,4,1,0,0,1,0,0,17,0,0,7,13,5,12.46588386988078,0,0,7,13,5,12.46588386988078,0,10.8,1.4,1.74,1
1,14,1,7,1,1,1,1,1,7,3,0,0,1,0,0,0,24,0,0,5,6,0,0.0,0,0,5,7,0,0.0,0,11.467011688781234,0.5272160258143803,2.1135456413030083,1
1,1,2,13,1,1,1,1,1,7,3,1,0,0,1,0,0,19,0,0,6,7,5,13.991987379313258,0,0,6,7,5,14.591356344976193,0,9.697791379820268,1.4012620686741324,1.3389272416269875,1
1,12,1,17,0,7,1,22,27,10,10,0,0,0,1,1,0,37,0,0,5,10,3,12.60862808652185,0,0,5,7,3,13.826553963937789,0,8.316137840705533,1.2472951897784357,-1.048618984459465,1
1,1,2,2,1,1,1,23,27,5,10,1,0,0,1,0,0,18,0,0,0,0,0,0.0,0,0,0,0,0,0.0,0,7.6733849960577345,2.5724806264783497,0.3525645920006197,1
1,1,3,5,1,1,1,2,1,10,3,1,0,0,1,0,0,19,0,0,5,6,5,12.14372761282853,0,0,5,8,5,12.240848409727128,0,12.496632401268757,1.5307456135333937,0.6658430652401426,1
1,8,1,15,1,1,1,1,14,9,9,1,0,0,1,0,0,19,0,0,6,6,6,13.02994315536073,0,0,6,7,6,12.78561448846138,0,8.072562153636099,2.163788781258985,1.4795948231531986,1
1,1,1,9,1,1,1,13,14,6,8,0,0,0,1,1,0,19,0,0,5,7,4,10.186249670186552,0,0,5,9,2,12.03724993403731,0,8.315198733516368,2.2871005540865887,0.5390296121393878,1
1,8,2,12,1,1,1,3,1,2,8,1,0,0,1,1,0,18,0,0,7,8,6,13.08698707658296,0,0,7,7,6,13.32557815205932,0,12.444755499028512,1.0649572131608585,0.9298056245526216,1
1,1,2,10,1,1,1,22,1,6,3,1,0,0,1,1,0,20,0,0,5,9,2,14.09619686155943,0,0,5,10,2,12.034196216158405,0,8.057334624135386,1.7361457099664934,-0.5540172816809599,1
1,7,1,7,1,1,1,13,14,10,9,0,0,0,0,1,0,19,0,0,5,6,5,15.785575352356917,0,0,5,7,5,13.723043536069014,0,11.06033221898152,0.6144246476430838,2.046865906235244,1
1,1,1,10,1,1,1,22,27,10,10,0,0,0,1,0,0,19,0,0,5,7,5,10.921851006000855,0,0,5,11,2,11.52677200342906,0,10.12850561645949,1.6518103938276911,1.4420243673038986,1
1,8,1,11,1,1,1,22,27,8,8,1,0,0,1,0,0,18,0,0,6,10,4,11.659043272716891,0,0,6,8,5,12.368655646909753,0,11.047539200299834,0.7398954658671077,1.9710365869465123,1
1,10,1,8,1,1,1,1,14,3,6,0,0,0,0,0,0,22,0,0,6,10,5,13.383238456038267,0,0,6,11,5,13.799475717573191,0,11.867525476930153,2.0870806115521727,0.235503266137393,1
1,8,1,14,1,1,1,1,14,9,8,1,0,0,1,0,0,19,0,0,6,6,6,13.775189310924842,0,0,6,7,6,12.992279388743864,0,8.414498625012575,1.848155115373008,2.3186543183000863,1
1,1,3,12,1,1,2,2,2,5,3,1,0,0,1,0,0,19,0,0,7,9,5,12.338531337537813,0,0,7,8,5,11.846460168670236,0,12.4,0.5,1.79,1
1,12,1,7,1,12,1,13,14,6,4,1,0,0,0,0,0,22,0,0,5,9,1,12.0,0,0,5,7,2,10.63224719675623,0,11.22319102961994,1.1619550458387835,1.7532247196756232,1
1,1,2,5,1,1,1,1,27,10,8,0,0,0,1,0,0,18,0,0,5,6,5,13.54714133618771,0,0,5,7,5,13.528284801712626,0,10.274498402997096,1.0717151982873745,1.619042081455732,1
1,13,1,7,1,12,1,1,14,4,5,0,0,0,1,1,0,23,0,0,5,12,1,11.742844003746091,0,0,5,9,1,10.96569720486992,0,13.342866997190432,-0.0028623985015633,1.1614220018730457,1
1,16,1,6,1,15,1,1,1,5,4,1,0,0,1,0,0,21,0,6,8,10,7,13.259381334034606,0,3,8,14,4,12.281304894966578,0,9.11889779414079,1.3437119957923682,3.402427369736526,1
1,1,4,11,1,1,1,1,1,4,4,0,0,0,1,0,0,20,0,0,6,8,5,12.270414377649358,0,0,6,9,5,11.697650568732964,0,13.154805719885829,0.4602733831639038,1.2517043418708966,1
1,1,2,14,1,1,1,22,27,8,7,1,0,0,1,0,0,18,0,0,5,7,3,11.488940984018903,0,0,5,7,4,10.824941392978731,0,9.7267760664397,-0.2864947527376156,-1.985620226502187,1
1,1,1,8,1,1,1,23,27,4,5,0,0,0,1,0,0,18,0,0,5,10,3,11.508003769057693,0,0,5,8,4,12.355178893276918,0,13.580338996050775,0.7655366798307504,0.1267034168053582,1
1,3,2,7,1,1,1,1,28,18,40,1,0,0,1,1,0,19,0,0,5,7,4,10.859888702098376,0,0,5,10,2,12.0,0,8.9,1.4,3.51,1
1,12,1,4,0,1,16,1,1,5,7,0,0,0,1,0,0,25,1,1,6,6,6,11.523335319434144,0,0,6,6,4,11.845414040846276,0,9.50718025993085,1.2438679331606384,3.2116142722625534,1
1,3,1,5,1,1,1,23,27,2,2,1,0,0,1,0,0,20,0,0,5,7,3,11.502475143247226,0,0,5,8,3,12.85007101929364,0,13.714850859483356,3.373797938023207,-2.5553742958502577,1
1,8,1,12,1,1,1,1,1,5,10,0,0,0,0,1,0,19,0,0,6,7,5,11.593866214581151,0,0,6,9,2,11.740415960283048,0,12.33811579075098,0.5565171470075269,1.2686419350924416,1
1,6,1,13,1,1,10,3,12,14,28,0,0,0,1,0,0,20,0,0,7,13,1,2.1093208583715923,4,0,7,11,2,12.142006578412378,0,9.292155427190211,1.2573980264762867,3.244403824312084,1
1,8,1,8,1,1,1,2,2,3,3,1,0,0,0,0,0,18,0,0,6,9,5,12.0126239009615,0,0,6,12,4,14.323711031141734,0,8.491684652364823,1.7769064747401635,2.508056954649065,1
1,1,2,15,1,1,1,23,1,9,9,1,0,0,1,0,0,18,0,0,6,6,5,12.20857778257274,0,0,6,6,5,10.815085065903784,0,10.841705770439871,1.4124229954501748,1.6885333045635615,1
1,15,1,6,1,14,1,1,1,5,8,0,0,0,1,0,0,20,0,2,6,11,5,14.18555540501383,0,0,6,11,3,13.657987757661228,0,13.520829381613057,-0.0977756701936302,1.0427804122579625,1
1,1,1,15,1,1,1,3,1,3,6,0,0,0,1,0,0,18,0,0,6,8,5,12.28999773111427,0,0,6,8,5,11.094025865297338,0,15.682009529320071,2.149965966714029,-3.2435572541928206,1
1,1,4,7,1,1,1,1,14,5,7,0,0,0,0,1,0,18,0,0,5,6,5,12.190062550586118,0,0,5,8,4,12.049687247069407,0,8.9,1.4,3.51,1
1,12,2,10,1,1,1,3,3,3,3,0,0,0,1,0,0,19,0,0,5,13,3,12.195595448637649,0,0,5,8,4,11.101468183787452,0,13.268221829209724,3.5173572691825883,-2.178929827476769,1
1,1,3,10,1,1,1,11,1,6,11,0,0,0,1,0,0,19,0,0,6,9,4,12.38302286459676,0,0,6,7,5,11.137347848623778,0,13.746795108743536,1.4992350806806871,-0.7515327052095735,1
1,15,1,7,1,14,1,2,14,4,5,0,0,0,1,1,0,20,0,0,5,11,0,12.735407295440485,0,0,5,7,2,12.58100360069829,0,12.367434744054211,0.5183179564695048,1.7889823357516943,1
1,16,1,4,1,15,1,24,16,4,5,0,0,0,0,0,0,22,0,0,6,8,6,11.070840333272931,0,0,6,10,4,12.165294110970176,0,9.47852938839561,1.2512353001268428,3.2256941291313,1
1,1,2,3,0,1,1,2,1,4,10,0,0,0,1,0,0,20,0,0,6,9,5,11.812657474652823,0,0,6,8,4,12.014357503416472,0,8.860453527000137,0.2191433378886285,-2.088866740489153,1
1,15,1,4,1,14,1,4,4,4,3,0,0,0,1,1,0,20,0,0,6,14,4,11.364059697585596,0,0,6,15,3,10.956033435883231,0,15.910067102180331,1.3354746350702449,-2.220556141648228,1
1,1,1,2,1,1,1,3,2,3,3,1,0,0,1,0,0,18,0,0,0,0,0,0.0,0,0,0,0,0,0.0,0,10.415099642505794,1.3683939064037154,1.1821242655173994,1
1,15,1,4,1,14,1,3,1,5,5,0,0,0,1,1,0,19,0,0,6,9,4,11.530232937247993,0,0,6,11,5,11.383721562079987,0,13.337221054687769,1.195357556703827,0.0213731709924394,1
1,1,1,10,1,1,1,23,14,10,6,0,0,0,1,0,0,20,0,0,5,10,5,11.021021538998175,0,0,5,10,3,11.09384410283242,0,7.69149800026161,2.515540307450821,0.5445220160265674,1
1,1,1,9,1,1,1,23,27,6,6,0,0,0,1,0,0,18,0,0,5,11,4,11.44718967991505,0,0,5,8,4,12.108709030074332,0,14.400061538341925,-0.1695491639108027,0.4182151171457878,1
1,8,1,10,1,1,1,13,27,9,8,1,0,0,1,0,0,19,0,0,6,12,1,10.11227220683242,0,0,6,12,3,10.764034025854052,0,7.779635530931872,2.532636675900548,0.3997132668510182,1
4,12,1,8,1,1,1,13,14,10,10,0,0,0,1,1,0,25,0,0,5,8,4,11.85272801987571,0,0,5,5,4,10.36690824414086,0,11.055818405962713,0.717817584099431,1.9787638455651992,1
1,8,1,14,1,1,1,1,14,5,8,1,0,0,1,0,0,20,0,0,6,8,5,13.347373689683996,0,0,6,9,4,12.86467520204456,0,13.331515723792052,3.497012803066841,-2.2322775386247287,1
1,1,1,7,1,1,1,22,27,10,10,0,0,0,1,0,0,18,0,0,5,7,3,10.0,0,0,5,8,1,14.241067231230264,0,9.59387467284361,1.8522969976836463,1.2047818860743518,1
1,8,1,12,1,1,1,1,28,4,9,0,0,0,1,0,0,18,0,0,7,11,6,11.761317733111651,0,0,7,9,7,12.52977305862369,0,12.7,3.7,-1.7,1
1,9,1,7,1,1,14,2,2,3,3,0,0,0,1,0,0,21,1,1,6,8,6,13.967267429862405,0,0,5,7,5,13.424903192968491,0,9.140453000376535,0.3420067983432466,0.3215932150071481,1
1,12,1,7,1,1,1,13,14,10,7,0,0,0,1,1,0,24,0,0,5,12,2,11.631926497207589,0,0,5,10,1,11.435180399255357,0,9.11759019962768,0.4426031216382149,0.6247539529369845,1
1,1,1,8,1,1,1,1,1,4,6,0,0,0,1,0,0,20,0,0,5,9,3,10.737666266555353,0,0,5,12,2,12.437353294215864,0,7.819263470244474,2.474706588431729,0.4264993998330304,1
1,1,1,11,1,1,1,13,14,6,7,0,0,0,1,0,1,18,0,0,6,6,6,14.003769497470431,0,0,7,7,7,14.13512671561157,0,12.4,0.5,1.79,1
1,8,1,7,1,1,1,1,1,4,5,0,0,0,1,1,0,20,0,0,5,5,5,11.147531741617318,0,0,5,9,2,10.901672351366724,0,10.8,1.4,1.74,1
1,8,1,5,1,1,1,3,27,3,9,0,0,0,1,0,0,18,0,0,5,8,5,12.47507898610853,0,0,5,6,5,12.286814107402588,0,15.420252755547294,2.645489713872881,-3.818266165252733,1
1,8,2,8,1,1,1,23,27,5,8,1,0,0,1,1,0,21,0,0,5,7,3,12.301304443420126,0,0,5,9,3,10.804781912224804,0,10.4925226568332,1.5153040036875502,1.603556928969732,1
1,1,2,9,1,1,1,22,1,6,4,1,0,0,1,0,0,19,0,0,5,8,2,14.140032409617913,0,0,5,9,2,12.345963326414276,0,7.8899513855731325,2.491268230410076,0.4486659273480775,1
1,7,2,8,1,1,1,22,27,9,9,1,0,0,1,0,0,19,0,0,5,7,3,12.0,0,0,5,9,3,12.707420101213712,0,10.096681802976327,1.6637443238838772,1.4279025500707454,1
1,1,2,2,1,1,1,2,3,3,3,1,0,0,1,0,0,18,0,0,0,0,0,0.0,0,0,0,0,0,0.0,0,12.4,0.5,1.79,1
1,8,2,15,1,1,1,13,1,10,4,1,0,0,1,0,0,19,0,0,7,11,6,11.765379632690436,0,0,7,10,3,12.986089081881149,0,15.90787071950412,0.317184075323287,-0.7515960618317874,1
1,14,1,17,0,12,1,22,27,10,10,0,0,0,1,0,0,32,0,1,5,11,3,11.855858521030145,0,2,6,9,6,11.84985086515434,0,8.994597335916719,-0.0342394122871347,-2.3452304641963955,1
1,1,1,4,1,1,1,13,14,9,9,0,0,0,1,1,0,18,0,0,6,8,4,12.043783136048305,1,0,6,10,4,12.276706006153658,0,15.591944585701434,2.471626479637733,-3.6475628584249926,1
1,1,1,12,1,1,1,13,14,8,4,0,0,0,1,0,0,21,0,0,6,8,5,12.582823886562965,0,0,6,9,4,12.302036948018474,0,12.7,3.7,-1.7,1
1,1,1,11,1,1,1,22,14,10,8,1,0,0,1,0,0,20,0,0,6,9,5,12.662299394912008,0,0,6,8,5,12.50773769419122,0,10.829180703307264,0.7547538838244208,1.8884591987492425,1
1,1,1,6,1,1,1,1,28,5,5,1,0,0,1,1,0,18,0,0,5,5,1,5.664725210363979,0,0,5,6,1,13.269111741277673,0,10.8,1.4,1.74,1
1,1,1,6,1,1,1,23,27,2,2,0,0,0,1,0,0,20,0,0,5,8,2,11.33780087547739,0,0,5,8,2,13.322164477973196,0,12.631646605195956,3.685257110924618,-1.6729266946070254,1
1,13,1,8,1,1,1,13,14,7,6,1,0,0,1,0,0,22,0,3,8,13,7,11.22619655166301,0,1,6,15,4,11.214137284478936,0,10.248237068736286,-0.4324306035476094,-1.731718664168279,1
1,1,1,13,1,1,1,22,27,10,8,1,0,0,1,0,0,18,0,0,6,7,5,13.554864748318614,0,0,6,6,5,12.79405401221694,0,12.328648146603262,0.5401354175356654,1.787770254581352,1
1,1,1,11,1,1,1,13,14,5,5,1,0,0,1,0,0,20,0,0,7,8,6,13.926677025404544,0,0,7,7,6,13.977479697063448,0,12.68911371321595,3.5838796076367934,-1.5733561970788774,1
1,12,1,4,0,1,1,13,27,6,5,0,0,0,1,0,0,33,0,0,5,7,4,12.90535018363056,0,0,5,6,0,3.768171325639214,0,11.293828749212684,3.396708161594893,-1.1430458967469843,1
1,1,1,6,1,1,1,1,1,3,3,0,0,0,0,0,0,18,0,0,5,5,5,13.685523634465968,0,0,5,5,5,13.82332980380544,0,8.54170395971737,1.7307348064147343,2.630796639614164,1
1,9,1,9,1,1,1,1,27,5,6,1,0,0,1,0,0,20,0,0,5,8,2,11.893563301300802,0,0,5,9,3,12.281467185660045,0,9.698022756357757,-0.331678525723529,-2.0854352886437963,1
1,1,1,7,1,1,1,3,3,3,10,0,0,1,0,0,0,23,0,0,5,9,5,14.012582673609444,0,0,5,10,3,13.080529111100445,0,11.170462972212889,0.5773511875030006,1.989046622920768,1
1,14,1,6,1,1,1,1,1,4,4,0,0,0,1,0,0,20,0,0,6,12,4,11.7814396453055,0,0,6,16,3,12.618678489816665,0,12.956810640834998,0.2030343248880013,1.4187929061100018,1
2,12,1,13,0,5,1,22,27,10,10,0,0,0,1,0,0,32,0,0,5,7,0,0.0,0,0,5,7,0,0.0,0,9.4,-0.8,-3.12,1
1,1,1,15,1,1,1,1,28,4,9,1,0,0,1,0,0,19,0,0,6,9,4,12.246563169114191,0,0,6,10,3,13.103473709142651,0,9.4,-0.8,-3.12,1
1,15,1,4,1,14,1,4,3,4,2,0,0,0,1,1,0,20,0,0,6,12,3,10.916929752089146,0,0,6,13,2,11.5,0,15.5,2.8,-4.06,1
1,12,7,17,0,1,1,22,28,10,6,0,0,0,1,0,0,28,0,0,5,7,3,12.372077306025002,0,0,5,7,4,14.093547899914714,0,11.050210887045518,1.2592563760368969,1.7478190902201725,1
1,1,1,10,1,1,1,13,27,7,8,0,0,0,1,0,0,19,0,0,6,11,4,11.786727594149088,0,0,6,12,3,11.24763561365213,0,15.5,2.8,-4.06,1
1,1,1,16,0,1,1,22,27,10,4,0,0,0,1,0,0,41,0,0,5,9,4,12.334899178983909,0,0,5,10,4,11.751174384237933,0,7.6,2.6,0.32,1
1,1,1,7,1,1,1,1,1,10,8,0,0,0,1,0,0,20,0,0,5,6,3,11.921341060216037,0,0,5,7,3,10.535225419850438,0,8.094390727740759,2.1436393282392987,1.5331587857638638,1
1,8,1,11,1,1,1,22,27,10,10,1,0,0,1,0,0,18,0,0,6,8,4,12.244612159306428,0,0,6,10,4,11.845017881332982,0,9.001622888106219,2.074391416960168,0.9419701565971343,1
2,13,1,15,0,13,1,22,27,10,9,0,0,0,1,0,0,41,0,1,6,9,5,12.037506010820389,0,1,7,8,6,12.201025898944964,0,9.884288626502371,-0.0389750154962725,-1.4388266251417658,1
1,1,1,7,1,1,1,23,28,8,7,0,0,0,1,1,0,18,0,0,5,9,2,10.981856187764024,0,0,5,9,2,13.52721571835396,2,7.6,2.6,0.32,1
1,8,2,5,1,1,1,3,3,4,4,0,0,0,1,0,0,20,0,0,5,6,5,12.157786589272431,0,0,5,6,5,13.68693022418126,0,13.33879836669146,3.494671953563459,-2.2384157662113737,1
1,1,1,15,1,1,1,13,27,9,9,1,0,0,0,0,0,21,0,0,7,9,6,11.631077326323195,0,0,7,7,6,13.153702975052283,0,10.797513862331089,0.7728492215250929,1.873078161703671,1
1,8,1,12,1,1,1,10,1,8,5,0,0,0,1,0,0,19,0,0,7,8,0,0.0,6,0,7,7,0,0.0,6,8.973788243239506,0.0050666516587103,-2.3054619759688344,1
1,1,2,8,1,1,1,1,14,5,9,0,0,0,0,0,0,18,0,0,5,5,5,11.467551268161907,0,0,5,10,4,11.816887817040476,0,10.29165259049237,1.4,2.213565744646581,1
1,13,1,4,1,1,1,1,2,4,4,1,0,0,1,1,0,22,0,1,7,14,5,11.677371845518875,0,0,6,13,4,12.191251366029311,0,14.235297634433987,3.206511474646218,-2.994036577594361,1
2,12,1,17,0,1,1,22,27,10,4,0,0,0,1,0,0,34,0,0,5,8,4,10.968002947866603,0,0,5,9,3,10.82465978831126,0,7.6,2.6,0.32,1
1,1,1,9,1,1,1,22,27,10,9,0,0,0,1,0,0,18,0,0,5,7,2,10.11786438571794,0,0,5,9,3,11.63080059252623,0,7.977166034297408,2.458562737138472,0.4873674277194746,1
1,15,1,4,1,14,1,2,1,4,7,0,0,0,1,0,0,19,0,0,6,9,5,12.562309185721697,0,0,6,11,4,12.185803667554447,0,12.990171769845388,0.1852417227491267,1.3965521534364085,1
1,1,1,15,1,1,1,3,1,4,7,1,0,0,1,0,0,18,0,0,6,7,6,12.166666666666666,0,0,6,9,3,12.62090128149163,0,11.075410599484524,1.2450815377899556,1.7486065812338911,1
1,4,1,15,1,1,1,13,14,5,5,1,0,0,1,0,0,21,0,0,6,9,5,12.401865481159197,0,0,6,8,4,11.3243004445653,0,11.617336379191316,3.4664843170804795,-1.2711802913659715,1
1,1,1,14,1,1,1,22,27,10,8,0,0,0,1,0,1,18,0,0,5,6,3,12.042241220194938,0,0,5,5,4,13.124425446471728,0,8.276034196350889,1.3230465180038753,-0.9719764641372556,1
2,12,1,17,0,1,1,20,25,11,11,0,0,0,1,0,0,41,0,0,5,9,3,10.835172956234969,0,0,5,8,4,12.5,0,8.490066036331168,0.9187641535966836,-1.3810150916551198,1
1,8,1,8,1,1,1,1,27,5,6,1,0,0,1,0,0,21,0,0,5,8,3,11.986367226921171,1,0,5,9,2,12.622360154160472,0,9.4,-0.8,-3.12,1
1,8,4,16,1,1,1,13,27,8,8,1,0,0,1,0,0,19,0,0,6,9,4,12.6702692101911,0,0,6,13,3,11.400983700443916,0,10.8,1.4,1.74,1
1,12,1,9,1,1,1,22,1,10,4,0,0,0,1,1,0,28,0,1,7,13,6,10.862577863775558,0,0,5,15,1,10.274844272448885,1,9.920498328163568,1.7298131269386623,1.349721133122583,1
1,1,2,2,1,1,1,1,3,3,3,1,0,0,1,0,0,18,0,0,0,0,0,0.0,0,0,0,0,0,0.0,0,12.4,0.5,1.79,1
1,1,2,7,1,1,1,3,1,3,4,0,0,0,1,1,0,18,0,0,5,9,4,11.86469475786706,0,0,5,8,2,11.422828881665437,0,8.460257963067948,1.805915726398818,2.4309406939898084,1
1,8,2,10,1,1,1,13,2,10,7,1,0,0,1,0,0,18,0,0,7,7,6,13.53281217640462,0,0,7,8,6,13.3475929303807,0,10.21347238759093,1.4,2.286396775770556,1
1,1,1,14,1,1,1,1,14,7,6,1,0,0,1,0,0,19,0,0,6,9,5,12.623490264694953,0,0,6,8,4,12.894071975477448,0,12.315257580381957,0.5476676110351493,1.787351799386936,1
1,13,1,4,1,1,1,1,2,4,3,0,0,0,0,0,0,37,0,1,6,9,5,15.945593629647126,0,0,6,10,4,16.380305985223675,0,13.808597297807172,-0.2706205600094477,0.8301519013204215,1
1,1,1,5,1,1,1,1,1,4,9,1,0,0,1,0,0,19,0,0,5,9,5,11.90116940217484,0,0,5,6,5,13.60129751768801,0,8.185649421551126,2.3803814669183274,0.5798819308133125,1
1,1,1,11,1,1,1,13,14,6,6,0,0,0,1,0,0,18,0,0,6,7,6,13.748728462089202,0,0,7,7,7,13.757922750769437,0,12.4,0.5,1.79,1
1,1,1,14,1,1,1,22,27,10,7,0,0,0,1,0,0,20,0,0,5,6,3,12.720008039663114,0,0,5,7,2,12.440016079326226,1,7.6,2.6,0.32,1
1,1,2,13,1,1,1,22,28,8,6,1,0,0,1,0,0,18,0,0,6,9,4,11.5123450771511,0,0,6,8,4,10.563492450402864,0,9.46243221161445,1.9015879206445807,1.1464542939039122,1
1,8,1,9,1,1,1,2,28,4,7,1,0,0,1,0,0,18,0,0,5,12,4,11.82231950982487,0,0,5,9,4,11.431094085780648,0,13.65124731375482,-0.220043779421192,0.8992735014577042,1
1,1,1,15,1,1,1,13,14,6,7,0,0,0,1,0,0,18,0,0,6,6,6,13.945847018590142,0,0,6,7,6,13.84187705278852,0,15.72137212609607,2.0093852639426064,-3.0669878915119133,1
1,15,1,7,1,1,1,1,1,5,4,0,0,0,1,0,0,20,0,0,5,10,5,12.3451055282607,0,0,5,14,3,12.363403685507134,0,11.69136281326109,0.55451055282607,1.9153742714999609,1
2,8,1,9,1,1,1,22,27,9,9,0,0,0,1,0,1,20,0,0,5,8,3,10.228575327731711,0,0,5,12,3,12.23863481283398,0,12.7,3.7,-1.7,1
1,14,1,6,1,1,1,1,1,3,4,0,0,0,1,0,0,19,0,0,5,7,5,13.822773526282193,0,0,5,9,3,12.696787338851497,0,13.9,-0.3,0.79,1
1,11,1,3,1,1,1,1,1,5,4,0,0,0,1,0,0,22,0,0,3,3,0,0.0,0,0,3,3,0,0.0,0,13.831138053714335,3.3364199113061064,-2.6533877881306536,1
1,11,1,9,1,1,1,13,27,6,9,1,0,0,1,0,0,18,0,0,5,10,1,13.085091606790844,0,0,5,11,1,12.627637410186267,0,9.063853429134646,2.0510549640745075,0.9695849591784996,1
1,8,1,10,1,1,1,1,1,4,8,1,0,0,1,0,0,21,0,0,6,14,3,12.093774991340014,0,0,6,11,2,11.159749990377794,0,7.6,2.6,0.32,1
1,1,1,11,1,1,1,13,1,4,8,0,0,0,1,0,0,21,0,0,6,9,5,13.103181667463373,0,0,7,9,6,12.490034514928624,0,11.1,0.6,2.02,1
1,11,1,9,1,1,1,2,28,3,6,1,0,0,1,0,0,18,0,0,5,8,2,12.080649758707075,0,0,5,10,3,10.91244283416258,0,10.064510305637704,1.4,2.42516671527435,1
2,12,1,17,0,11,1,23,14,10,6,0,0,0,1,0,1,34,0,0,5,9,3,11.57243872850419,0,0,5,7,4,11.581391183463058,0,12.971376461907928,2.795411793640237,-1.1368938415410474,1
1,13,1,7,1,1,1,1,28,5,7,0,0,0,1,0,0,19,0,0,5,8,4,11.84691872808856,0,0,5,12,1,8.892646644929878,0,13.716302473706271,0.3123250876457608,0.408827632940514,1
1,1,1,12,1,1,1,11,11,6,8,1,0,0,1,0,0,18,0,0,6,7,6,14.57142118162869,0,0,6,8,5,14.51025475454612,0,11.657219711061618,0.5571369453029524,1.9214149741967903,1
1,8,1,5,1,1,1,13,14,8,8,0,0,0,1,1,0,18,0,0,5,6,5,12.8219933754088,0,0,5,9,5,11.210796628777729,3,15.481105899638976,0.3422878882565308,-0.5055786950859984,1
1,1,1,10,1,1,1,16,27,30,40,1,0,0,1,0,0,19,0,0,6,9,5,12.725781597856576,0,0,6,9,4,11.507971358373528,0,11.536555711142958,0.5664187914505417,1.942763220336246,1
2,12,1,8,1,1,1,22,27,10,10,0,0,0,1,0,0,39,0,0,5,14,3,15.04022613296327,0,0,5,11,4,12.567819093629383,0,9.4,-0.8,-3.12,1
1,1,1,7,1,1,1,22,27,10,8,1,0,0,1,1,0,18,0,0,5,9,3,10.6016249931738,0,0,5,8,1,14.1951250204786,1,7.9122000327657585,2.4829249877128405,0.4585387645398056,1
1,8,1,15,1,1,1,2,3,19,23,0,0,0,1,0,0,22,0,0,6,8,5,11.831033115140071,0,0,6,6,5,13.91929405854615,0,11.1,0.6,2.02,1
1,12,1,7,1,1,1,1,28,4,6,0,0,0,1,1,0,21,0,0,5,6,3,11.280216352651252,0,0,5,10,2,10.5,0,14.763740376818497,1.373496980085837,-1.8282130172310675,1
1,1,1,10,1,1,1,1,2,12,12,1,0,0,1,0,0,19,0,0,5,8,4,12.387893958017322,0,0,5,10,4,11.89971348507831,0,10.15358143652112,0.97378231158282,2.828051698532512,1
1,8,1,15,1,1,1,22,14,10,11,0,0,0,1,0,0,18,0,0,6,6,5,12.647294162679575,0,0,6,7,5,13.259597429941127,0,13.3008214353997,1.1683513875546168,0.0900627751328229,1
1,14,1,17,0,1,1,22,27,5,10,0,0,0,1,0,0,32,0,8,10,15,8,10.401628733135292,0,7,10,14,9,10.420774459435297,0,7.983453757148201,1.8756984587200656,-0.4128227358832279,1
1,12,1,16,0,1,1,1,1,5,3,0,0,0,1,0,0,24,0,0,5,12,3,12.555967963510763,0,0,5,9,4,11.027983981755382,0,13.396288328403116,-0.3559679635107651,0.3523305253458164,1
1,8,1,15,1,1,1,1,1,4,5,0,0,0,1,0,0,19,0,0,6,9,3,13.518344427585475,0,0,6,11,3,10.398322239081187,0,10.574712133523017,0.8018801820768371,-2.6145178092113093,1
1,8,5,8,1,1,1,13,27,8,10,0,0,0,1,0,1,19,0,0,5,5,5,12.387568363518334,0,0,5,8,3,11.065814546079414,0,12.7,3.7,-1.7,1
2,12,1,10,1,12,1,22,27,10,8,0,0,0,1,1,0,42,0,0,7,9,6,12.191451550845356,0,0,7,9,6,12.253878909521717,0,11.129616453811192,1.2145907447312054,1.7503005141815997,1
1,13,1,6,1,1,1,3,28,3,7,0,0,0,1,0,0,22,0,2,6,8,4,12.3977572672952,0,1,6,10,5,11.5035280895954,0,11.6043905114965,0.9475303372832192,1.7651372034842656,1
1,1,2,12,1,1,1,2,1,10,10,0,0,0,1,0,0,18,0,0,7,7,6,14.396172593218964,0,0,7,7,6,14.145384459447095,0,11.408845608064835,2.9185118154076646,0.0702406268374213,1
1,1,1,11,1,1,1,1,13,5,5,0,0,0,1,0,0,19,0,0,6,9,5,13.351325123712297,0,0,6,9,5,12.42163806523178,0,12.591796449966283,0.3977085600179813,1.6621357000224766,1
2,13,1,14,0,1,1,17,3,8,3,0,0,0,1,0,0,24,0,1,8,14,7,11.387561873725865,0,1,8,13,7,12.27621297431064,0,12.563454327725356,2.2435128290704505,-0.1115186792049598,1
1,1,1,6,1,1,1,13,14,4,4,1,0,0,1,0,0,18,0,0,5,9,5,12.553931675005584,2,0,5,7,3,12.597375029781851,0,9.4,-0.8,-3.12,1
1,1,1,6,1,1,1,1,1,3,7,0,0,0,0,0,0,19,0,0,5,9,4,14.188526920079042,0,0,5,8,4,12.78454066276681,0,10.873767695905151,1.2032861442529312,1.808849849511474,1
1,8,3,5,1,1,1,22,27,10,10,0,0,0,0,0,0,18,0,0,5,6,5,11.845297119045664,0,0,5,6,5,12.464108642863016,0,7.623329382139039,2.57846518571781,0.3772467146334889,1
1,1,1,12,1,1,1,2,14,3,9,0,0,0,1,0,0,19,0,0,7,11,4,12.571383994027755,0,0,7,11,5,11.901304642563778,0,16.11162235204517,0.6156344569815336,-1.3164368779688065,1
1,8,2,13,1,1,1,13,2,10,5,1,0,0,1,0,0,18,0,0,7,9,6,12.995662785341024,0,0,7,8,5,13.449490296814702,0,12.638001421468392,1.0255923030342164,0.8346141146100144,1
1,1,1,8,1,1,1,13,27,5,9,0,0,0,1,1,0,25,0,0,5,11,3,10.080809905642935,0,0,5,11,1,12.595950471785322,0,7.6,2.6,0.32,1
1,15,1,6,1,14,1,3,1,3,4,1,0,0,1,0,0,19,0,0,6,10,5,12.394140432367356,0,0,6,17,3,11.558379991508296,0,12.783240016983408,0.2956053242755162,1.5345066553443951,1
1,9,1,9,1,1,1,1,27,6,6,1,0,0,1,0,0,21,0,0,5,7,3,12.11129798124082,0,0,5,8,3,12.742389950707224,0,9.303948317559293,-0.6185690442786647,-2.936434562446649,1
1,14,1,15,1,1,1,13,27,7,6,1,0,0,1,0,0,22,0,0,6,13,3,11.333333333333334,1,0,6,10,2,11.586423655500118,0,15.892127580862438,1.3995443540627202,-2.301027708702777,1
1,14,1,8,1,1,1,3,1,3,3,0,0,0,1,1,0,18,0,0,5,9,4,12.62390573950098,0,0,5,10,3,11.550340436599695,0,13.9,-0.3,0.79,1
2,13,1,3,0,5,1,22,27,8,9,0,0,1,1,0,0,39,0,3,9,12,8,11.607060112139116,0,3,8,11,7,12.446612198770994,0,12.662346068591392,0.0978173350956241,1.3336836912973529,1
1,10,1,6,1,1,1,13,14,4,4,0,0,0,1,0,0,22,0,0,5,12,3,10.929981846956366,0,0,5,10,3,11.2633151802897,0,13.787207794173552,1.529218685999732,-0.8277953535210574,1
1,7,1,5,1,1,1,1,1,4,4,1,0,0,1,0,0,18,0,0,6,6,1,14.764620224685755,0,0,6,6,4,12.672611835230446,0,9.710701303414805,-0.3763164044343595,-2.986304287621509,1
1,8,2,8,1,1,1,23,27,5,8,1,0,0,1,1,0,20,0,0,5,7,3,12.218778935796966,0,0,5,9,3,11.406039182050678,1,9.70027778365087,1.812395831130924,1.2519982664950735,1
1,1,1,16,1,1,1,13,27,8,5,0,0,0,1,0,1,18,0,0,6,8,4,12.574055281050793,0,0,6,7,4,12.651558118480745,0,11.12282848198772,0.216751235271442,-3.385485044765321,1
3,5,1,17,0,1,1,22,27,10,8,0,0,0,1,0,0,37,0,0,5,7,4,10.902317908596595,0,0,5,7,4,11.373951442292428,0,8.696688941895497,0.5284764430862852,-1.7758944222891706,1
1,7,1,14,1,1,1,22,27,10,6,0,0,0,1,0,0,23,0,0,6,8,5,12.195469453093402,0,0,6,8,5,11.879798193296644,0,15.5,2.8,-4.06,1
1,1,1,15,1,1,1,3,2,5,5,1,0,0,1,0,0,19,0,0,6,7,6,12.848543224514252,0,0,6,8,3,13.115798003750594,0,11.916487531708077,0.5371932667916864,1.875544513620879,1
1,1,1,10,1,1,1,22,27,10,10,0,0,0,1,1,0,22,0,0,5,8,5,11.645343108335313,0,0,6,11,3,11.677545228847524,0,15.816187773462175,1.6707579519207931,-2.641671987612516,1
1,8,1,7,1,1,1,1,27,5,7,1,0,0,1,0,0,21,0,0,5,9,3,11.73507907300979,1,0,5,10,2,11.80567365394848,0,9.4,-0.8,-3.12,1
1,1,1,9,1,1,1,22,28,5,8,1,0,0,1,0,0,18,0,0,5,13,0,1.0274876917282516,0,0,5,9,3,11.140111957962944,0,7.6,2.6,0.32,1
1,15,1,5,1,1,1,3,1,3,7,0,0,0,1,0,0,20,0,0,6,6,5,12.288214431650156,0,0,6,7,4,12.666160823737618,0,9.73803710067649,1.4,2.7293022798961126,1
1,1,2,11,1,1,1,1,14,4,10,0,0,0,1,0,0,19,0,0,6,8,5,13.096218200008268,0,0,7,11,6,13.11948281688796,0,15.63692649113116,2.3109768173887124,-3.4457868826402223,1
1,1,2,5,1,1,1,22,27,10,9,0,0,0,1,0,1,21,0,0,5,6,5,11.542184469484638,0,0,5,6,5,12.482317952378237,0,8.197514546473732,2.3759320450723505,0.5851470799977189,1
1,1,1,16,1,1,1,13,14,7,8,1,0,0,1,0,0,18,0,0,7,7,6,11.650993982594288,0,0,7,8,6,13.426114489373076,0,15.983716959801187,0.2435783373394401,-0.7591982614174045,1
1,1,1,5,1,1,1,13,28,10,7,1,0,0,1,0,0,18,0,0,5,9,5,13.429326441373176,1,0,5,6,5,11.885336779313413,0,9.4,-0.8,-3.12,1
1,1,1,11,1,1,1,23,14,10,7,0,0,0,1,0,0,18,0,0,6,10,4,11.992518115210585,0,0,6,9,4,11.63653260737905,0,8.376057968673864,2.308978261747301,0.6643757235990273,1
1,12,1,11,1,4,1,22,27,29,38,0,0,0,1,0,0,41,0,0,6,11,3,11.68088957735415,0,0,6,13,3,11.432432544132572,0,10.491828280716527,0.8211533524667168,2.43189811896926,1
1,5,5,9,1,1,1,13,28,6,6,1,0,0,1,1,0,19,0,0,5,6,3,12.302259381133569,0,0,5,12,2,11.823243612581388,0,9.83728874263972,-0.1128319758518701,-1.601983364836404,1
1,8,4,12,1,1,1,13,1,10,5,1,0,0,1,0,0,18,0,0,7,8,6,13.494134814049753,0,0,8,9,7,13.087413566408488,0,10.992802397301729,0.8858602738620611,1.919948904148279,1
1,6,3,6,1,1,1,22,14,10,5,0,0,0,1,0,0,18,0,0,5,7,3,12.40207959370654,0,0,5,7,3,14.438185718648594,0,7.6,2.6,0.32,1
1,7,1,9,1,1,1,22,27,10,10,1,0,0,1,0,1,20,0,0,5,8,3,11.814524274762364,0,0,5,9,4,12.586359223908826,0,10.995779932195283,1.636996760025871,1.3855352806569583,1
1,1,1,9,1,1,1,22,27,10,10,1,0,0,1,0,0,19,0,0,5,10,3,10.832304837202487,0,0,5,10,4,11.346793682167704,0,7.6,2.6,0.32,1
1,14,1,7,1,1,1,13,27,5,8,0,0,0,0,0,0,19,0,0,6,13,3,11.880992649199458,0,0,6,10,3,11.994908822901492,0,12.512430885007328,0.4609249985443688,1.215222793304206,1
1,8,1,14,1,1,1,1,1,4,4,1,0,0,0,0,1,18,0,0,6,7,6,12.843534477643487,0,0,6,8,5,14.039905576443656,0,10.852370671752205,0.8979618272637186,2.5505492698817736,1
1,6,3,6,1,1,1,22,1,4,9,0,0,0,1,0,0,19,0,0,6,9,5,13.129032222292327,0,0,6,7,4,13.960151764780113,0,14.281878920857247,-0.2003794119502827,0.5060813240583057,1
1,1,1,10,1,1,1,23,27,6,6,0,0,0,1,0,0,18,0,0,5,11,4,11.220872492206183,0,0,5,7,4,12.306736569319588,0,15.310988218870104,0.0680838831835057,-0.2590390670729914,1
1,1,1,12,1,1,1,3,1,3,7,0,0,0,1,0,0,19,0,0,7,10,5,13.43011360547614,0,0,7,8,7,12.583265787062096,0,12.4,0.5,1.79,1
1,8,3,10,1,1,1,22,14,6,6,0,0,0,1,0,0,19,0,0,5,7,4,11.241432195080383,0,0,5,8,4,11.871482926205774,0,11.283224197466293,1.5439391226495334,1.14368077759479,1
1,1,1,14,1,1,1,13,28,4,8,1,0,0,1,0,1,18,0,0,6,8,5,12.098687475993389,0,0,6,10,4,11.415572896661155,0,7.6,2.6,0.32,1
1,8,1,6,1,1,1,1,14,7,7,0,0,0,0,1,0,19,0,0,5,8,4,13.74647444806728,0,0,6,10,5,14.204214952958107,0,11.1,0.6,2.02,1
1,8,1,10,1,1,1,22,27,9,9,1,0,0,1,0,0,18,0,0,6,9,4,11.676830443077632,0,0,6,9,4,11.573869109793511,0,9.006605797208437,1.796225258738036,1.0032085300726694,1
1,1,1,10,1,1,1,22,14,10,5,0,0,0,1,0,0,19,0,0,5,10,3,12.775037701339786,0,0,5,11,2,12.94658623714179,0,10.8,1.4,1.74,1
1,13,1,8,1,13,1,1,2,5,5,0,0,0,1,0,0,29,0,0,6,6,6,13.625612752668465,0,0,6,9,5,13.945602124365964,0,10.01827831208544,-0.2908296253414038,-1.2506173387534392,1
1,6,3,5,1,1,1,22,27,10,10,0,0,0,1,0,0,19,0,0,6,6,6,11.788772539116806,0,0,6,6,6,12.410878411566944,0,7.6,2.6,0.32,1
1,8,1,6,1,1,1,13,1,5,6,0,0,0,1,1,0,20,0,0,5,9,3,11.410188753724489,0,0,5,10,0,0.0,0,13.09169878352038,-0.3898112462755134,0.0876760541254855,1
1,13,1,13,0,1,1,23,14,7,6,0,0,0,1,0,0,24,0,0,7,8,6,11.745504560881818,0,0,7,8,6,11.98037605699478,0,12.7,3.7,-1.7,1
1,8,4,12,1,1,1,2,28,3,9,0,0,0,1,0,0,21,0,0,7,8,6,13.35733261997631,0,0,7,10,6,14.152797073611,0,11.361828745902423,0.579859327238275,1.9736764526480328,1
4,12,1,17,0,1,1,22,14,9,8,0,0,0,1,0,0,30,0,0,5,10,4,11.258061030724154,0,0,5,9,4,10.870951476712714,0,13.800043219020504,-0.245184991075761,0.8206319167517806,1
1,1,1,8,1,1,1,1,1,4,6,0,0,0,0,1,0,18,0,0,5,9,3,11.40012549649829,0,0,5,8,2,13.213747872150188,0,9.214877340634793,1.285499148860075,3.29674216475189,1
1,1,1,14,1,1,1,1,14,7,5,0,0,0,1,1,0,19,0,0,6,10,6,12.762603780851151,0,0,6,8,4,12.96638743195448,0,12.247062815392878,0.5117643988159325,1.817058117276645,1
1,15,1,5,1,14,1,22,27,10,7,0,0,0,1,0,0,21,0,1,6,9,6,12.344428030201144,0,0,6,12,2,13.0,0,13.509595498128313,-0.0917842656684325,1.0502696679144594,1
1,8,1,11,1,1,1,1,1,6,7,0,0,0,1,0,1,19,0,0,6,11,5,11.960021133730743,0,0,6,10,5,12.1236387369295,0,15.5,2.8,-4.06,1
1,12,1,11,1,1,1,13,27,8,10,0,0,0,1,0,0,25,0,0,6,7,6,12.014480013234904,0,0,6,8,5,10.834172831234374,0,12.713900812705509,3.6536639576483054,-1.671155813636071,1
1,15,1,6,1,14,1,1,1,6,9,0,0,0,1,0,0,20,0,2,6,12,4,12.981462433153126,0,1,6,11,5,13.255398488505202,0,12.4,0.5,1.79,1
1,8,1,8,1,1,1,22,1,10,3,1,0,0,1,0,0,19,0,0,5,8,3,11.537389830598237,0,0,5,11,2,10.870723163931569,0,10.408211525251389,1.5469206780307292,1.5661438643303036,1
1,14,1,6,1,1,3,1,2,5,5,0,0,0,1,1,0,23,0,0,5,6,0,2.7481445197260923,0,0,5,5,0,0.0,0,13.469480465523304,3.452666993224652,-2.3485621066553577,1
1,1,2,2,1,1,1,1,3,3,3,1,0,0,1,0,0,18,0,0,0,0,0,0.0,0,0,0,0,0,0.0,0,12.4,0.5,1.79,1
5,12,1,3,0,1,1,22,27,10,9,0,0,0,1,0,0,48,0,0,6,7,5,10.671536404863897,0,0,6,9,4,11.7991234471245,0,10.80905771304685,1.3950328670388248,1.7372242492275785,1
1,12,1,4,1,1,1,13,14,9,6,1,0,0,1,0,0,24,0,0,6,10,5,11.797304327713936,0,0,6,12,4,11.265163156609107,0,12.462674380650984,0.5465003469345997,1.6717273784489528,1
1,1,1,9,1,1,1,22,27,10,8,0,0,0,1,0,0,19,0,0,5,6,4,12.443494839645275,0,0,5,7,5,13.07603093092788,0,10.8,1.4,1.74,1
1,8,1,14,1,1,1,13,27,9,6,0,0,0,0,0,0,18,0,0,6,7,5,12.712021678809768,0,0,6,6,5,11.977120369641272,0,11.1,0.6,2.02,1
1,14,1,6,1,1,1,2,2,3,5,0,0,0,1,0,0,20,0,0,6,11,4,11.765656950116249,0,0,6,14,3,13.14476832945838,0,13.430291496512544,-0.0494887981400232,1.103139002324971,1
1,1,1,10,1,1,1,1,1,10,11,0,0,0,1,0,0,19,0,0,5,8,5,12.800660061792128,0,0,5,9,4,12.362787805415987,0,8.9,1.4,3.51,1
1,12,1,12,1,1,1,22,27,6,7,1,0,0,1,0,0,25,0,0,7,10,6,13.252120234757912,2,0,7,10,6,13.252120234757912,2,9.347144513615694,-0.7001618590518661,-3.0189872926877706,1
1,8,1,8,1,1,1,3,1,3,4,0,0,0,0,0,0,21,0,0,5,9,4,11.659337398400664,0,0,5,11,4,14.029506925629752,0,8.9,1.4,3.51,1
1,1,1,10,1,1,1,22,27,8,7,0,0,0,1,0,0,18,0,0,5,7,3,12.139835298455788,0,0,5,7,4,12.30243823692092,0,9.4,-0.8,-3.12,1
2,12,1,17,0,1,1,22,27,10,10,0,0,0,1,0,0,28,0,0,5,9,3,10.586018084146064,0,0,5,9,3,12.2125079543604,0,11.793556598049443,0.8411244135971876,1.7710486436890451,1
1,8,1,8,1,1,1,22,1,10,3,1,0,0,1,0,0,19,0,0,5,8,3,11.377571016706378,0,0,5,11,2,10.71090435003971,0,10.715063647923754,1.431851132028592,1.7023094937661658,1
1,15,1,5,1,14,2,9,2,6,4,1,0,0,1,0,0,22,0,0,6,12,5,12.867368100372222,0,0,6,16,2,11.5,0,12.4,0.5,1.79,1
1,15,1,4,1,14,1,3,3,7,2,1,0,0,1,1,0,20,0,0,6,12,4,12.01508569379664,0,0,6,11,4,11.5,0,14.580881678021722,2.118073503048375,-2.3255347794926053,1
1,1,4,12,1,1,1,10,1,6,10,0,0,0,1,0,0,18,0,0,6,8,5,13.907866879298362,0,0,6,8,6,11.321143771789629,0,12.26913279939644,0.5736128003395023,1.7859103999811388,1
1,8,4,12,1,1,1,1,1,5,5,1,0,0,1,0,0,18,0,0,6,8,6,12.485387886501348,0,0,7,9,6,12.935829233382622,0,13.733877332021564,-0.2114012437448335,0.900748445318958,1
1,1,1,9,1,1,1,22,27,10,10,0,0,0,1,0,0,19,0,0,5,8,2,10.0,0,0,5,9,2,11.080139196628457,0,7.6,2.6,0.32,1
2,13,1,17,0,6,1,22,27,10,10,0,0,0,1,0,0,37,0,0,5,10,4,15.757632761617348,0,0,5,5,5,17.53913438992915,0,9.4,-0.8,-3.12,1
1,1,1,8,1,1,1,1,1,4,7,0,0,0,0,0,0,21,0,0,5,9,3,10.995679964084504,0,0,5,12,2,12.549351994612676,0,7.945463962288729,2.4025920215492977,0.487796781683097,1
